Special tokens have been added in the vocabulary, make sure the associated word embeddings are fine-tuned or trained.
You are using a model of type llava to instantiate a model of type llava_qwen. This is not supported for all configurations of models and can yield errors.
/data/takhyun03/anaconda3/envs/lmms_llavavideo/lib/python3.11/site-packages/torch/nn/modules/module.py:2025: UserWarning: for vision_model.embeddings.patch_embedding.weight: copying from a non-meta parameter in the checkpoint to a meta parameter in the current model, which is a no-op. (Did you mean to pass `assign=True` to assign items in the state dictionary to their corresponding key in the module instead of copying them in place?)
  warnings.warn(f'for {key}: copying from a non-meta parameter in the checkpoint to a meta '
/data/takhyun03/anaconda3/envs/lmms_llavavideo/lib/python3.11/site-packages/torch/nn/modules/module.py:2025: UserWarning: for vision_model.embeddings.patch_embedding.bias: copying from a non-meta parameter in the checkpoint to a meta parameter in the current model, which is a no-op. (Did you mean to pass `assign=True` to assign items in the state dictionary to their corresponding key in the module instead of copying them in place?)
  warnings.warn(f'for {key}: copying from a non-meta parameter in the checkpoint to a meta '
/data/takhyun03/anaconda3/envs/lmms_llavavideo/lib/python3.11/site-packages/torch/nn/modules/module.py:2025: UserWarning: for vision_model.embeddings.position_embedding.weight: copying from a non-meta parameter in the checkpoint to a meta parameter in the current model, which is a no-op. (Did you mean to pass `assign=True` to assign items in the state dictionary to their corresponding key in the module instead of copying them in place?)
  warnings.warn(f'for {key}: copying from a non-meta parameter in the checkpoint to a meta '
/data/takhyun03/anaconda3/envs/lmms_llavavideo/lib/python3.11/site-packages/torch/nn/modules/module.py:2025: UserWarning: for vision_model.encoder.layers.0.self_attn.k_proj.weight: copying from a non-meta parameter in the checkpoint to a meta parameter in the current model, which is a no-op. (Did you mean to pass `assign=True` to assign items in the state dictionary to their corresponding key in the module instead of copying them in place?)
  warnings.warn(f'for {key}: copying from a non-meta parameter in the checkpoint to a meta '
/data/takhyun03/anaconda3/envs/lmms_llavavideo/lib/python3.11/site-packages/torch/nn/modules/module.py:2025: UserWarning: for vision_model.encoder.layers.0.self_attn.k_proj.bias: copying from a non-meta parameter in the checkpoint to a meta parameter in the current model, which is a no-op. (Did you mean to pass `assign=True` to assign items in the state dictionary to their corresponding key in the module instead of copying them in place?)
  warnings.warn(f'for {key}: copying from a non-meta parameter in the checkpoint to a meta '
/data/takhyun03/anaconda3/envs/lmms_llavavideo/lib/python3.11/site-packages/torch/nn/modules/module.py:2025: UserWarning: for vision_model.encoder.layers.0.self_attn.v_proj.weight: copying from a non-meta parameter in the checkpoint to a meta parameter in the current model, which is a no-op. (Did you mean to pass `assign=True` to assign items in the state dictionary to their corresponding key in the module instead of copying them in place?)
  warnings.warn(f'for {key}: copying from a non-meta parameter in the checkpoint to a meta '
/data/takhyun03/anaconda3/envs/lmms_llavavideo/lib/python3.11/site-packages/torch/nn/modules/module.py:2025: UserWarning: for vision_model.encoder.layers.0.self_attn.v_proj.bias: copying from a non-meta parameter in the checkpoint to a meta parameter in the current model, which is a no-op. (Did you mean to pass `assign=True` to assign items in the state dictionary to their corresponding key in the module instead of copying them in place?)
  warnings.warn(f'for {key}: copying from a non-meta parameter in the checkpoint to a meta '
/data/takhyun03/anaconda3/envs/lmms_llavavideo/lib/python3.11/site-packages/torch/nn/modules/module.py:2025: UserWarning: for vision_model.encoder.layers.0.self_attn.q_proj.weight: copying from a non-meta parameter in the checkpoint to a meta parameter in the current model, which is a no-op. (Did you mean to pass `assign=True` to assign items in the state dictionary to their corresponding key in the module instead of copying them in place?)
  warnings.warn(f'for {key}: copying from a non-meta parameter in the checkpoint to a meta '
/data/takhyun03/anaconda3/envs/lmms_llavavideo/lib/python3.11/site-packages/torch/nn/modules/module.py:2025: UserWarning: for vision_model.encoder.layers.0.self_attn.q_proj.bias: copying from a non-meta parameter in the checkpoint to a meta parameter in the current model, which is a no-op. (Did you mean to pass `assign=True` to assign items in the state dictionary to their corresponding key in the module instead of copying them in place?)
  warnings.warn(f'for {key}: copying from a non-meta parameter in the checkpoint to a meta '
/data/takhyun03/anaconda3/envs/lmms_llavavideo/lib/python3.11/site-packages/torch/nn/modules/module.py:2025: UserWarning: for vision_model.encoder.layers.0.self_attn.out_proj.weight: copying from a non-meta parameter in the checkpoint to a meta parameter in the current model, which is a no-op. (Did you mean to pass `assign=True` to assign items in the state dictionary to their corresponding key in the module instead of copying them in place?)
  warnings.warn(f'for {key}: copying from a non-meta parameter in the checkpoint to a meta '
/data/takhyun03/anaconda3/envs/lmms_llavavideo/lib/python3.11/site-packages/torch/nn/modules/module.py:2025: UserWarning: for vision_model.encoder.layers.0.self_attn.out_proj.bias: copying from a non-meta parameter in the checkpoint to a meta parameter in the current model, which is a no-op. (Did you mean to pass `assign=True` to assign items in the state dictionary to their corresponding key in the module instead of copying them in place?)
  warnings.warn(f'for {key}: copying from a non-meta parameter in the checkpoint to a meta '
/data/takhyun03/anaconda3/envs/lmms_llavavideo/lib/python3.11/site-packages/torch/nn/modules/module.py:2025: UserWarning: for vision_model.encoder.layers.0.layer_norm1.weight: copying from a non-meta parameter in the checkpoint to a meta parameter in the current model, which is a no-op. (Did you mean to pass `assign=True` to assign items in the state dictionary to their corresponding key in the module instead of copying them in place?)
  warnings.warn(f'for {key}: copying from a non-meta parameter in the checkpoint to a meta '
/data/takhyun03/anaconda3/envs/lmms_llavavideo/lib/python3.11/site-packages/torch/nn/modules/module.py:2025: UserWarning: for vision_model.encoder.layers.0.layer_norm1.bias: copying from a non-meta parameter in the checkpoint to a meta parameter in the current model, which is a no-op. (Did you mean to pass `assign=True` to assign items in the state dictionary to their corresponding key in the module instead of copying them in place?)
  warnings.warn(f'for {key}: copying from a non-meta parameter in the checkpoint to a meta '
/data/takhyun03/anaconda3/envs/lmms_llavavideo/lib/python3.11/site-packages/torch/nn/modules/module.py:2025: UserWarning: for vision_model.encoder.layers.0.mlp.fc1.weight: copying from a non-meta parameter in the checkpoint to a meta parameter in the current model, which is a no-op. (Did you mean to pass `assign=True` to assign items in the state dictionary to their corresponding key in the module instead of copying them in place?)
  warnings.warn(f'for {key}: copying from a non-meta parameter in the checkpoint to a meta '
/data/takhyun03/anaconda3/envs/lmms_llavavideo/lib/python3.11/site-packages/torch/nn/modules/module.py:2025: UserWarning: for vision_model.encoder.layers.0.mlp.fc1.bias: copying from a non-meta parameter in the checkpoint to a meta parameter in the current model, which is a no-op. (Did you mean to pass `assign=True` to assign items in the state dictionary to their corresponding key in the module instead of copying them in place?)
  warnings.warn(f'for {key}: copying from a non-meta parameter in the checkpoint to a meta '
/data/takhyun03/anaconda3/envs/lmms_llavavideo/lib/python3.11/site-packages/torch/nn/modules/module.py:2025: UserWarning: for vision_model.encoder.layers.0.mlp.fc2.weight: copying from a non-meta parameter in the checkpoint to a meta parameter in the current model, which is a no-op. (Did you mean to pass `assign=True` to assign items in the state dictionary to their corresponding key in the module instead of copying them in place?)
  warnings.warn(f'for {key}: copying from a non-meta parameter in the checkpoint to a meta '
/data/takhyun03/anaconda3/envs/lmms_llavavideo/lib/python3.11/site-packages/torch/nn/modules/module.py:2025: UserWarning: for vision_model.encoder.layers.0.mlp.fc2.bias: copying from a non-meta parameter in the checkpoint to a meta parameter in the current model, which is a no-op. (Did you mean to pass `assign=True` to assign items in the state dictionary to their corresponding key in the module instead of copying them in place?)
  warnings.warn(f'for {key}: copying from a non-meta parameter in the checkpoint to a meta '
/data/takhyun03/anaconda3/envs/lmms_llavavideo/lib/python3.11/site-packages/torch/nn/modules/module.py:2025: UserWarning: for vision_model.encoder.layers.0.layer_norm2.weight: copying from a non-meta parameter in the checkpoint to a meta parameter in the current model, which is a no-op. (Did you mean to pass `assign=True` to assign items in the state dictionary to their corresponding key in the module instead of copying them in place?)
  warnings.warn(f'for {key}: copying from a non-meta parameter in the checkpoint to a meta '
/data/takhyun03/anaconda3/envs/lmms_llavavideo/lib/python3.11/site-packages/torch/nn/modules/module.py:2025: UserWarning: for vision_model.encoder.layers.0.layer_norm2.bias: copying from a non-meta parameter in the checkpoint to a meta parameter in the current model, which is a no-op. (Did you mean to pass `assign=True` to assign items in the state dictionary to their corresponding key in the module instead of copying them in place?)
  warnings.warn(f'for {key}: copying from a non-meta parameter in the checkpoint to a meta '
/data/takhyun03/anaconda3/envs/lmms_llavavideo/lib/python3.11/site-packages/torch/nn/modules/module.py:2025: UserWarning: for vision_model.encoder.layers.1.self_attn.k_proj.weight: copying from a non-meta parameter in the checkpoint to a meta parameter in the current model, which is a no-op. (Did you mean to pass `assign=True` to assign items in the state dictionary to their corresponding key in the module instead of copying them in place?)
  warnings.warn(f'for {key}: copying from a non-meta parameter in the checkpoint to a meta '
/data/takhyun03/anaconda3/envs/lmms_llavavideo/lib/python3.11/site-packages/torch/nn/modules/module.py:2025: UserWarning: for vision_model.encoder.layers.1.self_attn.k_proj.bias: copying from a non-meta parameter in the checkpoint to a meta parameter in the current model, which is a no-op. (Did you mean to pass `assign=True` to assign items in the state dictionary to their corresponding key in the module instead of copying them in place?)
  warnings.warn(f'for {key}: copying from a non-meta parameter in the checkpoint to a meta '
/data/takhyun03/anaconda3/envs/lmms_llavavideo/lib/python3.11/site-packages/torch/nn/modules/module.py:2025: UserWarning: for vision_model.encoder.layers.1.self_attn.v_proj.weight: copying from a non-meta parameter in the checkpoint to a meta parameter in the current model, which is a no-op. (Did you mean to pass `assign=True` to assign items in the state dictionary to their corresponding key in the module instead of copying them in place?)
  warnings.warn(f'for {key}: copying from a non-meta parameter in the checkpoint to a meta '
/data/takhyun03/anaconda3/envs/lmms_llavavideo/lib/python3.11/site-packages/torch/nn/modules/module.py:2025: UserWarning: for vision_model.encoder.layers.1.self_attn.v_proj.bias: copying from a non-meta parameter in the checkpoint to a meta parameter in the current model, which is a no-op. (Did you mean to pass `assign=True` to assign items in the state dictionary to their corresponding key in the module instead of copying them in place?)
  warnings.warn(f'for {key}: copying from a non-meta parameter in the checkpoint to a meta '
/data/takhyun03/anaconda3/envs/lmms_llavavideo/lib/python3.11/site-packages/torch/nn/modules/module.py:2025: UserWarning: for vision_model.encoder.layers.1.self_attn.q_proj.weight: copying from a non-meta parameter in the checkpoint to a meta parameter in the current model, which is a no-op. (Did you mean to pass `assign=True` to assign items in the state dictionary to their corresponding key in the module instead of copying them in place?)
  warnings.warn(f'for {key}: copying from a non-meta parameter in the checkpoint to a meta '
/data/takhyun03/anaconda3/envs/lmms_llavavideo/lib/python3.11/site-packages/torch/nn/modules/module.py:2025: UserWarning: for vision_model.encoder.layers.1.self_attn.q_proj.bias: copying from a non-meta parameter in the checkpoint to a meta parameter in the current model, which is a no-op. (Did you mean to pass `assign=True` to assign items in the state dictionary to their corresponding key in the module instead of copying them in place?)
  warnings.warn(f'for {key}: copying from a non-meta parameter in the checkpoint to a meta '
/data/takhyun03/anaconda3/envs/lmms_llavavideo/lib/python3.11/site-packages/torch/nn/modules/module.py:2025: UserWarning: for vision_model.encoder.layers.1.self_attn.out_proj.weight: copying from a non-meta parameter in the checkpoint to a meta parameter in the current model, which is a no-op. (Did you mean to pass `assign=True` to assign items in the state dictionary to their corresponding key in the module instead of copying them in place?)
  warnings.warn(f'for {key}: copying from a non-meta parameter in the checkpoint to a meta '
/data/takhyun03/anaconda3/envs/lmms_llavavideo/lib/python3.11/site-packages/torch/nn/modules/module.py:2025: UserWarning: for vision_model.encoder.layers.1.self_attn.out_proj.bias: copying from a non-meta parameter in the checkpoint to a meta parameter in the current model, which is a no-op. (Did you mean to pass `assign=True` to assign items in the state dictionary to their corresponding key in the module instead of copying them in place?)
  warnings.warn(f'for {key}: copying from a non-meta parameter in the checkpoint to a meta '
/data/takhyun03/anaconda3/envs/lmms_llavavideo/lib/python3.11/site-packages/torch/nn/modules/module.py:2025: UserWarning: for vision_model.encoder.layers.1.layer_norm1.weight: copying from a non-meta parameter in the checkpoint to a meta parameter in the current model, which is a no-op. (Did you mean to pass `assign=True` to assign items in the state dictionary to their corresponding key in the module instead of copying them in place?)
  warnings.warn(f'for {key}: copying from a non-meta parameter in the checkpoint to a meta '
/data/takhyun03/anaconda3/envs/lmms_llavavideo/lib/python3.11/site-packages/torch/nn/modules/module.py:2025: UserWarning: for vision_model.encoder.layers.1.layer_norm1.bias: copying from a non-meta parameter in the checkpoint to a meta parameter in the current model, which is a no-op. (Did you mean to pass `assign=True` to assign items in the state dictionary to their corresponding key in the module instead of copying them in place?)
  warnings.warn(f'for {key}: copying from a non-meta parameter in the checkpoint to a meta '
/data/takhyun03/anaconda3/envs/lmms_llavavideo/lib/python3.11/site-packages/torch/nn/modules/module.py:2025: UserWarning: for vision_model.encoder.layers.1.mlp.fc1.weight: copying from a non-meta parameter in the checkpoint to a meta parameter in the current model, which is a no-op. (Did you mean to pass `assign=True` to assign items in the state dictionary to their corresponding key in the module instead of copying them in place?)
  warnings.warn(f'for {key}: copying from a non-meta parameter in the checkpoint to a meta '
/data/takhyun03/anaconda3/envs/lmms_llavavideo/lib/python3.11/site-packages/torch/nn/modules/module.py:2025: UserWarning: for vision_model.encoder.layers.1.mlp.fc1.bias: copying from a non-meta parameter in the checkpoint to a meta parameter in the current model, which is a no-op. (Did you mean to pass `assign=True` to assign items in the state dictionary to their corresponding key in the module instead of copying them in place?)
  warnings.warn(f'for {key}: copying from a non-meta parameter in the checkpoint to a meta '
/data/takhyun03/anaconda3/envs/lmms_llavavideo/lib/python3.11/site-packages/torch/nn/modules/module.py:2025: UserWarning: for vision_model.encoder.layers.1.mlp.fc2.weight: copying from a non-meta parameter in the checkpoint to a meta parameter in the current model, which is a no-op. (Did you mean to pass `assign=True` to assign items in the state dictionary to their corresponding key in the module instead of copying them in place?)
  warnings.warn(f'for {key}: copying from a non-meta parameter in the checkpoint to a meta '
/data/takhyun03/anaconda3/envs/lmms_llavavideo/lib/python3.11/site-packages/torch/nn/modules/module.py:2025: UserWarning: for vision_model.encoder.layers.1.mlp.fc2.bias: copying from a non-meta parameter in the checkpoint to a meta parameter in the current model, which is a no-op. (Did you mean to pass `assign=True` to assign items in the state dictionary to their corresponding key in the module instead of copying them in place?)
  warnings.warn(f'for {key}: copying from a non-meta parameter in the checkpoint to a meta '
/data/takhyun03/anaconda3/envs/lmms_llavavideo/lib/python3.11/site-packages/torch/nn/modules/module.py:2025: UserWarning: for vision_model.encoder.layers.1.layer_norm2.weight: copying from a non-meta parameter in the checkpoint to a meta parameter in the current model, which is a no-op. (Did you mean to pass `assign=True` to assign items in the state dictionary to their corresponding key in the module instead of copying them in place?)
  warnings.warn(f'for {key}: copying from a non-meta parameter in the checkpoint to a meta '
/data/takhyun03/anaconda3/envs/lmms_llavavideo/lib/python3.11/site-packages/torch/nn/modules/module.py:2025: UserWarning: for vision_model.encoder.layers.1.layer_norm2.bias: copying from a non-meta parameter in the checkpoint to a meta parameter in the current model, which is a no-op. (Did you mean to pass `assign=True` to assign items in the state dictionary to their corresponding key in the module instead of copying them in place?)
  warnings.warn(f'for {key}: copying from a non-meta parameter in the checkpoint to a meta '
/data/takhyun03/anaconda3/envs/lmms_llavavideo/lib/python3.11/site-packages/torch/nn/modules/module.py:2025: UserWarning: for vision_model.encoder.layers.2.self_attn.k_proj.weight: copying from a non-meta parameter in the checkpoint to a meta parameter in the current model, which is a no-op. (Did you mean to pass `assign=True` to assign items in the state dictionary to their corresponding key in the module instead of copying them in place?)
  warnings.warn(f'for {key}: copying from a non-meta parameter in the checkpoint to a meta '
/data/takhyun03/anaconda3/envs/lmms_llavavideo/lib/python3.11/site-packages/torch/nn/modules/module.py:2025: UserWarning: for vision_model.encoder.layers.2.self_attn.k_proj.bias: copying from a non-meta parameter in the checkpoint to a meta parameter in the current model, which is a no-op. (Did you mean to pass `assign=True` to assign items in the state dictionary to their corresponding key in the module instead of copying them in place?)
  warnings.warn(f'for {key}: copying from a non-meta parameter in the checkpoint to a meta '
/data/takhyun03/anaconda3/envs/lmms_llavavideo/lib/python3.11/site-packages/torch/nn/modules/module.py:2025: UserWarning: for vision_model.encoder.layers.2.self_attn.v_proj.weight: copying from a non-meta parameter in the checkpoint to a meta parameter in the current model, which is a no-op. (Did you mean to pass `assign=True` to assign items in the state dictionary to their corresponding key in the module instead of copying them in place?)
  warnings.warn(f'for {key}: copying from a non-meta parameter in the checkpoint to a meta '
/data/takhyun03/anaconda3/envs/lmms_llavavideo/lib/python3.11/site-packages/torch/nn/modules/module.py:2025: UserWarning: for vision_model.encoder.layers.2.self_attn.v_proj.bias: copying from a non-meta parameter in the checkpoint to a meta parameter in the current model, which is a no-op. (Did you mean to pass `assign=True` to assign items in the state dictionary to their corresponding key in the module instead of copying them in place?)
  warnings.warn(f'for {key}: copying from a non-meta parameter in the checkpoint to a meta '
/data/takhyun03/anaconda3/envs/lmms_llavavideo/lib/python3.11/site-packages/torch/nn/modules/module.py:2025: UserWarning: for vision_model.encoder.layers.2.self_attn.q_proj.weight: copying from a non-meta parameter in the checkpoint to a meta parameter in the current model, which is a no-op. (Did you mean to pass `assign=True` to assign items in the state dictionary to their corresponding key in the module instead of copying them in place?)
  warnings.warn(f'for {key}: copying from a non-meta parameter in the checkpoint to a meta '
/data/takhyun03/anaconda3/envs/lmms_llavavideo/lib/python3.11/site-packages/torch/nn/modules/module.py:2025: UserWarning: for vision_model.encoder.layers.2.self_attn.q_proj.bias: copying from a non-meta parameter in the checkpoint to a meta parameter in the current model, which is a no-op. (Did you mean to pass `assign=True` to assign items in the state dictionary to their corresponding key in the module instead of copying them in place?)
  warnings.warn(f'for {key}: copying from a non-meta parameter in the checkpoint to a meta '
/data/takhyun03/anaconda3/envs/lmms_llavavideo/lib/python3.11/site-packages/torch/nn/modules/module.py:2025: UserWarning: for vision_model.encoder.layers.2.self_attn.out_proj.weight: copying from a non-meta parameter in the checkpoint to a meta parameter in the current model, which is a no-op. (Did you mean to pass `assign=True` to assign items in the state dictionary to their corresponding key in the module instead of copying them in place?)
  warnings.warn(f'for {key}: copying from a non-meta parameter in the checkpoint to a meta '
/data/takhyun03/anaconda3/envs/lmms_llavavideo/lib/python3.11/site-packages/torch/nn/modules/module.py:2025: UserWarning: for vision_model.encoder.layers.2.self_attn.out_proj.bias: copying from a non-meta parameter in the checkpoint to a meta parameter in the current model, which is a no-op. (Did you mean to pass `assign=True` to assign items in the state dictionary to their corresponding key in the module instead of copying them in place?)
  warnings.warn(f'for {key}: copying from a non-meta parameter in the checkpoint to a meta '
/data/takhyun03/anaconda3/envs/lmms_llavavideo/lib/python3.11/site-packages/torch/nn/modules/module.py:2025: UserWarning: for vision_model.encoder.layers.2.layer_norm1.weight: copying from a non-meta parameter in the checkpoint to a meta parameter in the current model, which is a no-op. (Did you mean to pass `assign=True` to assign items in the state dictionary to their corresponding key in the module instead of copying them in place?)
  warnings.warn(f'for {key}: copying from a non-meta parameter in the checkpoint to a meta '
/data/takhyun03/anaconda3/envs/lmms_llavavideo/lib/python3.11/site-packages/torch/nn/modules/module.py:2025: UserWarning: for vision_model.encoder.layers.2.layer_norm1.bias: copying from a non-meta parameter in the checkpoint to a meta parameter in the current model, which is a no-op. (Did you mean to pass `assign=True` to assign items in the state dictionary to their corresponding key in the module instead of copying them in place?)
  warnings.warn(f'for {key}: copying from a non-meta parameter in the checkpoint to a meta '
/data/takhyun03/anaconda3/envs/lmms_llavavideo/lib/python3.11/site-packages/torch/nn/modules/module.py:2025: UserWarning: for vision_model.encoder.layers.2.mlp.fc1.weight: copying from a non-meta parameter in the checkpoint to a meta parameter in the current model, which is a no-op. (Did you mean to pass `assign=True` to assign items in the state dictionary to their corresponding key in the module instead of copying them in place?)
  warnings.warn(f'for {key}: copying from a non-meta parameter in the checkpoint to a meta '
/data/takhyun03/anaconda3/envs/lmms_llavavideo/lib/python3.11/site-packages/torch/nn/modules/module.py:2025: UserWarning: for vision_model.encoder.layers.2.mlp.fc1.bias: copying from a non-meta parameter in the checkpoint to a meta parameter in the current model, which is a no-op. (Did you mean to pass `assign=True` to assign items in the state dictionary to their corresponding key in the module instead of copying them in place?)
  warnings.warn(f'for {key}: copying from a non-meta parameter in the checkpoint to a meta '
/data/takhyun03/anaconda3/envs/lmms_llavavideo/lib/python3.11/site-packages/torch/nn/modules/module.py:2025: UserWarning: for vision_model.encoder.layers.2.mlp.fc2.weight: copying from a non-meta parameter in the checkpoint to a meta parameter in the current model, which is a no-op. (Did you mean to pass `assign=True` to assign items in the state dictionary to their corresponding key in the module instead of copying them in place?)
  warnings.warn(f'for {key}: copying from a non-meta parameter in the checkpoint to a meta '
/data/takhyun03/anaconda3/envs/lmms_llavavideo/lib/python3.11/site-packages/torch/nn/modules/module.py:2025: UserWarning: for vision_model.encoder.layers.2.mlp.fc2.bias: copying from a non-meta parameter in the checkpoint to a meta parameter in the current model, which is a no-op. (Did you mean to pass `assign=True` to assign items in the state dictionary to their corresponding key in the module instead of copying them in place?)
  warnings.warn(f'for {key}: copying from a non-meta parameter in the checkpoint to a meta '
/data/takhyun03/anaconda3/envs/lmms_llavavideo/lib/python3.11/site-packages/torch/nn/modules/module.py:2025: UserWarning: for vision_model.encoder.layers.2.layer_norm2.weight: copying from a non-meta parameter in the checkpoint to a meta parameter in the current model, which is a no-op. (Did you mean to pass `assign=True` to assign items in the state dictionary to their corresponding key in the module instead of copying them in place?)
  warnings.warn(f'for {key}: copying from a non-meta parameter in the checkpoint to a meta '
/data/takhyun03/anaconda3/envs/lmms_llavavideo/lib/python3.11/site-packages/torch/nn/modules/module.py:2025: UserWarning: for vision_model.encoder.layers.2.layer_norm2.bias: copying from a non-meta parameter in the checkpoint to a meta parameter in the current model, which is a no-op. (Did you mean to pass `assign=True` to assign items in the state dictionary to their corresponding key in the module instead of copying them in place?)
  warnings.warn(f'for {key}: copying from a non-meta parameter in the checkpoint to a meta '
/data/takhyun03/anaconda3/envs/lmms_llavavideo/lib/python3.11/site-packages/torch/nn/modules/module.py:2025: UserWarning: for vision_model.encoder.layers.3.self_attn.k_proj.weight: copying from a non-meta parameter in the checkpoint to a meta parameter in the current model, which is a no-op. (Did you mean to pass `assign=True` to assign items in the state dictionary to their corresponding key in the module instead of copying them in place?)
  warnings.warn(f'for {key}: copying from a non-meta parameter in the checkpoint to a meta '
/data/takhyun03/anaconda3/envs/lmms_llavavideo/lib/python3.11/site-packages/torch/nn/modules/module.py:2025: UserWarning: for vision_model.encoder.layers.3.self_attn.k_proj.bias: copying from a non-meta parameter in the checkpoint to a meta parameter in the current model, which is a no-op. (Did you mean to pass `assign=True` to assign items in the state dictionary to their corresponding key in the module instead of copying them in place?)
  warnings.warn(f'for {key}: copying from a non-meta parameter in the checkpoint to a meta '
/data/takhyun03/anaconda3/envs/lmms_llavavideo/lib/python3.11/site-packages/torch/nn/modules/module.py:2025: UserWarning: for vision_model.encoder.layers.3.self_attn.v_proj.weight: copying from a non-meta parameter in the checkpoint to a meta parameter in the current model, which is a no-op. (Did you mean to pass `assign=True` to assign items in the state dictionary to their corresponding key in the module instead of copying them in place?)
  warnings.warn(f'for {key}: copying from a non-meta parameter in the checkpoint to a meta '
/data/takhyun03/anaconda3/envs/lmms_llavavideo/lib/python3.11/site-packages/torch/nn/modules/module.py:2025: UserWarning: for vision_model.encoder.layers.3.self_attn.v_proj.bias: copying from a non-meta parameter in the checkpoint to a meta parameter in the current model, which is a no-op. (Did you mean to pass `assign=True` to assign items in the state dictionary to their corresponding key in the module instead of copying them in place?)
  warnings.warn(f'for {key}: copying from a non-meta parameter in the checkpoint to a meta '
/data/takhyun03/anaconda3/envs/lmms_llavavideo/lib/python3.11/site-packages/torch/nn/modules/module.py:2025: UserWarning: for vision_model.encoder.layers.3.self_attn.q_proj.weight: copying from a non-meta parameter in the checkpoint to a meta parameter in the current model, which is a no-op. (Did you mean to pass `assign=True` to assign items in the state dictionary to their corresponding key in the module instead of copying them in place?)
  warnings.warn(f'for {key}: copying from a non-meta parameter in the checkpoint to a meta '
/data/takhyun03/anaconda3/envs/lmms_llavavideo/lib/python3.11/site-packages/torch/nn/modules/module.py:2025: UserWarning: for vision_model.encoder.layers.3.self_attn.q_proj.bias: copying from a non-meta parameter in the checkpoint to a meta parameter in the current model, which is a no-op. (Did you mean to pass `assign=True` to assign items in the state dictionary to their corresponding key in the module instead of copying them in place?)
  warnings.warn(f'for {key}: copying from a non-meta parameter in the checkpoint to a meta '
/data/takhyun03/anaconda3/envs/lmms_llavavideo/lib/python3.11/site-packages/torch/nn/modules/module.py:2025: UserWarning: for vision_model.encoder.layers.3.self_attn.out_proj.weight: copying from a non-meta parameter in the checkpoint to a meta parameter in the current model, which is a no-op. (Did you mean to pass `assign=True` to assign items in the state dictionary to their corresponding key in the module instead of copying them in place?)
  warnings.warn(f'for {key}: copying from a non-meta parameter in the checkpoint to a meta '
/data/takhyun03/anaconda3/envs/lmms_llavavideo/lib/python3.11/site-packages/torch/nn/modules/module.py:2025: UserWarning: for vision_model.encoder.layers.3.self_attn.out_proj.bias: copying from a non-meta parameter in the checkpoint to a meta parameter in the current model, which is a no-op. (Did you mean to pass `assign=True` to assign items in the state dictionary to their corresponding key in the module instead of copying them in place?)
  warnings.warn(f'for {key}: copying from a non-meta parameter in the checkpoint to a meta '
/data/takhyun03/anaconda3/envs/lmms_llavavideo/lib/python3.11/site-packages/torch/nn/modules/module.py:2025: UserWarning: for vision_model.encoder.layers.3.layer_norm1.weight: copying from a non-meta parameter in the checkpoint to a meta parameter in the current model, which is a no-op. (Did you mean to pass `assign=True` to assign items in the state dictionary to their corresponding key in the module instead of copying them in place?)
  warnings.warn(f'for {key}: copying from a non-meta parameter in the checkpoint to a meta '
/data/takhyun03/anaconda3/envs/lmms_llavavideo/lib/python3.11/site-packages/torch/nn/modules/module.py:2025: UserWarning: for vision_model.encoder.layers.3.layer_norm1.bias: copying from a non-meta parameter in the checkpoint to a meta parameter in the current model, which is a no-op. (Did you mean to pass `assign=True` to assign items in the state dictionary to their corresponding key in the module instead of copying them in place?)
  warnings.warn(f'for {key}: copying from a non-meta parameter in the checkpoint to a meta '
/data/takhyun03/anaconda3/envs/lmms_llavavideo/lib/python3.11/site-packages/torch/nn/modules/module.py:2025: UserWarning: for vision_model.encoder.layers.3.mlp.fc1.weight: copying from a non-meta parameter in the checkpoint to a meta parameter in the current model, which is a no-op. (Did you mean to pass `assign=True` to assign items in the state dictionary to their corresponding key in the module instead of copying them in place?)
  warnings.warn(f'for {key}: copying from a non-meta parameter in the checkpoint to a meta '
/data/takhyun03/anaconda3/envs/lmms_llavavideo/lib/python3.11/site-packages/torch/nn/modules/module.py:2025: UserWarning: for vision_model.encoder.layers.3.mlp.fc1.bias: copying from a non-meta parameter in the checkpoint to a meta parameter in the current model, which is a no-op. (Did you mean to pass `assign=True` to assign items in the state dictionary to their corresponding key in the module instead of copying them in place?)
  warnings.warn(f'for {key}: copying from a non-meta parameter in the checkpoint to a meta '
/data/takhyun03/anaconda3/envs/lmms_llavavideo/lib/python3.11/site-packages/torch/nn/modules/module.py:2025: UserWarning: for vision_model.encoder.layers.3.mlp.fc2.weight: copying from a non-meta parameter in the checkpoint to a meta parameter in the current model, which is a no-op. (Did you mean to pass `assign=True` to assign items in the state dictionary to their corresponding key in the module instead of copying them in place?)
  warnings.warn(f'for {key}: copying from a non-meta parameter in the checkpoint to a meta '
/data/takhyun03/anaconda3/envs/lmms_llavavideo/lib/python3.11/site-packages/torch/nn/modules/module.py:2025: UserWarning: for vision_model.encoder.layers.3.mlp.fc2.bias: copying from a non-meta parameter in the checkpoint to a meta parameter in the current model, which is a no-op. (Did you mean to pass `assign=True` to assign items in the state dictionary to their corresponding key in the module instead of copying them in place?)
  warnings.warn(f'for {key}: copying from a non-meta parameter in the checkpoint to a meta '
/data/takhyun03/anaconda3/envs/lmms_llavavideo/lib/python3.11/site-packages/torch/nn/modules/module.py:2025: UserWarning: for vision_model.encoder.layers.3.layer_norm2.weight: copying from a non-meta parameter in the checkpoint to a meta parameter in the current model, which is a no-op. (Did you mean to pass `assign=True` to assign items in the state dictionary to their corresponding key in the module instead of copying them in place?)
  warnings.warn(f'for {key}: copying from a non-meta parameter in the checkpoint to a meta '
/data/takhyun03/anaconda3/envs/lmms_llavavideo/lib/python3.11/site-packages/torch/nn/modules/module.py:2025: UserWarning: for vision_model.encoder.layers.3.layer_norm2.bias: copying from a non-meta parameter in the checkpoint to a meta parameter in the current model, which is a no-op. (Did you mean to pass `assign=True` to assign items in the state dictionary to their corresponding key in the module instead of copying them in place?)
  warnings.warn(f'for {key}: copying from a non-meta parameter in the checkpoint to a meta '
/data/takhyun03/anaconda3/envs/lmms_llavavideo/lib/python3.11/site-packages/torch/nn/modules/module.py:2025: UserWarning: for vision_model.encoder.layers.4.self_attn.k_proj.weight: copying from a non-meta parameter in the checkpoint to a meta parameter in the current model, which is a no-op. (Did you mean to pass `assign=True` to assign items in the state dictionary to their corresponding key in the module instead of copying them in place?)
  warnings.warn(f'for {key}: copying from a non-meta parameter in the checkpoint to a meta '
/data/takhyun03/anaconda3/envs/lmms_llavavideo/lib/python3.11/site-packages/torch/nn/modules/module.py:2025: UserWarning: for vision_model.encoder.layers.4.self_attn.k_proj.bias: copying from a non-meta parameter in the checkpoint to a meta parameter in the current model, which is a no-op. (Did you mean to pass `assign=True` to assign items in the state dictionary to their corresponding key in the module instead of copying them in place?)
  warnings.warn(f'for {key}: copying from a non-meta parameter in the checkpoint to a meta '
/data/takhyun03/anaconda3/envs/lmms_llavavideo/lib/python3.11/site-packages/torch/nn/modules/module.py:2025: UserWarning: for vision_model.encoder.layers.4.self_attn.v_proj.weight: copying from a non-meta parameter in the checkpoint to a meta parameter in the current model, which is a no-op. (Did you mean to pass `assign=True` to assign items in the state dictionary to their corresponding key in the module instead of copying them in place?)
  warnings.warn(f'for {key}: copying from a non-meta parameter in the checkpoint to a meta '
/data/takhyun03/anaconda3/envs/lmms_llavavideo/lib/python3.11/site-packages/torch/nn/modules/module.py:2025: UserWarning: for vision_model.encoder.layers.4.self_attn.v_proj.bias: copying from a non-meta parameter in the checkpoint to a meta parameter in the current model, which is a no-op. (Did you mean to pass `assign=True` to assign items in the state dictionary to their corresponding key in the module instead of copying them in place?)
  warnings.warn(f'for {key}: copying from a non-meta parameter in the checkpoint to a meta '
/data/takhyun03/anaconda3/envs/lmms_llavavideo/lib/python3.11/site-packages/torch/nn/modules/module.py:2025: UserWarning: for vision_model.encoder.layers.4.self_attn.q_proj.weight: copying from a non-meta parameter in the checkpoint to a meta parameter in the current model, which is a no-op. (Did you mean to pass `assign=True` to assign items in the state dictionary to their corresponding key in the module instead of copying them in place?)
  warnings.warn(f'for {key}: copying from a non-meta parameter in the checkpoint to a meta '
/data/takhyun03/anaconda3/envs/lmms_llavavideo/lib/python3.11/site-packages/torch/nn/modules/module.py:2025: UserWarning: for vision_model.encoder.layers.4.self_attn.q_proj.bias: copying from a non-meta parameter in the checkpoint to a meta parameter in the current model, which is a no-op. (Did you mean to pass `assign=True` to assign items in the state dictionary to their corresponding key in the module instead of copying them in place?)
  warnings.warn(f'for {key}: copying from a non-meta parameter in the checkpoint to a meta '
/data/takhyun03/anaconda3/envs/lmms_llavavideo/lib/python3.11/site-packages/torch/nn/modules/module.py:2025: UserWarning: for vision_model.encoder.layers.4.self_attn.out_proj.weight: copying from a non-meta parameter in the checkpoint to a meta parameter in the current model, which is a no-op. (Did you mean to pass `assign=True` to assign items in the state dictionary to their corresponding key in the module instead of copying them in place?)
  warnings.warn(f'for {key}: copying from a non-meta parameter in the checkpoint to a meta '
/data/takhyun03/anaconda3/envs/lmms_llavavideo/lib/python3.11/site-packages/torch/nn/modules/module.py:2025: UserWarning: for vision_model.encoder.layers.4.self_attn.out_proj.bias: copying from a non-meta parameter in the checkpoint to a meta parameter in the current model, which is a no-op. (Did you mean to pass `assign=True` to assign items in the state dictionary to their corresponding key in the module instead of copying them in place?)
  warnings.warn(f'for {key}: copying from a non-meta parameter in the checkpoint to a meta '
/data/takhyun03/anaconda3/envs/lmms_llavavideo/lib/python3.11/site-packages/torch/nn/modules/module.py:2025: UserWarning: for vision_model.encoder.layers.4.layer_norm1.weight: copying from a non-meta parameter in the checkpoint to a meta parameter in the current model, which is a no-op. (Did you mean to pass `assign=True` to assign items in the state dictionary to their corresponding key in the module instead of copying them in place?)
  warnings.warn(f'for {key}: copying from a non-meta parameter in the checkpoint to a meta '
/data/takhyun03/anaconda3/envs/lmms_llavavideo/lib/python3.11/site-packages/torch/nn/modules/module.py:2025: UserWarning: for vision_model.encoder.layers.4.layer_norm1.bias: copying from a non-meta parameter in the checkpoint to a meta parameter in the current model, which is a no-op. (Did you mean to pass `assign=True` to assign items in the state dictionary to their corresponding key in the module instead of copying them in place?)
  warnings.warn(f'for {key}: copying from a non-meta parameter in the checkpoint to a meta '
/data/takhyun03/anaconda3/envs/lmms_llavavideo/lib/python3.11/site-packages/torch/nn/modules/module.py:2025: UserWarning: for vision_model.encoder.layers.4.mlp.fc1.weight: copying from a non-meta parameter in the checkpoint to a meta parameter in the current model, which is a no-op. (Did you mean to pass `assign=True` to assign items in the state dictionary to their corresponding key in the module instead of copying them in place?)
  warnings.warn(f'for {key}: copying from a non-meta parameter in the checkpoint to a meta '
/data/takhyun03/anaconda3/envs/lmms_llavavideo/lib/python3.11/site-packages/torch/nn/modules/module.py:2025: UserWarning: for vision_model.encoder.layers.4.mlp.fc1.bias: copying from a non-meta parameter in the checkpoint to a meta parameter in the current model, which is a no-op. (Did you mean to pass `assign=True` to assign items in the state dictionary to their corresponding key in the module instead of copying them in place?)
  warnings.warn(f'for {key}: copying from a non-meta parameter in the checkpoint to a meta '
/data/takhyun03/anaconda3/envs/lmms_llavavideo/lib/python3.11/site-packages/torch/nn/modules/module.py:2025: UserWarning: for vision_model.encoder.layers.4.mlp.fc2.weight: copying from a non-meta parameter in the checkpoint to a meta parameter in the current model, which is a no-op. (Did you mean to pass `assign=True` to assign items in the state dictionary to their corresponding key in the module instead of copying them in place?)
  warnings.warn(f'for {key}: copying from a non-meta parameter in the checkpoint to a meta '
/data/takhyun03/anaconda3/envs/lmms_llavavideo/lib/python3.11/site-packages/torch/nn/modules/module.py:2025: UserWarning: for vision_model.encoder.layers.4.mlp.fc2.bias: copying from a non-meta parameter in the checkpoint to a meta parameter in the current model, which is a no-op. (Did you mean to pass `assign=True` to assign items in the state dictionary to their corresponding key in the module instead of copying them in place?)
  warnings.warn(f'for {key}: copying from a non-meta parameter in the checkpoint to a meta '
/data/takhyun03/anaconda3/envs/lmms_llavavideo/lib/python3.11/site-packages/torch/nn/modules/module.py:2025: UserWarning: for vision_model.encoder.layers.4.layer_norm2.weight: copying from a non-meta parameter in the checkpoint to a meta parameter in the current model, which is a no-op. (Did you mean to pass `assign=True` to assign items in the state dictionary to their corresponding key in the module instead of copying them in place?)
  warnings.warn(f'for {key}: copying from a non-meta parameter in the checkpoint to a meta '
/data/takhyun03/anaconda3/envs/lmms_llavavideo/lib/python3.11/site-packages/torch/nn/modules/module.py:2025: UserWarning: for vision_model.encoder.layers.4.layer_norm2.bias: copying from a non-meta parameter in the checkpoint to a meta parameter in the current model, which is a no-op. (Did you mean to pass `assign=True` to assign items in the state dictionary to their corresponding key in the module instead of copying them in place?)
  warnings.warn(f'for {key}: copying from a non-meta parameter in the checkpoint to a meta '
/data/takhyun03/anaconda3/envs/lmms_llavavideo/lib/python3.11/site-packages/torch/nn/modules/module.py:2025: UserWarning: for vision_model.encoder.layers.5.self_attn.k_proj.weight: copying from a non-meta parameter in the checkpoint to a meta parameter in the current model, which is a no-op. (Did you mean to pass `assign=True` to assign items in the state dictionary to their corresponding key in the module instead of copying them in place?)
  warnings.warn(f'for {key}: copying from a non-meta parameter in the checkpoint to a meta '
/data/takhyun03/anaconda3/envs/lmms_llavavideo/lib/python3.11/site-packages/torch/nn/modules/module.py:2025: UserWarning: for vision_model.encoder.layers.5.self_attn.k_proj.bias: copying from a non-meta parameter in the checkpoint to a meta parameter in the current model, which is a no-op. (Did you mean to pass `assign=True` to assign items in the state dictionary to their corresponding key in the module instead of copying them in place?)
  warnings.warn(f'for {key}: copying from a non-meta parameter in the checkpoint to a meta '
/data/takhyun03/anaconda3/envs/lmms_llavavideo/lib/python3.11/site-packages/torch/nn/modules/module.py:2025: UserWarning: for vision_model.encoder.layers.5.self_attn.v_proj.weight: copying from a non-meta parameter in the checkpoint to a meta parameter in the current model, which is a no-op. (Did you mean to pass `assign=True` to assign items in the state dictionary to their corresponding key in the module instead of copying them in place?)
  warnings.warn(f'for {key}: copying from a non-meta parameter in the checkpoint to a meta '
/data/takhyun03/anaconda3/envs/lmms_llavavideo/lib/python3.11/site-packages/torch/nn/modules/module.py:2025: UserWarning: for vision_model.encoder.layers.5.self_attn.v_proj.bias: copying from a non-meta parameter in the checkpoint to a meta parameter in the current model, which is a no-op. (Did you mean to pass `assign=True` to assign items in the state dictionary to their corresponding key in the module instead of copying them in place?)
  warnings.warn(f'for {key}: copying from a non-meta parameter in the checkpoint to a meta '
/data/takhyun03/anaconda3/envs/lmms_llavavideo/lib/python3.11/site-packages/torch/nn/modules/module.py:2025: UserWarning: for vision_model.encoder.layers.5.self_attn.q_proj.weight: copying from a non-meta parameter in the checkpoint to a meta parameter in the current model, which is a no-op. (Did you mean to pass `assign=True` to assign items in the state dictionary to their corresponding key in the module instead of copying them in place?)
  warnings.warn(f'for {key}: copying from a non-meta parameter in the checkpoint to a meta '
/data/takhyun03/anaconda3/envs/lmms_llavavideo/lib/python3.11/site-packages/torch/nn/modules/module.py:2025: UserWarning: for vision_model.encoder.layers.5.self_attn.q_proj.bias: copying from a non-meta parameter in the checkpoint to a meta parameter in the current model, which is a no-op. (Did you mean to pass `assign=True` to assign items in the state dictionary to their corresponding key in the module instead of copying them in place?)
  warnings.warn(f'for {key}: copying from a non-meta parameter in the checkpoint to a meta '
/data/takhyun03/anaconda3/envs/lmms_llavavideo/lib/python3.11/site-packages/torch/nn/modules/module.py:2025: UserWarning: for vision_model.encoder.layers.5.self_attn.out_proj.weight: copying from a non-meta parameter in the checkpoint to a meta parameter in the current model, which is a no-op. (Did you mean to pass `assign=True` to assign items in the state dictionary to their corresponding key in the module instead of copying them in place?)
  warnings.warn(f'for {key}: copying from a non-meta parameter in the checkpoint to a meta '
/data/takhyun03/anaconda3/envs/lmms_llavavideo/lib/python3.11/site-packages/torch/nn/modules/module.py:2025: UserWarning: for vision_model.encoder.layers.5.self_attn.out_proj.bias: copying from a non-meta parameter in the checkpoint to a meta parameter in the current model, which is a no-op. (Did you mean to pass `assign=True` to assign items in the state dictionary to their corresponding key in the module instead of copying them in place?)
  warnings.warn(f'for {key}: copying from a non-meta parameter in the checkpoint to a meta '
/data/takhyun03/anaconda3/envs/lmms_llavavideo/lib/python3.11/site-packages/torch/nn/modules/module.py:2025: UserWarning: for vision_model.encoder.layers.5.layer_norm1.weight: copying from a non-meta parameter in the checkpoint to a meta parameter in the current model, which is a no-op. (Did you mean to pass `assign=True` to assign items in the state dictionary to their corresponding key in the module instead of copying them in place?)
  warnings.warn(f'for {key}: copying from a non-meta parameter in the checkpoint to a meta '
/data/takhyun03/anaconda3/envs/lmms_llavavideo/lib/python3.11/site-packages/torch/nn/modules/module.py:2025: UserWarning: for vision_model.encoder.layers.5.layer_norm1.bias: copying from a non-meta parameter in the checkpoint to a meta parameter in the current model, which is a no-op. (Did you mean to pass `assign=True` to assign items in the state dictionary to their corresponding key in the module instead of copying them in place?)
  warnings.warn(f'for {key}: copying from a non-meta parameter in the checkpoint to a meta '
/data/takhyun03/anaconda3/envs/lmms_llavavideo/lib/python3.11/site-packages/torch/nn/modules/module.py:2025: UserWarning: for vision_model.encoder.layers.5.mlp.fc1.weight: copying from a non-meta parameter in the checkpoint to a meta parameter in the current model, which is a no-op. (Did you mean to pass `assign=True` to assign items in the state dictionary to their corresponding key in the module instead of copying them in place?)
  warnings.warn(f'for {key}: copying from a non-meta parameter in the checkpoint to a meta '
/data/takhyun03/anaconda3/envs/lmms_llavavideo/lib/python3.11/site-packages/torch/nn/modules/module.py:2025: UserWarning: for vision_model.encoder.layers.5.mlp.fc1.bias: copying from a non-meta parameter in the checkpoint to a meta parameter in the current model, which is a no-op. (Did you mean to pass `assign=True` to assign items in the state dictionary to their corresponding key in the module instead of copying them in place?)
  warnings.warn(f'for {key}: copying from a non-meta parameter in the checkpoint to a meta '
/data/takhyun03/anaconda3/envs/lmms_llavavideo/lib/python3.11/site-packages/torch/nn/modules/module.py:2025: UserWarning: for vision_model.encoder.layers.5.mlp.fc2.weight: copying from a non-meta parameter in the checkpoint to a meta parameter in the current model, which is a no-op. (Did you mean to pass `assign=True` to assign items in the state dictionary to their corresponding key in the module instead of copying them in place?)
  warnings.warn(f'for {key}: copying from a non-meta parameter in the checkpoint to a meta '
/data/takhyun03/anaconda3/envs/lmms_llavavideo/lib/python3.11/site-packages/torch/nn/modules/module.py:2025: UserWarning: for vision_model.encoder.layers.5.mlp.fc2.bias: copying from a non-meta parameter in the checkpoint to a meta parameter in the current model, which is a no-op. (Did you mean to pass `assign=True` to assign items in the state dictionary to their corresponding key in the module instead of copying them in place?)
  warnings.warn(f'for {key}: copying from a non-meta parameter in the checkpoint to a meta '
/data/takhyun03/anaconda3/envs/lmms_llavavideo/lib/python3.11/site-packages/torch/nn/modules/module.py:2025: UserWarning: for vision_model.encoder.layers.5.layer_norm2.weight: copying from a non-meta parameter in the checkpoint to a meta parameter in the current model, which is a no-op. (Did you mean to pass `assign=True` to assign items in the state dictionary to their corresponding key in the module instead of copying them in place?)
  warnings.warn(f'for {key}: copying from a non-meta parameter in the checkpoint to a meta '
/data/takhyun03/anaconda3/envs/lmms_llavavideo/lib/python3.11/site-packages/torch/nn/modules/module.py:2025: UserWarning: for vision_model.encoder.layers.5.layer_norm2.bias: copying from a non-meta parameter in the checkpoint to a meta parameter in the current model, which is a no-op. (Did you mean to pass `assign=True` to assign items in the state dictionary to their corresponding key in the module instead of copying them in place?)
  warnings.warn(f'for {key}: copying from a non-meta parameter in the checkpoint to a meta '
/data/takhyun03/anaconda3/envs/lmms_llavavideo/lib/python3.11/site-packages/torch/nn/modules/module.py:2025: UserWarning: for vision_model.encoder.layers.6.self_attn.k_proj.weight: copying from a non-meta parameter in the checkpoint to a meta parameter in the current model, which is a no-op. (Did you mean to pass `assign=True` to assign items in the state dictionary to their corresponding key in the module instead of copying them in place?)
  warnings.warn(f'for {key}: copying from a non-meta parameter in the checkpoint to a meta '
/data/takhyun03/anaconda3/envs/lmms_llavavideo/lib/python3.11/site-packages/torch/nn/modules/module.py:2025: UserWarning: for vision_model.encoder.layers.6.self_attn.k_proj.bias: copying from a non-meta parameter in the checkpoint to a meta parameter in the current model, which is a no-op. (Did you mean to pass `assign=True` to assign items in the state dictionary to their corresponding key in the module instead of copying them in place?)
  warnings.warn(f'for {key}: copying from a non-meta parameter in the checkpoint to a meta '
/data/takhyun03/anaconda3/envs/lmms_llavavideo/lib/python3.11/site-packages/torch/nn/modules/module.py:2025: UserWarning: for vision_model.encoder.layers.6.self_attn.v_proj.weight: copying from a non-meta parameter in the checkpoint to a meta parameter in the current model, which is a no-op. (Did you mean to pass `assign=True` to assign items in the state dictionary to their corresponding key in the module instead of copying them in place?)
  warnings.warn(f'for {key}: copying from a non-meta parameter in the checkpoint to a meta '
/data/takhyun03/anaconda3/envs/lmms_llavavideo/lib/python3.11/site-packages/torch/nn/modules/module.py:2025: UserWarning: for vision_model.encoder.layers.6.self_attn.v_proj.bias: copying from a non-meta parameter in the checkpoint to a meta parameter in the current model, which is a no-op. (Did you mean to pass `assign=True` to assign items in the state dictionary to their corresponding key in the module instead of copying them in place?)
  warnings.warn(f'for {key}: copying from a non-meta parameter in the checkpoint to a meta '
/data/takhyun03/anaconda3/envs/lmms_llavavideo/lib/python3.11/site-packages/torch/nn/modules/module.py:2025: UserWarning: for vision_model.encoder.layers.6.self_attn.q_proj.weight: copying from a non-meta parameter in the checkpoint to a meta parameter in the current model, which is a no-op. (Did you mean to pass `assign=True` to assign items in the state dictionary to their corresponding key in the module instead of copying them in place?)
  warnings.warn(f'for {key}: copying from a non-meta parameter in the checkpoint to a meta '
/data/takhyun03/anaconda3/envs/lmms_llavavideo/lib/python3.11/site-packages/torch/nn/modules/module.py:2025: UserWarning: for vision_model.encoder.layers.6.self_attn.q_proj.bias: copying from a non-meta parameter in the checkpoint to a meta parameter in the current model, which is a no-op. (Did you mean to pass `assign=True` to assign items in the state dictionary to their corresponding key in the module instead of copying them in place?)
  warnings.warn(f'for {key}: copying from a non-meta parameter in the checkpoint to a meta '
/data/takhyun03/anaconda3/envs/lmms_llavavideo/lib/python3.11/site-packages/torch/nn/modules/module.py:2025: UserWarning: for vision_model.encoder.layers.6.self_attn.out_proj.weight: copying from a non-meta parameter in the checkpoint to a meta parameter in the current model, which is a no-op. (Did you mean to pass `assign=True` to assign items in the state dictionary to their corresponding key in the module instead of copying them in place?)
  warnings.warn(f'for {key}: copying from a non-meta parameter in the checkpoint to a meta '
/data/takhyun03/anaconda3/envs/lmms_llavavideo/lib/python3.11/site-packages/torch/nn/modules/module.py:2025: UserWarning: for vision_model.encoder.layers.6.self_attn.out_proj.bias: copying from a non-meta parameter in the checkpoint to a meta parameter in the current model, which is a no-op. (Did you mean to pass `assign=True` to assign items in the state dictionary to their corresponding key in the module instead of copying them in place?)
  warnings.warn(f'for {key}: copying from a non-meta parameter in the checkpoint to a meta '
/data/takhyun03/anaconda3/envs/lmms_llavavideo/lib/python3.11/site-packages/torch/nn/modules/module.py:2025: UserWarning: for vision_model.encoder.layers.6.layer_norm1.weight: copying from a non-meta parameter in the checkpoint to a meta parameter in the current model, which is a no-op. (Did you mean to pass `assign=True` to assign items in the state dictionary to their corresponding key in the module instead of copying them in place?)
  warnings.warn(f'for {key}: copying from a non-meta parameter in the checkpoint to a meta '
/data/takhyun03/anaconda3/envs/lmms_llavavideo/lib/python3.11/site-packages/torch/nn/modules/module.py:2025: UserWarning: for vision_model.encoder.layers.6.layer_norm1.bias: copying from a non-meta parameter in the checkpoint to a meta parameter in the current model, which is a no-op. (Did you mean to pass `assign=True` to assign items in the state dictionary to their corresponding key in the module instead of copying them in place?)
  warnings.warn(f'for {key}: copying from a non-meta parameter in the checkpoint to a meta '
/data/takhyun03/anaconda3/envs/lmms_llavavideo/lib/python3.11/site-packages/torch/nn/modules/module.py:2025: UserWarning: for vision_model.encoder.layers.6.mlp.fc1.weight: copying from a non-meta parameter in the checkpoint to a meta parameter in the current model, which is a no-op. (Did you mean to pass `assign=True` to assign items in the state dictionary to their corresponding key in the module instead of copying them in place?)
  warnings.warn(f'for {key}: copying from a non-meta parameter in the checkpoint to a meta '
/data/takhyun03/anaconda3/envs/lmms_llavavideo/lib/python3.11/site-packages/torch/nn/modules/module.py:2025: UserWarning: for vision_model.encoder.layers.6.mlp.fc1.bias: copying from a non-meta parameter in the checkpoint to a meta parameter in the current model, which is a no-op. (Did you mean to pass `assign=True` to assign items in the state dictionary to their corresponding key in the module instead of copying them in place?)
  warnings.warn(f'for {key}: copying from a non-meta parameter in the checkpoint to a meta '
/data/takhyun03/anaconda3/envs/lmms_llavavideo/lib/python3.11/site-packages/torch/nn/modules/module.py:2025: UserWarning: for vision_model.encoder.layers.6.mlp.fc2.weight: copying from a non-meta parameter in the checkpoint to a meta parameter in the current model, which is a no-op. (Did you mean to pass `assign=True` to assign items in the state dictionary to their corresponding key in the module instead of copying them in place?)
  warnings.warn(f'for {key}: copying from a non-meta parameter in the checkpoint to a meta '
/data/takhyun03/anaconda3/envs/lmms_llavavideo/lib/python3.11/site-packages/torch/nn/modules/module.py:2025: UserWarning: for vision_model.encoder.layers.6.mlp.fc2.bias: copying from a non-meta parameter in the checkpoint to a meta parameter in the current model, which is a no-op. (Did you mean to pass `assign=True` to assign items in the state dictionary to their corresponding key in the module instead of copying them in place?)
  warnings.warn(f'for {key}: copying from a non-meta parameter in the checkpoint to a meta '
/data/takhyun03/anaconda3/envs/lmms_llavavideo/lib/python3.11/site-packages/torch/nn/modules/module.py:2025: UserWarning: for vision_model.encoder.layers.6.layer_norm2.weight: copying from a non-meta parameter in the checkpoint to a meta parameter in the current model, which is a no-op. (Did you mean to pass `assign=True` to assign items in the state dictionary to their corresponding key in the module instead of copying them in place?)
  warnings.warn(f'for {key}: copying from a non-meta parameter in the checkpoint to a meta '
/data/takhyun03/anaconda3/envs/lmms_llavavideo/lib/python3.11/site-packages/torch/nn/modules/module.py:2025: UserWarning: for vision_model.encoder.layers.6.layer_norm2.bias: copying from a non-meta parameter in the checkpoint to a meta parameter in the current model, which is a no-op. (Did you mean to pass `assign=True` to assign items in the state dictionary to their corresponding key in the module instead of copying them in place?)
  warnings.warn(f'for {key}: copying from a non-meta parameter in the checkpoint to a meta '
/data/takhyun03/anaconda3/envs/lmms_llavavideo/lib/python3.11/site-packages/torch/nn/modules/module.py:2025: UserWarning: for vision_model.encoder.layers.7.self_attn.k_proj.weight: copying from a non-meta parameter in the checkpoint to a meta parameter in the current model, which is a no-op. (Did you mean to pass `assign=True` to assign items in the state dictionary to their corresponding key in the module instead of copying them in place?)
  warnings.warn(f'for {key}: copying from a non-meta parameter in the checkpoint to a meta '
/data/takhyun03/anaconda3/envs/lmms_llavavideo/lib/python3.11/site-packages/torch/nn/modules/module.py:2025: UserWarning: for vision_model.encoder.layers.7.self_attn.k_proj.bias: copying from a non-meta parameter in the checkpoint to a meta parameter in the current model, which is a no-op. (Did you mean to pass `assign=True` to assign items in the state dictionary to their corresponding key in the module instead of copying them in place?)
  warnings.warn(f'for {key}: copying from a non-meta parameter in the checkpoint to a meta '
/data/takhyun03/anaconda3/envs/lmms_llavavideo/lib/python3.11/site-packages/torch/nn/modules/module.py:2025: UserWarning: for vision_model.encoder.layers.7.self_attn.v_proj.weight: copying from a non-meta parameter in the checkpoint to a meta parameter in the current model, which is a no-op. (Did you mean to pass `assign=True` to assign items in the state dictionary to their corresponding key in the module instead of copying them in place?)
  warnings.warn(f'for {key}: copying from a non-meta parameter in the checkpoint to a meta '
/data/takhyun03/anaconda3/envs/lmms_llavavideo/lib/python3.11/site-packages/torch/nn/modules/module.py:2025: UserWarning: for vision_model.encoder.layers.7.self_attn.v_proj.bias: copying from a non-meta parameter in the checkpoint to a meta parameter in the current model, which is a no-op. (Did you mean to pass `assign=True` to assign items in the state dictionary to their corresponding key in the module instead of copying them in place?)
  warnings.warn(f'for {key}: copying from a non-meta parameter in the checkpoint to a meta '
/data/takhyun03/anaconda3/envs/lmms_llavavideo/lib/python3.11/site-packages/torch/nn/modules/module.py:2025: UserWarning: for vision_model.encoder.layers.7.self_attn.q_proj.weight: copying from a non-meta parameter in the checkpoint to a meta parameter in the current model, which is a no-op. (Did you mean to pass `assign=True` to assign items in the state dictionary to their corresponding key in the module instead of copying them in place?)
  warnings.warn(f'for {key}: copying from a non-meta parameter in the checkpoint to a meta '
/data/takhyun03/anaconda3/envs/lmms_llavavideo/lib/python3.11/site-packages/torch/nn/modules/module.py:2025: UserWarning: for vision_model.encoder.layers.7.self_attn.q_proj.bias: copying from a non-meta parameter in the checkpoint to a meta parameter in the current model, which is a no-op. (Did you mean to pass `assign=True` to assign items in the state dictionary to their corresponding key in the module instead of copying them in place?)
  warnings.warn(f'for {key}: copying from a non-meta parameter in the checkpoint to a meta '
/data/takhyun03/anaconda3/envs/lmms_llavavideo/lib/python3.11/site-packages/torch/nn/modules/module.py:2025: UserWarning: for vision_model.encoder.layers.7.self_attn.out_proj.weight: copying from a non-meta parameter in the checkpoint to a meta parameter in the current model, which is a no-op. (Did you mean to pass `assign=True` to assign items in the state dictionary to their corresponding key in the module instead of copying them in place?)
  warnings.warn(f'for {key}: copying from a non-meta parameter in the checkpoint to a meta '
/data/takhyun03/anaconda3/envs/lmms_llavavideo/lib/python3.11/site-packages/torch/nn/modules/module.py:2025: UserWarning: for vision_model.encoder.layers.7.self_attn.out_proj.bias: copying from a non-meta parameter in the checkpoint to a meta parameter in the current model, which is a no-op. (Did you mean to pass `assign=True` to assign items in the state dictionary to their corresponding key in the module instead of copying them in place?)
  warnings.warn(f'for {key}: copying from a non-meta parameter in the checkpoint to a meta '
/data/takhyun03/anaconda3/envs/lmms_llavavideo/lib/python3.11/site-packages/torch/nn/modules/module.py:2025: UserWarning: for vision_model.encoder.layers.7.layer_norm1.weight: copying from a non-meta parameter in the checkpoint to a meta parameter in the current model, which is a no-op. (Did you mean to pass `assign=True` to assign items in the state dictionary to their corresponding key in the module instead of copying them in place?)
  warnings.warn(f'for {key}: copying from a non-meta parameter in the checkpoint to a meta '
/data/takhyun03/anaconda3/envs/lmms_llavavideo/lib/python3.11/site-packages/torch/nn/modules/module.py:2025: UserWarning: for vision_model.encoder.layers.7.layer_norm1.bias: copying from a non-meta parameter in the checkpoint to a meta parameter in the current model, which is a no-op. (Did you mean to pass `assign=True` to assign items in the state dictionary to their corresponding key in the module instead of copying them in place?)
  warnings.warn(f'for {key}: copying from a non-meta parameter in the checkpoint to a meta '
/data/takhyun03/anaconda3/envs/lmms_llavavideo/lib/python3.11/site-packages/torch/nn/modules/module.py:2025: UserWarning: for vision_model.encoder.layers.7.mlp.fc1.weight: copying from a non-meta parameter in the checkpoint to a meta parameter in the current model, which is a no-op. (Did you mean to pass `assign=True` to assign items in the state dictionary to their corresponding key in the module instead of copying them in place?)
  warnings.warn(f'for {key}: copying from a non-meta parameter in the checkpoint to a meta '
/data/takhyun03/anaconda3/envs/lmms_llavavideo/lib/python3.11/site-packages/torch/nn/modules/module.py:2025: UserWarning: for vision_model.encoder.layers.7.mlp.fc1.bias: copying from a non-meta parameter in the checkpoint to a meta parameter in the current model, which is a no-op. (Did you mean to pass `assign=True` to assign items in the state dictionary to their corresponding key in the module instead of copying them in place?)
  warnings.warn(f'for {key}: copying from a non-meta parameter in the checkpoint to a meta '
/data/takhyun03/anaconda3/envs/lmms_llavavideo/lib/python3.11/site-packages/torch/nn/modules/module.py:2025: UserWarning: for vision_model.encoder.layers.7.mlp.fc2.weight: copying from a non-meta parameter in the checkpoint to a meta parameter in the current model, which is a no-op. (Did you mean to pass `assign=True` to assign items in the state dictionary to their corresponding key in the module instead of copying them in place?)
  warnings.warn(f'for {key}: copying from a non-meta parameter in the checkpoint to a meta '
/data/takhyun03/anaconda3/envs/lmms_llavavideo/lib/python3.11/site-packages/torch/nn/modules/module.py:2025: UserWarning: for vision_model.encoder.layers.7.mlp.fc2.bias: copying from a non-meta parameter in the checkpoint to a meta parameter in the current model, which is a no-op. (Did you mean to pass `assign=True` to assign items in the state dictionary to their corresponding key in the module instead of copying them in place?)
  warnings.warn(f'for {key}: copying from a non-meta parameter in the checkpoint to a meta '
/data/takhyun03/anaconda3/envs/lmms_llavavideo/lib/python3.11/site-packages/torch/nn/modules/module.py:2025: UserWarning: for vision_model.encoder.layers.7.layer_norm2.weight: copying from a non-meta parameter in the checkpoint to a meta parameter in the current model, which is a no-op. (Did you mean to pass `assign=True` to assign items in the state dictionary to their corresponding key in the module instead of copying them in place?)
  warnings.warn(f'for {key}: copying from a non-meta parameter in the checkpoint to a meta '
/data/takhyun03/anaconda3/envs/lmms_llavavideo/lib/python3.11/site-packages/torch/nn/modules/module.py:2025: UserWarning: for vision_model.encoder.layers.7.layer_norm2.bias: copying from a non-meta parameter in the checkpoint to a meta parameter in the current model, which is a no-op. (Did you mean to pass `assign=True` to assign items in the state dictionary to their corresponding key in the module instead of copying them in place?)
  warnings.warn(f'for {key}: copying from a non-meta parameter in the checkpoint to a meta '
/data/takhyun03/anaconda3/envs/lmms_llavavideo/lib/python3.11/site-packages/torch/nn/modules/module.py:2025: UserWarning: for vision_model.encoder.layers.8.self_attn.k_proj.weight: copying from a non-meta parameter in the checkpoint to a meta parameter in the current model, which is a no-op. (Did you mean to pass `assign=True` to assign items in the state dictionary to their corresponding key in the module instead of copying them in place?)
  warnings.warn(f'for {key}: copying from a non-meta parameter in the checkpoint to a meta '
/data/takhyun03/anaconda3/envs/lmms_llavavideo/lib/python3.11/site-packages/torch/nn/modules/module.py:2025: UserWarning: for vision_model.encoder.layers.8.self_attn.k_proj.bias: copying from a non-meta parameter in the checkpoint to a meta parameter in the current model, which is a no-op. (Did you mean to pass `assign=True` to assign items in the state dictionary to their corresponding key in the module instead of copying them in place?)
  warnings.warn(f'for {key}: copying from a non-meta parameter in the checkpoint to a meta '
/data/takhyun03/anaconda3/envs/lmms_llavavideo/lib/python3.11/site-packages/torch/nn/modules/module.py:2025: UserWarning: for vision_model.encoder.layers.8.self_attn.v_proj.weight: copying from a non-meta parameter in the checkpoint to a meta parameter in the current model, which is a no-op. (Did you mean to pass `assign=True` to assign items in the state dictionary to their corresponding key in the module instead of copying them in place?)
  warnings.warn(f'for {key}: copying from a non-meta parameter in the checkpoint to a meta '
/data/takhyun03/anaconda3/envs/lmms_llavavideo/lib/python3.11/site-packages/torch/nn/modules/module.py:2025: UserWarning: for vision_model.encoder.layers.8.self_attn.v_proj.bias: copying from a non-meta parameter in the checkpoint to a meta parameter in the current model, which is a no-op. (Did you mean to pass `assign=True` to assign items in the state dictionary to their corresponding key in the module instead of copying them in place?)
  warnings.warn(f'for {key}: copying from a non-meta parameter in the checkpoint to a meta '
/data/takhyun03/anaconda3/envs/lmms_llavavideo/lib/python3.11/site-packages/torch/nn/modules/module.py:2025: UserWarning: for vision_model.encoder.layers.8.self_attn.q_proj.weight: copying from a non-meta parameter in the checkpoint to a meta parameter in the current model, which is a no-op. (Did you mean to pass `assign=True` to assign items in the state dictionary to their corresponding key in the module instead of copying them in place?)
  warnings.warn(f'for {key}: copying from a non-meta parameter in the checkpoint to a meta '
/data/takhyun03/anaconda3/envs/lmms_llavavideo/lib/python3.11/site-packages/torch/nn/modules/module.py:2025: UserWarning: for vision_model.encoder.layers.8.self_attn.q_proj.bias: copying from a non-meta parameter in the checkpoint to a meta parameter in the current model, which is a no-op. (Did you mean to pass `assign=True` to assign items in the state dictionary to their corresponding key in the module instead of copying them in place?)
  warnings.warn(f'for {key}: copying from a non-meta parameter in the checkpoint to a meta '
/data/takhyun03/anaconda3/envs/lmms_llavavideo/lib/python3.11/site-packages/torch/nn/modules/module.py:2025: UserWarning: for vision_model.encoder.layers.8.self_attn.out_proj.weight: copying from a non-meta parameter in the checkpoint to a meta parameter in the current model, which is a no-op. (Did you mean to pass `assign=True` to assign items in the state dictionary to their corresponding key in the module instead of copying them in place?)
  warnings.warn(f'for {key}: copying from a non-meta parameter in the checkpoint to a meta '
/data/takhyun03/anaconda3/envs/lmms_llavavideo/lib/python3.11/site-packages/torch/nn/modules/module.py:2025: UserWarning: for vision_model.encoder.layers.8.self_attn.out_proj.bias: copying from a non-meta parameter in the checkpoint to a meta parameter in the current model, which is a no-op. (Did you mean to pass `assign=True` to assign items in the state dictionary to their corresponding key in the module instead of copying them in place?)
  warnings.warn(f'for {key}: copying from a non-meta parameter in the checkpoint to a meta '
/data/takhyun03/anaconda3/envs/lmms_llavavideo/lib/python3.11/site-packages/torch/nn/modules/module.py:2025: UserWarning: for vision_model.encoder.layers.8.layer_norm1.weight: copying from a non-meta parameter in the checkpoint to a meta parameter in the current model, which is a no-op. (Did you mean to pass `assign=True` to assign items in the state dictionary to their corresponding key in the module instead of copying them in place?)
  warnings.warn(f'for {key}: copying from a non-meta parameter in the checkpoint to a meta '
/data/takhyun03/anaconda3/envs/lmms_llavavideo/lib/python3.11/site-packages/torch/nn/modules/module.py:2025: UserWarning: for vision_model.encoder.layers.8.layer_norm1.bias: copying from a non-meta parameter in the checkpoint to a meta parameter in the current model, which is a no-op. (Did you mean to pass `assign=True` to assign items in the state dictionary to their corresponding key in the module instead of copying them in place?)
  warnings.warn(f'for {key}: copying from a non-meta parameter in the checkpoint to a meta '
/data/takhyun03/anaconda3/envs/lmms_llavavideo/lib/python3.11/site-packages/torch/nn/modules/module.py:2025: UserWarning: for vision_model.encoder.layers.8.mlp.fc1.weight: copying from a non-meta parameter in the checkpoint to a meta parameter in the current model, which is a no-op. (Did you mean to pass `assign=True` to assign items in the state dictionary to their corresponding key in the module instead of copying them in place?)
  warnings.warn(f'for {key}: copying from a non-meta parameter in the checkpoint to a meta '
/data/takhyun03/anaconda3/envs/lmms_llavavideo/lib/python3.11/site-packages/torch/nn/modules/module.py:2025: UserWarning: for vision_model.encoder.layers.8.mlp.fc1.bias: copying from a non-meta parameter in the checkpoint to a meta parameter in the current model, which is a no-op. (Did you mean to pass `assign=True` to assign items in the state dictionary to their corresponding key in the module instead of copying them in place?)
  warnings.warn(f'for {key}: copying from a non-meta parameter in the checkpoint to a meta '
/data/takhyun03/anaconda3/envs/lmms_llavavideo/lib/python3.11/site-packages/torch/nn/modules/module.py:2025: UserWarning: for vision_model.encoder.layers.8.mlp.fc2.weight: copying from a non-meta parameter in the checkpoint to a meta parameter in the current model, which is a no-op. (Did you mean to pass `assign=True` to assign items in the state dictionary to their corresponding key in the module instead of copying them in place?)
  warnings.warn(f'for {key}: copying from a non-meta parameter in the checkpoint to a meta '
/data/takhyun03/anaconda3/envs/lmms_llavavideo/lib/python3.11/site-packages/torch/nn/modules/module.py:2025: UserWarning: for vision_model.encoder.layers.8.mlp.fc2.bias: copying from a non-meta parameter in the checkpoint to a meta parameter in the current model, which is a no-op. (Did you mean to pass `assign=True` to assign items in the state dictionary to their corresponding key in the module instead of copying them in place?)
  warnings.warn(f'for {key}: copying from a non-meta parameter in the checkpoint to a meta '
/data/takhyun03/anaconda3/envs/lmms_llavavideo/lib/python3.11/site-packages/torch/nn/modules/module.py:2025: UserWarning: for vision_model.encoder.layers.8.layer_norm2.weight: copying from a non-meta parameter in the checkpoint to a meta parameter in the current model, which is a no-op. (Did you mean to pass `assign=True` to assign items in the state dictionary to their corresponding key in the module instead of copying them in place?)
  warnings.warn(f'for {key}: copying from a non-meta parameter in the checkpoint to a meta '
/data/takhyun03/anaconda3/envs/lmms_llavavideo/lib/python3.11/site-packages/torch/nn/modules/module.py:2025: UserWarning: for vision_model.encoder.layers.8.layer_norm2.bias: copying from a non-meta parameter in the checkpoint to a meta parameter in the current model, which is a no-op. (Did you mean to pass `assign=True` to assign items in the state dictionary to their corresponding key in the module instead of copying them in place?)
  warnings.warn(f'for {key}: copying from a non-meta parameter in the checkpoint to a meta '
/data/takhyun03/anaconda3/envs/lmms_llavavideo/lib/python3.11/site-packages/torch/nn/modules/module.py:2025: UserWarning: for vision_model.encoder.layers.9.self_attn.k_proj.weight: copying from a non-meta parameter in the checkpoint to a meta parameter in the current model, which is a no-op. (Did you mean to pass `assign=True` to assign items in the state dictionary to their corresponding key in the module instead of copying them in place?)
  warnings.warn(f'for {key}: copying from a non-meta parameter in the checkpoint to a meta '
/data/takhyun03/anaconda3/envs/lmms_llavavideo/lib/python3.11/site-packages/torch/nn/modules/module.py:2025: UserWarning: for vision_model.encoder.layers.9.self_attn.k_proj.bias: copying from a non-meta parameter in the checkpoint to a meta parameter in the current model, which is a no-op. (Did you mean to pass `assign=True` to assign items in the state dictionary to their corresponding key in the module instead of copying them in place?)
  warnings.warn(f'for {key}: copying from a non-meta parameter in the checkpoint to a meta '
/data/takhyun03/anaconda3/envs/lmms_llavavideo/lib/python3.11/site-packages/torch/nn/modules/module.py:2025: UserWarning: for vision_model.encoder.layers.9.self_attn.v_proj.weight: copying from a non-meta parameter in the checkpoint to a meta parameter in the current model, which is a no-op. (Did you mean to pass `assign=True` to assign items in the state dictionary to their corresponding key in the module instead of copying them in place?)
  warnings.warn(f'for {key}: copying from a non-meta parameter in the checkpoint to a meta '
/data/takhyun03/anaconda3/envs/lmms_llavavideo/lib/python3.11/site-packages/torch/nn/modules/module.py:2025: UserWarning: for vision_model.encoder.layers.9.self_attn.v_proj.bias: copying from a non-meta parameter in the checkpoint to a meta parameter in the current model, which is a no-op. (Did you mean to pass `assign=True` to assign items in the state dictionary to their corresponding key in the module instead of copying them in place?)
  warnings.warn(f'for {key}: copying from a non-meta parameter in the checkpoint to a meta '
/data/takhyun03/anaconda3/envs/lmms_llavavideo/lib/python3.11/site-packages/torch/nn/modules/module.py:2025: UserWarning: for vision_model.encoder.layers.9.self_attn.q_proj.weight: copying from a non-meta parameter in the checkpoint to a meta parameter in the current model, which is a no-op. (Did you mean to pass `assign=True` to assign items in the state dictionary to their corresponding key in the module instead of copying them in place?)
  warnings.warn(f'for {key}: copying from a non-meta parameter in the checkpoint to a meta '
/data/takhyun03/anaconda3/envs/lmms_llavavideo/lib/python3.11/site-packages/torch/nn/modules/module.py:2025: UserWarning: for vision_model.encoder.layers.9.self_attn.q_proj.bias: copying from a non-meta parameter in the checkpoint to a meta parameter in the current model, which is a no-op. (Did you mean to pass `assign=True` to assign items in the state dictionary to their corresponding key in the module instead of copying them in place?)
  warnings.warn(f'for {key}: copying from a non-meta parameter in the checkpoint to a meta '
/data/takhyun03/anaconda3/envs/lmms_llavavideo/lib/python3.11/site-packages/torch/nn/modules/module.py:2025: UserWarning: for vision_model.encoder.layers.9.self_attn.out_proj.weight: copying from a non-meta parameter in the checkpoint to a meta parameter in the current model, which is a no-op. (Did you mean to pass `assign=True` to assign items in the state dictionary to their corresponding key in the module instead of copying them in place?)
  warnings.warn(f'for {key}: copying from a non-meta parameter in the checkpoint to a meta '
/data/takhyun03/anaconda3/envs/lmms_llavavideo/lib/python3.11/site-packages/torch/nn/modules/module.py:2025: UserWarning: for vision_model.encoder.layers.9.self_attn.out_proj.bias: copying from a non-meta parameter in the checkpoint to a meta parameter in the current model, which is a no-op. (Did you mean to pass `assign=True` to assign items in the state dictionary to their corresponding key in the module instead of copying them in place?)
  warnings.warn(f'for {key}: copying from a non-meta parameter in the checkpoint to a meta '
/data/takhyun03/anaconda3/envs/lmms_llavavideo/lib/python3.11/site-packages/torch/nn/modules/module.py:2025: UserWarning: for vision_model.encoder.layers.9.layer_norm1.weight: copying from a non-meta parameter in the checkpoint to a meta parameter in the current model, which is a no-op. (Did you mean to pass `assign=True` to assign items in the state dictionary to their corresponding key in the module instead of copying them in place?)
  warnings.warn(f'for {key}: copying from a non-meta parameter in the checkpoint to a meta '
/data/takhyun03/anaconda3/envs/lmms_llavavideo/lib/python3.11/site-packages/torch/nn/modules/module.py:2025: UserWarning: for vision_model.encoder.layers.9.layer_norm1.bias: copying from a non-meta parameter in the checkpoint to a meta parameter in the current model, which is a no-op. (Did you mean to pass `assign=True` to assign items in the state dictionary to their corresponding key in the module instead of copying them in place?)
  warnings.warn(f'for {key}: copying from a non-meta parameter in the checkpoint to a meta '
/data/takhyun03/anaconda3/envs/lmms_llavavideo/lib/python3.11/site-packages/torch/nn/modules/module.py:2025: UserWarning: for vision_model.encoder.layers.9.mlp.fc1.weight: copying from a non-meta parameter in the checkpoint to a meta parameter in the current model, which is a no-op. (Did you mean to pass `assign=True` to assign items in the state dictionary to their corresponding key in the module instead of copying them in place?)
  warnings.warn(f'for {key}: copying from a non-meta parameter in the checkpoint to a meta '
/data/takhyun03/anaconda3/envs/lmms_llavavideo/lib/python3.11/site-packages/torch/nn/modules/module.py:2025: UserWarning: for vision_model.encoder.layers.9.mlp.fc1.bias: copying from a non-meta parameter in the checkpoint to a meta parameter in the current model, which is a no-op. (Did you mean to pass `assign=True` to assign items in the state dictionary to their corresponding key in the module instead of copying them in place?)
  warnings.warn(f'for {key}: copying from a non-meta parameter in the checkpoint to a meta '
/data/takhyun03/anaconda3/envs/lmms_llavavideo/lib/python3.11/site-packages/torch/nn/modules/module.py:2025: UserWarning: for vision_model.encoder.layers.9.mlp.fc2.weight: copying from a non-meta parameter in the checkpoint to a meta parameter in the current model, which is a no-op. (Did you mean to pass `assign=True` to assign items in the state dictionary to their corresponding key in the module instead of copying them in place?)
  warnings.warn(f'for {key}: copying from a non-meta parameter in the checkpoint to a meta '
/data/takhyun03/anaconda3/envs/lmms_llavavideo/lib/python3.11/site-packages/torch/nn/modules/module.py:2025: UserWarning: for vision_model.encoder.layers.9.mlp.fc2.bias: copying from a non-meta parameter in the checkpoint to a meta parameter in the current model, which is a no-op. (Did you mean to pass `assign=True` to assign items in the state dictionary to their corresponding key in the module instead of copying them in place?)
  warnings.warn(f'for {key}: copying from a non-meta parameter in the checkpoint to a meta '
/data/takhyun03/anaconda3/envs/lmms_llavavideo/lib/python3.11/site-packages/torch/nn/modules/module.py:2025: UserWarning: for vision_model.encoder.layers.9.layer_norm2.weight: copying from a non-meta parameter in the checkpoint to a meta parameter in the current model, which is a no-op. (Did you mean to pass `assign=True` to assign items in the state dictionary to their corresponding key in the module instead of copying them in place?)
  warnings.warn(f'for {key}: copying from a non-meta parameter in the checkpoint to a meta '
/data/takhyun03/anaconda3/envs/lmms_llavavideo/lib/python3.11/site-packages/torch/nn/modules/module.py:2025: UserWarning: for vision_model.encoder.layers.9.layer_norm2.bias: copying from a non-meta parameter in the checkpoint to a meta parameter in the current model, which is a no-op. (Did you mean to pass `assign=True` to assign items in the state dictionary to their corresponding key in the module instead of copying them in place?)
  warnings.warn(f'for {key}: copying from a non-meta parameter in the checkpoint to a meta '
/data/takhyun03/anaconda3/envs/lmms_llavavideo/lib/python3.11/site-packages/torch/nn/modules/module.py:2025: UserWarning: for vision_model.encoder.layers.10.self_attn.k_proj.weight: copying from a non-meta parameter in the checkpoint to a meta parameter in the current model, which is a no-op. (Did you mean to pass `assign=True` to assign items in the state dictionary to their corresponding key in the module instead of copying them in place?)
  warnings.warn(f'for {key}: copying from a non-meta parameter in the checkpoint to a meta '
/data/takhyun03/anaconda3/envs/lmms_llavavideo/lib/python3.11/site-packages/torch/nn/modules/module.py:2025: UserWarning: for vision_model.encoder.layers.10.self_attn.k_proj.bias: copying from a non-meta parameter in the checkpoint to a meta parameter in the current model, which is a no-op. (Did you mean to pass `assign=True` to assign items in the state dictionary to their corresponding key in the module instead of copying them in place?)
  warnings.warn(f'for {key}: copying from a non-meta parameter in the checkpoint to a meta '
/data/takhyun03/anaconda3/envs/lmms_llavavideo/lib/python3.11/site-packages/torch/nn/modules/module.py:2025: UserWarning: for vision_model.encoder.layers.10.self_attn.v_proj.weight: copying from a non-meta parameter in the checkpoint to a meta parameter in the current model, which is a no-op. (Did you mean to pass `assign=True` to assign items in the state dictionary to their corresponding key in the module instead of copying them in place?)
  warnings.warn(f'for {key}: copying from a non-meta parameter in the checkpoint to a meta '
/data/takhyun03/anaconda3/envs/lmms_llavavideo/lib/python3.11/site-packages/torch/nn/modules/module.py:2025: UserWarning: for vision_model.encoder.layers.10.self_attn.v_proj.bias: copying from a non-meta parameter in the checkpoint to a meta parameter in the current model, which is a no-op. (Did you mean to pass `assign=True` to assign items in the state dictionary to their corresponding key in the module instead of copying them in place?)
  warnings.warn(f'for {key}: copying from a non-meta parameter in the checkpoint to a meta '
/data/takhyun03/anaconda3/envs/lmms_llavavideo/lib/python3.11/site-packages/torch/nn/modules/module.py:2025: UserWarning: for vision_model.encoder.layers.10.self_attn.q_proj.weight: copying from a non-meta parameter in the checkpoint to a meta parameter in the current model, which is a no-op. (Did you mean to pass `assign=True` to assign items in the state dictionary to their corresponding key in the module instead of copying them in place?)
  warnings.warn(f'for {key}: copying from a non-meta parameter in the checkpoint to a meta '
/data/takhyun03/anaconda3/envs/lmms_llavavideo/lib/python3.11/site-packages/torch/nn/modules/module.py:2025: UserWarning: for vision_model.encoder.layers.10.self_attn.q_proj.bias: copying from a non-meta parameter in the checkpoint to a meta parameter in the current model, which is a no-op. (Did you mean to pass `assign=True` to assign items in the state dictionary to their corresponding key in the module instead of copying them in place?)
  warnings.warn(f'for {key}: copying from a non-meta parameter in the checkpoint to a meta '
/data/takhyun03/anaconda3/envs/lmms_llavavideo/lib/python3.11/site-packages/torch/nn/modules/module.py:2025: UserWarning: for vision_model.encoder.layers.10.self_attn.out_proj.weight: copying from a non-meta parameter in the checkpoint to a meta parameter in the current model, which is a no-op. (Did you mean to pass `assign=True` to assign items in the state dictionary to their corresponding key in the module instead of copying them in place?)
  warnings.warn(f'for {key}: copying from a non-meta parameter in the checkpoint to a meta '
/data/takhyun03/anaconda3/envs/lmms_llavavideo/lib/python3.11/site-packages/torch/nn/modules/module.py:2025: UserWarning: for vision_model.encoder.layers.10.self_attn.out_proj.bias: copying from a non-meta parameter in the checkpoint to a meta parameter in the current model, which is a no-op. (Did you mean to pass `assign=True` to assign items in the state dictionary to their corresponding key in the module instead of copying them in place?)
  warnings.warn(f'for {key}: copying from a non-meta parameter in the checkpoint to a meta '
/data/takhyun03/anaconda3/envs/lmms_llavavideo/lib/python3.11/site-packages/torch/nn/modules/module.py:2025: UserWarning: for vision_model.encoder.layers.10.layer_norm1.weight: copying from a non-meta parameter in the checkpoint to a meta parameter in the current model, which is a no-op. (Did you mean to pass `assign=True` to assign items in the state dictionary to their corresponding key in the module instead of copying them in place?)
  warnings.warn(f'for {key}: copying from a non-meta parameter in the checkpoint to a meta '
/data/takhyun03/anaconda3/envs/lmms_llavavideo/lib/python3.11/site-packages/torch/nn/modules/module.py:2025: UserWarning: for vision_model.encoder.layers.10.layer_norm1.bias: copying from a non-meta parameter in the checkpoint to a meta parameter in the current model, which is a no-op. (Did you mean to pass `assign=True` to assign items in the state dictionary to their corresponding key in the module instead of copying them in place?)
  warnings.warn(f'for {key}: copying from a non-meta parameter in the checkpoint to a meta '
/data/takhyun03/anaconda3/envs/lmms_llavavideo/lib/python3.11/site-packages/torch/nn/modules/module.py:2025: UserWarning: for vision_model.encoder.layers.10.mlp.fc1.weight: copying from a non-meta parameter in the checkpoint to a meta parameter in the current model, which is a no-op. (Did you mean to pass `assign=True` to assign items in the state dictionary to their corresponding key in the module instead of copying them in place?)
  warnings.warn(f'for {key}: copying from a non-meta parameter in the checkpoint to a meta '
/data/takhyun03/anaconda3/envs/lmms_llavavideo/lib/python3.11/site-packages/torch/nn/modules/module.py:2025: UserWarning: for vision_model.encoder.layers.10.mlp.fc1.bias: copying from a non-meta parameter in the checkpoint to a meta parameter in the current model, which is a no-op. (Did you mean to pass `assign=True` to assign items in the state dictionary to their corresponding key in the module instead of copying them in place?)
  warnings.warn(f'for {key}: copying from a non-meta parameter in the checkpoint to a meta '
/data/takhyun03/anaconda3/envs/lmms_llavavideo/lib/python3.11/site-packages/torch/nn/modules/module.py:2025: UserWarning: for vision_model.encoder.layers.10.mlp.fc2.weight: copying from a non-meta parameter in the checkpoint to a meta parameter in the current model, which is a no-op. (Did you mean to pass `assign=True` to assign items in the state dictionary to their corresponding key in the module instead of copying them in place?)
  warnings.warn(f'for {key}: copying from a non-meta parameter in the checkpoint to a meta '
/data/takhyun03/anaconda3/envs/lmms_llavavideo/lib/python3.11/site-packages/torch/nn/modules/module.py:2025: UserWarning: for vision_model.encoder.layers.10.mlp.fc2.bias: copying from a non-meta parameter in the checkpoint to a meta parameter in the current model, which is a no-op. (Did you mean to pass `assign=True` to assign items in the state dictionary to their corresponding key in the module instead of copying them in place?)
  warnings.warn(f'for {key}: copying from a non-meta parameter in the checkpoint to a meta '
/data/takhyun03/anaconda3/envs/lmms_llavavideo/lib/python3.11/site-packages/torch/nn/modules/module.py:2025: UserWarning: for vision_model.encoder.layers.10.layer_norm2.weight: copying from a non-meta parameter in the checkpoint to a meta parameter in the current model, which is a no-op. (Did you mean to pass `assign=True` to assign items in the state dictionary to their corresponding key in the module instead of copying them in place?)
  warnings.warn(f'for {key}: copying from a non-meta parameter in the checkpoint to a meta '
/data/takhyun03/anaconda3/envs/lmms_llavavideo/lib/python3.11/site-packages/torch/nn/modules/module.py:2025: UserWarning: for vision_model.encoder.layers.10.layer_norm2.bias: copying from a non-meta parameter in the checkpoint to a meta parameter in the current model, which is a no-op. (Did you mean to pass `assign=True` to assign items in the state dictionary to their corresponding key in the module instead of copying them in place?)
  warnings.warn(f'for {key}: copying from a non-meta parameter in the checkpoint to a meta '
/data/takhyun03/anaconda3/envs/lmms_llavavideo/lib/python3.11/site-packages/torch/nn/modules/module.py:2025: UserWarning: for vision_model.encoder.layers.11.self_attn.k_proj.weight: copying from a non-meta parameter in the checkpoint to a meta parameter in the current model, which is a no-op. (Did you mean to pass `assign=True` to assign items in the state dictionary to their corresponding key in the module instead of copying them in place?)
  warnings.warn(f'for {key}: copying from a non-meta parameter in the checkpoint to a meta '
/data/takhyun03/anaconda3/envs/lmms_llavavideo/lib/python3.11/site-packages/torch/nn/modules/module.py:2025: UserWarning: for vision_model.encoder.layers.11.self_attn.k_proj.bias: copying from a non-meta parameter in the checkpoint to a meta parameter in the current model, which is a no-op. (Did you mean to pass `assign=True` to assign items in the state dictionary to their corresponding key in the module instead of copying them in place?)
  warnings.warn(f'for {key}: copying from a non-meta parameter in the checkpoint to a meta '
/data/takhyun03/anaconda3/envs/lmms_llavavideo/lib/python3.11/site-packages/torch/nn/modules/module.py:2025: UserWarning: for vision_model.encoder.layers.11.self_attn.v_proj.weight: copying from a non-meta parameter in the checkpoint to a meta parameter in the current model, which is a no-op. (Did you mean to pass `assign=True` to assign items in the state dictionary to their corresponding key in the module instead of copying them in place?)
  warnings.warn(f'for {key}: copying from a non-meta parameter in the checkpoint to a meta '
/data/takhyun03/anaconda3/envs/lmms_llavavideo/lib/python3.11/site-packages/torch/nn/modules/module.py:2025: UserWarning: for vision_model.encoder.layers.11.self_attn.v_proj.bias: copying from a non-meta parameter in the checkpoint to a meta parameter in the current model, which is a no-op. (Did you mean to pass `assign=True` to assign items in the state dictionary to their corresponding key in the module instead of copying them in place?)
  warnings.warn(f'for {key}: copying from a non-meta parameter in the checkpoint to a meta '
/data/takhyun03/anaconda3/envs/lmms_llavavideo/lib/python3.11/site-packages/torch/nn/modules/module.py:2025: UserWarning: for vision_model.encoder.layers.11.self_attn.q_proj.weight: copying from a non-meta parameter in the checkpoint to a meta parameter in the current model, which is a no-op. (Did you mean to pass `assign=True` to assign items in the state dictionary to their corresponding key in the module instead of copying them in place?)
  warnings.warn(f'for {key}: copying from a non-meta parameter in the checkpoint to a meta '
/data/takhyun03/anaconda3/envs/lmms_llavavideo/lib/python3.11/site-packages/torch/nn/modules/module.py:2025: UserWarning: for vision_model.encoder.layers.11.self_attn.q_proj.bias: copying from a non-meta parameter in the checkpoint to a meta parameter in the current model, which is a no-op. (Did you mean to pass `assign=True` to assign items in the state dictionary to their corresponding key in the module instead of copying them in place?)
  warnings.warn(f'for {key}: copying from a non-meta parameter in the checkpoint to a meta '
/data/takhyun03/anaconda3/envs/lmms_llavavideo/lib/python3.11/site-packages/torch/nn/modules/module.py:2025: UserWarning: for vision_model.encoder.layers.11.self_attn.out_proj.weight: copying from a non-meta parameter in the checkpoint to a meta parameter in the current model, which is a no-op. (Did you mean to pass `assign=True` to assign items in the state dictionary to their corresponding key in the module instead of copying them in place?)
  warnings.warn(f'for {key}: copying from a non-meta parameter in the checkpoint to a meta '
/data/takhyun03/anaconda3/envs/lmms_llavavideo/lib/python3.11/site-packages/torch/nn/modules/module.py:2025: UserWarning: for vision_model.encoder.layers.11.self_attn.out_proj.bias: copying from a non-meta parameter in the checkpoint to a meta parameter in the current model, which is a no-op. (Did you mean to pass `assign=True` to assign items in the state dictionary to their corresponding key in the module instead of copying them in place?)
  warnings.warn(f'for {key}: copying from a non-meta parameter in the checkpoint to a meta '
/data/takhyun03/anaconda3/envs/lmms_llavavideo/lib/python3.11/site-packages/torch/nn/modules/module.py:2025: UserWarning: for vision_model.encoder.layers.11.layer_norm1.weight: copying from a non-meta parameter in the checkpoint to a meta parameter in the current model, which is a no-op. (Did you mean to pass `assign=True` to assign items in the state dictionary to their corresponding key in the module instead of copying them in place?)
  warnings.warn(f'for {key}: copying from a non-meta parameter in the checkpoint to a meta '
/data/takhyun03/anaconda3/envs/lmms_llavavideo/lib/python3.11/site-packages/torch/nn/modules/module.py:2025: UserWarning: for vision_model.encoder.layers.11.layer_norm1.bias: copying from a non-meta parameter in the checkpoint to a meta parameter in the current model, which is a no-op. (Did you mean to pass `assign=True` to assign items in the state dictionary to their corresponding key in the module instead of copying them in place?)
  warnings.warn(f'for {key}: copying from a non-meta parameter in the checkpoint to a meta '
/data/takhyun03/anaconda3/envs/lmms_llavavideo/lib/python3.11/site-packages/torch/nn/modules/module.py:2025: UserWarning: for vision_model.encoder.layers.11.mlp.fc1.weight: copying from a non-meta parameter in the checkpoint to a meta parameter in the current model, which is a no-op. (Did you mean to pass `assign=True` to assign items in the state dictionary to their corresponding key in the module instead of copying them in place?)
  warnings.warn(f'for {key}: copying from a non-meta parameter in the checkpoint to a meta '
/data/takhyun03/anaconda3/envs/lmms_llavavideo/lib/python3.11/site-packages/torch/nn/modules/module.py:2025: UserWarning: for vision_model.encoder.layers.11.mlp.fc1.bias: copying from a non-meta parameter in the checkpoint to a meta parameter in the current model, which is a no-op. (Did you mean to pass `assign=True` to assign items in the state dictionary to their corresponding key in the module instead of copying them in place?)
  warnings.warn(f'for {key}: copying from a non-meta parameter in the checkpoint to a meta '
/data/takhyun03/anaconda3/envs/lmms_llavavideo/lib/python3.11/site-packages/torch/nn/modules/module.py:2025: UserWarning: for vision_model.encoder.layers.11.mlp.fc2.weight: copying from a non-meta parameter in the checkpoint to a meta parameter in the current model, which is a no-op. (Did you mean to pass `assign=True` to assign items in the state dictionary to their corresponding key in the module instead of copying them in place?)
  warnings.warn(f'for {key}: copying from a non-meta parameter in the checkpoint to a meta '
/data/takhyun03/anaconda3/envs/lmms_llavavideo/lib/python3.11/site-packages/torch/nn/modules/module.py:2025: UserWarning: for vision_model.encoder.layers.11.mlp.fc2.bias: copying from a non-meta parameter in the checkpoint to a meta parameter in the current model, which is a no-op. (Did you mean to pass `assign=True` to assign items in the state dictionary to their corresponding key in the module instead of copying them in place?)
  warnings.warn(f'for {key}: copying from a non-meta parameter in the checkpoint to a meta '
/data/takhyun03/anaconda3/envs/lmms_llavavideo/lib/python3.11/site-packages/torch/nn/modules/module.py:2025: UserWarning: for vision_model.encoder.layers.11.layer_norm2.weight: copying from a non-meta parameter in the checkpoint to a meta parameter in the current model, which is a no-op. (Did you mean to pass `assign=True` to assign items in the state dictionary to their corresponding key in the module instead of copying them in place?)
  warnings.warn(f'for {key}: copying from a non-meta parameter in the checkpoint to a meta '
/data/takhyun03/anaconda3/envs/lmms_llavavideo/lib/python3.11/site-packages/torch/nn/modules/module.py:2025: UserWarning: for vision_model.encoder.layers.11.layer_norm2.bias: copying from a non-meta parameter in the checkpoint to a meta parameter in the current model, which is a no-op. (Did you mean to pass `assign=True` to assign items in the state dictionary to their corresponding key in the module instead of copying them in place?)
  warnings.warn(f'for {key}: copying from a non-meta parameter in the checkpoint to a meta '
/data/takhyun03/anaconda3/envs/lmms_llavavideo/lib/python3.11/site-packages/torch/nn/modules/module.py:2025: UserWarning: for vision_model.encoder.layers.12.self_attn.k_proj.weight: copying from a non-meta parameter in the checkpoint to a meta parameter in the current model, which is a no-op. (Did you mean to pass `assign=True` to assign items in the state dictionary to their corresponding key in the module instead of copying them in place?)
  warnings.warn(f'for {key}: copying from a non-meta parameter in the checkpoint to a meta '
/data/takhyun03/anaconda3/envs/lmms_llavavideo/lib/python3.11/site-packages/torch/nn/modules/module.py:2025: UserWarning: for vision_model.encoder.layers.12.self_attn.k_proj.bias: copying from a non-meta parameter in the checkpoint to a meta parameter in the current model, which is a no-op. (Did you mean to pass `assign=True` to assign items in the state dictionary to their corresponding key in the module instead of copying them in place?)
  warnings.warn(f'for {key}: copying from a non-meta parameter in the checkpoint to a meta '
/data/takhyun03/anaconda3/envs/lmms_llavavideo/lib/python3.11/site-packages/torch/nn/modules/module.py:2025: UserWarning: for vision_model.encoder.layers.12.self_attn.v_proj.weight: copying from a non-meta parameter in the checkpoint to a meta parameter in the current model, which is a no-op. (Did you mean to pass `assign=True` to assign items in the state dictionary to their corresponding key in the module instead of copying them in place?)
  warnings.warn(f'for {key}: copying from a non-meta parameter in the checkpoint to a meta '
/data/takhyun03/anaconda3/envs/lmms_llavavideo/lib/python3.11/site-packages/torch/nn/modules/module.py:2025: UserWarning: for vision_model.encoder.layers.12.self_attn.v_proj.bias: copying from a non-meta parameter in the checkpoint to a meta parameter in the current model, which is a no-op. (Did you mean to pass `assign=True` to assign items in the state dictionary to their corresponding key in the module instead of copying them in place?)
  warnings.warn(f'for {key}: copying from a non-meta parameter in the checkpoint to a meta '
/data/takhyun03/anaconda3/envs/lmms_llavavideo/lib/python3.11/site-packages/torch/nn/modules/module.py:2025: UserWarning: for vision_model.encoder.layers.12.self_attn.q_proj.weight: copying from a non-meta parameter in the checkpoint to a meta parameter in the current model, which is a no-op. (Did you mean to pass `assign=True` to assign items in the state dictionary to their corresponding key in the module instead of copying them in place?)
  warnings.warn(f'for {key}: copying from a non-meta parameter in the checkpoint to a meta '
/data/takhyun03/anaconda3/envs/lmms_llavavideo/lib/python3.11/site-packages/torch/nn/modules/module.py:2025: UserWarning: for vision_model.encoder.layers.12.self_attn.q_proj.bias: copying from a non-meta parameter in the checkpoint to a meta parameter in the current model, which is a no-op. (Did you mean to pass `assign=True` to assign items in the state dictionary to their corresponding key in the module instead of copying them in place?)
  warnings.warn(f'for {key}: copying from a non-meta parameter in the checkpoint to a meta '
/data/takhyun03/anaconda3/envs/lmms_llavavideo/lib/python3.11/site-packages/torch/nn/modules/module.py:2025: UserWarning: for vision_model.encoder.layers.12.self_attn.out_proj.weight: copying from a non-meta parameter in the checkpoint to a meta parameter in the current model, which is a no-op. (Did you mean to pass `assign=True` to assign items in the state dictionary to their corresponding key in the module instead of copying them in place?)
  warnings.warn(f'for {key}: copying from a non-meta parameter in the checkpoint to a meta '
/data/takhyun03/anaconda3/envs/lmms_llavavideo/lib/python3.11/site-packages/torch/nn/modules/module.py:2025: UserWarning: for vision_model.encoder.layers.12.self_attn.out_proj.bias: copying from a non-meta parameter in the checkpoint to a meta parameter in the current model, which is a no-op. (Did you mean to pass `assign=True` to assign items in the state dictionary to their corresponding key in the module instead of copying them in place?)
  warnings.warn(f'for {key}: copying from a non-meta parameter in the checkpoint to a meta '
/data/takhyun03/anaconda3/envs/lmms_llavavideo/lib/python3.11/site-packages/torch/nn/modules/module.py:2025: UserWarning: for vision_model.encoder.layers.12.layer_norm1.weight: copying from a non-meta parameter in the checkpoint to a meta parameter in the current model, which is a no-op. (Did you mean to pass `assign=True` to assign items in the state dictionary to their corresponding key in the module instead of copying them in place?)
  warnings.warn(f'for {key}: copying from a non-meta parameter in the checkpoint to a meta '
/data/takhyun03/anaconda3/envs/lmms_llavavideo/lib/python3.11/site-packages/torch/nn/modules/module.py:2025: UserWarning: for vision_model.encoder.layers.12.layer_norm1.bias: copying from a non-meta parameter in the checkpoint to a meta parameter in the current model, which is a no-op. (Did you mean to pass `assign=True` to assign items in the state dictionary to their corresponding key in the module instead of copying them in place?)
  warnings.warn(f'for {key}: copying from a non-meta parameter in the checkpoint to a meta '
/data/takhyun03/anaconda3/envs/lmms_llavavideo/lib/python3.11/site-packages/torch/nn/modules/module.py:2025: UserWarning: for vision_model.encoder.layers.12.mlp.fc1.weight: copying from a non-meta parameter in the checkpoint to a meta parameter in the current model, which is a no-op. (Did you mean to pass `assign=True` to assign items in the state dictionary to their corresponding key in the module instead of copying them in place?)
  warnings.warn(f'for {key}: copying from a non-meta parameter in the checkpoint to a meta '
/data/takhyun03/anaconda3/envs/lmms_llavavideo/lib/python3.11/site-packages/torch/nn/modules/module.py:2025: UserWarning: for vision_model.encoder.layers.12.mlp.fc1.bias: copying from a non-meta parameter in the checkpoint to a meta parameter in the current model, which is a no-op. (Did you mean to pass `assign=True` to assign items in the state dictionary to their corresponding key in the module instead of copying them in place?)
  warnings.warn(f'for {key}: copying from a non-meta parameter in the checkpoint to a meta '
/data/takhyun03/anaconda3/envs/lmms_llavavideo/lib/python3.11/site-packages/torch/nn/modules/module.py:2025: UserWarning: for vision_model.encoder.layers.12.mlp.fc2.weight: copying from a non-meta parameter in the checkpoint to a meta parameter in the current model, which is a no-op. (Did you mean to pass `assign=True` to assign items in the state dictionary to their corresponding key in the module instead of copying them in place?)
  warnings.warn(f'for {key}: copying from a non-meta parameter in the checkpoint to a meta '
/data/takhyun03/anaconda3/envs/lmms_llavavideo/lib/python3.11/site-packages/torch/nn/modules/module.py:2025: UserWarning: for vision_model.encoder.layers.12.mlp.fc2.bias: copying from a non-meta parameter in the checkpoint to a meta parameter in the current model, which is a no-op. (Did you mean to pass `assign=True` to assign items in the state dictionary to their corresponding key in the module instead of copying them in place?)
  warnings.warn(f'for {key}: copying from a non-meta parameter in the checkpoint to a meta '
/data/takhyun03/anaconda3/envs/lmms_llavavideo/lib/python3.11/site-packages/torch/nn/modules/module.py:2025: UserWarning: for vision_model.encoder.layers.12.layer_norm2.weight: copying from a non-meta parameter in the checkpoint to a meta parameter in the current model, which is a no-op. (Did you mean to pass `assign=True` to assign items in the state dictionary to their corresponding key in the module instead of copying them in place?)
  warnings.warn(f'for {key}: copying from a non-meta parameter in the checkpoint to a meta '
/data/takhyun03/anaconda3/envs/lmms_llavavideo/lib/python3.11/site-packages/torch/nn/modules/module.py:2025: UserWarning: for vision_model.encoder.layers.12.layer_norm2.bias: copying from a non-meta parameter in the checkpoint to a meta parameter in the current model, which is a no-op. (Did you mean to pass `assign=True` to assign items in the state dictionary to their corresponding key in the module instead of copying them in place?)
  warnings.warn(f'for {key}: copying from a non-meta parameter in the checkpoint to a meta '
/data/takhyun03/anaconda3/envs/lmms_llavavideo/lib/python3.11/site-packages/torch/nn/modules/module.py:2025: UserWarning: for vision_model.encoder.layers.13.self_attn.k_proj.weight: copying from a non-meta parameter in the checkpoint to a meta parameter in the current model, which is a no-op. (Did you mean to pass `assign=True` to assign items in the state dictionary to their corresponding key in the module instead of copying them in place?)
  warnings.warn(f'for {key}: copying from a non-meta parameter in the checkpoint to a meta '
/data/takhyun03/anaconda3/envs/lmms_llavavideo/lib/python3.11/site-packages/torch/nn/modules/module.py:2025: UserWarning: for vision_model.encoder.layers.13.self_attn.k_proj.bias: copying from a non-meta parameter in the checkpoint to a meta parameter in the current model, which is a no-op. (Did you mean to pass `assign=True` to assign items in the state dictionary to their corresponding key in the module instead of copying them in place?)
  warnings.warn(f'for {key}: copying from a non-meta parameter in the checkpoint to a meta '
/data/takhyun03/anaconda3/envs/lmms_llavavideo/lib/python3.11/site-packages/torch/nn/modules/module.py:2025: UserWarning: for vision_model.encoder.layers.13.self_attn.v_proj.weight: copying from a non-meta parameter in the checkpoint to a meta parameter in the current model, which is a no-op. (Did you mean to pass `assign=True` to assign items in the state dictionary to their corresponding key in the module instead of copying them in place?)
  warnings.warn(f'for {key}: copying from a non-meta parameter in the checkpoint to a meta '
/data/takhyun03/anaconda3/envs/lmms_llavavideo/lib/python3.11/site-packages/torch/nn/modules/module.py:2025: UserWarning: for vision_model.encoder.layers.13.self_attn.v_proj.bias: copying from a non-meta parameter in the checkpoint to a meta parameter in the current model, which is a no-op. (Did you mean to pass `assign=True` to assign items in the state dictionary to their corresponding key in the module instead of copying them in place?)
  warnings.warn(f'for {key}: copying from a non-meta parameter in the checkpoint to a meta '
/data/takhyun03/anaconda3/envs/lmms_llavavideo/lib/python3.11/site-packages/torch/nn/modules/module.py:2025: UserWarning: for vision_model.encoder.layers.13.self_attn.q_proj.weight: copying from a non-meta parameter in the checkpoint to a meta parameter in the current model, which is a no-op. (Did you mean to pass `assign=True` to assign items in the state dictionary to their corresponding key in the module instead of copying them in place?)
  warnings.warn(f'for {key}: copying from a non-meta parameter in the checkpoint to a meta '
/data/takhyun03/anaconda3/envs/lmms_llavavideo/lib/python3.11/site-packages/torch/nn/modules/module.py:2025: UserWarning: for vision_model.encoder.layers.13.self_attn.q_proj.bias: copying from a non-meta parameter in the checkpoint to a meta parameter in the current model, which is a no-op. (Did you mean to pass `assign=True` to assign items in the state dictionary to their corresponding key in the module instead of copying them in place?)
  warnings.warn(f'for {key}: copying from a non-meta parameter in the checkpoint to a meta '
/data/takhyun03/anaconda3/envs/lmms_llavavideo/lib/python3.11/site-packages/torch/nn/modules/module.py:2025: UserWarning: for vision_model.encoder.layers.13.self_attn.out_proj.weight: copying from a non-meta parameter in the checkpoint to a meta parameter in the current model, which is a no-op. (Did you mean to pass `assign=True` to assign items in the state dictionary to their corresponding key in the module instead of copying them in place?)
  warnings.warn(f'for {key}: copying from a non-meta parameter in the checkpoint to a meta '
/data/takhyun03/anaconda3/envs/lmms_llavavideo/lib/python3.11/site-packages/torch/nn/modules/module.py:2025: UserWarning: for vision_model.encoder.layers.13.self_attn.out_proj.bias: copying from a non-meta parameter in the checkpoint to a meta parameter in the current model, which is a no-op. (Did you mean to pass `assign=True` to assign items in the state dictionary to their corresponding key in the module instead of copying them in place?)
  warnings.warn(f'for {key}: copying from a non-meta parameter in the checkpoint to a meta '
/data/takhyun03/anaconda3/envs/lmms_llavavideo/lib/python3.11/site-packages/torch/nn/modules/module.py:2025: UserWarning: for vision_model.encoder.layers.13.layer_norm1.weight: copying from a non-meta parameter in the checkpoint to a meta parameter in the current model, which is a no-op. (Did you mean to pass `assign=True` to assign items in the state dictionary to their corresponding key in the module instead of copying them in place?)
  warnings.warn(f'for {key}: copying from a non-meta parameter in the checkpoint to a meta '
/data/takhyun03/anaconda3/envs/lmms_llavavideo/lib/python3.11/site-packages/torch/nn/modules/module.py:2025: UserWarning: for vision_model.encoder.layers.13.layer_norm1.bias: copying from a non-meta parameter in the checkpoint to a meta parameter in the current model, which is a no-op. (Did you mean to pass `assign=True` to assign items in the state dictionary to their corresponding key in the module instead of copying them in place?)
  warnings.warn(f'for {key}: copying from a non-meta parameter in the checkpoint to a meta '
/data/takhyun03/anaconda3/envs/lmms_llavavideo/lib/python3.11/site-packages/torch/nn/modules/module.py:2025: UserWarning: for vision_model.encoder.layers.13.mlp.fc1.weight: copying from a non-meta parameter in the checkpoint to a meta parameter in the current model, which is a no-op. (Did you mean to pass `assign=True` to assign items in the state dictionary to their corresponding key in the module instead of copying them in place?)
  warnings.warn(f'for {key}: copying from a non-meta parameter in the checkpoint to a meta '
/data/takhyun03/anaconda3/envs/lmms_llavavideo/lib/python3.11/site-packages/torch/nn/modules/module.py:2025: UserWarning: for vision_model.encoder.layers.13.mlp.fc1.bias: copying from a non-meta parameter in the checkpoint to a meta parameter in the current model, which is a no-op. (Did you mean to pass `assign=True` to assign items in the state dictionary to their corresponding key in the module instead of copying them in place?)
  warnings.warn(f'for {key}: copying from a non-meta parameter in the checkpoint to a meta '
/data/takhyun03/anaconda3/envs/lmms_llavavideo/lib/python3.11/site-packages/torch/nn/modules/module.py:2025: UserWarning: for vision_model.encoder.layers.13.mlp.fc2.weight: copying from a non-meta parameter in the checkpoint to a meta parameter in the current model, which is a no-op. (Did you mean to pass `assign=True` to assign items in the state dictionary to their corresponding key in the module instead of copying them in place?)
  warnings.warn(f'for {key}: copying from a non-meta parameter in the checkpoint to a meta '
/data/takhyun03/anaconda3/envs/lmms_llavavideo/lib/python3.11/site-packages/torch/nn/modules/module.py:2025: UserWarning: for vision_model.encoder.layers.13.mlp.fc2.bias: copying from a non-meta parameter in the checkpoint to a meta parameter in the current model, which is a no-op. (Did you mean to pass `assign=True` to assign items in the state dictionary to their corresponding key in the module instead of copying them in place?)
  warnings.warn(f'for {key}: copying from a non-meta parameter in the checkpoint to a meta '
/data/takhyun03/anaconda3/envs/lmms_llavavideo/lib/python3.11/site-packages/torch/nn/modules/module.py:2025: UserWarning: for vision_model.encoder.layers.13.layer_norm2.weight: copying from a non-meta parameter in the checkpoint to a meta parameter in the current model, which is a no-op. (Did you mean to pass `assign=True` to assign items in the state dictionary to their corresponding key in the module instead of copying them in place?)
  warnings.warn(f'for {key}: copying from a non-meta parameter in the checkpoint to a meta '
/data/takhyun03/anaconda3/envs/lmms_llavavideo/lib/python3.11/site-packages/torch/nn/modules/module.py:2025: UserWarning: for vision_model.encoder.layers.13.layer_norm2.bias: copying from a non-meta parameter in the checkpoint to a meta parameter in the current model, which is a no-op. (Did you mean to pass `assign=True` to assign items in the state dictionary to their corresponding key in the module instead of copying them in place?)
  warnings.warn(f'for {key}: copying from a non-meta parameter in the checkpoint to a meta '
/data/takhyun03/anaconda3/envs/lmms_llavavideo/lib/python3.11/site-packages/torch/nn/modules/module.py:2025: UserWarning: for vision_model.encoder.layers.14.self_attn.k_proj.weight: copying from a non-meta parameter in the checkpoint to a meta parameter in the current model, which is a no-op. (Did you mean to pass `assign=True` to assign items in the state dictionary to their corresponding key in the module instead of copying them in place?)
  warnings.warn(f'for {key}: copying from a non-meta parameter in the checkpoint to a meta '
/data/takhyun03/anaconda3/envs/lmms_llavavideo/lib/python3.11/site-packages/torch/nn/modules/module.py:2025: UserWarning: for vision_model.encoder.layers.14.self_attn.k_proj.bias: copying from a non-meta parameter in the checkpoint to a meta parameter in the current model, which is a no-op. (Did you mean to pass `assign=True` to assign items in the state dictionary to their corresponding key in the module instead of copying them in place?)
  warnings.warn(f'for {key}: copying from a non-meta parameter in the checkpoint to a meta '
/data/takhyun03/anaconda3/envs/lmms_llavavideo/lib/python3.11/site-packages/torch/nn/modules/module.py:2025: UserWarning: for vision_model.encoder.layers.14.self_attn.v_proj.weight: copying from a non-meta parameter in the checkpoint to a meta parameter in the current model, which is a no-op. (Did you mean to pass `assign=True` to assign items in the state dictionary to their corresponding key in the module instead of copying them in place?)
  warnings.warn(f'for {key}: copying from a non-meta parameter in the checkpoint to a meta '
/data/takhyun03/anaconda3/envs/lmms_llavavideo/lib/python3.11/site-packages/torch/nn/modules/module.py:2025: UserWarning: for vision_model.encoder.layers.14.self_attn.v_proj.bias: copying from a non-meta parameter in the checkpoint to a meta parameter in the current model, which is a no-op. (Did you mean to pass `assign=True` to assign items in the state dictionary to their corresponding key in the module instead of copying them in place?)
  warnings.warn(f'for {key}: copying from a non-meta parameter in the checkpoint to a meta '
/data/takhyun03/anaconda3/envs/lmms_llavavideo/lib/python3.11/site-packages/torch/nn/modules/module.py:2025: UserWarning: for vision_model.encoder.layers.14.self_attn.q_proj.weight: copying from a non-meta parameter in the checkpoint to a meta parameter in the current model, which is a no-op. (Did you mean to pass `assign=True` to assign items in the state dictionary to their corresponding key in the module instead of copying them in place?)
  warnings.warn(f'for {key}: copying from a non-meta parameter in the checkpoint to a meta '
/data/takhyun03/anaconda3/envs/lmms_llavavideo/lib/python3.11/site-packages/torch/nn/modules/module.py:2025: UserWarning: for vision_model.encoder.layers.14.self_attn.q_proj.bias: copying from a non-meta parameter in the checkpoint to a meta parameter in the current model, which is a no-op. (Did you mean to pass `assign=True` to assign items in the state dictionary to their corresponding key in the module instead of copying them in place?)
  warnings.warn(f'for {key}: copying from a non-meta parameter in the checkpoint to a meta '
/data/takhyun03/anaconda3/envs/lmms_llavavideo/lib/python3.11/site-packages/torch/nn/modules/module.py:2025: UserWarning: for vision_model.encoder.layers.14.self_attn.out_proj.weight: copying from a non-meta parameter in the checkpoint to a meta parameter in the current model, which is a no-op. (Did you mean to pass `assign=True` to assign items in the state dictionary to their corresponding key in the module instead of copying them in place?)
  warnings.warn(f'for {key}: copying from a non-meta parameter in the checkpoint to a meta '
/data/takhyun03/anaconda3/envs/lmms_llavavideo/lib/python3.11/site-packages/torch/nn/modules/module.py:2025: UserWarning: for vision_model.encoder.layers.14.self_attn.out_proj.bias: copying from a non-meta parameter in the checkpoint to a meta parameter in the current model, which is a no-op. (Did you mean to pass `assign=True` to assign items in the state dictionary to their corresponding key in the module instead of copying them in place?)
  warnings.warn(f'for {key}: copying from a non-meta parameter in the checkpoint to a meta '
/data/takhyun03/anaconda3/envs/lmms_llavavideo/lib/python3.11/site-packages/torch/nn/modules/module.py:2025: UserWarning: for vision_model.encoder.layers.14.layer_norm1.weight: copying from a non-meta parameter in the checkpoint to a meta parameter in the current model, which is a no-op. (Did you mean to pass `assign=True` to assign items in the state dictionary to their corresponding key in the module instead of copying them in place?)
  warnings.warn(f'for {key}: copying from a non-meta parameter in the checkpoint to a meta '
/data/takhyun03/anaconda3/envs/lmms_llavavideo/lib/python3.11/site-packages/torch/nn/modules/module.py:2025: UserWarning: for vision_model.encoder.layers.14.layer_norm1.bias: copying from a non-meta parameter in the checkpoint to a meta parameter in the current model, which is a no-op. (Did you mean to pass `assign=True` to assign items in the state dictionary to their corresponding key in the module instead of copying them in place?)
  warnings.warn(f'for {key}: copying from a non-meta parameter in the checkpoint to a meta '
/data/takhyun03/anaconda3/envs/lmms_llavavideo/lib/python3.11/site-packages/torch/nn/modules/module.py:2025: UserWarning: for vision_model.encoder.layers.14.mlp.fc1.weight: copying from a non-meta parameter in the checkpoint to a meta parameter in the current model, which is a no-op. (Did you mean to pass `assign=True` to assign items in the state dictionary to their corresponding key in the module instead of copying them in place?)
  warnings.warn(f'for {key}: copying from a non-meta parameter in the checkpoint to a meta '
/data/takhyun03/anaconda3/envs/lmms_llavavideo/lib/python3.11/site-packages/torch/nn/modules/module.py:2025: UserWarning: for vision_model.encoder.layers.14.mlp.fc1.bias: copying from a non-meta parameter in the checkpoint to a meta parameter in the current model, which is a no-op. (Did you mean to pass `assign=True` to assign items in the state dictionary to their corresponding key in the module instead of copying them in place?)
  warnings.warn(f'for {key}: copying from a non-meta parameter in the checkpoint to a meta '
/data/takhyun03/anaconda3/envs/lmms_llavavideo/lib/python3.11/site-packages/torch/nn/modules/module.py:2025: UserWarning: for vision_model.encoder.layers.14.mlp.fc2.weight: copying from a non-meta parameter in the checkpoint to a meta parameter in the current model, which is a no-op. (Did you mean to pass `assign=True` to assign items in the state dictionary to their corresponding key in the module instead of copying them in place?)
  warnings.warn(f'for {key}: copying from a non-meta parameter in the checkpoint to a meta '
/data/takhyun03/anaconda3/envs/lmms_llavavideo/lib/python3.11/site-packages/torch/nn/modules/module.py:2025: UserWarning: for vision_model.encoder.layers.14.mlp.fc2.bias: copying from a non-meta parameter in the checkpoint to a meta parameter in the current model, which is a no-op. (Did you mean to pass `assign=True` to assign items in the state dictionary to their corresponding key in the module instead of copying them in place?)
  warnings.warn(f'for {key}: copying from a non-meta parameter in the checkpoint to a meta '
/data/takhyun03/anaconda3/envs/lmms_llavavideo/lib/python3.11/site-packages/torch/nn/modules/module.py:2025: UserWarning: for vision_model.encoder.layers.14.layer_norm2.weight: copying from a non-meta parameter in the checkpoint to a meta parameter in the current model, which is a no-op. (Did you mean to pass `assign=True` to assign items in the state dictionary to their corresponding key in the module instead of copying them in place?)
  warnings.warn(f'for {key}: copying from a non-meta parameter in the checkpoint to a meta '
/data/takhyun03/anaconda3/envs/lmms_llavavideo/lib/python3.11/site-packages/torch/nn/modules/module.py:2025: UserWarning: for vision_model.encoder.layers.14.layer_norm2.bias: copying from a non-meta parameter in the checkpoint to a meta parameter in the current model, which is a no-op. (Did you mean to pass `assign=True` to assign items in the state dictionary to their corresponding key in the module instead of copying them in place?)
  warnings.warn(f'for {key}: copying from a non-meta parameter in the checkpoint to a meta '
/data/takhyun03/anaconda3/envs/lmms_llavavideo/lib/python3.11/site-packages/torch/nn/modules/module.py:2025: UserWarning: for vision_model.encoder.layers.15.self_attn.k_proj.weight: copying from a non-meta parameter in the checkpoint to a meta parameter in the current model, which is a no-op. (Did you mean to pass `assign=True` to assign items in the state dictionary to their corresponding key in the module instead of copying them in place?)
  warnings.warn(f'for {key}: copying from a non-meta parameter in the checkpoint to a meta '
/data/takhyun03/anaconda3/envs/lmms_llavavideo/lib/python3.11/site-packages/torch/nn/modules/module.py:2025: UserWarning: for vision_model.encoder.layers.15.self_attn.k_proj.bias: copying from a non-meta parameter in the checkpoint to a meta parameter in the current model, which is a no-op. (Did you mean to pass `assign=True` to assign items in the state dictionary to their corresponding key in the module instead of copying them in place?)
  warnings.warn(f'for {key}: copying from a non-meta parameter in the checkpoint to a meta '
/data/takhyun03/anaconda3/envs/lmms_llavavideo/lib/python3.11/site-packages/torch/nn/modules/module.py:2025: UserWarning: for vision_model.encoder.layers.15.self_attn.v_proj.weight: copying from a non-meta parameter in the checkpoint to a meta parameter in the current model, which is a no-op. (Did you mean to pass `assign=True` to assign items in the state dictionary to their corresponding key in the module instead of copying them in place?)
  warnings.warn(f'for {key}: copying from a non-meta parameter in the checkpoint to a meta '
/data/takhyun03/anaconda3/envs/lmms_llavavideo/lib/python3.11/site-packages/torch/nn/modules/module.py:2025: UserWarning: for vision_model.encoder.layers.15.self_attn.v_proj.bias: copying from a non-meta parameter in the checkpoint to a meta parameter in the current model, which is a no-op. (Did you mean to pass `assign=True` to assign items in the state dictionary to their corresponding key in the module instead of copying them in place?)
  warnings.warn(f'for {key}: copying from a non-meta parameter in the checkpoint to a meta '
/data/takhyun03/anaconda3/envs/lmms_llavavideo/lib/python3.11/site-packages/torch/nn/modules/module.py:2025: UserWarning: for vision_model.encoder.layers.15.self_attn.q_proj.weight: copying from a non-meta parameter in the checkpoint to a meta parameter in the current model, which is a no-op. (Did you mean to pass `assign=True` to assign items in the state dictionary to their corresponding key in the module instead of copying them in place?)
  warnings.warn(f'for {key}: copying from a non-meta parameter in the checkpoint to a meta '
/data/takhyun03/anaconda3/envs/lmms_llavavideo/lib/python3.11/site-packages/torch/nn/modules/module.py:2025: UserWarning: for vision_model.encoder.layers.15.self_attn.q_proj.bias: copying from a non-meta parameter in the checkpoint to a meta parameter in the current model, which is a no-op. (Did you mean to pass `assign=True` to assign items in the state dictionary to their corresponding key in the module instead of copying them in place?)
  warnings.warn(f'for {key}: copying from a non-meta parameter in the checkpoint to a meta '
/data/takhyun03/anaconda3/envs/lmms_llavavideo/lib/python3.11/site-packages/torch/nn/modules/module.py:2025: UserWarning: for vision_model.encoder.layers.15.self_attn.out_proj.weight: copying from a non-meta parameter in the checkpoint to a meta parameter in the current model, which is a no-op. (Did you mean to pass `assign=True` to assign items in the state dictionary to their corresponding key in the module instead of copying them in place?)
  warnings.warn(f'for {key}: copying from a non-meta parameter in the checkpoint to a meta '
/data/takhyun03/anaconda3/envs/lmms_llavavideo/lib/python3.11/site-packages/torch/nn/modules/module.py:2025: UserWarning: for vision_model.encoder.layers.15.self_attn.out_proj.bias: copying from a non-meta parameter in the checkpoint to a meta parameter in the current model, which is a no-op. (Did you mean to pass `assign=True` to assign items in the state dictionary to their corresponding key in the module instead of copying them in place?)
  warnings.warn(f'for {key}: copying from a non-meta parameter in the checkpoint to a meta '
/data/takhyun03/anaconda3/envs/lmms_llavavideo/lib/python3.11/site-packages/torch/nn/modules/module.py:2025: UserWarning: for vision_model.encoder.layers.15.layer_norm1.weight: copying from a non-meta parameter in the checkpoint to a meta parameter in the current model, which is a no-op. (Did you mean to pass `assign=True` to assign items in the state dictionary to their corresponding key in the module instead of copying them in place?)
  warnings.warn(f'for {key}: copying from a non-meta parameter in the checkpoint to a meta '
/data/takhyun03/anaconda3/envs/lmms_llavavideo/lib/python3.11/site-packages/torch/nn/modules/module.py:2025: UserWarning: for vision_model.encoder.layers.15.layer_norm1.bias: copying from a non-meta parameter in the checkpoint to a meta parameter in the current model, which is a no-op. (Did you mean to pass `assign=True` to assign items in the state dictionary to their corresponding key in the module instead of copying them in place?)
  warnings.warn(f'for {key}: copying from a non-meta parameter in the checkpoint to a meta '
/data/takhyun03/anaconda3/envs/lmms_llavavideo/lib/python3.11/site-packages/torch/nn/modules/module.py:2025: UserWarning: for vision_model.encoder.layers.15.mlp.fc1.weight: copying from a non-meta parameter in the checkpoint to a meta parameter in the current model, which is a no-op. (Did you mean to pass `assign=True` to assign items in the state dictionary to their corresponding key in the module instead of copying them in place?)
  warnings.warn(f'for {key}: copying from a non-meta parameter in the checkpoint to a meta '
/data/takhyun03/anaconda3/envs/lmms_llavavideo/lib/python3.11/site-packages/torch/nn/modules/module.py:2025: UserWarning: for vision_model.encoder.layers.15.mlp.fc1.bias: copying from a non-meta parameter in the checkpoint to a meta parameter in the current model, which is a no-op. (Did you mean to pass `assign=True` to assign items in the state dictionary to their corresponding key in the module instead of copying them in place?)
  warnings.warn(f'for {key}: copying from a non-meta parameter in the checkpoint to a meta '
/data/takhyun03/anaconda3/envs/lmms_llavavideo/lib/python3.11/site-packages/torch/nn/modules/module.py:2025: UserWarning: for vision_model.encoder.layers.15.mlp.fc2.weight: copying from a non-meta parameter in the checkpoint to a meta parameter in the current model, which is a no-op. (Did you mean to pass `assign=True` to assign items in the state dictionary to their corresponding key in the module instead of copying them in place?)
  warnings.warn(f'for {key}: copying from a non-meta parameter in the checkpoint to a meta '
/data/takhyun03/anaconda3/envs/lmms_llavavideo/lib/python3.11/site-packages/torch/nn/modules/module.py:2025: UserWarning: for vision_model.encoder.layers.15.mlp.fc2.bias: copying from a non-meta parameter in the checkpoint to a meta parameter in the current model, which is a no-op. (Did you mean to pass `assign=True` to assign items in the state dictionary to their corresponding key in the module instead of copying them in place?)
  warnings.warn(f'for {key}: copying from a non-meta parameter in the checkpoint to a meta '
/data/takhyun03/anaconda3/envs/lmms_llavavideo/lib/python3.11/site-packages/torch/nn/modules/module.py:2025: UserWarning: for vision_model.encoder.layers.15.layer_norm2.weight: copying from a non-meta parameter in the checkpoint to a meta parameter in the current model, which is a no-op. (Did you mean to pass `assign=True` to assign items in the state dictionary to their corresponding key in the module instead of copying them in place?)
  warnings.warn(f'for {key}: copying from a non-meta parameter in the checkpoint to a meta '
/data/takhyun03/anaconda3/envs/lmms_llavavideo/lib/python3.11/site-packages/torch/nn/modules/module.py:2025: UserWarning: for vision_model.encoder.layers.15.layer_norm2.bias: copying from a non-meta parameter in the checkpoint to a meta parameter in the current model, which is a no-op. (Did you mean to pass `assign=True` to assign items in the state dictionary to their corresponding key in the module instead of copying them in place?)
  warnings.warn(f'for {key}: copying from a non-meta parameter in the checkpoint to a meta '
/data/takhyun03/anaconda3/envs/lmms_llavavideo/lib/python3.11/site-packages/torch/nn/modules/module.py:2025: UserWarning: for vision_model.encoder.layers.16.self_attn.k_proj.weight: copying from a non-meta parameter in the checkpoint to a meta parameter in the current model, which is a no-op. (Did you mean to pass `assign=True` to assign items in the state dictionary to their corresponding key in the module instead of copying them in place?)
  warnings.warn(f'for {key}: copying from a non-meta parameter in the checkpoint to a meta '
/data/takhyun03/anaconda3/envs/lmms_llavavideo/lib/python3.11/site-packages/torch/nn/modules/module.py:2025: UserWarning: for vision_model.encoder.layers.16.self_attn.k_proj.bias: copying from a non-meta parameter in the checkpoint to a meta parameter in the current model, which is a no-op. (Did you mean to pass `assign=True` to assign items in the state dictionary to their corresponding key in the module instead of copying them in place?)
  warnings.warn(f'for {key}: copying from a non-meta parameter in the checkpoint to a meta '
/data/takhyun03/anaconda3/envs/lmms_llavavideo/lib/python3.11/site-packages/torch/nn/modules/module.py:2025: UserWarning: for vision_model.encoder.layers.16.self_attn.v_proj.weight: copying from a non-meta parameter in the checkpoint to a meta parameter in the current model, which is a no-op. (Did you mean to pass `assign=True` to assign items in the state dictionary to their corresponding key in the module instead of copying them in place?)
  warnings.warn(f'for {key}: copying from a non-meta parameter in the checkpoint to a meta '
/data/takhyun03/anaconda3/envs/lmms_llavavideo/lib/python3.11/site-packages/torch/nn/modules/module.py:2025: UserWarning: for vision_model.encoder.layers.16.self_attn.v_proj.bias: copying from a non-meta parameter in the checkpoint to a meta parameter in the current model, which is a no-op. (Did you mean to pass `assign=True` to assign items in the state dictionary to their corresponding key in the module instead of copying them in place?)
  warnings.warn(f'for {key}: copying from a non-meta parameter in the checkpoint to a meta '
/data/takhyun03/anaconda3/envs/lmms_llavavideo/lib/python3.11/site-packages/torch/nn/modules/module.py:2025: UserWarning: for vision_model.encoder.layers.16.self_attn.q_proj.weight: copying from a non-meta parameter in the checkpoint to a meta parameter in the current model, which is a no-op. (Did you mean to pass `assign=True` to assign items in the state dictionary to their corresponding key in the module instead of copying them in place?)
  warnings.warn(f'for {key}: copying from a non-meta parameter in the checkpoint to a meta '
/data/takhyun03/anaconda3/envs/lmms_llavavideo/lib/python3.11/site-packages/torch/nn/modules/module.py:2025: UserWarning: for vision_model.encoder.layers.16.self_attn.q_proj.bias: copying from a non-meta parameter in the checkpoint to a meta parameter in the current model, which is a no-op. (Did you mean to pass `assign=True` to assign items in the state dictionary to their corresponding key in the module instead of copying them in place?)
  warnings.warn(f'for {key}: copying from a non-meta parameter in the checkpoint to a meta '
/data/takhyun03/anaconda3/envs/lmms_llavavideo/lib/python3.11/site-packages/torch/nn/modules/module.py:2025: UserWarning: for vision_model.encoder.layers.16.self_attn.out_proj.weight: copying from a non-meta parameter in the checkpoint to a meta parameter in the current model, which is a no-op. (Did you mean to pass `assign=True` to assign items in the state dictionary to their corresponding key in the module instead of copying them in place?)
  warnings.warn(f'for {key}: copying from a non-meta parameter in the checkpoint to a meta '
/data/takhyun03/anaconda3/envs/lmms_llavavideo/lib/python3.11/site-packages/torch/nn/modules/module.py:2025: UserWarning: for vision_model.encoder.layers.16.self_attn.out_proj.bias: copying from a non-meta parameter in the checkpoint to a meta parameter in the current model, which is a no-op. (Did you mean to pass `assign=True` to assign items in the state dictionary to their corresponding key in the module instead of copying them in place?)
  warnings.warn(f'for {key}: copying from a non-meta parameter in the checkpoint to a meta '
/data/takhyun03/anaconda3/envs/lmms_llavavideo/lib/python3.11/site-packages/torch/nn/modules/module.py:2025: UserWarning: for vision_model.encoder.layers.16.layer_norm1.weight: copying from a non-meta parameter in the checkpoint to a meta parameter in the current model, which is a no-op. (Did you mean to pass `assign=True` to assign items in the state dictionary to their corresponding key in the module instead of copying them in place?)
  warnings.warn(f'for {key}: copying from a non-meta parameter in the checkpoint to a meta '
/data/takhyun03/anaconda3/envs/lmms_llavavideo/lib/python3.11/site-packages/torch/nn/modules/module.py:2025: UserWarning: for vision_model.encoder.layers.16.layer_norm1.bias: copying from a non-meta parameter in the checkpoint to a meta parameter in the current model, which is a no-op. (Did you mean to pass `assign=True` to assign items in the state dictionary to their corresponding key in the module instead of copying them in place?)
  warnings.warn(f'for {key}: copying from a non-meta parameter in the checkpoint to a meta '
/data/takhyun03/anaconda3/envs/lmms_llavavideo/lib/python3.11/site-packages/torch/nn/modules/module.py:2025: UserWarning: for vision_model.encoder.layers.16.mlp.fc1.weight: copying from a non-meta parameter in the checkpoint to a meta parameter in the current model, which is a no-op. (Did you mean to pass `assign=True` to assign items in the state dictionary to their corresponding key in the module instead of copying them in place?)
  warnings.warn(f'for {key}: copying from a non-meta parameter in the checkpoint to a meta '
/data/takhyun03/anaconda3/envs/lmms_llavavideo/lib/python3.11/site-packages/torch/nn/modules/module.py:2025: UserWarning: for vision_model.encoder.layers.16.mlp.fc1.bias: copying from a non-meta parameter in the checkpoint to a meta parameter in the current model, which is a no-op. (Did you mean to pass `assign=True` to assign items in the state dictionary to their corresponding key in the module instead of copying them in place?)
  warnings.warn(f'for {key}: copying from a non-meta parameter in the checkpoint to a meta '
/data/takhyun03/anaconda3/envs/lmms_llavavideo/lib/python3.11/site-packages/torch/nn/modules/module.py:2025: UserWarning: for vision_model.encoder.layers.16.mlp.fc2.weight: copying from a non-meta parameter in the checkpoint to a meta parameter in the current model, which is a no-op. (Did you mean to pass `assign=True` to assign items in the state dictionary to their corresponding key in the module instead of copying them in place?)
  warnings.warn(f'for {key}: copying from a non-meta parameter in the checkpoint to a meta '
/data/takhyun03/anaconda3/envs/lmms_llavavideo/lib/python3.11/site-packages/torch/nn/modules/module.py:2025: UserWarning: for vision_model.encoder.layers.16.mlp.fc2.bias: copying from a non-meta parameter in the checkpoint to a meta parameter in the current model, which is a no-op. (Did you mean to pass `assign=True` to assign items in the state dictionary to their corresponding key in the module instead of copying them in place?)
  warnings.warn(f'for {key}: copying from a non-meta parameter in the checkpoint to a meta '
/data/takhyun03/anaconda3/envs/lmms_llavavideo/lib/python3.11/site-packages/torch/nn/modules/module.py:2025: UserWarning: for vision_model.encoder.layers.16.layer_norm2.weight: copying from a non-meta parameter in the checkpoint to a meta parameter in the current model, which is a no-op. (Did you mean to pass `assign=True` to assign items in the state dictionary to their corresponding key in the module instead of copying them in place?)
  warnings.warn(f'for {key}: copying from a non-meta parameter in the checkpoint to a meta '
/data/takhyun03/anaconda3/envs/lmms_llavavideo/lib/python3.11/site-packages/torch/nn/modules/module.py:2025: UserWarning: for vision_model.encoder.layers.16.layer_norm2.bias: copying from a non-meta parameter in the checkpoint to a meta parameter in the current model, which is a no-op. (Did you mean to pass `assign=True` to assign items in the state dictionary to their corresponding key in the module instead of copying them in place?)
  warnings.warn(f'for {key}: copying from a non-meta parameter in the checkpoint to a meta '
/data/takhyun03/anaconda3/envs/lmms_llavavideo/lib/python3.11/site-packages/torch/nn/modules/module.py:2025: UserWarning: for vision_model.encoder.layers.17.self_attn.k_proj.weight: copying from a non-meta parameter in the checkpoint to a meta parameter in the current model, which is a no-op. (Did you mean to pass `assign=True` to assign items in the state dictionary to their corresponding key in the module instead of copying them in place?)
  warnings.warn(f'for {key}: copying from a non-meta parameter in the checkpoint to a meta '
/data/takhyun03/anaconda3/envs/lmms_llavavideo/lib/python3.11/site-packages/torch/nn/modules/module.py:2025: UserWarning: for vision_model.encoder.layers.17.self_attn.k_proj.bias: copying from a non-meta parameter in the checkpoint to a meta parameter in the current model, which is a no-op. (Did you mean to pass `assign=True` to assign items in the state dictionary to their corresponding key in the module instead of copying them in place?)
  warnings.warn(f'for {key}: copying from a non-meta parameter in the checkpoint to a meta '
/data/takhyun03/anaconda3/envs/lmms_llavavideo/lib/python3.11/site-packages/torch/nn/modules/module.py:2025: UserWarning: for vision_model.encoder.layers.17.self_attn.v_proj.weight: copying from a non-meta parameter in the checkpoint to a meta parameter in the current model, which is a no-op. (Did you mean to pass `assign=True` to assign items in the state dictionary to their corresponding key in the module instead of copying them in place?)
  warnings.warn(f'for {key}: copying from a non-meta parameter in the checkpoint to a meta '
/data/takhyun03/anaconda3/envs/lmms_llavavideo/lib/python3.11/site-packages/torch/nn/modules/module.py:2025: UserWarning: for vision_model.encoder.layers.17.self_attn.v_proj.bias: copying from a non-meta parameter in the checkpoint to a meta parameter in the current model, which is a no-op. (Did you mean to pass `assign=True` to assign items in the state dictionary to their corresponding key in the module instead of copying them in place?)
  warnings.warn(f'for {key}: copying from a non-meta parameter in the checkpoint to a meta '
/data/takhyun03/anaconda3/envs/lmms_llavavideo/lib/python3.11/site-packages/torch/nn/modules/module.py:2025: UserWarning: for vision_model.encoder.layers.17.self_attn.q_proj.weight: copying from a non-meta parameter in the checkpoint to a meta parameter in the current model, which is a no-op. (Did you mean to pass `assign=True` to assign items in the state dictionary to their corresponding key in the module instead of copying them in place?)
  warnings.warn(f'for {key}: copying from a non-meta parameter in the checkpoint to a meta '
/data/takhyun03/anaconda3/envs/lmms_llavavideo/lib/python3.11/site-packages/torch/nn/modules/module.py:2025: UserWarning: for vision_model.encoder.layers.17.self_attn.q_proj.bias: copying from a non-meta parameter in the checkpoint to a meta parameter in the current model, which is a no-op. (Did you mean to pass `assign=True` to assign items in the state dictionary to their corresponding key in the module instead of copying them in place?)
  warnings.warn(f'for {key}: copying from a non-meta parameter in the checkpoint to a meta '
/data/takhyun03/anaconda3/envs/lmms_llavavideo/lib/python3.11/site-packages/torch/nn/modules/module.py:2025: UserWarning: for vision_model.encoder.layers.17.self_attn.out_proj.weight: copying from a non-meta parameter in the checkpoint to a meta parameter in the current model, which is a no-op. (Did you mean to pass `assign=True` to assign items in the state dictionary to their corresponding key in the module instead of copying them in place?)
  warnings.warn(f'for {key}: copying from a non-meta parameter in the checkpoint to a meta '
/data/takhyun03/anaconda3/envs/lmms_llavavideo/lib/python3.11/site-packages/torch/nn/modules/module.py:2025: UserWarning: for vision_model.encoder.layers.17.self_attn.out_proj.bias: copying from a non-meta parameter in the checkpoint to a meta parameter in the current model, which is a no-op. (Did you mean to pass `assign=True` to assign items in the state dictionary to their corresponding key in the module instead of copying them in place?)
  warnings.warn(f'for {key}: copying from a non-meta parameter in the checkpoint to a meta '
/data/takhyun03/anaconda3/envs/lmms_llavavideo/lib/python3.11/site-packages/torch/nn/modules/module.py:2025: UserWarning: for vision_model.encoder.layers.17.layer_norm1.weight: copying from a non-meta parameter in the checkpoint to a meta parameter in the current model, which is a no-op. (Did you mean to pass `assign=True` to assign items in the state dictionary to their corresponding key in the module instead of copying them in place?)
  warnings.warn(f'for {key}: copying from a non-meta parameter in the checkpoint to a meta '
/data/takhyun03/anaconda3/envs/lmms_llavavideo/lib/python3.11/site-packages/torch/nn/modules/module.py:2025: UserWarning: for vision_model.encoder.layers.17.layer_norm1.bias: copying from a non-meta parameter in the checkpoint to a meta parameter in the current model, which is a no-op. (Did you mean to pass `assign=True` to assign items in the state dictionary to their corresponding key in the module instead of copying them in place?)
  warnings.warn(f'for {key}: copying from a non-meta parameter in the checkpoint to a meta '
/data/takhyun03/anaconda3/envs/lmms_llavavideo/lib/python3.11/site-packages/torch/nn/modules/module.py:2025: UserWarning: for vision_model.encoder.layers.17.mlp.fc1.weight: copying from a non-meta parameter in the checkpoint to a meta parameter in the current model, which is a no-op. (Did you mean to pass `assign=True` to assign items in the state dictionary to their corresponding key in the module instead of copying them in place?)
  warnings.warn(f'for {key}: copying from a non-meta parameter in the checkpoint to a meta '
/data/takhyun03/anaconda3/envs/lmms_llavavideo/lib/python3.11/site-packages/torch/nn/modules/module.py:2025: UserWarning: for vision_model.encoder.layers.17.mlp.fc1.bias: copying from a non-meta parameter in the checkpoint to a meta parameter in the current model, which is a no-op. (Did you mean to pass `assign=True` to assign items in the state dictionary to their corresponding key in the module instead of copying them in place?)
  warnings.warn(f'for {key}: copying from a non-meta parameter in the checkpoint to a meta '
/data/takhyun03/anaconda3/envs/lmms_llavavideo/lib/python3.11/site-packages/torch/nn/modules/module.py:2025: UserWarning: for vision_model.encoder.layers.17.mlp.fc2.weight: copying from a non-meta parameter in the checkpoint to a meta parameter in the current model, which is a no-op. (Did you mean to pass `assign=True` to assign items in the state dictionary to their corresponding key in the module instead of copying them in place?)
  warnings.warn(f'for {key}: copying from a non-meta parameter in the checkpoint to a meta '
/data/takhyun03/anaconda3/envs/lmms_llavavideo/lib/python3.11/site-packages/torch/nn/modules/module.py:2025: UserWarning: for vision_model.encoder.layers.17.mlp.fc2.bias: copying from a non-meta parameter in the checkpoint to a meta parameter in the current model, which is a no-op. (Did you mean to pass `assign=True` to assign items in the state dictionary to their corresponding key in the module instead of copying them in place?)
  warnings.warn(f'for {key}: copying from a non-meta parameter in the checkpoint to a meta '
/data/takhyun03/anaconda3/envs/lmms_llavavideo/lib/python3.11/site-packages/torch/nn/modules/module.py:2025: UserWarning: for vision_model.encoder.layers.17.layer_norm2.weight: copying from a non-meta parameter in the checkpoint to a meta parameter in the current model, which is a no-op. (Did you mean to pass `assign=True` to assign items in the state dictionary to their corresponding key in the module instead of copying them in place?)
  warnings.warn(f'for {key}: copying from a non-meta parameter in the checkpoint to a meta '
/data/takhyun03/anaconda3/envs/lmms_llavavideo/lib/python3.11/site-packages/torch/nn/modules/module.py:2025: UserWarning: for vision_model.encoder.layers.17.layer_norm2.bias: copying from a non-meta parameter in the checkpoint to a meta parameter in the current model, which is a no-op. (Did you mean to pass `assign=True` to assign items in the state dictionary to their corresponding key in the module instead of copying them in place?)
  warnings.warn(f'for {key}: copying from a non-meta parameter in the checkpoint to a meta '
/data/takhyun03/anaconda3/envs/lmms_llavavideo/lib/python3.11/site-packages/torch/nn/modules/module.py:2025: UserWarning: for vision_model.encoder.layers.18.self_attn.k_proj.weight: copying from a non-meta parameter in the checkpoint to a meta parameter in the current model, which is a no-op. (Did you mean to pass `assign=True` to assign items in the state dictionary to their corresponding key in the module instead of copying them in place?)
  warnings.warn(f'for {key}: copying from a non-meta parameter in the checkpoint to a meta '
/data/takhyun03/anaconda3/envs/lmms_llavavideo/lib/python3.11/site-packages/torch/nn/modules/module.py:2025: UserWarning: for vision_model.encoder.layers.18.self_attn.k_proj.bias: copying from a non-meta parameter in the checkpoint to a meta parameter in the current model, which is a no-op. (Did you mean to pass `assign=True` to assign items in the state dictionary to their corresponding key in the module instead of copying them in place?)
  warnings.warn(f'for {key}: copying from a non-meta parameter in the checkpoint to a meta '
/data/takhyun03/anaconda3/envs/lmms_llavavideo/lib/python3.11/site-packages/torch/nn/modules/module.py:2025: UserWarning: for vision_model.encoder.layers.18.self_attn.v_proj.weight: copying from a non-meta parameter in the checkpoint to a meta parameter in the current model, which is a no-op. (Did you mean to pass `assign=True` to assign items in the state dictionary to their corresponding key in the module instead of copying them in place?)
  warnings.warn(f'for {key}: copying from a non-meta parameter in the checkpoint to a meta '
/data/takhyun03/anaconda3/envs/lmms_llavavideo/lib/python3.11/site-packages/torch/nn/modules/module.py:2025: UserWarning: for vision_model.encoder.layers.18.self_attn.v_proj.bias: copying from a non-meta parameter in the checkpoint to a meta parameter in the current model, which is a no-op. (Did you mean to pass `assign=True` to assign items in the state dictionary to their corresponding key in the module instead of copying them in place?)
  warnings.warn(f'for {key}: copying from a non-meta parameter in the checkpoint to a meta '
/data/takhyun03/anaconda3/envs/lmms_llavavideo/lib/python3.11/site-packages/torch/nn/modules/module.py:2025: UserWarning: for vision_model.encoder.layers.18.self_attn.q_proj.weight: copying from a non-meta parameter in the checkpoint to a meta parameter in the current model, which is a no-op. (Did you mean to pass `assign=True` to assign items in the state dictionary to their corresponding key in the module instead of copying them in place?)
  warnings.warn(f'for {key}: copying from a non-meta parameter in the checkpoint to a meta '
/data/takhyun03/anaconda3/envs/lmms_llavavideo/lib/python3.11/site-packages/torch/nn/modules/module.py:2025: UserWarning: for vision_model.encoder.layers.18.self_attn.q_proj.bias: copying from a non-meta parameter in the checkpoint to a meta parameter in the current model, which is a no-op. (Did you mean to pass `assign=True` to assign items in the state dictionary to their corresponding key in the module instead of copying them in place?)
  warnings.warn(f'for {key}: copying from a non-meta parameter in the checkpoint to a meta '
/data/takhyun03/anaconda3/envs/lmms_llavavideo/lib/python3.11/site-packages/torch/nn/modules/module.py:2025: UserWarning: for vision_model.encoder.layers.18.self_attn.out_proj.weight: copying from a non-meta parameter in the checkpoint to a meta parameter in the current model, which is a no-op. (Did you mean to pass `assign=True` to assign items in the state dictionary to their corresponding key in the module instead of copying them in place?)
  warnings.warn(f'for {key}: copying from a non-meta parameter in the checkpoint to a meta '
/data/takhyun03/anaconda3/envs/lmms_llavavideo/lib/python3.11/site-packages/torch/nn/modules/module.py:2025: UserWarning: for vision_model.encoder.layers.18.self_attn.out_proj.bias: copying from a non-meta parameter in the checkpoint to a meta parameter in the current model, which is a no-op. (Did you mean to pass `assign=True` to assign items in the state dictionary to their corresponding key in the module instead of copying them in place?)
  warnings.warn(f'for {key}: copying from a non-meta parameter in the checkpoint to a meta '
/data/takhyun03/anaconda3/envs/lmms_llavavideo/lib/python3.11/site-packages/torch/nn/modules/module.py:2025: UserWarning: for vision_model.encoder.layers.18.layer_norm1.weight: copying from a non-meta parameter in the checkpoint to a meta parameter in the current model, which is a no-op. (Did you mean to pass `assign=True` to assign items in the state dictionary to their corresponding key in the module instead of copying them in place?)
  warnings.warn(f'for {key}: copying from a non-meta parameter in the checkpoint to a meta '
/data/takhyun03/anaconda3/envs/lmms_llavavideo/lib/python3.11/site-packages/torch/nn/modules/module.py:2025: UserWarning: for vision_model.encoder.layers.18.layer_norm1.bias: copying from a non-meta parameter in the checkpoint to a meta parameter in the current model, which is a no-op. (Did you mean to pass `assign=True` to assign items in the state dictionary to their corresponding key in the module instead of copying them in place?)
  warnings.warn(f'for {key}: copying from a non-meta parameter in the checkpoint to a meta '
/data/takhyun03/anaconda3/envs/lmms_llavavideo/lib/python3.11/site-packages/torch/nn/modules/module.py:2025: UserWarning: for vision_model.encoder.layers.18.mlp.fc1.weight: copying from a non-meta parameter in the checkpoint to a meta parameter in the current model, which is a no-op. (Did you mean to pass `assign=True` to assign items in the state dictionary to their corresponding key in the module instead of copying them in place?)
  warnings.warn(f'for {key}: copying from a non-meta parameter in the checkpoint to a meta '
/data/takhyun03/anaconda3/envs/lmms_llavavideo/lib/python3.11/site-packages/torch/nn/modules/module.py:2025: UserWarning: for vision_model.encoder.layers.18.mlp.fc1.bias: copying from a non-meta parameter in the checkpoint to a meta parameter in the current model, which is a no-op. (Did you mean to pass `assign=True` to assign items in the state dictionary to their corresponding key in the module instead of copying them in place?)
  warnings.warn(f'for {key}: copying from a non-meta parameter in the checkpoint to a meta '
/data/takhyun03/anaconda3/envs/lmms_llavavideo/lib/python3.11/site-packages/torch/nn/modules/module.py:2025: UserWarning: for vision_model.encoder.layers.18.mlp.fc2.weight: copying from a non-meta parameter in the checkpoint to a meta parameter in the current model, which is a no-op. (Did you mean to pass `assign=True` to assign items in the state dictionary to their corresponding key in the module instead of copying them in place?)
  warnings.warn(f'for {key}: copying from a non-meta parameter in the checkpoint to a meta '
/data/takhyun03/anaconda3/envs/lmms_llavavideo/lib/python3.11/site-packages/torch/nn/modules/module.py:2025: UserWarning: for vision_model.encoder.layers.18.mlp.fc2.bias: copying from a non-meta parameter in the checkpoint to a meta parameter in the current model, which is a no-op. (Did you mean to pass `assign=True` to assign items in the state dictionary to their corresponding key in the module instead of copying them in place?)
  warnings.warn(f'for {key}: copying from a non-meta parameter in the checkpoint to a meta '
/data/takhyun03/anaconda3/envs/lmms_llavavideo/lib/python3.11/site-packages/torch/nn/modules/module.py:2025: UserWarning: for vision_model.encoder.layers.18.layer_norm2.weight: copying from a non-meta parameter in the checkpoint to a meta parameter in the current model, which is a no-op. (Did you mean to pass `assign=True` to assign items in the state dictionary to their corresponding key in the module instead of copying them in place?)
  warnings.warn(f'for {key}: copying from a non-meta parameter in the checkpoint to a meta '
/data/takhyun03/anaconda3/envs/lmms_llavavideo/lib/python3.11/site-packages/torch/nn/modules/module.py:2025: UserWarning: for vision_model.encoder.layers.18.layer_norm2.bias: copying from a non-meta parameter in the checkpoint to a meta parameter in the current model, which is a no-op. (Did you mean to pass `assign=True` to assign items in the state dictionary to their corresponding key in the module instead of copying them in place?)
  warnings.warn(f'for {key}: copying from a non-meta parameter in the checkpoint to a meta '
/data/takhyun03/anaconda3/envs/lmms_llavavideo/lib/python3.11/site-packages/torch/nn/modules/module.py:2025: UserWarning: for vision_model.encoder.layers.19.self_attn.k_proj.weight: copying from a non-meta parameter in the checkpoint to a meta parameter in the current model, which is a no-op. (Did you mean to pass `assign=True` to assign items in the state dictionary to their corresponding key in the module instead of copying them in place?)
  warnings.warn(f'for {key}: copying from a non-meta parameter in the checkpoint to a meta '
/data/takhyun03/anaconda3/envs/lmms_llavavideo/lib/python3.11/site-packages/torch/nn/modules/module.py:2025: UserWarning: for vision_model.encoder.layers.19.self_attn.k_proj.bias: copying from a non-meta parameter in the checkpoint to a meta parameter in the current model, which is a no-op. (Did you mean to pass `assign=True` to assign items in the state dictionary to their corresponding key in the module instead of copying them in place?)
  warnings.warn(f'for {key}: copying from a non-meta parameter in the checkpoint to a meta '
/data/takhyun03/anaconda3/envs/lmms_llavavideo/lib/python3.11/site-packages/torch/nn/modules/module.py:2025: UserWarning: for vision_model.encoder.layers.19.self_attn.v_proj.weight: copying from a non-meta parameter in the checkpoint to a meta parameter in the current model, which is a no-op. (Did you mean to pass `assign=True` to assign items in the state dictionary to their corresponding key in the module instead of copying them in place?)
  warnings.warn(f'for {key}: copying from a non-meta parameter in the checkpoint to a meta '
/data/takhyun03/anaconda3/envs/lmms_llavavideo/lib/python3.11/site-packages/torch/nn/modules/module.py:2025: UserWarning: for vision_model.encoder.layers.19.self_attn.v_proj.bias: copying from a non-meta parameter in the checkpoint to a meta parameter in the current model, which is a no-op. (Did you mean to pass `assign=True` to assign items in the state dictionary to their corresponding key in the module instead of copying them in place?)
  warnings.warn(f'for {key}: copying from a non-meta parameter in the checkpoint to a meta '
/data/takhyun03/anaconda3/envs/lmms_llavavideo/lib/python3.11/site-packages/torch/nn/modules/module.py:2025: UserWarning: for vision_model.encoder.layers.19.self_attn.q_proj.weight: copying from a non-meta parameter in the checkpoint to a meta parameter in the current model, which is a no-op. (Did you mean to pass `assign=True` to assign items in the state dictionary to their corresponding key in the module instead of copying them in place?)
  warnings.warn(f'for {key}: copying from a non-meta parameter in the checkpoint to a meta '
/data/takhyun03/anaconda3/envs/lmms_llavavideo/lib/python3.11/site-packages/torch/nn/modules/module.py:2025: UserWarning: for vision_model.encoder.layers.19.self_attn.q_proj.bias: copying from a non-meta parameter in the checkpoint to a meta parameter in the current model, which is a no-op. (Did you mean to pass `assign=True` to assign items in the state dictionary to their corresponding key in the module instead of copying them in place?)
  warnings.warn(f'for {key}: copying from a non-meta parameter in the checkpoint to a meta '
/data/takhyun03/anaconda3/envs/lmms_llavavideo/lib/python3.11/site-packages/torch/nn/modules/module.py:2025: UserWarning: for vision_model.encoder.layers.19.self_attn.out_proj.weight: copying from a non-meta parameter in the checkpoint to a meta parameter in the current model, which is a no-op. (Did you mean to pass `assign=True` to assign items in the state dictionary to their corresponding key in the module instead of copying them in place?)
  warnings.warn(f'for {key}: copying from a non-meta parameter in the checkpoint to a meta '
/data/takhyun03/anaconda3/envs/lmms_llavavideo/lib/python3.11/site-packages/torch/nn/modules/module.py:2025: UserWarning: for vision_model.encoder.layers.19.self_attn.out_proj.bias: copying from a non-meta parameter in the checkpoint to a meta parameter in the current model, which is a no-op. (Did you mean to pass `assign=True` to assign items in the state dictionary to their corresponding key in the module instead of copying them in place?)
  warnings.warn(f'for {key}: copying from a non-meta parameter in the checkpoint to a meta '
/data/takhyun03/anaconda3/envs/lmms_llavavideo/lib/python3.11/site-packages/torch/nn/modules/module.py:2025: UserWarning: for vision_model.encoder.layers.19.layer_norm1.weight: copying from a non-meta parameter in the checkpoint to a meta parameter in the current model, which is a no-op. (Did you mean to pass `assign=True` to assign items in the state dictionary to their corresponding key in the module instead of copying them in place?)
  warnings.warn(f'for {key}: copying from a non-meta parameter in the checkpoint to a meta '
/data/takhyun03/anaconda3/envs/lmms_llavavideo/lib/python3.11/site-packages/torch/nn/modules/module.py:2025: UserWarning: for vision_model.encoder.layers.19.layer_norm1.bias: copying from a non-meta parameter in the checkpoint to a meta parameter in the current model, which is a no-op. (Did you mean to pass `assign=True` to assign items in the state dictionary to their corresponding key in the module instead of copying them in place?)
  warnings.warn(f'for {key}: copying from a non-meta parameter in the checkpoint to a meta '
/data/takhyun03/anaconda3/envs/lmms_llavavideo/lib/python3.11/site-packages/torch/nn/modules/module.py:2025: UserWarning: for vision_model.encoder.layers.19.mlp.fc1.weight: copying from a non-meta parameter in the checkpoint to a meta parameter in the current model, which is a no-op. (Did you mean to pass `assign=True` to assign items in the state dictionary to their corresponding key in the module instead of copying them in place?)
  warnings.warn(f'for {key}: copying from a non-meta parameter in the checkpoint to a meta '
/data/takhyun03/anaconda3/envs/lmms_llavavideo/lib/python3.11/site-packages/torch/nn/modules/module.py:2025: UserWarning: for vision_model.encoder.layers.19.mlp.fc1.bias: copying from a non-meta parameter in the checkpoint to a meta parameter in the current model, which is a no-op. (Did you mean to pass `assign=True` to assign items in the state dictionary to their corresponding key in the module instead of copying them in place?)
  warnings.warn(f'for {key}: copying from a non-meta parameter in the checkpoint to a meta '
/data/takhyun03/anaconda3/envs/lmms_llavavideo/lib/python3.11/site-packages/torch/nn/modules/module.py:2025: UserWarning: for vision_model.encoder.layers.19.mlp.fc2.weight: copying from a non-meta parameter in the checkpoint to a meta parameter in the current model, which is a no-op. (Did you mean to pass `assign=True` to assign items in the state dictionary to their corresponding key in the module instead of copying them in place?)
  warnings.warn(f'for {key}: copying from a non-meta parameter in the checkpoint to a meta '
/data/takhyun03/anaconda3/envs/lmms_llavavideo/lib/python3.11/site-packages/torch/nn/modules/module.py:2025: UserWarning: for vision_model.encoder.layers.19.mlp.fc2.bias: copying from a non-meta parameter in the checkpoint to a meta parameter in the current model, which is a no-op. (Did you mean to pass `assign=True` to assign items in the state dictionary to their corresponding key in the module instead of copying them in place?)
  warnings.warn(f'for {key}: copying from a non-meta parameter in the checkpoint to a meta '
/data/takhyun03/anaconda3/envs/lmms_llavavideo/lib/python3.11/site-packages/torch/nn/modules/module.py:2025: UserWarning: for vision_model.encoder.layers.19.layer_norm2.weight: copying from a non-meta parameter in the checkpoint to a meta parameter in the current model, which is a no-op. (Did you mean to pass `assign=True` to assign items in the state dictionary to their corresponding key in the module instead of copying them in place?)
  warnings.warn(f'for {key}: copying from a non-meta parameter in the checkpoint to a meta '
/data/takhyun03/anaconda3/envs/lmms_llavavideo/lib/python3.11/site-packages/torch/nn/modules/module.py:2025: UserWarning: for vision_model.encoder.layers.19.layer_norm2.bias: copying from a non-meta parameter in the checkpoint to a meta parameter in the current model, which is a no-op. (Did you mean to pass `assign=True` to assign items in the state dictionary to their corresponding key in the module instead of copying them in place?)
  warnings.warn(f'for {key}: copying from a non-meta parameter in the checkpoint to a meta '
/data/takhyun03/anaconda3/envs/lmms_llavavideo/lib/python3.11/site-packages/torch/nn/modules/module.py:2025: UserWarning: for vision_model.encoder.layers.20.self_attn.k_proj.weight: copying from a non-meta parameter in the checkpoint to a meta parameter in the current model, which is a no-op. (Did you mean to pass `assign=True` to assign items in the state dictionary to their corresponding key in the module instead of copying them in place?)
  warnings.warn(f'for {key}: copying from a non-meta parameter in the checkpoint to a meta '
/data/takhyun03/anaconda3/envs/lmms_llavavideo/lib/python3.11/site-packages/torch/nn/modules/module.py:2025: UserWarning: for vision_model.encoder.layers.20.self_attn.k_proj.bias: copying from a non-meta parameter in the checkpoint to a meta parameter in the current model, which is a no-op. (Did you mean to pass `assign=True` to assign items in the state dictionary to their corresponding key in the module instead of copying them in place?)
  warnings.warn(f'for {key}: copying from a non-meta parameter in the checkpoint to a meta '
/data/takhyun03/anaconda3/envs/lmms_llavavideo/lib/python3.11/site-packages/torch/nn/modules/module.py:2025: UserWarning: for vision_model.encoder.layers.20.self_attn.v_proj.weight: copying from a non-meta parameter in the checkpoint to a meta parameter in the current model, which is a no-op. (Did you mean to pass `assign=True` to assign items in the state dictionary to their corresponding key in the module instead of copying them in place?)
  warnings.warn(f'for {key}: copying from a non-meta parameter in the checkpoint to a meta '
/data/takhyun03/anaconda3/envs/lmms_llavavideo/lib/python3.11/site-packages/torch/nn/modules/module.py:2025: UserWarning: for vision_model.encoder.layers.20.self_attn.v_proj.bias: copying from a non-meta parameter in the checkpoint to a meta parameter in the current model, which is a no-op. (Did you mean to pass `assign=True` to assign items in the state dictionary to their corresponding key in the module instead of copying them in place?)
  warnings.warn(f'for {key}: copying from a non-meta parameter in the checkpoint to a meta '
/data/takhyun03/anaconda3/envs/lmms_llavavideo/lib/python3.11/site-packages/torch/nn/modules/module.py:2025: UserWarning: for vision_model.encoder.layers.20.self_attn.q_proj.weight: copying from a non-meta parameter in the checkpoint to a meta parameter in the current model, which is a no-op. (Did you mean to pass `assign=True` to assign items in the state dictionary to their corresponding key in the module instead of copying them in place?)
  warnings.warn(f'for {key}: copying from a non-meta parameter in the checkpoint to a meta '
/data/takhyun03/anaconda3/envs/lmms_llavavideo/lib/python3.11/site-packages/torch/nn/modules/module.py:2025: UserWarning: for vision_model.encoder.layers.20.self_attn.q_proj.bias: copying from a non-meta parameter in the checkpoint to a meta parameter in the current model, which is a no-op. (Did you mean to pass `assign=True` to assign items in the state dictionary to their corresponding key in the module instead of copying them in place?)
  warnings.warn(f'for {key}: copying from a non-meta parameter in the checkpoint to a meta '
/data/takhyun03/anaconda3/envs/lmms_llavavideo/lib/python3.11/site-packages/torch/nn/modules/module.py:2025: UserWarning: for vision_model.encoder.layers.20.self_attn.out_proj.weight: copying from a non-meta parameter in the checkpoint to a meta parameter in the current model, which is a no-op. (Did you mean to pass `assign=True` to assign items in the state dictionary to their corresponding key in the module instead of copying them in place?)
  warnings.warn(f'for {key}: copying from a non-meta parameter in the checkpoint to a meta '
/data/takhyun03/anaconda3/envs/lmms_llavavideo/lib/python3.11/site-packages/torch/nn/modules/module.py:2025: UserWarning: for vision_model.encoder.layers.20.self_attn.out_proj.bias: copying from a non-meta parameter in the checkpoint to a meta parameter in the current model, which is a no-op. (Did you mean to pass `assign=True` to assign items in the state dictionary to their corresponding key in the module instead of copying them in place?)
  warnings.warn(f'for {key}: copying from a non-meta parameter in the checkpoint to a meta '
/data/takhyun03/anaconda3/envs/lmms_llavavideo/lib/python3.11/site-packages/torch/nn/modules/module.py:2025: UserWarning: for vision_model.encoder.layers.20.layer_norm1.weight: copying from a non-meta parameter in the checkpoint to a meta parameter in the current model, which is a no-op. (Did you mean to pass `assign=True` to assign items in the state dictionary to their corresponding key in the module instead of copying them in place?)
  warnings.warn(f'for {key}: copying from a non-meta parameter in the checkpoint to a meta '
/data/takhyun03/anaconda3/envs/lmms_llavavideo/lib/python3.11/site-packages/torch/nn/modules/module.py:2025: UserWarning: for vision_model.encoder.layers.20.layer_norm1.bias: copying from a non-meta parameter in the checkpoint to a meta parameter in the current model, which is a no-op. (Did you mean to pass `assign=True` to assign items in the state dictionary to their corresponding key in the module instead of copying them in place?)
  warnings.warn(f'for {key}: copying from a non-meta parameter in the checkpoint to a meta '
/data/takhyun03/anaconda3/envs/lmms_llavavideo/lib/python3.11/site-packages/torch/nn/modules/module.py:2025: UserWarning: for vision_model.encoder.layers.20.mlp.fc1.weight: copying from a non-meta parameter in the checkpoint to a meta parameter in the current model, which is a no-op. (Did you mean to pass `assign=True` to assign items in the state dictionary to their corresponding key in the module instead of copying them in place?)
  warnings.warn(f'for {key}: copying from a non-meta parameter in the checkpoint to a meta '
/data/takhyun03/anaconda3/envs/lmms_llavavideo/lib/python3.11/site-packages/torch/nn/modules/module.py:2025: UserWarning: for vision_model.encoder.layers.20.mlp.fc1.bias: copying from a non-meta parameter in the checkpoint to a meta parameter in the current model, which is a no-op. (Did you mean to pass `assign=True` to assign items in the state dictionary to their corresponding key in the module instead of copying them in place?)
  warnings.warn(f'for {key}: copying from a non-meta parameter in the checkpoint to a meta '
/data/takhyun03/anaconda3/envs/lmms_llavavideo/lib/python3.11/site-packages/torch/nn/modules/module.py:2025: UserWarning: for vision_model.encoder.layers.20.mlp.fc2.weight: copying from a non-meta parameter in the checkpoint to a meta parameter in the current model, which is a no-op. (Did you mean to pass `assign=True` to assign items in the state dictionary to their corresponding key in the module instead of copying them in place?)
  warnings.warn(f'for {key}: copying from a non-meta parameter in the checkpoint to a meta '
/data/takhyun03/anaconda3/envs/lmms_llavavideo/lib/python3.11/site-packages/torch/nn/modules/module.py:2025: UserWarning: for vision_model.encoder.layers.20.mlp.fc2.bias: copying from a non-meta parameter in the checkpoint to a meta parameter in the current model, which is a no-op. (Did you mean to pass `assign=True` to assign items in the state dictionary to their corresponding key in the module instead of copying them in place?)
  warnings.warn(f'for {key}: copying from a non-meta parameter in the checkpoint to a meta '
/data/takhyun03/anaconda3/envs/lmms_llavavideo/lib/python3.11/site-packages/torch/nn/modules/module.py:2025: UserWarning: for vision_model.encoder.layers.20.layer_norm2.weight: copying from a non-meta parameter in the checkpoint to a meta parameter in the current model, which is a no-op. (Did you mean to pass `assign=True` to assign items in the state dictionary to their corresponding key in the module instead of copying them in place?)
  warnings.warn(f'for {key}: copying from a non-meta parameter in the checkpoint to a meta '
/data/takhyun03/anaconda3/envs/lmms_llavavideo/lib/python3.11/site-packages/torch/nn/modules/module.py:2025: UserWarning: for vision_model.encoder.layers.20.layer_norm2.bias: copying from a non-meta parameter in the checkpoint to a meta parameter in the current model, which is a no-op. (Did you mean to pass `assign=True` to assign items in the state dictionary to their corresponding key in the module instead of copying them in place?)
  warnings.warn(f'for {key}: copying from a non-meta parameter in the checkpoint to a meta '
/data/takhyun03/anaconda3/envs/lmms_llavavideo/lib/python3.11/site-packages/torch/nn/modules/module.py:2025: UserWarning: for vision_model.encoder.layers.21.self_attn.k_proj.weight: copying from a non-meta parameter in the checkpoint to a meta parameter in the current model, which is a no-op. (Did you mean to pass `assign=True` to assign items in the state dictionary to their corresponding key in the module instead of copying them in place?)
  warnings.warn(f'for {key}: copying from a non-meta parameter in the checkpoint to a meta '
/data/takhyun03/anaconda3/envs/lmms_llavavideo/lib/python3.11/site-packages/torch/nn/modules/module.py:2025: UserWarning: for vision_model.encoder.layers.21.self_attn.k_proj.bias: copying from a non-meta parameter in the checkpoint to a meta parameter in the current model, which is a no-op. (Did you mean to pass `assign=True` to assign items in the state dictionary to their corresponding key in the module instead of copying them in place?)
  warnings.warn(f'for {key}: copying from a non-meta parameter in the checkpoint to a meta '
/data/takhyun03/anaconda3/envs/lmms_llavavideo/lib/python3.11/site-packages/torch/nn/modules/module.py:2025: UserWarning: for vision_model.encoder.layers.21.self_attn.v_proj.weight: copying from a non-meta parameter in the checkpoint to a meta parameter in the current model, which is a no-op. (Did you mean to pass `assign=True` to assign items in the state dictionary to their corresponding key in the module instead of copying them in place?)
  warnings.warn(f'for {key}: copying from a non-meta parameter in the checkpoint to a meta '
/data/takhyun03/anaconda3/envs/lmms_llavavideo/lib/python3.11/site-packages/torch/nn/modules/module.py:2025: UserWarning: for vision_model.encoder.layers.21.self_attn.v_proj.bias: copying from a non-meta parameter in the checkpoint to a meta parameter in the current model, which is a no-op. (Did you mean to pass `assign=True` to assign items in the state dictionary to their corresponding key in the module instead of copying them in place?)
  warnings.warn(f'for {key}: copying from a non-meta parameter in the checkpoint to a meta '
/data/takhyun03/anaconda3/envs/lmms_llavavideo/lib/python3.11/site-packages/torch/nn/modules/module.py:2025: UserWarning: for vision_model.encoder.layers.21.self_attn.q_proj.weight: copying from a non-meta parameter in the checkpoint to a meta parameter in the current model, which is a no-op. (Did you mean to pass `assign=True` to assign items in the state dictionary to their corresponding key in the module instead of copying them in place?)
  warnings.warn(f'for {key}: copying from a non-meta parameter in the checkpoint to a meta '
/data/takhyun03/anaconda3/envs/lmms_llavavideo/lib/python3.11/site-packages/torch/nn/modules/module.py:2025: UserWarning: for vision_model.encoder.layers.21.self_attn.q_proj.bias: copying from a non-meta parameter in the checkpoint to a meta parameter in the current model, which is a no-op. (Did you mean to pass `assign=True` to assign items in the state dictionary to their corresponding key in the module instead of copying them in place?)
  warnings.warn(f'for {key}: copying from a non-meta parameter in the checkpoint to a meta '
/data/takhyun03/anaconda3/envs/lmms_llavavideo/lib/python3.11/site-packages/torch/nn/modules/module.py:2025: UserWarning: for vision_model.encoder.layers.21.self_attn.out_proj.weight: copying from a non-meta parameter in the checkpoint to a meta parameter in the current model, which is a no-op. (Did you mean to pass `assign=True` to assign items in the state dictionary to their corresponding key in the module instead of copying them in place?)
  warnings.warn(f'for {key}: copying from a non-meta parameter in the checkpoint to a meta '
/data/takhyun03/anaconda3/envs/lmms_llavavideo/lib/python3.11/site-packages/torch/nn/modules/module.py:2025: UserWarning: for vision_model.encoder.layers.21.self_attn.out_proj.bias: copying from a non-meta parameter in the checkpoint to a meta parameter in the current model, which is a no-op. (Did you mean to pass `assign=True` to assign items in the state dictionary to their corresponding key in the module instead of copying them in place?)
  warnings.warn(f'for {key}: copying from a non-meta parameter in the checkpoint to a meta '
/data/takhyun03/anaconda3/envs/lmms_llavavideo/lib/python3.11/site-packages/torch/nn/modules/module.py:2025: UserWarning: for vision_model.encoder.layers.21.layer_norm1.weight: copying from a non-meta parameter in the checkpoint to a meta parameter in the current model, which is a no-op. (Did you mean to pass `assign=True` to assign items in the state dictionary to their corresponding key in the module instead of copying them in place?)
  warnings.warn(f'for {key}: copying from a non-meta parameter in the checkpoint to a meta '
/data/takhyun03/anaconda3/envs/lmms_llavavideo/lib/python3.11/site-packages/torch/nn/modules/module.py:2025: UserWarning: for vision_model.encoder.layers.21.layer_norm1.bias: copying from a non-meta parameter in the checkpoint to a meta parameter in the current model, which is a no-op. (Did you mean to pass `assign=True` to assign items in the state dictionary to their corresponding key in the module instead of copying them in place?)
  warnings.warn(f'for {key}: copying from a non-meta parameter in the checkpoint to a meta '
/data/takhyun03/anaconda3/envs/lmms_llavavideo/lib/python3.11/site-packages/torch/nn/modules/module.py:2025: UserWarning: for vision_model.encoder.layers.21.mlp.fc1.weight: copying from a non-meta parameter in the checkpoint to a meta parameter in the current model, which is a no-op. (Did you mean to pass `assign=True` to assign items in the state dictionary to their corresponding key in the module instead of copying them in place?)
  warnings.warn(f'for {key}: copying from a non-meta parameter in the checkpoint to a meta '
/data/takhyun03/anaconda3/envs/lmms_llavavideo/lib/python3.11/site-packages/torch/nn/modules/module.py:2025: UserWarning: for vision_model.encoder.layers.21.mlp.fc1.bias: copying from a non-meta parameter in the checkpoint to a meta parameter in the current model, which is a no-op. (Did you mean to pass `assign=True` to assign items in the state dictionary to their corresponding key in the module instead of copying them in place?)
  warnings.warn(f'for {key}: copying from a non-meta parameter in the checkpoint to a meta '
/data/takhyun03/anaconda3/envs/lmms_llavavideo/lib/python3.11/site-packages/torch/nn/modules/module.py:2025: UserWarning: for vision_model.encoder.layers.21.mlp.fc2.weight: copying from a non-meta parameter in the checkpoint to a meta parameter in the current model, which is a no-op. (Did you mean to pass `assign=True` to assign items in the state dictionary to their corresponding key in the module instead of copying them in place?)
  warnings.warn(f'for {key}: copying from a non-meta parameter in the checkpoint to a meta '
/data/takhyun03/anaconda3/envs/lmms_llavavideo/lib/python3.11/site-packages/torch/nn/modules/module.py:2025: UserWarning: for vision_model.encoder.layers.21.mlp.fc2.bias: copying from a non-meta parameter in the checkpoint to a meta parameter in the current model, which is a no-op. (Did you mean to pass `assign=True` to assign items in the state dictionary to their corresponding key in the module instead of copying them in place?)
  warnings.warn(f'for {key}: copying from a non-meta parameter in the checkpoint to a meta '
/data/takhyun03/anaconda3/envs/lmms_llavavideo/lib/python3.11/site-packages/torch/nn/modules/module.py:2025: UserWarning: for vision_model.encoder.layers.21.layer_norm2.weight: copying from a non-meta parameter in the checkpoint to a meta parameter in the current model, which is a no-op. (Did you mean to pass `assign=True` to assign items in the state dictionary to their corresponding key in the module instead of copying them in place?)
  warnings.warn(f'for {key}: copying from a non-meta parameter in the checkpoint to a meta '
/data/takhyun03/anaconda3/envs/lmms_llavavideo/lib/python3.11/site-packages/torch/nn/modules/module.py:2025: UserWarning: for vision_model.encoder.layers.21.layer_norm2.bias: copying from a non-meta parameter in the checkpoint to a meta parameter in the current model, which is a no-op. (Did you mean to pass `assign=True` to assign items in the state dictionary to their corresponding key in the module instead of copying them in place?)
  warnings.warn(f'for {key}: copying from a non-meta parameter in the checkpoint to a meta '
/data/takhyun03/anaconda3/envs/lmms_llavavideo/lib/python3.11/site-packages/torch/nn/modules/module.py:2025: UserWarning: for vision_model.encoder.layers.22.self_attn.k_proj.weight: copying from a non-meta parameter in the checkpoint to a meta parameter in the current model, which is a no-op. (Did you mean to pass `assign=True` to assign items in the state dictionary to their corresponding key in the module instead of copying them in place?)
  warnings.warn(f'for {key}: copying from a non-meta parameter in the checkpoint to a meta '
/data/takhyun03/anaconda3/envs/lmms_llavavideo/lib/python3.11/site-packages/torch/nn/modules/module.py:2025: UserWarning: for vision_model.encoder.layers.22.self_attn.k_proj.bias: copying from a non-meta parameter in the checkpoint to a meta parameter in the current model, which is a no-op. (Did you mean to pass `assign=True` to assign items in the state dictionary to their corresponding key in the module instead of copying them in place?)
  warnings.warn(f'for {key}: copying from a non-meta parameter in the checkpoint to a meta '
/data/takhyun03/anaconda3/envs/lmms_llavavideo/lib/python3.11/site-packages/torch/nn/modules/module.py:2025: UserWarning: for vision_model.encoder.layers.22.self_attn.v_proj.weight: copying from a non-meta parameter in the checkpoint to a meta parameter in the current model, which is a no-op. (Did you mean to pass `assign=True` to assign items in the state dictionary to their corresponding key in the module instead of copying them in place?)
  warnings.warn(f'for {key}: copying from a non-meta parameter in the checkpoint to a meta '
/data/takhyun03/anaconda3/envs/lmms_llavavideo/lib/python3.11/site-packages/torch/nn/modules/module.py:2025: UserWarning: for vision_model.encoder.layers.22.self_attn.v_proj.bias: copying from a non-meta parameter in the checkpoint to a meta parameter in the current model, which is a no-op. (Did you mean to pass `assign=True` to assign items in the state dictionary to their corresponding key in the module instead of copying them in place?)
  warnings.warn(f'for {key}: copying from a non-meta parameter in the checkpoint to a meta '
/data/takhyun03/anaconda3/envs/lmms_llavavideo/lib/python3.11/site-packages/torch/nn/modules/module.py:2025: UserWarning: for vision_model.encoder.layers.22.self_attn.q_proj.weight: copying from a non-meta parameter in the checkpoint to a meta parameter in the current model, which is a no-op. (Did you mean to pass `assign=True` to assign items in the state dictionary to their corresponding key in the module instead of copying them in place?)
  warnings.warn(f'for {key}: copying from a non-meta parameter in the checkpoint to a meta '
/data/takhyun03/anaconda3/envs/lmms_llavavideo/lib/python3.11/site-packages/torch/nn/modules/module.py:2025: UserWarning: for vision_model.encoder.layers.22.self_attn.q_proj.bias: copying from a non-meta parameter in the checkpoint to a meta parameter in the current model, which is a no-op. (Did you mean to pass `assign=True` to assign items in the state dictionary to their corresponding key in the module instead of copying them in place?)
  warnings.warn(f'for {key}: copying from a non-meta parameter in the checkpoint to a meta '
/data/takhyun03/anaconda3/envs/lmms_llavavideo/lib/python3.11/site-packages/torch/nn/modules/module.py:2025: UserWarning: for vision_model.encoder.layers.22.self_attn.out_proj.weight: copying from a non-meta parameter in the checkpoint to a meta parameter in the current model, which is a no-op. (Did you mean to pass `assign=True` to assign items in the state dictionary to their corresponding key in the module instead of copying them in place?)
  warnings.warn(f'for {key}: copying from a non-meta parameter in the checkpoint to a meta '
/data/takhyun03/anaconda3/envs/lmms_llavavideo/lib/python3.11/site-packages/torch/nn/modules/module.py:2025: UserWarning: for vision_model.encoder.layers.22.self_attn.out_proj.bias: copying from a non-meta parameter in the checkpoint to a meta parameter in the current model, which is a no-op. (Did you mean to pass `assign=True` to assign items in the state dictionary to their corresponding key in the module instead of copying them in place?)
  warnings.warn(f'for {key}: copying from a non-meta parameter in the checkpoint to a meta '
/data/takhyun03/anaconda3/envs/lmms_llavavideo/lib/python3.11/site-packages/torch/nn/modules/module.py:2025: UserWarning: for vision_model.encoder.layers.22.layer_norm1.weight: copying from a non-meta parameter in the checkpoint to a meta parameter in the current model, which is a no-op. (Did you mean to pass `assign=True` to assign items in the state dictionary to their corresponding key in the module instead of copying them in place?)
  warnings.warn(f'for {key}: copying from a non-meta parameter in the checkpoint to a meta '
/data/takhyun03/anaconda3/envs/lmms_llavavideo/lib/python3.11/site-packages/torch/nn/modules/module.py:2025: UserWarning: for vision_model.encoder.layers.22.layer_norm1.bias: copying from a non-meta parameter in the checkpoint to a meta parameter in the current model, which is a no-op. (Did you mean to pass `assign=True` to assign items in the state dictionary to their corresponding key in the module instead of copying them in place?)
  warnings.warn(f'for {key}: copying from a non-meta parameter in the checkpoint to a meta '
/data/takhyun03/anaconda3/envs/lmms_llavavideo/lib/python3.11/site-packages/torch/nn/modules/module.py:2025: UserWarning: for vision_model.encoder.layers.22.mlp.fc1.weight: copying from a non-meta parameter in the checkpoint to a meta parameter in the current model, which is a no-op. (Did you mean to pass `assign=True` to assign items in the state dictionary to their corresponding key in the module instead of copying them in place?)
  warnings.warn(f'for {key}: copying from a non-meta parameter in the checkpoint to a meta '
/data/takhyun03/anaconda3/envs/lmms_llavavideo/lib/python3.11/site-packages/torch/nn/modules/module.py:2025: UserWarning: for vision_model.encoder.layers.22.mlp.fc1.bias: copying from a non-meta parameter in the checkpoint to a meta parameter in the current model, which is a no-op. (Did you mean to pass `assign=True` to assign items in the state dictionary to their corresponding key in the module instead of copying them in place?)
  warnings.warn(f'for {key}: copying from a non-meta parameter in the checkpoint to a meta '
/data/takhyun03/anaconda3/envs/lmms_llavavideo/lib/python3.11/site-packages/torch/nn/modules/module.py:2025: UserWarning: for vision_model.encoder.layers.22.mlp.fc2.weight: copying from a non-meta parameter in the checkpoint to a meta parameter in the current model, which is a no-op. (Did you mean to pass `assign=True` to assign items in the state dictionary to their corresponding key in the module instead of copying them in place?)
  warnings.warn(f'for {key}: copying from a non-meta parameter in the checkpoint to a meta '
/data/takhyun03/anaconda3/envs/lmms_llavavideo/lib/python3.11/site-packages/torch/nn/modules/module.py:2025: UserWarning: for vision_model.encoder.layers.22.mlp.fc2.bias: copying from a non-meta parameter in the checkpoint to a meta parameter in the current model, which is a no-op. (Did you mean to pass `assign=True` to assign items in the state dictionary to their corresponding key in the module instead of copying them in place?)
  warnings.warn(f'for {key}: copying from a non-meta parameter in the checkpoint to a meta '
/data/takhyun03/anaconda3/envs/lmms_llavavideo/lib/python3.11/site-packages/torch/nn/modules/module.py:2025: UserWarning: for vision_model.encoder.layers.22.layer_norm2.weight: copying from a non-meta parameter in the checkpoint to a meta parameter in the current model, which is a no-op. (Did you mean to pass `assign=True` to assign items in the state dictionary to their corresponding key in the module instead of copying them in place?)
  warnings.warn(f'for {key}: copying from a non-meta parameter in the checkpoint to a meta '
/data/takhyun03/anaconda3/envs/lmms_llavavideo/lib/python3.11/site-packages/torch/nn/modules/module.py:2025: UserWarning: for vision_model.encoder.layers.22.layer_norm2.bias: copying from a non-meta parameter in the checkpoint to a meta parameter in the current model, which is a no-op. (Did you mean to pass `assign=True` to assign items in the state dictionary to their corresponding key in the module instead of copying them in place?)
  warnings.warn(f'for {key}: copying from a non-meta parameter in the checkpoint to a meta '
/data/takhyun03/anaconda3/envs/lmms_llavavideo/lib/python3.11/site-packages/torch/nn/modules/module.py:2025: UserWarning: for vision_model.encoder.layers.23.self_attn.k_proj.weight: copying from a non-meta parameter in the checkpoint to a meta parameter in the current model, which is a no-op. (Did you mean to pass `assign=True` to assign items in the state dictionary to their corresponding key in the module instead of copying them in place?)
  warnings.warn(f'for {key}: copying from a non-meta parameter in the checkpoint to a meta '
/data/takhyun03/anaconda3/envs/lmms_llavavideo/lib/python3.11/site-packages/torch/nn/modules/module.py:2025: UserWarning: for vision_model.encoder.layers.23.self_attn.k_proj.bias: copying from a non-meta parameter in the checkpoint to a meta parameter in the current model, which is a no-op. (Did you mean to pass `assign=True` to assign items in the state dictionary to their corresponding key in the module instead of copying them in place?)
  warnings.warn(f'for {key}: copying from a non-meta parameter in the checkpoint to a meta '
/data/takhyun03/anaconda3/envs/lmms_llavavideo/lib/python3.11/site-packages/torch/nn/modules/module.py:2025: UserWarning: for vision_model.encoder.layers.23.self_attn.v_proj.weight: copying from a non-meta parameter in the checkpoint to a meta parameter in the current model, which is a no-op. (Did you mean to pass `assign=True` to assign items in the state dictionary to their corresponding key in the module instead of copying them in place?)
  warnings.warn(f'for {key}: copying from a non-meta parameter in the checkpoint to a meta '
/data/takhyun03/anaconda3/envs/lmms_llavavideo/lib/python3.11/site-packages/torch/nn/modules/module.py:2025: UserWarning: for vision_model.encoder.layers.23.self_attn.v_proj.bias: copying from a non-meta parameter in the checkpoint to a meta parameter in the current model, which is a no-op. (Did you mean to pass `assign=True` to assign items in the state dictionary to their corresponding key in the module instead of copying them in place?)
  warnings.warn(f'for {key}: copying from a non-meta parameter in the checkpoint to a meta '
/data/takhyun03/anaconda3/envs/lmms_llavavideo/lib/python3.11/site-packages/torch/nn/modules/module.py:2025: UserWarning: for vision_model.encoder.layers.23.self_attn.q_proj.weight: copying from a non-meta parameter in the checkpoint to a meta parameter in the current model, which is a no-op. (Did you mean to pass `assign=True` to assign items in the state dictionary to their corresponding key in the module instead of copying them in place?)
  warnings.warn(f'for {key}: copying from a non-meta parameter in the checkpoint to a meta '
/data/takhyun03/anaconda3/envs/lmms_llavavideo/lib/python3.11/site-packages/torch/nn/modules/module.py:2025: UserWarning: for vision_model.encoder.layers.23.self_attn.q_proj.bias: copying from a non-meta parameter in the checkpoint to a meta parameter in the current model, which is a no-op. (Did you mean to pass `assign=True` to assign items in the state dictionary to their corresponding key in the module instead of copying them in place?)
  warnings.warn(f'for {key}: copying from a non-meta parameter in the checkpoint to a meta '
/data/takhyun03/anaconda3/envs/lmms_llavavideo/lib/python3.11/site-packages/torch/nn/modules/module.py:2025: UserWarning: for vision_model.encoder.layers.23.self_attn.out_proj.weight: copying from a non-meta parameter in the checkpoint to a meta parameter in the current model, which is a no-op. (Did you mean to pass `assign=True` to assign items in the state dictionary to their corresponding key in the module instead of copying them in place?)
  warnings.warn(f'for {key}: copying from a non-meta parameter in the checkpoint to a meta '
/data/takhyun03/anaconda3/envs/lmms_llavavideo/lib/python3.11/site-packages/torch/nn/modules/module.py:2025: UserWarning: for vision_model.encoder.layers.23.self_attn.out_proj.bias: copying from a non-meta parameter in the checkpoint to a meta parameter in the current model, which is a no-op. (Did you mean to pass `assign=True` to assign items in the state dictionary to their corresponding key in the module instead of copying them in place?)
  warnings.warn(f'for {key}: copying from a non-meta parameter in the checkpoint to a meta '
/data/takhyun03/anaconda3/envs/lmms_llavavideo/lib/python3.11/site-packages/torch/nn/modules/module.py:2025: UserWarning: for vision_model.encoder.layers.23.layer_norm1.weight: copying from a non-meta parameter in the checkpoint to a meta parameter in the current model, which is a no-op. (Did you mean to pass `assign=True` to assign items in the state dictionary to their corresponding key in the module instead of copying them in place?)
  warnings.warn(f'for {key}: copying from a non-meta parameter in the checkpoint to a meta '
/data/takhyun03/anaconda3/envs/lmms_llavavideo/lib/python3.11/site-packages/torch/nn/modules/module.py:2025: UserWarning: for vision_model.encoder.layers.23.layer_norm1.bias: copying from a non-meta parameter in the checkpoint to a meta parameter in the current model, which is a no-op. (Did you mean to pass `assign=True` to assign items in the state dictionary to their corresponding key in the module instead of copying them in place?)
  warnings.warn(f'for {key}: copying from a non-meta parameter in the checkpoint to a meta '
/data/takhyun03/anaconda3/envs/lmms_llavavideo/lib/python3.11/site-packages/torch/nn/modules/module.py:2025: UserWarning: for vision_model.encoder.layers.23.mlp.fc1.weight: copying from a non-meta parameter in the checkpoint to a meta parameter in the current model, which is a no-op. (Did you mean to pass `assign=True` to assign items in the state dictionary to their corresponding key in the module instead of copying them in place?)
  warnings.warn(f'for {key}: copying from a non-meta parameter in the checkpoint to a meta '
/data/takhyun03/anaconda3/envs/lmms_llavavideo/lib/python3.11/site-packages/torch/nn/modules/module.py:2025: UserWarning: for vision_model.encoder.layers.23.mlp.fc1.bias: copying from a non-meta parameter in the checkpoint to a meta parameter in the current model, which is a no-op. (Did you mean to pass `assign=True` to assign items in the state dictionary to their corresponding key in the module instead of copying them in place?)
  warnings.warn(f'for {key}: copying from a non-meta parameter in the checkpoint to a meta '
/data/takhyun03/anaconda3/envs/lmms_llavavideo/lib/python3.11/site-packages/torch/nn/modules/module.py:2025: UserWarning: for vision_model.encoder.layers.23.mlp.fc2.weight: copying from a non-meta parameter in the checkpoint to a meta parameter in the current model, which is a no-op. (Did you mean to pass `assign=True` to assign items in the state dictionary to their corresponding key in the module instead of copying them in place?)
  warnings.warn(f'for {key}: copying from a non-meta parameter in the checkpoint to a meta '
/data/takhyun03/anaconda3/envs/lmms_llavavideo/lib/python3.11/site-packages/torch/nn/modules/module.py:2025: UserWarning: for vision_model.encoder.layers.23.mlp.fc2.bias: copying from a non-meta parameter in the checkpoint to a meta parameter in the current model, which is a no-op. (Did you mean to pass `assign=True` to assign items in the state dictionary to their corresponding key in the module instead of copying them in place?)
  warnings.warn(f'for {key}: copying from a non-meta parameter in the checkpoint to a meta '
/data/takhyun03/anaconda3/envs/lmms_llavavideo/lib/python3.11/site-packages/torch/nn/modules/module.py:2025: UserWarning: for vision_model.encoder.layers.23.layer_norm2.weight: copying from a non-meta parameter in the checkpoint to a meta parameter in the current model, which is a no-op. (Did you mean to pass `assign=True` to assign items in the state dictionary to their corresponding key in the module instead of copying them in place?)
  warnings.warn(f'for {key}: copying from a non-meta parameter in the checkpoint to a meta '
/data/takhyun03/anaconda3/envs/lmms_llavavideo/lib/python3.11/site-packages/torch/nn/modules/module.py:2025: UserWarning: for vision_model.encoder.layers.23.layer_norm2.bias: copying from a non-meta parameter in the checkpoint to a meta parameter in the current model, which is a no-op. (Did you mean to pass `assign=True` to assign items in the state dictionary to their corresponding key in the module instead of copying them in place?)
  warnings.warn(f'for {key}: copying from a non-meta parameter in the checkpoint to a meta '
/data/takhyun03/anaconda3/envs/lmms_llavavideo/lib/python3.11/site-packages/torch/nn/modules/module.py:2025: UserWarning: for vision_model.encoder.layers.24.self_attn.k_proj.weight: copying from a non-meta parameter in the checkpoint to a meta parameter in the current model, which is a no-op. (Did you mean to pass `assign=True` to assign items in the state dictionary to their corresponding key in the module instead of copying them in place?)
  warnings.warn(f'for {key}: copying from a non-meta parameter in the checkpoint to a meta '
/data/takhyun03/anaconda3/envs/lmms_llavavideo/lib/python3.11/site-packages/torch/nn/modules/module.py:2025: UserWarning: for vision_model.encoder.layers.24.self_attn.k_proj.bias: copying from a non-meta parameter in the checkpoint to a meta parameter in the current model, which is a no-op. (Did you mean to pass `assign=True` to assign items in the state dictionary to their corresponding key in the module instead of copying them in place?)
  warnings.warn(f'for {key}: copying from a non-meta parameter in the checkpoint to a meta '
/data/takhyun03/anaconda3/envs/lmms_llavavideo/lib/python3.11/site-packages/torch/nn/modules/module.py:2025: UserWarning: for vision_model.encoder.layers.24.self_attn.v_proj.weight: copying from a non-meta parameter in the checkpoint to a meta parameter in the current model, which is a no-op. (Did you mean to pass `assign=True` to assign items in the state dictionary to their corresponding key in the module instead of copying them in place?)
  warnings.warn(f'for {key}: copying from a non-meta parameter in the checkpoint to a meta '
/data/takhyun03/anaconda3/envs/lmms_llavavideo/lib/python3.11/site-packages/torch/nn/modules/module.py:2025: UserWarning: for vision_model.encoder.layers.24.self_attn.v_proj.bias: copying from a non-meta parameter in the checkpoint to a meta parameter in the current model, which is a no-op. (Did you mean to pass `assign=True` to assign items in the state dictionary to their corresponding key in the module instead of copying them in place?)
  warnings.warn(f'for {key}: copying from a non-meta parameter in the checkpoint to a meta '
/data/takhyun03/anaconda3/envs/lmms_llavavideo/lib/python3.11/site-packages/torch/nn/modules/module.py:2025: UserWarning: for vision_model.encoder.layers.24.self_attn.q_proj.weight: copying from a non-meta parameter in the checkpoint to a meta parameter in the current model, which is a no-op. (Did you mean to pass `assign=True` to assign items in the state dictionary to their corresponding key in the module instead of copying them in place?)
  warnings.warn(f'for {key}: copying from a non-meta parameter in the checkpoint to a meta '
/data/takhyun03/anaconda3/envs/lmms_llavavideo/lib/python3.11/site-packages/torch/nn/modules/module.py:2025: UserWarning: for vision_model.encoder.layers.24.self_attn.q_proj.bias: copying from a non-meta parameter in the checkpoint to a meta parameter in the current model, which is a no-op. (Did you mean to pass `assign=True` to assign items in the state dictionary to their corresponding key in the module instead of copying them in place?)
  warnings.warn(f'for {key}: copying from a non-meta parameter in the checkpoint to a meta '
/data/takhyun03/anaconda3/envs/lmms_llavavideo/lib/python3.11/site-packages/torch/nn/modules/module.py:2025: UserWarning: for vision_model.encoder.layers.24.self_attn.out_proj.weight: copying from a non-meta parameter in the checkpoint to a meta parameter in the current model, which is a no-op. (Did you mean to pass `assign=True` to assign items in the state dictionary to their corresponding key in the module instead of copying them in place?)
  warnings.warn(f'for {key}: copying from a non-meta parameter in the checkpoint to a meta '
/data/takhyun03/anaconda3/envs/lmms_llavavideo/lib/python3.11/site-packages/torch/nn/modules/module.py:2025: UserWarning: for vision_model.encoder.layers.24.self_attn.out_proj.bias: copying from a non-meta parameter in the checkpoint to a meta parameter in the current model, which is a no-op. (Did you mean to pass `assign=True` to assign items in the state dictionary to their corresponding key in the module instead of copying them in place?)
  warnings.warn(f'for {key}: copying from a non-meta parameter in the checkpoint to a meta '
/data/takhyun03/anaconda3/envs/lmms_llavavideo/lib/python3.11/site-packages/torch/nn/modules/module.py:2025: UserWarning: for vision_model.encoder.layers.24.layer_norm1.weight: copying from a non-meta parameter in the checkpoint to a meta parameter in the current model, which is a no-op. (Did you mean to pass `assign=True` to assign items in the state dictionary to their corresponding key in the module instead of copying them in place?)
  warnings.warn(f'for {key}: copying from a non-meta parameter in the checkpoint to a meta '
/data/takhyun03/anaconda3/envs/lmms_llavavideo/lib/python3.11/site-packages/torch/nn/modules/module.py:2025: UserWarning: for vision_model.encoder.layers.24.layer_norm1.bias: copying from a non-meta parameter in the checkpoint to a meta parameter in the current model, which is a no-op. (Did you mean to pass `assign=True` to assign items in the state dictionary to their corresponding key in the module instead of copying them in place?)
  warnings.warn(f'for {key}: copying from a non-meta parameter in the checkpoint to a meta '
/data/takhyun03/anaconda3/envs/lmms_llavavideo/lib/python3.11/site-packages/torch/nn/modules/module.py:2025: UserWarning: for vision_model.encoder.layers.24.mlp.fc1.weight: copying from a non-meta parameter in the checkpoint to a meta parameter in the current model, which is a no-op. (Did you mean to pass `assign=True` to assign items in the state dictionary to their corresponding key in the module instead of copying them in place?)
  warnings.warn(f'for {key}: copying from a non-meta parameter in the checkpoint to a meta '
/data/takhyun03/anaconda3/envs/lmms_llavavideo/lib/python3.11/site-packages/torch/nn/modules/module.py:2025: UserWarning: for vision_model.encoder.layers.24.mlp.fc1.bias: copying from a non-meta parameter in the checkpoint to a meta parameter in the current model, which is a no-op. (Did you mean to pass `assign=True` to assign items in the state dictionary to their corresponding key in the module instead of copying them in place?)
  warnings.warn(f'for {key}: copying from a non-meta parameter in the checkpoint to a meta '
/data/takhyun03/anaconda3/envs/lmms_llavavideo/lib/python3.11/site-packages/torch/nn/modules/module.py:2025: UserWarning: for vision_model.encoder.layers.24.mlp.fc2.weight: copying from a non-meta parameter in the checkpoint to a meta parameter in the current model, which is a no-op. (Did you mean to pass `assign=True` to assign items in the state dictionary to their corresponding key in the module instead of copying them in place?)
  warnings.warn(f'for {key}: copying from a non-meta parameter in the checkpoint to a meta '
/data/takhyun03/anaconda3/envs/lmms_llavavideo/lib/python3.11/site-packages/torch/nn/modules/module.py:2025: UserWarning: for vision_model.encoder.layers.24.mlp.fc2.bias: copying from a non-meta parameter in the checkpoint to a meta parameter in the current model, which is a no-op. (Did you mean to pass `assign=True` to assign items in the state dictionary to their corresponding key in the module instead of copying them in place?)
  warnings.warn(f'for {key}: copying from a non-meta parameter in the checkpoint to a meta '
/data/takhyun03/anaconda3/envs/lmms_llavavideo/lib/python3.11/site-packages/torch/nn/modules/module.py:2025: UserWarning: for vision_model.encoder.layers.24.layer_norm2.weight: copying from a non-meta parameter in the checkpoint to a meta parameter in the current model, which is a no-op. (Did you mean to pass `assign=True` to assign items in the state dictionary to their corresponding key in the module instead of copying them in place?)
  warnings.warn(f'for {key}: copying from a non-meta parameter in the checkpoint to a meta '
/data/takhyun03/anaconda3/envs/lmms_llavavideo/lib/python3.11/site-packages/torch/nn/modules/module.py:2025: UserWarning: for vision_model.encoder.layers.24.layer_norm2.bias: copying from a non-meta parameter in the checkpoint to a meta parameter in the current model, which is a no-op. (Did you mean to pass `assign=True` to assign items in the state dictionary to their corresponding key in the module instead of copying them in place?)
  warnings.warn(f'for {key}: copying from a non-meta parameter in the checkpoint to a meta '
/data/takhyun03/anaconda3/envs/lmms_llavavideo/lib/python3.11/site-packages/torch/nn/modules/module.py:2025: UserWarning: for vision_model.encoder.layers.25.self_attn.k_proj.weight: copying from a non-meta parameter in the checkpoint to a meta parameter in the current model, which is a no-op. (Did you mean to pass `assign=True` to assign items in the state dictionary to their corresponding key in the module instead of copying them in place?)
  warnings.warn(f'for {key}: copying from a non-meta parameter in the checkpoint to a meta '
/data/takhyun03/anaconda3/envs/lmms_llavavideo/lib/python3.11/site-packages/torch/nn/modules/module.py:2025: UserWarning: for vision_model.encoder.layers.25.self_attn.k_proj.bias: copying from a non-meta parameter in the checkpoint to a meta parameter in the current model, which is a no-op. (Did you mean to pass `assign=True` to assign items in the state dictionary to their corresponding key in the module instead of copying them in place?)
  warnings.warn(f'for {key}: copying from a non-meta parameter in the checkpoint to a meta '
/data/takhyun03/anaconda3/envs/lmms_llavavideo/lib/python3.11/site-packages/torch/nn/modules/module.py:2025: UserWarning: for vision_model.encoder.layers.25.self_attn.v_proj.weight: copying from a non-meta parameter in the checkpoint to a meta parameter in the current model, which is a no-op. (Did you mean to pass `assign=True` to assign items in the state dictionary to their corresponding key in the module instead of copying them in place?)
  warnings.warn(f'for {key}: copying from a non-meta parameter in the checkpoint to a meta '
/data/takhyun03/anaconda3/envs/lmms_llavavideo/lib/python3.11/site-packages/torch/nn/modules/module.py:2025: UserWarning: for vision_model.encoder.layers.25.self_attn.v_proj.bias: copying from a non-meta parameter in the checkpoint to a meta parameter in the current model, which is a no-op. (Did you mean to pass `assign=True` to assign items in the state dictionary to their corresponding key in the module instead of copying them in place?)
  warnings.warn(f'for {key}: copying from a non-meta parameter in the checkpoint to a meta '
/data/takhyun03/anaconda3/envs/lmms_llavavideo/lib/python3.11/site-packages/torch/nn/modules/module.py:2025: UserWarning: for vision_model.encoder.layers.25.self_attn.q_proj.weight: copying from a non-meta parameter in the checkpoint to a meta parameter in the current model, which is a no-op. (Did you mean to pass `assign=True` to assign items in the state dictionary to their corresponding key in the module instead of copying them in place?)
  warnings.warn(f'for {key}: copying from a non-meta parameter in the checkpoint to a meta '
/data/takhyun03/anaconda3/envs/lmms_llavavideo/lib/python3.11/site-packages/torch/nn/modules/module.py:2025: UserWarning: for vision_model.encoder.layers.25.self_attn.q_proj.bias: copying from a non-meta parameter in the checkpoint to a meta parameter in the current model, which is a no-op. (Did you mean to pass `assign=True` to assign items in the state dictionary to their corresponding key in the module instead of copying them in place?)
  warnings.warn(f'for {key}: copying from a non-meta parameter in the checkpoint to a meta '
/data/takhyun03/anaconda3/envs/lmms_llavavideo/lib/python3.11/site-packages/torch/nn/modules/module.py:2025: UserWarning: for vision_model.encoder.layers.25.self_attn.out_proj.weight: copying from a non-meta parameter in the checkpoint to a meta parameter in the current model, which is a no-op. (Did you mean to pass `assign=True` to assign items in the state dictionary to their corresponding key in the module instead of copying them in place?)
  warnings.warn(f'for {key}: copying from a non-meta parameter in the checkpoint to a meta '
/data/takhyun03/anaconda3/envs/lmms_llavavideo/lib/python3.11/site-packages/torch/nn/modules/module.py:2025: UserWarning: for vision_model.encoder.layers.25.self_attn.out_proj.bias: copying from a non-meta parameter in the checkpoint to a meta parameter in the current model, which is a no-op. (Did you mean to pass `assign=True` to assign items in the state dictionary to their corresponding key in the module instead of copying them in place?)
  warnings.warn(f'for {key}: copying from a non-meta parameter in the checkpoint to a meta '
/data/takhyun03/anaconda3/envs/lmms_llavavideo/lib/python3.11/site-packages/torch/nn/modules/module.py:2025: UserWarning: for vision_model.encoder.layers.25.layer_norm1.weight: copying from a non-meta parameter in the checkpoint to a meta parameter in the current model, which is a no-op. (Did you mean to pass `assign=True` to assign items in the state dictionary to their corresponding key in the module instead of copying them in place?)
  warnings.warn(f'for {key}: copying from a non-meta parameter in the checkpoint to a meta '
/data/takhyun03/anaconda3/envs/lmms_llavavideo/lib/python3.11/site-packages/torch/nn/modules/module.py:2025: UserWarning: for vision_model.encoder.layers.25.layer_norm1.bias: copying from a non-meta parameter in the checkpoint to a meta parameter in the current model, which is a no-op. (Did you mean to pass `assign=True` to assign items in the state dictionary to their corresponding key in the module instead of copying them in place?)
  warnings.warn(f'for {key}: copying from a non-meta parameter in the checkpoint to a meta '
/data/takhyun03/anaconda3/envs/lmms_llavavideo/lib/python3.11/site-packages/torch/nn/modules/module.py:2025: UserWarning: for vision_model.encoder.layers.25.mlp.fc1.weight: copying from a non-meta parameter in the checkpoint to a meta parameter in the current model, which is a no-op. (Did you mean to pass `assign=True` to assign items in the state dictionary to their corresponding key in the module instead of copying them in place?)
  warnings.warn(f'for {key}: copying from a non-meta parameter in the checkpoint to a meta '
/data/takhyun03/anaconda3/envs/lmms_llavavideo/lib/python3.11/site-packages/torch/nn/modules/module.py:2025: UserWarning: for vision_model.encoder.layers.25.mlp.fc1.bias: copying from a non-meta parameter in the checkpoint to a meta parameter in the current model, which is a no-op. (Did you mean to pass `assign=True` to assign items in the state dictionary to their corresponding key in the module instead of copying them in place?)
  warnings.warn(f'for {key}: copying from a non-meta parameter in the checkpoint to a meta '
/data/takhyun03/anaconda3/envs/lmms_llavavideo/lib/python3.11/site-packages/torch/nn/modules/module.py:2025: UserWarning: for vision_model.encoder.layers.25.mlp.fc2.weight: copying from a non-meta parameter in the checkpoint to a meta parameter in the current model, which is a no-op. (Did you mean to pass `assign=True` to assign items in the state dictionary to their corresponding key in the module instead of copying them in place?)
  warnings.warn(f'for {key}: copying from a non-meta parameter in the checkpoint to a meta '
/data/takhyun03/anaconda3/envs/lmms_llavavideo/lib/python3.11/site-packages/torch/nn/modules/module.py:2025: UserWarning: for vision_model.encoder.layers.25.mlp.fc2.bias: copying from a non-meta parameter in the checkpoint to a meta parameter in the current model, which is a no-op. (Did you mean to pass `assign=True` to assign items in the state dictionary to their corresponding key in the module instead of copying them in place?)
  warnings.warn(f'for {key}: copying from a non-meta parameter in the checkpoint to a meta '
/data/takhyun03/anaconda3/envs/lmms_llavavideo/lib/python3.11/site-packages/torch/nn/modules/module.py:2025: UserWarning: for vision_model.encoder.layers.25.layer_norm2.weight: copying from a non-meta parameter in the checkpoint to a meta parameter in the current model, which is a no-op. (Did you mean to pass `assign=True` to assign items in the state dictionary to their corresponding key in the module instead of copying them in place?)
  warnings.warn(f'for {key}: copying from a non-meta parameter in the checkpoint to a meta '
/data/takhyun03/anaconda3/envs/lmms_llavavideo/lib/python3.11/site-packages/torch/nn/modules/module.py:2025: UserWarning: for vision_model.encoder.layers.25.layer_norm2.bias: copying from a non-meta parameter in the checkpoint to a meta parameter in the current model, which is a no-op. (Did you mean to pass `assign=True` to assign items in the state dictionary to their corresponding key in the module instead of copying them in place?)
  warnings.warn(f'for {key}: copying from a non-meta parameter in the checkpoint to a meta '
/data/takhyun03/anaconda3/envs/lmms_llavavideo/lib/python3.11/site-packages/torch/nn/modules/module.py:2025: UserWarning: for vision_model.encoder.layers.26.self_attn.k_proj.weight: copying from a non-meta parameter in the checkpoint to a meta parameter in the current model, which is a no-op. (Did you mean to pass `assign=True` to assign items in the state dictionary to their corresponding key in the module instead of copying them in place?)
  warnings.warn(f'for {key}: copying from a non-meta parameter in the checkpoint to a meta '
/data/takhyun03/anaconda3/envs/lmms_llavavideo/lib/python3.11/site-packages/torch/nn/modules/module.py:2025: UserWarning: for vision_model.encoder.layers.26.self_attn.k_proj.bias: copying from a non-meta parameter in the checkpoint to a meta parameter in the current model, which is a no-op. (Did you mean to pass `assign=True` to assign items in the state dictionary to their corresponding key in the module instead of copying them in place?)
  warnings.warn(f'for {key}: copying from a non-meta parameter in the checkpoint to a meta '
/data/takhyun03/anaconda3/envs/lmms_llavavideo/lib/python3.11/site-packages/torch/nn/modules/module.py:2025: UserWarning: for vision_model.encoder.layers.26.self_attn.v_proj.weight: copying from a non-meta parameter in the checkpoint to a meta parameter in the current model, which is a no-op. (Did you mean to pass `assign=True` to assign items in the state dictionary to their corresponding key in the module instead of copying them in place?)
  warnings.warn(f'for {key}: copying from a non-meta parameter in the checkpoint to a meta '
/data/takhyun03/anaconda3/envs/lmms_llavavideo/lib/python3.11/site-packages/torch/nn/modules/module.py:2025: UserWarning: for vision_model.encoder.layers.26.self_attn.v_proj.bias: copying from a non-meta parameter in the checkpoint to a meta parameter in the current model, which is a no-op. (Did you mean to pass `assign=True` to assign items in the state dictionary to their corresponding key in the module instead of copying them in place?)
  warnings.warn(f'for {key}: copying from a non-meta parameter in the checkpoint to a meta '
/data/takhyun03/anaconda3/envs/lmms_llavavideo/lib/python3.11/site-packages/torch/nn/modules/module.py:2025: UserWarning: for vision_model.encoder.layers.26.self_attn.q_proj.weight: copying from a non-meta parameter in the checkpoint to a meta parameter in the current model, which is a no-op. (Did you mean to pass `assign=True` to assign items in the state dictionary to their corresponding key in the module instead of copying them in place?)
  warnings.warn(f'for {key}: copying from a non-meta parameter in the checkpoint to a meta '
/data/takhyun03/anaconda3/envs/lmms_llavavideo/lib/python3.11/site-packages/torch/nn/modules/module.py:2025: UserWarning: for vision_model.encoder.layers.26.self_attn.q_proj.bias: copying from a non-meta parameter in the checkpoint to a meta parameter in the current model, which is a no-op. (Did you mean to pass `assign=True` to assign items in the state dictionary to their corresponding key in the module instead of copying them in place?)
  warnings.warn(f'for {key}: copying from a non-meta parameter in the checkpoint to a meta '
/data/takhyun03/anaconda3/envs/lmms_llavavideo/lib/python3.11/site-packages/torch/nn/modules/module.py:2025: UserWarning: for vision_model.encoder.layers.26.self_attn.out_proj.weight: copying from a non-meta parameter in the checkpoint to a meta parameter in the current model, which is a no-op. (Did you mean to pass `assign=True` to assign items in the state dictionary to their corresponding key in the module instead of copying them in place?)
  warnings.warn(f'for {key}: copying from a non-meta parameter in the checkpoint to a meta '
/data/takhyun03/anaconda3/envs/lmms_llavavideo/lib/python3.11/site-packages/torch/nn/modules/module.py:2025: UserWarning: for vision_model.encoder.layers.26.self_attn.out_proj.bias: copying from a non-meta parameter in the checkpoint to a meta parameter in the current model, which is a no-op. (Did you mean to pass `assign=True` to assign items in the state dictionary to their corresponding key in the module instead of copying them in place?)
  warnings.warn(f'for {key}: copying from a non-meta parameter in the checkpoint to a meta '
/data/takhyun03/anaconda3/envs/lmms_llavavideo/lib/python3.11/site-packages/torch/nn/modules/module.py:2025: UserWarning: for vision_model.encoder.layers.26.layer_norm1.weight: copying from a non-meta parameter in the checkpoint to a meta parameter in the current model, which is a no-op. (Did you mean to pass `assign=True` to assign items in the state dictionary to their corresponding key in the module instead of copying them in place?)
  warnings.warn(f'for {key}: copying from a non-meta parameter in the checkpoint to a meta '
/data/takhyun03/anaconda3/envs/lmms_llavavideo/lib/python3.11/site-packages/torch/nn/modules/module.py:2025: UserWarning: for vision_model.encoder.layers.26.layer_norm1.bias: copying from a non-meta parameter in the checkpoint to a meta parameter in the current model, which is a no-op. (Did you mean to pass `assign=True` to assign items in the state dictionary to their corresponding key in the module instead of copying them in place?)
  warnings.warn(f'for {key}: copying from a non-meta parameter in the checkpoint to a meta '
/data/takhyun03/anaconda3/envs/lmms_llavavideo/lib/python3.11/site-packages/torch/nn/modules/module.py:2025: UserWarning: for vision_model.encoder.layers.26.mlp.fc1.weight: copying from a non-meta parameter in the checkpoint to a meta parameter in the current model, which is a no-op. (Did you mean to pass `assign=True` to assign items in the state dictionary to their corresponding key in the module instead of copying them in place?)
  warnings.warn(f'for {key}: copying from a non-meta parameter in the checkpoint to a meta '
/data/takhyun03/anaconda3/envs/lmms_llavavideo/lib/python3.11/site-packages/torch/nn/modules/module.py:2025: UserWarning: for vision_model.encoder.layers.26.mlp.fc1.bias: copying from a non-meta parameter in the checkpoint to a meta parameter in the current model, which is a no-op. (Did you mean to pass `assign=True` to assign items in the state dictionary to their corresponding key in the module instead of copying them in place?)
  warnings.warn(f'for {key}: copying from a non-meta parameter in the checkpoint to a meta '
/data/takhyun03/anaconda3/envs/lmms_llavavideo/lib/python3.11/site-packages/torch/nn/modules/module.py:2025: UserWarning: for vision_model.encoder.layers.26.mlp.fc2.weight: copying from a non-meta parameter in the checkpoint to a meta parameter in the current model, which is a no-op. (Did you mean to pass `assign=True` to assign items in the state dictionary to their corresponding key in the module instead of copying them in place?)
  warnings.warn(f'for {key}: copying from a non-meta parameter in the checkpoint to a meta '
/data/takhyun03/anaconda3/envs/lmms_llavavideo/lib/python3.11/site-packages/torch/nn/modules/module.py:2025: UserWarning: for vision_model.encoder.layers.26.mlp.fc2.bias: copying from a non-meta parameter in the checkpoint to a meta parameter in the current model, which is a no-op. (Did you mean to pass `assign=True` to assign items in the state dictionary to their corresponding key in the module instead of copying them in place?)
  warnings.warn(f'for {key}: copying from a non-meta parameter in the checkpoint to a meta '
/data/takhyun03/anaconda3/envs/lmms_llavavideo/lib/python3.11/site-packages/torch/nn/modules/module.py:2025: UserWarning: for vision_model.encoder.layers.26.layer_norm2.weight: copying from a non-meta parameter in the checkpoint to a meta parameter in the current model, which is a no-op. (Did you mean to pass `assign=True` to assign items in the state dictionary to their corresponding key in the module instead of copying them in place?)
  warnings.warn(f'for {key}: copying from a non-meta parameter in the checkpoint to a meta '
/data/takhyun03/anaconda3/envs/lmms_llavavideo/lib/python3.11/site-packages/torch/nn/modules/module.py:2025: UserWarning: for vision_model.encoder.layers.26.layer_norm2.bias: copying from a non-meta parameter in the checkpoint to a meta parameter in the current model, which is a no-op. (Did you mean to pass `assign=True` to assign items in the state dictionary to their corresponding key in the module instead of copying them in place?)
  warnings.warn(f'for {key}: copying from a non-meta parameter in the checkpoint to a meta '
/data/takhyun03/anaconda3/envs/lmms_llavavideo/lib/python3.11/site-packages/torch/nn/modules/module.py:2025: UserWarning: for vision_model.post_layernorm.weight: copying from a non-meta parameter in the checkpoint to a meta parameter in the current model, which is a no-op. (Did you mean to pass `assign=True` to assign items in the state dictionary to their corresponding key in the module instead of copying them in place?)
  warnings.warn(f'for {key}: copying from a non-meta parameter in the checkpoint to a meta '
/data/takhyun03/anaconda3/envs/lmms_llavavideo/lib/python3.11/site-packages/torch/nn/modules/module.py:2025: UserWarning: for vision_model.post_layernorm.bias: copying from a non-meta parameter in the checkpoint to a meta parameter in the current model, which is a no-op. (Did you mean to pass `assign=True` to assign items in the state dictionary to their corresponding key in the module instead of copying them in place?)
  warnings.warn(f'for {key}: copying from a non-meta parameter in the checkpoint to a meta '
/data/takhyun03/anaconda3/envs/lmms_llavavideo/lib/python3.11/site-packages/torch/nn/modules/module.py:2025: UserWarning: for vision_model.head.probe: copying from a non-meta parameter in the checkpoint to a meta parameter in the current model, which is a no-op. (Did you mean to pass `assign=True` to assign items in the state dictionary to their corresponding key in the module instead of copying them in place?)
  warnings.warn(f'for {key}: copying from a non-meta parameter in the checkpoint to a meta '
/data/takhyun03/anaconda3/envs/lmms_llavavideo/lib/python3.11/site-packages/torch/nn/modules/module.py:2025: UserWarning: for vision_model.head.attention.in_proj_weight: copying from a non-meta parameter in the checkpoint to a meta parameter in the current model, which is a no-op. (Did you mean to pass `assign=True` to assign items in the state dictionary to their corresponding key in the module instead of copying them in place?)
  warnings.warn(f'for {key}: copying from a non-meta parameter in the checkpoint to a meta '
/data/takhyun03/anaconda3/envs/lmms_llavavideo/lib/python3.11/site-packages/torch/nn/modules/module.py:2025: UserWarning: for vision_model.head.attention.in_proj_bias: copying from a non-meta parameter in the checkpoint to a meta parameter in the current model, which is a no-op. (Did you mean to pass `assign=True` to assign items in the state dictionary to their corresponding key in the module instead of copying them in place?)
  warnings.warn(f'for {key}: copying from a non-meta parameter in the checkpoint to a meta '
/data/takhyun03/anaconda3/envs/lmms_llavavideo/lib/python3.11/site-packages/torch/nn/modules/module.py:2025: UserWarning: for vision_model.head.attention.out_proj.weight: copying from a non-meta parameter in the checkpoint to a meta parameter in the current model, which is a no-op. (Did you mean to pass `assign=True` to assign items in the state dictionary to their corresponding key in the module instead of copying them in place?)
  warnings.warn(f'for {key}: copying from a non-meta parameter in the checkpoint to a meta '
/data/takhyun03/anaconda3/envs/lmms_llavavideo/lib/python3.11/site-packages/torch/nn/modules/module.py:2025: UserWarning: for vision_model.head.attention.out_proj.bias: copying from a non-meta parameter in the checkpoint to a meta parameter in the current model, which is a no-op. (Did you mean to pass `assign=True` to assign items in the state dictionary to their corresponding key in the module instead of copying them in place?)
  warnings.warn(f'for {key}: copying from a non-meta parameter in the checkpoint to a meta '
/data/takhyun03/anaconda3/envs/lmms_llavavideo/lib/python3.11/site-packages/torch/nn/modules/module.py:2025: UserWarning: for vision_model.head.layernorm.weight: copying from a non-meta parameter in the checkpoint to a meta parameter in the current model, which is a no-op. (Did you mean to pass `assign=True` to assign items in the state dictionary to their corresponding key in the module instead of copying them in place?)
  warnings.warn(f'for {key}: copying from a non-meta parameter in the checkpoint to a meta '
/data/takhyun03/anaconda3/envs/lmms_llavavideo/lib/python3.11/site-packages/torch/nn/modules/module.py:2025: UserWarning: for vision_model.head.layernorm.bias: copying from a non-meta parameter in the checkpoint to a meta parameter in the current model, which is a no-op. (Did you mean to pass `assign=True` to assign items in the state dictionary to their corresponding key in the module instead of copying them in place?)
  warnings.warn(f'for {key}: copying from a non-meta parameter in the checkpoint to a meta '
/data/takhyun03/anaconda3/envs/lmms_llavavideo/lib/python3.11/site-packages/torch/nn/modules/module.py:2025: UserWarning: for vision_model.head.mlp.fc1.weight: copying from a non-meta parameter in the checkpoint to a meta parameter in the current model, which is a no-op. (Did you mean to pass `assign=True` to assign items in the state dictionary to their corresponding key in the module instead of copying them in place?)
  warnings.warn(f'for {key}: copying from a non-meta parameter in the checkpoint to a meta '
/data/takhyun03/anaconda3/envs/lmms_llavavideo/lib/python3.11/site-packages/torch/nn/modules/module.py:2025: UserWarning: for vision_model.head.mlp.fc1.bias: copying from a non-meta parameter in the checkpoint to a meta parameter in the current model, which is a no-op. (Did you mean to pass `assign=True` to assign items in the state dictionary to their corresponding key in the module instead of copying them in place?)
  warnings.warn(f'for {key}: copying from a non-meta parameter in the checkpoint to a meta '
/data/takhyun03/anaconda3/envs/lmms_llavavideo/lib/python3.11/site-packages/torch/nn/modules/module.py:2025: UserWarning: for vision_model.head.mlp.fc2.weight: copying from a non-meta parameter in the checkpoint to a meta parameter in the current model, which is a no-op. (Did you mean to pass `assign=True` to assign items in the state dictionary to their corresponding key in the module instead of copying them in place?)
  warnings.warn(f'for {key}: copying from a non-meta parameter in the checkpoint to a meta '
/data/takhyun03/anaconda3/envs/lmms_llavavideo/lib/python3.11/site-packages/torch/nn/modules/module.py:2025: UserWarning: for vision_model.head.mlp.fc2.bias: copying from a non-meta parameter in the checkpoint to a meta parameter in the current model, which is a no-op. (Did you mean to pass `assign=True` to assign items in the state dictionary to their corresponding key in the module instead of copying them in place?)
  warnings.warn(f'for {key}: copying from a non-meta parameter in the checkpoint to a meta '
[load] vanilla
OpenCLIP not installed
[MODEL] Loading: lmms-lab/LLaVA-Video-7B-Qwen2
Loaded LLaVA model: lmms-lab/LLaVA-Video-7B-Qwen2
Loading vision tower: google/siglip-so400m-patch14-384
Loading checkpoint shards:   0%|          | 0/4 [00:00<?, ?it/s]Loading checkpoint shards:  25%|██▌       | 1/4 [00:04<00:12,  4.23s/it]Loading checkpoint shards:  50%|█████     | 2/4 [00:08<00:08,  4.07s/it]Loading checkpoint shards:  75%|███████▌  | 3/4 [00:18<00:06,  6.74s/it]Loading checkpoint shards: 100%|██████████| 4/4 [00:19<00:00,  4.81s/it]Loading checkpoint shards: 100%|██████████| 4/4 [00:19<00:00,  4.99s/it]
Model Class: LlavaQwenForCausalLM
[obj_color] 800 samples
huggingface/tokenizers: The current process just got forked, after parallelism has already been used. Disabling parallelism to avoid deadlocks...
To disable this warning, you can either:
	- Avoid using `tokenizers` before the fork if possible
	- Explicitly set the environment variable TOKENIZERS_PARALLELISM=(true | false)
huggingface/tokenizers: The current process just got forked, after parallelism has already been used. Disabling parallelism to avoid deadlocks...
To disable this warning, you can either:
	- Avoid using `tokenizers` before the fork if possible
	- Explicitly set the environment variable TOKENIZERS_PARALLELISM=(true | false)
huggingface/tokenizers: The current process just got forked, after parallelism has already been used. Disabling parallelism to avoid deadlocks...
To disable this warning, you can either:
	- Avoid using `tokenizers` before the fork if possible
	- Explicitly set the environment variable TOKENIZERS_PARALLELISM=(true | false)
huggingface/tokenizers: The current process just got forked, after parallelism has already been used. Disabling parallelism to avoid deadlocks...
To disable this warning, you can either:
	- Avoid using `tokenizers` before the fork if possible
	- Explicitly set the environment variable TOKENIZERS_PARALLELISM=(true | false)
huggingface/tokenizers: The current process just got forked, after parallelism has already been used. Disabling parallelism to avoid deadlocks...
To disable this warning, you can either:
	- Avoid using `tokenizers` before the fork if possible
	- Explicitly set the environment variable TOKENIZERS_PARALLELISM=(true | false)
huggingface/tokenizers: The current process just got forked, after parallelism has already been used. Disabling parallelism to avoid deadlocks...
To disable this warning, you can either:
	- Avoid using `tokenizers` before the fork if possible
	- Explicitly set the environment variable TOKENIZERS_PARALLELISM=(true | false)
huggingface/tokenizers: The current process just got forked, after parallelism has already been used. Disabling parallelism to avoid deadlocks...
To disable this warning, you can either:
	- Avoid using `tokenizers` before the fork if possible
	- Explicitly set the environment variable TOKENIZERS_PARALLELISM=(true | false)
huggingface/tokenizers: The current process just got forked, after parallelism has already been used. Disabling parallelism to avoid deadlocks...
To disable this warning, you can either:
	- Avoid using `tokenizers` before the fork if possible
	- Explicitly set the environment variable TOKENIZERS_PARALLELISM=(true | false)
obj_color:   0%|          | 0/800 [00:00<?, ?it/s]We detected that you are passing `past_key_values` as a tuple and this is deprecated and will be removed in v4.43. Please use an appropriate `Cache` class (https://huggingface.co/docs/transformers/v4.41.3/en/internal/generation_utils#transformers.Cache)
obj_color:   0%|          | 1/800 [00:02<29:09,  2.19s/it]obj_color:   0%|          | 2/800 [00:03<19:19,  1.45s/it]obj_color:   0%|          | 3/800 [00:04<15:48,  1.19s/it]obj_color:   0%|          | 4/800 [00:04<14:11,  1.07s/it]obj_color:   1%|          | 5/800 [00:05<13:35,  1.03s/it]obj_color:   1%|          | 6/800 [00:06<13:13,  1.00it/s]obj_color:   1%|          | 7/800 [00:07<12:25,  1.06it/s]obj_color:   1%|          | 8/800 [00:08<12:17,  1.07it/s]obj_color:   1%|          | 9/800 [00:09<12:21,  1.07it/s]obj_color:   1%|▏         | 10/800 [00:10<12:19,  1.07it/s]obj_color:   1%|▏         | 11/800 [00:11<11:28,  1.15it/s]obj_color:   2%|▏         | 12/800 [00:12<11:42,  1.12it/s]obj_color:   2%|▏         | 13/800 [00:13<11:52,  1.10it/s]obj_color:   2%|▏         | 14/800 [00:13<11:43,  1.12it/s]obj_color:   2%|▏         | 15/800 [00:14<11:39,  1.12it/s]obj_color:   2%|▏         | 16/800 [00:15<11:50,  1.10it/s]obj_color:   2%|▏         | 17/800 [00:16<11:57,  1.09it/s]obj_color:   2%|▏         | 18/800 [00:17<11:38,  1.12it/s]obj_color:   2%|▏         | 19/800 [00:18<11:45,  1.11it/s]obj_color:   2%|▎         | 20/800 [00:19<11:53,  1.09it/s]obj_color:   3%|▎         | 21/800 [00:20<11:46,  1.10it/s]obj_color:   3%|▎         | 22/800 [00:21<11:42,  1.11it/s]obj_color:   3%|▎         | 23/800 [00:22<11:50,  1.09it/s]obj_color:   3%|▎         | 24/800 [00:23<11:55,  1.08it/s]obj_color:   3%|▎         | 25/800 [00:23<11:25,  1.13it/s]obj_color:   3%|▎         | 26/800 [00:24<11:23,  1.13it/s]obj_color:   3%|▎         | 27/800 [00:25<11:35,  1.11it/s]obj_color:   4%|▎         | 28/800 [00:26<11:43,  1.10it/s]obj_color:   4%|▎         | 29/800 [00:27<11:23,  1.13it/s]obj_color:   4%|▍         | 30/800 [00:28<11:31,  1.11it/s]obj_color:   4%|▍         | 31/800 [00:29<11:38,  1.10it/s]obj_color:   4%|▍         | 32/800 [00:30<11:32,  1.11it/s]obj_color:   4%|▍         | 33/800 [00:31<11:28,  1.11it/s]obj_color:   4%|▍         | 34/800 [00:31<11:37,  1.10it/s]obj_color:   4%|▍         | 35/800 [00:32<11:42,  1.09it/s]obj_color:   4%|▍         | 36/800 [00:33<11:27,  1.11it/s]obj_color:   5%|▍         | 37/800 [00:34<11:28,  1.11it/s]obj_color:   5%|▍         | 38/800 [00:35<11:36,  1.09it/s]obj_color:   5%|▍         | 39/800 [00:36<11:40,  1.09it/s]obj_color:   5%|▌         | 40/800 [00:37<11:07,  1.14it/s]obj_color:   5%|▌         | 41/800 [00:38<11:09,  1.13it/s]obj_color:   5%|▌         | 42/800 [00:39<11:21,  1.11it/s]obj_color:   5%|▌         | 43/800 [00:40<11:28,  1.10it/s]obj_color:   6%|▌         | 44/800 [00:40<11:08,  1.13it/s]obj_color:   6%|▌         | 45/800 [00:41<11:19,  1.11it/s]obj_color:   6%|▌         | 46/800 [00:42<11:26,  1.10it/s]obj_color:   6%|▌         | 47/800 [00:43<11:17,  1.11it/s]obj_color:   6%|▌         | 48/800 [00:44<11:13,  1.12it/s]obj_color:   6%|▌         | 49/800 [00:45<11:22,  1.10it/s]obj_color:   6%|▋         | 50/800 [00:46<11:31,  1.08it/s]obj_color:   6%|▋         | 51/800 [00:47<11:13,  1.11it/s]obj_color:   6%|▋         | 52/800 [00:48<11:17,  1.10it/s]obj_color:   7%|▋         | 53/800 [00:49<11:23,  1.09it/s]obj_color:   7%|▋         | 54/800 [00:50<11:26,  1.09it/s]obj_color:   7%|▋         | 55/800 [00:50<10:49,  1.15it/s]obj_color:   7%|▋         | 56/800 [00:51<10:59,  1.13it/s]obj_color:   7%|▋         | 57/800 [00:52<11:10,  1.11it/s]obj_color:   7%|▋         | 58/800 [00:53<11:08,  1.11it/s]obj_color:   7%|▋         | 59/800 [00:54<11:06,  1.11it/s]obj_color:   8%|▊         | 60/800 [00:55<11:15,  1.10it/s]obj_color:   8%|▊         | 61/800 [00:56<11:20,  1.09it/s]obj_color:   8%|▊         | 62/800 [00:57<11:03,  1.11it/s]obj_color:   8%|▊         | 63/800 [00:58<11:07,  1.10it/s]obj_color:   8%|▊         | 64/800 [00:59<11:14,  1.09it/s]obj_color:   8%|▊         | 65/800 [00:59<11:07,  1.10it/s]obj_color:   8%|▊         | 66/800 [01:00<11:03,  1.11it/s]obj_color:   8%|▊         | 67/800 [01:01<11:11,  1.09it/s]obj_color:   8%|▊         | 68/800 [01:02<11:16,  1.08it/s]obj_color:   9%|▊         | 69/800 [01:03<10:46,  1.13it/s]obj_color:   9%|▉         | 70/800 [01:04<10:45,  1.13it/s]obj_color:   9%|▉         | 71/800 [01:05<10:57,  1.11it/s]obj_color:   9%|▉         | 72/800 [01:06<11:04,  1.10it/s]obj_color:   9%|▉         | 73/800 [01:07<10:51,  1.12it/s]obj_color:   9%|▉         | 74/800 [01:08<10:51,  1.11it/s]obj_color:   9%|▉         | 75/800 [01:09<10:59,  1.10it/s]obj_color:  10%|▉         | 76/800 [01:09<11:03,  1.09it/s]obj_color:  10%|▉         | 77/800 [01:10<10:42,  1.12it/s]obj_color:  10%|▉         | 78/800 [01:11<10:53,  1.11it/s]obj_color:  10%|▉         | 79/800 [01:12<10:59,  1.09it/s]obj_color:  10%|█         | 80/800 [01:13<10:48,  1.11it/s]obj_color:  10%|█         | 81/800 [01:14<10:45,  1.11it/s]obj_color:  10%|█         | 82/800 [01:15<10:54,  1.10it/s]obj_color:  10%|█         | 83/800 [01:16<10:59,  1.09it/s]obj_color:  10%|█         | 84/800 [01:17<10:28,  1.14it/s]obj_color:  11%|█         | 85/800 [01:17<10:32,  1.13it/s]obj_color:  11%|█         | 86/800 [01:18<10:43,  1.11it/s]obj_color:  11%|█         | 87/800 [01:19<10:48,  1.10it/s]obj_color:  11%|█         | 88/800 [01:20<10:29,  1.13it/s]obj_color:  11%|█         | 89/800 [01:21<10:40,  1.11it/s]obj_color:  11%|█▏        | 90/800 [01:22<10:48,  1.10it/s]obj_color:  11%|█▏        | 91/800 [01:23<10:36,  1.11it/s]obj_color:  12%|█▏        | 92/800 [01:24<10:37,  1.11it/s]obj_color:  12%|█▏        | 93/800 [01:25<10:44,  1.10it/s]obj_color:  12%|█▏        | 94/800 [01:26<10:49,  1.09it/s]obj_color:  12%|█▏        | 95/800 [01:27<10:28,  1.12it/s]obj_color:  12%|█▏        | 96/800 [01:27<10:38,  1.10it/s]obj_color:  12%|█▏        | 97/800 [01:28<10:44,  1.09it/s]obj_color:  12%|█▏        | 98/800 [01:29<10:44,  1.09it/s]obj_color:  12%|█▏        | 99/800 [01:30<10:06,  1.16it/s]obj_color:  12%|█▎        | 100/800 [01:31<10:21,  1.13it/s]obj_color:  13%|█▎        | 101/800 [01:32<10:33,  1.10it/s]obj_color:  13%|█▎        | 102/800 [01:33<10:24,  1.12it/s]obj_color:  13%|█▎        | 103/800 [01:34<10:20,  1.12it/s]obj_color:  13%|█▎        | 104/800 [01:35<10:30,  1.10it/s]obj_color:  13%|█▎        | 105/800 [01:36<10:36,  1.09it/s]obj_color:  13%|█▎        | 106/800 [01:36<10:18,  1.12it/s]obj_color:  13%|█▎        | 107/800 [01:37<10:24,  1.11it/s]obj_color:  14%|█▎        | 108/800 [01:38<10:31,  1.10it/s]obj_color:  14%|█▎        | 109/800 [01:39<10:23,  1.11it/s]obj_color:  14%|█▍        | 110/800 [01:40<10:20,  1.11it/s]obj_color:  14%|█▍        | 111/800 [01:41<10:28,  1.10it/s]obj_color:  14%|█▍        | 112/800 [01:42<10:33,  1.09it/s]obj_color:  14%|█▍        | 113/800 [01:43<10:05,  1.14it/s]obj_color:  14%|█▍        | 114/800 [01:44<10:06,  1.13it/s]obj_color:  14%|█▍        | 115/800 [01:45<10:17,  1.11it/s]obj_color:  14%|█▍        | 116/800 [01:45<10:24,  1.10it/s]obj_color:  15%|█▍        | 117/800 [01:46<10:06,  1.13it/s]obj_color:  15%|█▍        | 118/800 [01:47<10:14,  1.11it/s]obj_color:  15%|█▍        | 119/800 [01:48<10:21,  1.10it/s]obj_color:  15%|█▌        | 120/800 [01:49<10:12,  1.11it/s]obj_color:  15%|█▌        | 121/800 [01:50<10:08,  1.12it/s]obj_color:  15%|█▌        | 122/800 [01:51<10:16,  1.10it/s]obj_color:  15%|█▌        | 123/800 [01:52<10:22,  1.09it/s]obj_color:  16%|█▌        | 124/800 [01:53<10:08,  1.11it/s]obj_color:  16%|█▌        | 125/800 [01:54<10:07,  1.11it/s]obj_color:  16%|█▌        | 126/800 [01:55<10:14,  1.10it/s]obj_color:  16%|█▌        | 127/800 [01:55<10:19,  1.09it/s]obj_color:  16%|█▌        | 128/800 [01:56<09:49,  1.14it/s]obj_color:  16%|█▌        | 129/800 [01:57<09:59,  1.12it/s]obj_color:  16%|█▋        | 130/800 [01:58<10:08,  1.10it/s]obj_color:  16%|█▋        | 131/800 [01:59<10:00,  1.11it/s]obj_color:  16%|█▋        | 132/800 [02:00<09:57,  1.12it/s]obj_color:  17%|█▋        | 133/800 [02:01<10:06,  1.10it/s]obj_color:  17%|█▋        | 134/800 [02:02<10:11,  1.09it/s]obj_color:  17%|█▋        | 135/800 [02:03<09:54,  1.12it/s]obj_color:  17%|█▋        | 136/800 [02:04<09:59,  1.11it/s]obj_color:  17%|█▋        | 137/800 [02:04<10:05,  1.09it/s]obj_color:  17%|█▋        | 138/800 [02:05<09:59,  1.10it/s]obj_color:  17%|█▋        | 139/800 [02:06<09:56,  1.11it/s]obj_color:  18%|█▊        | 140/800 [02:07<10:03,  1.09it/s]obj_color:  18%|█▊        | 141/800 [02:08<10:07,  1.09it/s]obj_color:  18%|█▊        | 142/800 [02:09<09:42,  1.13it/s]obj_color:  18%|█▊        | 143/800 [02:10<09:41,  1.13it/s]obj_color:  18%|█▊        | 144/800 [02:11<09:51,  1.11it/s]obj_color:  18%|█▊        | 145/800 [02:12<09:57,  1.10it/s]obj_color:  18%|█▊        | 146/800 [02:13<09:41,  1.12it/s]obj_color:  18%|█▊        | 147/800 [02:13<09:47,  1.11it/s]obj_color:  18%|█▊        | 148/800 [02:14<09:54,  1.10it/s]obj_color:  19%|█▊        | 149/800 [02:15<09:47,  1.11it/s]obj_color:  19%|█▉        | 150/800 [02:16<09:06,  1.19it/s]obj_color:  19%|█▉        | 151/800 [02:17<09:14,  1.17it/s]obj_color:  19%|█▉        | 152/800 [02:18<09:30,  1.14it/s]obj_color:  19%|█▉        | 153/800 [02:19<09:41,  1.11it/s]obj_color:  19%|█▉        | 154/800 [02:20<09:25,  1.14it/s]obj_color:  19%|█▉        | 155/800 [02:20<09:37,  1.12it/s]obj_color:  20%|█▉        | 156/800 [02:21<09:45,  1.10it/s]obj_color:  20%|█▉        | 157/800 [02:22<09:25,  1.14it/s]obj_color:  20%|█▉        | 158/800 [02:23<09:25,  1.13it/s]obj_color:  20%|█▉        | 159/800 [02:24<09:36,  1.11it/s]obj_color:  20%|██        | 160/800 [02:25<09:43,  1.10it/s]obj_color:  20%|██        | 161/800 [02:26<09:27,  1.13it/s]obj_color:  20%|██        | 162/800 [02:27<09:33,  1.11it/s]obj_color:  20%|██        | 163/800 [02:28<09:40,  1.10it/s]obj_color:  20%|██        | 164/800 [02:29<09:41,  1.09it/s]obj_color:  21%|██        | 165/800 [02:29<09:25,  1.12it/s]obj_color:  21%|██        | 166/800 [02:30<09:34,  1.10it/s]obj_color:  21%|██        | 167/800 [02:31<09:39,  1.09it/s]obj_color:  21%|██        | 168/800 [02:32<09:28,  1.11it/s]obj_color:  21%|██        | 169/800 [02:33<09:30,  1.11it/s]obj_color:  21%|██▏       | 170/800 [02:34<09:36,  1.09it/s]obj_color:  21%|██▏       | 171/800 [02:35<09:40,  1.08it/s]obj_color:  22%|██▏       | 172/800 [02:36<09:10,  1.14it/s]obj_color:  22%|██▏       | 173/800 [02:37<09:14,  1.13it/s]obj_color:  22%|██▏       | 174/800 [02:38<09:23,  1.11it/s]obj_color:  22%|██▏       | 175/800 [02:39<09:26,  1.10it/s]obj_color:  22%|██▏       | 176/800 [02:39<09:12,  1.13it/s]obj_color:  22%|██▏       | 177/800 [02:40<09:23,  1.11it/s]obj_color:  22%|██▏       | 178/800 [02:41<09:29,  1.09it/s]obj_color:  22%|██▏       | 179/800 [02:42<09:18,  1.11it/s]obj_color:  22%|██▎       | 180/800 [02:43<09:20,  1.11it/s]obj_color:  23%|██▎       | 181/800 [02:44<09:26,  1.09it/s]obj_color:  23%|██▎       | 182/800 [02:45<09:30,  1.08it/s]obj_color:  23%|██▎       | 183/800 [02:46<09:10,  1.12it/s]obj_color:  23%|██▎       | 184/800 [02:47<09:18,  1.10it/s]obj_color:  23%|██▎       | 185/800 [02:48<09:24,  1.09it/s]obj_color:  23%|██▎       | 186/800 [02:48<09:16,  1.10it/s]obj_color:  23%|██▎       | 187/800 [02:49<09:00,  1.14it/s]obj_color:  24%|██▎       | 188/800 [02:50<09:10,  1.11it/s]obj_color:  24%|██▎       | 189/800 [02:51<09:16,  1.10it/s]obj_color:  24%|██▍       | 190/800 [02:52<09:08,  1.11it/s]obj_color:  24%|██▍       | 191/800 [02:53<09:06,  1.11it/s]obj_color:  24%|██▍       | 192/800 [02:54<09:13,  1.10it/s]obj_color:  24%|██▍       | 193/800 [02:55<09:17,  1.09it/s]obj_color:  24%|██▍       | 194/800 [02:56<08:59,  1.12it/s]obj_color:  24%|██▍       | 195/800 [02:57<09:05,  1.11it/s]obj_color:  24%|██▍       | 196/800 [02:58<09:11,  1.09it/s]obj_color:  25%|██▍       | 197/800 [02:58<09:03,  1.11it/s]obj_color:  25%|██▍       | 198/800 [02:59<09:00,  1.11it/s]obj_color:  25%|██▍       | 199/800 [03:00<09:07,  1.10it/s]obj_color:  25%|██▌       | 200/800 [03:01<09:14,  1.08it/s]obj_color:  25%|██▌       | 201/800 [03:02<08:50,  1.13it/s]obj_color:  25%|██▌       | 202/800 [03:03<08:49,  1.13it/s]obj_color:  25%|██▌       | 203/800 [03:04<08:58,  1.11it/s]obj_color:  26%|██▌       | 204/800 [03:05<09:04,  1.09it/s]obj_color:  26%|██▌       | 205/800 [03:06<08:48,  1.12it/s]obj_color:  26%|██▌       | 206/800 [03:07<08:55,  1.11it/s]obj_color:  26%|██▌       | 207/800 [03:07<09:00,  1.10it/s]obj_color:  26%|██▌       | 208/800 [03:08<08:51,  1.11it/s]obj_color:  26%|██▌       | 209/800 [03:09<08:47,  1.12it/s]obj_color:  26%|██▋       | 210/800 [03:10<08:55,  1.10it/s]obj_color:  26%|██▋       | 211/800 [03:11<08:59,  1.09it/s]obj_color:  26%|██▋       | 212/800 [03:12<08:45,  1.12it/s]obj_color:  27%|██▋       | 213/800 [03:13<08:48,  1.11it/s]obj_color:  27%|██▋       | 214/800 [03:14<08:54,  1.10it/s]obj_color:  27%|██▋       | 215/800 [03:15<08:58,  1.09it/s]obj_color:  27%|██▋       | 216/800 [03:15<08:27,  1.15it/s]obj_color:  27%|██▋       | 217/800 [03:16<08:34,  1.13it/s]obj_color:  27%|██▋       | 218/800 [03:17<08:43,  1.11it/s]obj_color:  27%|██▋       | 219/800 [03:18<08:50,  1.10it/s]obj_color:  28%|██▊       | 220/800 [03:19<08:31,  1.13it/s]obj_color:  28%|██▊       | 221/800 [03:20<08:41,  1.11it/s]obj_color:  28%|██▊       | 222/800 [03:21<08:47,  1.10it/s]obj_color:  28%|██▊       | 223/800 [03:22<08:36,  1.12it/s]obj_color:  28%|██▊       | 224/800 [03:23<08:35,  1.12it/s]obj_color:  28%|██▊       | 225/800 [03:24<08:42,  1.10it/s]obj_color:  28%|██▊       | 226/800 [03:25<08:47,  1.09it/s]obj_color:  28%|██▊       | 227/800 [03:25<08:28,  1.13it/s]obj_color:  28%|██▊       | 228/800 [03:26<08:36,  1.11it/s]obj_color:  29%|██▊       | 229/800 [03:27<08:42,  1.09it/s]obj_color:  29%|██▉       | 230/800 [03:28<08:43,  1.09it/s]obj_color:  29%|██▉       | 231/800 [03:29<08:13,  1.15it/s]obj_color:  29%|██▉       | 232/800 [03:30<08:22,  1.13it/s]obj_color:  29%|██▉       | 233/800 [03:31<08:31,  1.11it/s]obj_color:  29%|██▉       | 234/800 [03:32<08:25,  1.12it/s]obj_color:  29%|██▉       | 235/800 [03:33<08:23,  1.12it/s]obj_color:  30%|██▉       | 236/800 [03:34<08:31,  1.10it/s]obj_color:  30%|██▉       | 237/800 [03:34<08:35,  1.09it/s]obj_color:  30%|██▉       | 238/800 [03:35<08:21,  1.12it/s]obj_color:  30%|██▉       | 239/800 [03:36<08:25,  1.11it/s]obj_color:  30%|███       | 240/800 [03:37<08:30,  1.10it/s]obj_color:  30%|███       | 241/800 [03:38<08:24,  1.11it/s]obj_color:  30%|███       | 242/800 [03:39<08:20,  1.11it/s]obj_color:  30%|███       | 243/800 [03:40<08:27,  1.10it/s]obj_color:  30%|███       | 244/800 [03:41<08:31,  1.09it/s]obj_color:  31%|███       | 245/800 [03:42<08:10,  1.13it/s]obj_color:  31%|███       | 246/800 [03:42<08:09,  1.13it/s]obj_color:  31%|███       | 247/800 [03:43<08:18,  1.11it/s]obj_color:  31%|███       | 248/800 [03:44<08:23,  1.10it/s]obj_color:  31%|███       | 249/800 [03:45<08:11,  1.12it/s]obj_color:  31%|███▏      | 250/800 [03:46<08:17,  1.11it/s]obj_color:  31%|███▏      | 251/800 [03:47<08:23,  1.09it/s]obj_color:  32%|███▏      | 252/800 [03:48<08:16,  1.10it/s]obj_color:  32%|███▏      | 253/800 [03:49<08:11,  1.11it/s]obj_color:  32%|███▏      | 254/800 [03:50<08:17,  1.10it/s]obj_color:  32%|███▏      | 255/800 [03:51<08:21,  1.09it/s]obj_color:  32%|███▏      | 256/800 [03:52<08:08,  1.11it/s]obj_color:  32%|███▏      | 257/800 [03:53<08:11,  1.10it/s]obj_color:  32%|███▏      | 258/800 [03:53<08:16,  1.09it/s]obj_color:  32%|███▏      | 259/800 [03:54<08:18,  1.08it/s]obj_color:  32%|███▎      | 260/800 [03:55<07:51,  1.15it/s]obj_color:  33%|███▎      | 261/800 [03:56<07:57,  1.13it/s]obj_color:  33%|███▎      | 262/800 [03:57<08:05,  1.11it/s]obj_color:  33%|███▎      | 263/800 [03:58<08:10,  1.10it/s]obj_color:  33%|███▎      | 264/800 [03:59<07:54,  1.13it/s]obj_color:  33%|███▎      | 265/800 [04:00<08:02,  1.11it/s]obj_color:  33%|███▎      | 266/800 [04:01<08:07,  1.10it/s]obj_color:  33%|███▎      | 267/800 [04:01<07:59,  1.11it/s]obj_color:  34%|███▎      | 268/800 [04:02<07:58,  1.11it/s]obj_color:  34%|███▎      | 269/800 [04:03<08:04,  1.10it/s]obj_color:  34%|███▍      | 270/800 [04:04<08:07,  1.09it/s]obj_color:  34%|███▍      | 271/800 [04:05<07:54,  1.12it/s]obj_color:  34%|███▍      | 272/800 [04:06<07:58,  1.10it/s]obj_color:  34%|███▍      | 273/800 [04:07<08:02,  1.09it/s]obj_color:  34%|███▍      | 274/800 [04:08<07:59,  1.10it/s]obj_color:  34%|███▍      | 275/800 [04:09<07:38,  1.15it/s]obj_color:  34%|███▍      | 276/800 [04:10<07:47,  1.12it/s]obj_color:  35%|███▍      | 277/800 [04:11<07:54,  1.10it/s]obj_color:  35%|███▍      | 278/800 [04:11<07:47,  1.12it/s]obj_color:  35%|███▍      | 279/800 [04:12<07:45,  1.12it/s]obj_color:  35%|███▌      | 280/800 [04:13<07:51,  1.10it/s]obj_color:  35%|███▌      | 281/800 [04:14<07:55,  1.09it/s]obj_color:  35%|███▌      | 282/800 [04:15<07:44,  1.11it/s]obj_color:  35%|███▌      | 283/800 [04:16<07:47,  1.11it/s]obj_color:  36%|███▌      | 284/800 [04:17<07:52,  1.09it/s]obj_color:  36%|███▌      | 285/800 [04:18<07:52,  1.09it/s]obj_color:  36%|███▌      | 286/800 [04:19<07:38,  1.12it/s]obj_color:  36%|███▌      | 287/800 [04:20<07:45,  1.10it/s]obj_color:  36%|███▌      | 288/800 [04:21<07:49,  1.09it/s]obj_color:  36%|███▌      | 289/800 [04:21<07:31,  1.13it/s]obj_color:  36%|███▋      | 290/800 [04:22<07:31,  1.13it/s]obj_color:  36%|███▋      | 291/800 [04:23<07:39,  1.11it/s]obj_color:  36%|███▋      | 292/800 [04:24<07:44,  1.09it/s]obj_color:  37%|███▋      | 293/800 [04:25<07:29,  1.13it/s]obj_color:  37%|███▋      | 294/800 [04:26<07:35,  1.11it/s]obj_color:  37%|███▋      | 295/800 [04:27<07:40,  1.10it/s]obj_color:  37%|███▋      | 296/800 [04:28<07:34,  1.11it/s]obj_color:  37%|███▋      | 297/800 [04:29<07:30,  1.12it/s]obj_color:  37%|███▋      | 298/800 [04:30<07:36,  1.10it/s]obj_color:  37%|███▋      | 299/800 [04:30<07:40,  1.09it/s]obj_color:  38%|███▊      | 300/800 [04:31<07:31,  1.11it/s]obj_color:  38%|███▊      | 301/800 [04:32<07:36,  1.09it/s]obj_color:  38%|███▊      | 302/800 [04:33<07:38,  1.09it/s]obj_color:  38%|███▊      | 303/800 [04:34<07:40,  1.08it/s]obj_color:  38%|███▊      | 304/800 [04:35<07:15,  1.14it/s]obj_color:  38%|███▊      | 305/800 [04:36<07:21,  1.12it/s]obj_color:  38%|███▊      | 306/800 [04:37<07:27,  1.10it/s]obj_color:  38%|███▊      | 307/800 [04:38<07:22,  1.11it/s]obj_color:  38%|███▊      | 308/800 [04:39<07:20,  1.12it/s]obj_color:  39%|███▊      | 309/800 [04:39<07:26,  1.10it/s]obj_color:  39%|███▉      | 310/800 [04:40<07:30,  1.09it/s]obj_color:  39%|███▉      | 311/800 [04:41<07:20,  1.11it/s]obj_color:  39%|███▉      | 312/800 [04:42<07:19,  1.11it/s]obj_color:  39%|███▉      | 313/800 [04:43<07:24,  1.10it/s]obj_color:  39%|███▉      | 314/800 [04:44<07:27,  1.09it/s]obj_color:  39%|███▉      | 315/800 [04:45<07:11,  1.12it/s]obj_color:  40%|███▉      | 316/800 [04:46<07:18,  1.10it/s]obj_color:  40%|███▉      | 317/800 [04:47<07:22,  1.09it/s]obj_color:  40%|███▉      | 318/800 [04:48<07:08,  1.12it/s]obj_color:  40%|███▉      | 319/800 [04:48<07:05,  1.13it/s]obj_color:  40%|████      | 320/800 [04:49<07:12,  1.11it/s]obj_color:  40%|████      | 321/800 [04:50<07:17,  1.09it/s]obj_color:  40%|████      | 322/800 [04:51<07:08,  1.11it/s]obj_color:  40%|████      | 323/800 [04:52<07:10,  1.11it/s]obj_color:  40%|████      | 324/800 [04:53<07:14,  1.09it/s]obj_color:  41%|████      | 325/800 [04:54<07:17,  1.09it/s]obj_color:  41%|████      | 326/800 [04:55<07:01,  1.12it/s]obj_color:  41%|████      | 327/800 [04:56<07:08,  1.10it/s]obj_color:  41%|████      | 328/800 [04:57<07:12,  1.09it/s]obj_color:  41%|████      | 329/800 [04:58<07:05,  1.11it/s]obj_color:  41%|████▏     | 330/800 [04:58<07:03,  1.11it/s]obj_color:  41%|████▏     | 331/800 [04:59<07:08,  1.09it/s]obj_color:  42%|████▏     | 332/800 [05:00<07:11,  1.08it/s]obj_color:  42%|████▏     | 333/800 [05:01<06:49,  1.14it/s]obj_color:  42%|████▏     | 334/800 [05:02<06:54,  1.12it/s]obj_color:  42%|████▏     | 335/800 [05:03<07:01,  1.10it/s]obj_color:  42%|████▏     | 336/800 [05:04<07:01,  1.10it/s]obj_color:  42%|████▏     | 337/800 [05:05<06:56,  1.11it/s]obj_color:  42%|████▏     | 338/800 [05:06<07:01,  1.10it/s]obj_color:  42%|████▏     | 339/800 [05:07<07:04,  1.09it/s]obj_color:  42%|████▎     | 340/800 [05:08<06:54,  1.11it/s]obj_color:  43%|████▎     | 341/800 [05:08<06:55,  1.10it/s]obj_color:  43%|████▎     | 342/800 [05:09<06:59,  1.09it/s]obj_color:  43%|████▎     | 343/800 [05:10<07:01,  1.08it/s]obj_color:  43%|████▎     | 344/800 [05:11<06:46,  1.12it/s]obj_color:  43%|████▎     | 345/800 [05:12<06:51,  1.11it/s]obj_color:  43%|████▎     | 346/800 [05:13<06:56,  1.09it/s]obj_color:  43%|████▎     | 347/800 [05:14<06:54,  1.09it/s]obj_color:  44%|████▎     | 348/800 [05:15<06:29,  1.16it/s]obj_color:  44%|████▎     | 349/800 [05:16<06:36,  1.14it/s]obj_color:  44%|████▍     | 350/800 [05:17<06:45,  1.11it/s]obj_color:  44%|████▍     | 351/800 [05:17<06:43,  1.11it/s]obj_color:  44%|████▍     | 352/800 [05:18<06:40,  1.12it/s]obj_color:  44%|████▍     | 353/800 [05:19<06:45,  1.10it/s]obj_color:  44%|████▍     | 354/800 [05:20<06:49,  1.09it/s]obj_color:  44%|████▍     | 355/800 [05:21<06:40,  1.11it/s]obj_color:  44%|████▍     | 356/800 [05:22<06:39,  1.11it/s]obj_color:  45%|████▍     | 357/800 [05:23<06:42,  1.10it/s]obj_color:  45%|████▍     | 358/800 [05:24<06:45,  1.09it/s]obj_color:  45%|████▍     | 359/800 [05:25<06:32,  1.12it/s]obj_color:  45%|████▌     | 360/800 [05:26<06:38,  1.11it/s]obj_color:  45%|████▌     | 361/800 [05:27<06:41,  1.09it/s]obj_color:  45%|████▌     | 362/800 [05:27<06:27,  1.13it/s]obj_color:  45%|████▌     | 363/800 [05:28<06:26,  1.13it/s]obj_color:  46%|████▌     | 364/800 [05:29<06:33,  1.11it/s]obj_color:  46%|████▌     | 365/800 [05:30<06:36,  1.10it/s]obj_color:  46%|████▌     | 366/800 [05:31<06:28,  1.12it/s]obj_color:  46%|████▌     | 367/800 [05:32<06:30,  1.11it/s]obj_color:  46%|████▌     | 368/800 [05:33<06:34,  1.09it/s]obj_color:  46%|████▌     | 369/800 [05:34<06:36,  1.09it/s]obj_color:  46%|████▋     | 370/800 [05:35<06:23,  1.12it/s]obj_color:  46%|████▋     | 371/800 [05:36<06:28,  1.10it/s]obj_color:  46%|████▋     | 372/800 [05:36<06:32,  1.09it/s]obj_color:  47%|████▋     | 373/800 [05:37<06:24,  1.11it/s]obj_color:  47%|████▋     | 374/800 [05:38<06:23,  1.11it/s]obj_color:  47%|████▋     | 375/800 [05:39<06:27,  1.10it/s]obj_color:  47%|████▋     | 376/800 [05:40<06:30,  1.09it/s]obj_color:  47%|████▋     | 377/800 [05:41<06:09,  1.14it/s]obj_color:  47%|████▋     | 378/800 [05:42<06:15,  1.12it/s]obj_color:  47%|████▋     | 379/800 [05:43<06:20,  1.11it/s]obj_color:  48%|████▊     | 380/800 [05:44<06:16,  1.11it/s]obj_color:  48%|████▊     | 381/800 [05:44<06:14,  1.12it/s]obj_color:  48%|████▊     | 382/800 [05:45<06:19,  1.10it/s]obj_color:  48%|████▊     | 383/800 [05:46<06:22,  1.09it/s]obj_color:  48%|████▊     | 384/800 [05:47<06:11,  1.12it/s]obj_color:  48%|████▊     | 385/800 [05:48<06:14,  1.11it/s]obj_color:  48%|████▊     | 386/800 [05:49<06:17,  1.10it/s]obj_color:  48%|████▊     | 387/800 [05:50<06:13,  1.11it/s]obj_color:  48%|████▊     | 388/800 [05:51<06:09,  1.12it/s]obj_color:  49%|████▊     | 389/800 [05:52<06:14,  1.10it/s]obj_color:  49%|████▉     | 390/800 [05:53<06:16,  1.09it/s]obj_color:  49%|████▉     | 391/800 [05:54<06:08,  1.11it/s]obj_color:  49%|████▉     | 392/800 [05:54<05:56,  1.14it/s]obj_color:  49%|████▉     | 393/800 [05:55<06:04,  1.12it/s]obj_color:  49%|████▉     | 394/800 [05:56<06:08,  1.10it/s]obj_color:  49%|████▉     | 395/800 [05:57<06:02,  1.12it/s]obj_color:  50%|████▉     | 396/800 [05:58<06:01,  1.12it/s]obj_color:  50%|████▉     | 397/800 [05:59<06:06,  1.10it/s]obj_color:  50%|████▉     | 398/800 [06:00<06:09,  1.09it/s]obj_color:  50%|████▉     | 399/800 [06:01<05:56,  1.12it/s]obj_color:  50%|█████     | 400/800 [06:02<06:02,  1.10it/s]obj_color:  50%|█████     | 401/800 [06:03<06:06,  1.09it/s]obj_color:  50%|█████     | 402/800 [06:03<06:00,  1.10it/s]obj_color:  50%|█████     | 403/800 [06:04<05:57,  1.11it/s]obj_color:  50%|█████     | 404/800 [06:05<06:01,  1.10it/s]obj_color:  51%|█████     | 405/800 [06:06<06:03,  1.09it/s]obj_color:  51%|█████     | 406/800 [06:07<05:46,  1.14it/s]obj_color:  51%|█████     | 407/800 [06:08<05:47,  1.13it/s]obj_color:  51%|█████     | 408/800 [06:09<05:53,  1.11it/s]obj_color:  51%|█████     | 409/800 [06:10<05:57,  1.09it/s]obj_color:  51%|█████▏    | 410/800 [06:11<05:45,  1.13it/s]obj_color:  51%|█████▏    | 411/800 [06:12<05:50,  1.11it/s]obj_color:  52%|█████▏    | 412/800 [06:13<05:54,  1.10it/s]obj_color:  52%|█████▏    | 413/800 [06:13<05:48,  1.11it/s]obj_color:  52%|█████▏    | 414/800 [06:14<05:47,  1.11it/s]obj_color:  52%|█████▏    | 415/800 [06:15<05:51,  1.10it/s]obj_color:  52%|█████▏    | 416/800 [06:16<05:53,  1.09it/s]obj_color:  52%|█████▏    | 417/800 [06:17<05:43,  1.11it/s]obj_color:  52%|█████▏    | 418/800 [06:18<05:46,  1.10it/s]obj_color:  52%|█████▏    | 419/800 [06:19<05:49,  1.09it/s]obj_color:  52%|█████▎    | 420/800 [06:20<05:50,  1.08it/s]obj_color:  53%|█████▎    | 421/800 [06:21<05:29,  1.15it/s]obj_color:  53%|█████▎    | 422/800 [06:21<05:35,  1.13it/s]obj_color:  53%|█████▎    | 423/800 [06:22<05:40,  1.11it/s]obj_color:  53%|█████▎    | 424/800 [06:23<05:36,  1.12it/s]obj_color:  53%|█████▎    | 425/800 [06:24<05:35,  1.12it/s]obj_color:  53%|█████▎    | 426/800 [06:25<05:39,  1.10it/s]obj_color:  53%|█████▎    | 427/800 [06:26<05:42,  1.09it/s]obj_color:  54%|█████▎    | 428/800 [06:27<05:32,  1.12it/s]obj_color:  54%|█████▎    | 429/800 [06:28<05:36,  1.10it/s]obj_color:  54%|█████▍    | 430/800 [06:29<05:38,  1.09it/s]obj_color:  54%|█████▍    | 431/800 [06:30<05:33,  1.11it/s]obj_color:  54%|█████▍    | 432/800 [06:31<05:30,  1.11it/s]obj_color:  54%|█████▍    | 433/800 [06:31<05:34,  1.10it/s]obj_color:  54%|█████▍    | 434/800 [06:32<05:36,  1.09it/s]obj_color:  54%|█████▍    | 435/800 [06:33<05:21,  1.14it/s]obj_color:  55%|█████▍    | 436/800 [06:34<05:19,  1.14it/s]obj_color:  55%|█████▍    | 437/800 [06:35<05:25,  1.12it/s]obj_color:  55%|█████▍    | 438/800 [06:36<05:29,  1.10it/s]obj_color:  55%|█████▍    | 439/800 [06:37<05:21,  1.12it/s]obj_color:  55%|█████▌    | 440/800 [06:38<05:22,  1.12it/s]obj_color:  55%|█████▌    | 441/800 [06:39<05:26,  1.10it/s]obj_color:  55%|█████▌    | 442/800 [06:40<05:28,  1.09it/s]obj_color:  55%|█████▌    | 443/800 [06:40<05:16,  1.13it/s]obj_color:  56%|█████▌    | 444/800 [06:41<05:20,  1.11it/s]obj_color:  56%|█████▌    | 445/800 [06:42<05:23,  1.10it/s]obj_color:  56%|█████▌    | 446/800 [06:43<05:18,  1.11it/s]obj_color:  56%|█████▌    | 447/800 [06:44<05:17,  1.11it/s]obj_color:  56%|█████▌    | 448/800 [06:45<05:21,  1.10it/s]obj_color:  56%|█████▌    | 449/800 [06:46<05:23,  1.09it/s]obj_color:  56%|█████▋    | 450/800 [06:47<05:08,  1.14it/s]obj_color:  56%|█████▋    | 451/800 [06:48<05:13,  1.11it/s]obj_color:  56%|█████▋    | 452/800 [06:49<05:16,  1.10it/s]obj_color:  57%|█████▋    | 453/800 [06:49<05:12,  1.11it/s]obj_color:  57%|█████▋    | 454/800 [06:50<05:09,  1.12it/s]obj_color:  57%|█████▋    | 455/800 [06:51<05:13,  1.10it/s]obj_color:  57%|█████▋    | 456/800 [06:52<05:16,  1.09it/s]obj_color:  57%|█████▋    | 457/800 [06:53<05:06,  1.12it/s]obj_color:  57%|█████▋    | 458/800 [06:54<05:08,  1.11it/s]obj_color:  57%|█████▋    | 459/800 [06:55<05:11,  1.10it/s]obj_color:  57%|█████▊    | 460/800 [06:56<05:07,  1.10it/s]obj_color:  58%|█████▊    | 461/800 [06:57<05:06,  1.11it/s]obj_color:  58%|█████▊    | 462/800 [06:58<05:09,  1.09it/s]obj_color:  58%|█████▊    | 463/800 [06:59<05:10,  1.08it/s]obj_color:  58%|█████▊    | 464/800 [06:59<04:58,  1.13it/s]obj_color:  58%|█████▊    | 465/800 [07:00<04:56,  1.13it/s]obj_color:  58%|█████▊    | 466/800 [07:01<05:01,  1.11it/s]obj_color:  58%|█████▊    | 467/800 [07:02<05:04,  1.09it/s]obj_color:  58%|█████▊    | 468/800 [07:03<04:57,  1.12it/s]obj_color:  59%|█████▊    | 469/800 [07:04<04:58,  1.11it/s]obj_color:  59%|█████▉    | 470/800 [07:05<05:01,  1.09it/s]obj_color:  59%|█████▉    | 471/800 [07:06<05:00,  1.10it/s]obj_color:  59%|█████▉    | 472/800 [07:07<04:55,  1.11it/s]obj_color:  59%|█████▉    | 473/800 [07:08<04:58,  1.09it/s]obj_color:  59%|█████▉    | 474/800 [07:09<05:00,  1.09it/s]obj_color:  59%|█████▉    | 475/800 [07:09<04:53,  1.11it/s]obj_color:  60%|█████▉    | 476/800 [07:10<04:54,  1.10it/s]obj_color:  60%|█████▉    | 477/800 [07:11<04:56,  1.09it/s]obj_color:  60%|█████▉    | 478/800 [07:12<04:57,  1.08it/s]obj_color:  60%|█████▉    | 479/800 [07:13<04:39,  1.15it/s]obj_color:  60%|██████    | 480/800 [07:14<04:44,  1.12it/s]obj_color:  60%|██████    | 481/800 [07:15<04:48,  1.11it/s]obj_color:  60%|██████    | 482/800 [07:16<04:45,  1.12it/s]obj_color:  60%|██████    | 483/800 [07:17<04:42,  1.12it/s]obj_color:  60%|██████    | 484/800 [07:18<04:46,  1.10it/s]obj_color:  61%|██████    | 485/800 [07:18<04:48,  1.09it/s]obj_color:  61%|██████    | 486/800 [07:19<04:41,  1.12it/s]obj_color:  61%|██████    | 487/800 [07:20<04:42,  1.11it/s]obj_color:  61%|██████    | 488/800 [07:21<04:45,  1.09it/s]obj_color:  61%|██████    | 489/800 [07:22<04:41,  1.10it/s]obj_color:  61%|██████▏   | 490/800 [07:23<04:39,  1.11it/s]obj_color:  61%|██████▏   | 491/800 [07:24<04:42,  1.09it/s]obj_color:  62%|██████▏   | 492/800 [07:25<04:44,  1.08it/s]obj_color:  62%|██████▏   | 493/800 [07:26<04:31,  1.13it/s]obj_color:  62%|██████▏   | 494/800 [07:27<04:30,  1.13it/s]obj_color:  62%|██████▏   | 495/800 [07:27<04:34,  1.11it/s]obj_color:  62%|██████▏   | 496/800 [07:28<04:37,  1.10it/s]obj_color:  62%|██████▏   | 497/800 [07:29<04:30,  1.12it/s]obj_color:  62%|██████▏   | 498/800 [07:30<04:32,  1.11it/s]obj_color:  62%|██████▏   | 499/800 [07:31<04:34,  1.09it/s]obj_color:  62%|██████▎   | 500/800 [07:32<04:32,  1.10it/s]obj_color:  63%|██████▎   | 501/800 [07:33<04:30,  1.11it/s]obj_color:  63%|██████▎   | 502/800 [07:34<04:32,  1.09it/s]obj_color:  63%|██████▎   | 503/800 [07:35<04:34,  1.08it/s]obj_color:  63%|██████▎   | 504/800 [07:36<04:27,  1.11it/s]obj_color:  63%|██████▎   | 505/800 [07:37<04:26,  1.11it/s]obj_color:  63%|██████▎   | 506/800 [07:38<04:28,  1.09it/s]obj_color:  63%|██████▎   | 507/800 [07:38<04:30,  1.08it/s]obj_color:  64%|██████▎   | 508/800 [07:39<04:15,  1.15it/s]obj_color:  64%|██████▎   | 509/800 [07:40<04:18,  1.13it/s]obj_color:  64%|██████▍   | 510/800 [07:41<04:21,  1.11it/s]obj_color:  64%|██████▍   | 511/800 [07:42<04:23,  1.10it/s]obj_color:  64%|██████▍   | 512/800 [07:43<04:13,  1.14it/s]obj_color:  64%|██████▍   | 513/800 [07:44<04:17,  1.11it/s]obj_color:  64%|██████▍   | 514/800 [07:45<04:20,  1.10it/s]obj_color:  64%|██████▍   | 515/800 [07:46<04:15,  1.12it/s]obj_color:  64%|██████▍   | 516/800 [07:46<04:14,  1.12it/s]obj_color:  65%|██████▍   | 517/800 [07:47<04:17,  1.10it/s]obj_color:  65%|██████▍   | 518/800 [07:48<04:19,  1.09it/s]obj_color:  65%|██████▍   | 519/800 [07:49<04:10,  1.12it/s]obj_color:  65%|██████▌   | 520/800 [07:50<04:12,  1.11it/s]obj_color:  65%|██████▌   | 521/800 [07:51<04:14,  1.09it/s]obj_color:  65%|██████▌   | 522/800 [07:52<04:13,  1.10it/s]obj_color:  65%|██████▌   | 523/800 [07:52<03:35,  1.28it/s]obj_color:  66%|██████▌   | 524/800 [07:53<03:38,  1.26it/s]obj_color:  66%|██████▌   | 525/800 [07:54<03:50,  1.20it/s]obj_color:  66%|██████▌   | 526/800 [07:55<03:57,  1.15it/s]obj_color:  66%|██████▌   | 527/800 [07:56<03:55,  1.16it/s]obj_color:  66%|██████▌   | 528/800 [07:57<03:58,  1.14it/s]obj_color:  66%|██████▌   | 529/800 [07:58<04:02,  1.12it/s]obj_color:  66%|██████▋   | 530/800 [07:59<04:05,  1.10it/s]obj_color:  66%|██████▋   | 531/800 [08:00<03:57,  1.13it/s]obj_color:  66%|██████▋   | 532/800 [08:01<04:01,  1.11it/s]obj_color:  67%|██████▋   | 533/800 [08:01<04:03,  1.10it/s]obj_color:  67%|██████▋   | 534/800 [08:02<03:59,  1.11it/s]obj_color:  67%|██████▋   | 535/800 [08:03<03:58,  1.11it/s]obj_color:  67%|██████▋   | 536/800 [08:04<04:00,  1.10it/s]obj_color:  67%|██████▋   | 537/800 [08:05<04:01,  1.09it/s]obj_color:  67%|██████▋   | 538/800 [08:06<03:47,  1.15it/s]obj_color:  67%|██████▋   | 539/800 [08:07<03:48,  1.14it/s]obj_color:  68%|██████▊   | 540/800 [08:08<03:52,  1.12it/s]obj_color:  68%|██████▊   | 541/800 [08:09<03:55,  1.10it/s]obj_color:  68%|██████▊   | 542/800 [08:09<03:48,  1.13it/s]obj_color:  68%|██████▊   | 543/800 [08:10<03:51,  1.11it/s]obj_color:  68%|██████▊   | 544/800 [08:11<03:53,  1.10it/s]obj_color:  68%|██████▊   | 545/800 [08:12<03:50,  1.11it/s]obj_color:  68%|██████▊   | 546/800 [08:13<03:47,  1.12it/s]obj_color:  68%|██████▊   | 547/800 [08:14<03:50,  1.10it/s]obj_color:  68%|██████▊   | 548/800 [08:15<03:51,  1.09it/s]obj_color:  69%|██████▊   | 549/800 [08:16<03:45,  1.11it/s]obj_color:  69%|██████▉   | 550/800 [08:17<03:47,  1.10it/s]obj_color:  69%|██████▉   | 551/800 [08:18<03:49,  1.09it/s]obj_color:  69%|██████▉   | 552/800 [08:19<03:47,  1.09it/s]obj_color:  69%|██████▉   | 553/800 [08:19<03:36,  1.14it/s]obj_color:  69%|██████▉   | 554/800 [08:20<03:40,  1.12it/s]obj_color:  69%|██████▉   | 555/800 [08:21<03:42,  1.10it/s]obj_color:  70%|██████▉   | 556/800 [08:22<03:39,  1.11it/s]obj_color:  70%|██████▉   | 557/800 [08:23<03:37,  1.12it/s]obj_color:  70%|██████▉   | 558/800 [08:24<03:40,  1.10it/s]obj_color:  70%|██████▉   | 559/800 [08:25<03:41,  1.09it/s]obj_color:  70%|███████   | 560/800 [08:26<03:34,  1.12it/s]obj_color:  70%|███████   | 561/800 [08:27<03:35,  1.11it/s]obj_color:  70%|███████   | 562/800 [08:28<03:37,  1.09it/s]obj_color:  70%|███████   | 563/800 [08:29<03:37,  1.09it/s]obj_color:  70%|███████   | 564/800 [08:29<03:30,  1.12it/s]obj_color:  71%|███████   | 565/800 [08:30<03:33,  1.10it/s]obj_color:  71%|███████   | 566/800 [08:31<03:34,  1.09it/s]obj_color:  71%|███████   | 567/800 [08:32<03:26,  1.13it/s]obj_color:  71%|███████   | 568/800 [08:33<03:25,  1.13it/s]obj_color:  71%|███████   | 569/800 [08:34<03:28,  1.11it/s]obj_color:  71%|███████▏  | 570/800 [08:35<03:30,  1.09it/s]obj_color:  71%|███████▏  | 571/800 [08:36<03:23,  1.12it/s]obj_color:  72%|███████▏  | 572/800 [08:37<03:25,  1.11it/s]obj_color:  72%|███████▏  | 573/800 [08:38<03:26,  1.10it/s]obj_color:  72%|███████▏  | 574/800 [08:38<03:24,  1.11it/s]obj_color:  72%|███████▏  | 575/800 [08:39<03:22,  1.11it/s]obj_color:  72%|███████▏  | 576/800 [08:40<03:24,  1.09it/s]obj_color:  72%|███████▏  | 577/800 [08:41<03:25,  1.09it/s]obj_color:  72%|███████▏  | 578/800 [08:42<03:19,  1.11it/s]obj_color:  72%|███████▏  | 579/800 [08:43<03:20,  1.10it/s]obj_color:  72%|███████▎  | 580/800 [08:44<03:21,  1.09it/s]obj_color:  73%|███████▎  | 581/800 [08:45<03:22,  1.08it/s]obj_color:  73%|███████▎  | 582/800 [08:46<03:09,  1.15it/s]obj_color:  73%|███████▎  | 583/800 [08:47<03:12,  1.13it/s]obj_color:  73%|███████▎  | 584/800 [08:47<03:15,  1.11it/s]obj_color:  73%|███████▎  | 585/800 [08:48<03:14,  1.11it/s]obj_color:  73%|███████▎  | 586/800 [08:49<03:11,  1.12it/s]obj_color:  73%|███████▎  | 587/800 [08:50<03:13,  1.10it/s]obj_color:  74%|███████▎  | 588/800 [08:51<03:14,  1.09it/s]obj_color:  74%|███████▎  | 589/800 [08:52<03:10,  1.11it/s]obj_color:  74%|███████▍  | 590/800 [08:53<03:10,  1.10it/s]obj_color:  74%|███████▍  | 591/800 [08:54<03:11,  1.09it/s]obj_color:  74%|███████▍  | 592/800 [08:55<03:12,  1.08it/s]obj_color:  74%|███████▍  | 593/800 [08:56<03:04,  1.12it/s]obj_color:  74%|███████▍  | 594/800 [08:57<03:06,  1.10it/s]obj_color:  74%|███████▍  | 595/800 [08:57<03:08,  1.09it/s]obj_color:  74%|███████▍  | 596/800 [08:58<03:01,  1.12it/s]obj_color:  75%|███████▍  | 597/800 [08:59<02:59,  1.13it/s]obj_color:  75%|███████▍  | 598/800 [09:00<03:02,  1.11it/s]obj_color:  75%|███████▍  | 599/800 [09:01<03:03,  1.09it/s]obj_color:  75%|███████▌  | 600/800 [09:02<03:00,  1.11it/s]obj_color:  75%|███████▌  | 601/800 [09:03<03:01,  1.10it/s]obj_color:  75%|███████▌  | 602/800 [09:04<03:02,  1.09it/s]obj_color:  75%|███████▌  | 603/800 [09:05<02:59,  1.10it/s]obj_color:  76%|███████▌  | 604/800 [09:06<02:56,  1.11it/s]obj_color:  76%|███████▌  | 605/800 [09:07<02:58,  1.09it/s]obj_color:  76%|███████▌  | 606/800 [09:07<02:58,  1.08it/s]obj_color:  76%|███████▌  | 607/800 [09:08<02:54,  1.11it/s]obj_color:  76%|███████▌  | 608/800 [09:09<02:53,  1.11it/s]obj_color:  76%|███████▌  | 609/800 [09:10<02:54,  1.09it/s]obj_color:  76%|███████▋  | 610/800 [09:11<02:55,  1.08it/s]obj_color:  76%|███████▋  | 611/800 [09:12<02:44,  1.15it/s]obj_color:  76%|███████▋  | 612/800 [09:13<02:45,  1.13it/s]obj_color:  77%|███████▋  | 613/800 [09:14<02:48,  1.11it/s]obj_color:  77%|███████▋  | 614/800 [09:15<02:49,  1.10it/s]obj_color:  77%|███████▋  | 615/800 [09:15<02:43,  1.13it/s]obj_color:  77%|███████▋  | 616/800 [09:16<02:46,  1.11it/s]obj_color:  77%|███████▋  | 617/800 [09:17<02:47,  1.09it/s]obj_color:  77%|███████▋  | 618/800 [09:18<02:43,  1.11it/s]obj_color:  77%|███████▋  | 619/800 [09:19<02:43,  1.11it/s]obj_color:  78%|███████▊  | 620/800 [09:20<02:44,  1.10it/s]obj_color:  78%|███████▊  | 621/800 [09:21<02:44,  1.09it/s]obj_color:  78%|███████▊  | 622/800 [09:22<02:38,  1.12it/s]obj_color:  78%|███████▊  | 623/800 [09:23<02:40,  1.10it/s]obj_color:  78%|███████▊  | 624/800 [09:24<02:41,  1.09it/s]obj_color:  78%|███████▊  | 625/800 [09:25<02:41,  1.09it/s]obj_color:  78%|███████▊  | 626/800 [09:25<02:31,  1.15it/s]obj_color:  78%|███████▊  | 627/800 [09:26<02:33,  1.12it/s]obj_color:  78%|███████▊  | 628/800 [09:27<02:35,  1.11it/s]obj_color:  79%|███████▊  | 629/800 [09:28<02:33,  1.12it/s]obj_color:  79%|███████▉  | 630/800 [09:29<02:31,  1.12it/s]obj_color:  79%|███████▉  | 631/800 [09:30<02:33,  1.10it/s]obj_color:  79%|███████▉  | 632/800 [09:31<02:34,  1.09it/s]obj_color:  79%|███████▉  | 633/800 [09:32<02:28,  1.12it/s]obj_color:  79%|███████▉  | 634/800 [09:33<02:29,  1.11it/s]obj_color:  79%|███████▉  | 635/800 [09:34<02:30,  1.10it/s]obj_color:  80%|███████▉  | 636/800 [09:35<02:30,  1.09it/s]obj_color:  80%|███████▉  | 637/800 [09:35<02:25,  1.12it/s]obj_color:  80%|███████▉  | 638/800 [09:36<02:26,  1.10it/s]obj_color:  80%|███████▉  | 639/800 [09:37<02:27,  1.09it/s]obj_color:  80%|████████  | 640/800 [09:38<02:22,  1.12it/s]obj_color:  80%|████████  | 641/800 [09:39<02:16,  1.17it/s]obj_color:  80%|████████  | 642/800 [09:40<02:19,  1.13it/s]obj_color:  80%|████████  | 643/800 [09:41<02:21,  1.11it/s]obj_color:  80%|████████  | 644/800 [09:42<02:18,  1.12it/s]obj_color:  81%|████████  | 645/800 [09:42<02:17,  1.13it/s]obj_color:  81%|████████  | 646/800 [09:43<02:18,  1.11it/s]obj_color:  81%|████████  | 647/800 [09:44<02:19,  1.10it/s]obj_color:  81%|████████  | 648/800 [09:45<02:14,  1.13it/s]obj_color:  81%|████████  | 649/800 [09:46<02:15,  1.11it/s]obj_color:  81%|████████▏ | 650/800 [09:47<02:17,  1.09it/s]obj_color:  81%|████████▏ | 651/800 [09:48<02:15,  1.10it/s]obj_color:  82%|████████▏ | 652/800 [09:49<02:12,  1.11it/s]obj_color:  82%|████████▏ | 653/800 [09:50<02:14,  1.10it/s]obj_color:  82%|████████▏ | 654/800 [09:51<02:14,  1.09it/s]obj_color:  82%|████████▏ | 655/800 [09:52<02:07,  1.14it/s]obj_color:  82%|████████▏ | 656/800 [09:52<02:07,  1.13it/s]obj_color:  82%|████████▏ | 657/800 [09:53<02:09,  1.11it/s]obj_color:  82%|████████▏ | 658/800 [09:54<02:09,  1.09it/s]obj_color:  82%|████████▏ | 659/800 [09:55<02:05,  1.13it/s]obj_color:  82%|████████▎ | 660/800 [09:56<02:06,  1.11it/s]obj_color:  83%|████████▎ | 661/800 [09:57<02:06,  1.10it/s]obj_color:  83%|████████▎ | 662/800 [09:58<02:04,  1.11it/s]obj_color:  83%|████████▎ | 663/800 [09:59<02:03,  1.11it/s]obj_color:  83%|████████▎ | 664/800 [10:00<02:04,  1.10it/s]obj_color:  83%|████████▎ | 665/800 [10:01<02:04,  1.09it/s]obj_color:  83%|████████▎ | 666/800 [10:01<01:59,  1.12it/s]obj_color:  83%|████████▎ | 667/800 [10:02<02:00,  1.10it/s]obj_color:  84%|████████▎ | 668/800 [10:03<02:00,  1.09it/s]obj_color:  84%|████████▎ | 669/800 [10:04<02:00,  1.09it/s]obj_color:  84%|████████▍ | 670/800 [10:05<01:53,  1.15it/s]obj_color:  84%|████████▍ | 671/800 [10:06<01:54,  1.13it/s]obj_color:  84%|████████▍ | 672/800 [10:07<01:55,  1.11it/s]obj_color:  84%|████████▍ | 673/800 [10:08<01:53,  1.12it/s]obj_color:  84%|████████▍ | 674/800 [10:09<01:52,  1.12it/s]obj_color:  84%|████████▍ | 675/800 [10:10<01:53,  1.10it/s]obj_color:  84%|████████▍ | 676/800 [10:11<01:53,  1.09it/s]obj_color:  85%|████████▍ | 677/800 [10:11<01:50,  1.11it/s]obj_color:  85%|████████▍ | 678/800 [10:12<01:50,  1.10it/s]obj_color:  85%|████████▍ | 679/800 [10:13<01:50,  1.09it/s]obj_color:  85%|████████▌ | 680/800 [10:14<01:50,  1.09it/s]obj_color:  85%|████████▌ | 681/800 [10:15<01:46,  1.12it/s]obj_color:  85%|████████▌ | 682/800 [10:16<01:46,  1.10it/s]obj_color:  85%|████████▌ | 683/800 [10:17<01:47,  1.09it/s]obj_color:  86%|████████▌ | 684/800 [10:18<01:42,  1.13it/s]obj_color:  86%|████████▌ | 685/800 [10:19<01:41,  1.13it/s]obj_color:  86%|████████▌ | 686/800 [10:20<01:42,  1.11it/s]obj_color:  86%|████████▌ | 687/800 [10:20<01:42,  1.10it/s]obj_color:  86%|████████▌ | 688/800 [10:21<01:39,  1.13it/s]obj_color:  86%|████████▌ | 689/800 [10:22<01:39,  1.11it/s]obj_color:  86%|████████▋ | 690/800 [10:23<01:40,  1.10it/s]obj_color:  86%|████████▋ | 691/800 [10:24<01:38,  1.11it/s]obj_color:  86%|████████▋ | 692/800 [10:25<01:37,  1.11it/s]obj_color:  87%|████████▋ | 693/800 [10:26<01:37,  1.10it/s]obj_color:  87%|████████▋ | 694/800 [10:27<01:37,  1.09it/s]obj_color:  87%|████████▋ | 695/800 [10:28<01:34,  1.11it/s]obj_color:  87%|████████▋ | 696/800 [10:29<01:34,  1.11it/s]obj_color:  87%|████████▋ | 697/800 [10:30<01:34,  1.09it/s]obj_color:  87%|████████▋ | 698/800 [10:30<01:34,  1.08it/s]obj_color:  87%|████████▋ | 699/800 [10:31<01:29,  1.13it/s]obj_color:  88%|████████▊ | 700/800 [10:32<01:28,  1.12it/s]obj_color:  88%|████████▊ | 701/800 [10:33<01:29,  1.10it/s]obj_color:  88%|████████▊ | 702/800 [10:34<01:29,  1.09it/s]obj_color:  88%|████████▊ | 703/800 [10:35<01:26,  1.13it/s]obj_color:  88%|████████▊ | 704/800 [10:36<01:26,  1.11it/s]obj_color:  88%|████████▊ | 705/800 [10:37<01:26,  1.09it/s]obj_color:  88%|████████▊ | 706/800 [10:38<01:24,  1.11it/s]obj_color:  88%|████████▊ | 707/800 [10:38<01:23,  1.11it/s]obj_color:  88%|████████▊ | 708/800 [10:39<01:23,  1.10it/s]obj_color:  89%|████████▊ | 709/800 [10:40<01:23,  1.09it/s]obj_color:  89%|████████▉ | 710/800 [10:41<01:20,  1.12it/s]obj_color:  89%|████████▉ | 711/800 [10:42<01:20,  1.11it/s]obj_color:  89%|████████▉ | 712/800 [10:43<01:20,  1.09it/s]obj_color:  89%|████████▉ | 713/800 [10:44<01:18,  1.10it/s]obj_color:  89%|████████▉ | 714/800 [10:45<01:15,  1.14it/s]obj_color:  89%|████████▉ | 715/800 [10:46<01:16,  1.12it/s]obj_color:  90%|████████▉ | 716/800 [10:47<01:16,  1.10it/s]obj_color:  90%|████████▉ | 717/800 [10:48<01:14,  1.12it/s]obj_color:  90%|████████▉ | 718/800 [10:48<01:13,  1.12it/s]obj_color:  90%|████████▉ | 719/800 [10:49<01:13,  1.10it/s]obj_color:  90%|█████████ | 720/800 [10:50<01:13,  1.09it/s]obj_color:  90%|█████████ | 721/800 [10:51<01:10,  1.12it/s]obj_color:  90%|█████████ | 722/800 [10:52<01:10,  1.11it/s]obj_color:  90%|█████████ | 723/800 [10:53<01:10,  1.09it/s]obj_color:  90%|█████████ | 724/800 [10:54<01:08,  1.11it/s]obj_color:  91%|█████████ | 725/800 [10:55<01:07,  1.11it/s]obj_color:  91%|█████████ | 726/800 [10:56<01:07,  1.10it/s]obj_color:  91%|█████████ | 727/800 [10:57<01:07,  1.09it/s]obj_color:  91%|█████████ | 728/800 [10:57<01:03,  1.13it/s]obj_color:  91%|█████████ | 729/800 [10:58<01:02,  1.13it/s]obj_color:  91%|█████████▏| 730/800 [10:59<01:03,  1.11it/s]obj_color:  91%|█████████▏| 731/800 [11:00<01:03,  1.09it/s]obj_color:  92%|█████████▏| 732/800 [11:01<01:00,  1.13it/s]obj_color:  92%|█████████▏| 733/800 [11:02<01:00,  1.11it/s]obj_color:  92%|█████████▏| 734/800 [11:03<01:00,  1.10it/s]obj_color:  92%|█████████▏| 735/800 [11:04<00:58,  1.11it/s]obj_color:  92%|█████████▏| 736/800 [11:05<00:57,  1.12it/s]obj_color:  92%|█████████▏| 737/800 [11:06<00:57,  1.10it/s]obj_color:  92%|█████████▏| 738/800 [11:07<00:56,  1.09it/s]obj_color:  92%|█████████▏| 739/800 [11:07<00:54,  1.12it/s]obj_color:  92%|█████████▎| 740/800 [11:08<00:54,  1.11it/s]obj_color:  93%|█████████▎| 741/800 [11:09<00:53,  1.10it/s]obj_color:  93%|█████████▎| 742/800 [11:10<00:53,  1.09it/s]obj_color:  93%|█████████▎| 743/800 [11:11<00:49,  1.14it/s]obj_color:  93%|█████████▎| 744/800 [11:12<00:49,  1.12it/s]obj_color:  93%|█████████▎| 745/800 [11:13<00:49,  1.11it/s]obj_color:  93%|█████████▎| 746/800 [11:14<00:48,  1.12it/s]obj_color:  93%|█████████▎| 747/800 [11:15<00:47,  1.12it/s]obj_color:  94%|█████████▎| 748/800 [11:16<00:47,  1.10it/s]obj_color:  94%|█████████▎| 749/800 [11:16<00:46,  1.09it/s]obj_color:  94%|█████████▍| 750/800 [11:17<00:45,  1.11it/s]obj_color:  94%|█████████▍| 751/800 [11:18<00:44,  1.10it/s]obj_color:  94%|█████████▍| 752/800 [11:19<00:44,  1.09it/s]obj_color:  94%|█████████▍| 753/800 [11:20<00:42,  1.10it/s]obj_color:  94%|█████████▍| 754/800 [11:21<00:41,  1.11it/s]obj_color:  94%|█████████▍| 755/800 [11:22<00:41,  1.09it/s]obj_color:  94%|█████████▍| 756/800 [11:23<00:40,  1.09it/s]obj_color:  95%|█████████▍| 757/800 [11:24<00:38,  1.13it/s]obj_color:  95%|█████████▍| 758/800 [11:25<00:37,  1.13it/s]obj_color:  95%|█████████▍| 759/800 [11:25<00:37,  1.11it/s]obj_color:  95%|█████████▌| 760/800 [11:26<00:36,  1.09it/s]obj_color:  95%|█████████▌| 761/800 [11:27<00:34,  1.12it/s]obj_color:  95%|█████████▌| 762/800 [11:28<00:34,  1.11it/s]obj_color:  95%|█████████▌| 763/800 [11:29<00:33,  1.09it/s]obj_color:  96%|█████████▌| 764/800 [11:30<00:32,  1.10it/s]obj_color:  96%|█████████▌| 765/800 [11:31<00:31,  1.11it/s]obj_color:  96%|█████████▌| 766/800 [11:32<00:31,  1.09it/s]obj_color:  96%|█████████▌| 767/800 [11:33<00:30,  1.09it/s]obj_color:  96%|█████████▌| 768/800 [11:34<00:28,  1.11it/s]obj_color:  96%|█████████▌| 769/800 [11:35<00:28,  1.10it/s]obj_color:  96%|█████████▋| 770/800 [11:35<00:27,  1.09it/s]obj_color:  96%|█████████▋| 771/800 [11:36<00:26,  1.08it/s]obj_color:  96%|█████████▋| 772/800 [11:37<00:24,  1.15it/s]obj_color:  97%|█████████▋| 773/800 [11:38<00:24,  1.12it/s]obj_color:  97%|█████████▋| 774/800 [11:39<00:23,  1.11it/s]obj_color:  97%|█████████▋| 775/800 [11:40<00:22,  1.12it/s]obj_color:  97%|█████████▋| 776/800 [11:41<00:21,  1.12it/s]obj_color:  97%|█████████▋| 777/800 [11:42<00:20,  1.10it/s]obj_color:  97%|█████████▋| 778/800 [11:43<00:20,  1.09it/s]obj_color:  97%|█████████▋| 779/800 [11:44<00:18,  1.12it/s]obj_color:  98%|█████████▊| 780/800 [11:44<00:18,  1.11it/s]obj_color:  98%|█████████▊| 781/800 [11:45<00:17,  1.10it/s]obj_color:  98%|█████████▊| 782/800 [11:46<00:16,  1.11it/s]obj_color:  98%|█████████▊| 783/800 [11:47<00:15,  1.11it/s]obj_color:  98%|█████████▊| 784/800 [11:48<00:14,  1.09it/s]obj_color:  98%|█████████▊| 785/800 [11:49<00:13,  1.08it/s]obj_color:  98%|█████████▊| 786/800 [11:50<00:12,  1.13it/s]obj_color:  98%|█████████▊| 787/800 [11:51<00:11,  1.12it/s]obj_color:  98%|█████████▊| 788/800 [11:52<00:10,  1.11it/s]obj_color:  99%|█████████▊| 789/800 [11:53<00:10,  1.09it/s]obj_color:  99%|█████████▉| 790/800 [11:53<00:08,  1.13it/s]obj_color:  99%|█████████▉| 791/800 [11:54<00:08,  1.11it/s]obj_color:  99%|█████████▉| 792/800 [11:55<00:07,  1.10it/s]obj_color:  99%|█████████▉| 793/800 [11:56<00:06,  1.11it/s]obj_color:  99%|█████████▉| 794/800 [11:57<00:05,  1.12it/s]obj_color:  99%|█████████▉| 795/800 [11:58<00:04,  1.10it/s]obj_color: 100%|█████████▉| 796/800 [11:59<00:03,  1.09it/s]obj_color: 100%|█████████▉| 797/800 [12:00<00:02,  1.11it/s]obj_color: 100%|█████████▉| 798/800 [12:01<00:01,  1.11it/s]obj_color: 100%|█████████▉| 799/800 [12:02<00:00,  1.09it/s]obj_color: 100%|██████████| 800/800 [12:03<00:00,  1.08it/s]obj_color: 100%|██████████| 800/800 [12:03<00:00,  1.11it/s]
[SAVED] /data/takhyun03/project/2026/vlm_direction/cross-modal-info/analysis/swap_intervention/per_sample/vanilla_obj_color.npz  n=800  acc=25.2%
