Special tokens have been added in the vocabulary, make sure the associated word embeddings are fine-tuned or trained.
You are using a model of type llava to instantiate a model of type llava_qwen. This is not supported for all configurations of models and can yield errors.
You are using a model of type llava to instantiate a model of type llava_qwen. This is not supported for all configurations of models and can yield errors.
Special tokens have been added in the vocabulary, make sure the associated word embeddings are fine-tuned or trained.
/data/takhyun03/anaconda3/envs/lmms_llavavideo/lib/python3.11/site-packages/torch/nn/modules/module.py:2025: UserWarning: for vision_model.embeddings.patch_embedding.weight: copying from a non-meta parameter in the checkpoint to a meta parameter in the current model, which is a no-op. (Did you mean to pass `assign=True` to assign items in the state dictionary to their corresponding key in the module instead of copying them in place?)
  warnings.warn(f'for {key}: copying from a non-meta parameter in the checkpoint to a meta '
/data/takhyun03/anaconda3/envs/lmms_llavavideo/lib/python3.11/site-packages/torch/nn/modules/module.py:2025: UserWarning: for vision_model.embeddings.patch_embedding.bias: copying from a non-meta parameter in the checkpoint to a meta parameter in the current model, which is a no-op. (Did you mean to pass `assign=True` to assign items in the state dictionary to their corresponding key in the module instead of copying them in place?)
  warnings.warn(f'for {key}: copying from a non-meta parameter in the checkpoint to a meta '
/data/takhyun03/anaconda3/envs/lmms_llavavideo/lib/python3.11/site-packages/torch/nn/modules/module.py:2025: UserWarning: for vision_model.embeddings.position_embedding.weight: copying from a non-meta parameter in the checkpoint to a meta parameter in the current model, which is a no-op. (Did you mean to pass `assign=True` to assign items in the state dictionary to their corresponding key in the module instead of copying them in place?)
  warnings.warn(f'for {key}: copying from a non-meta parameter in the checkpoint to a meta '
/data/takhyun03/anaconda3/envs/lmms_llavavideo/lib/python3.11/site-packages/torch/nn/modules/module.py:2025: UserWarning: for vision_model.encoder.layers.0.self_attn.k_proj.weight: copying from a non-meta parameter in the checkpoint to a meta parameter in the current model, which is a no-op. (Did you mean to pass `assign=True` to assign items in the state dictionary to their corresponding key in the module instead of copying them in place?)
  warnings.warn(f'for {key}: copying from a non-meta parameter in the checkpoint to a meta '
/data/takhyun03/anaconda3/envs/lmms_llavavideo/lib/python3.11/site-packages/torch/nn/modules/module.py:2025: UserWarning: for vision_model.encoder.layers.0.self_attn.k_proj.bias: copying from a non-meta parameter in the checkpoint to a meta parameter in the current model, which is a no-op. (Did you mean to pass `assign=True` to assign items in the state dictionary to their corresponding key in the module instead of copying them in place?)
  warnings.warn(f'for {key}: copying from a non-meta parameter in the checkpoint to a meta '
/data/takhyun03/anaconda3/envs/lmms_llavavideo/lib/python3.11/site-packages/torch/nn/modules/module.py:2025: UserWarning: for vision_model.encoder.layers.0.self_attn.v_proj.weight: copying from a non-meta parameter in the checkpoint to a meta parameter in the current model, which is a no-op. (Did you mean to pass `assign=True` to assign items in the state dictionary to their corresponding key in the module instead of copying them in place?)
  warnings.warn(f'for {key}: copying from a non-meta parameter in the checkpoint to a meta '
/data/takhyun03/anaconda3/envs/lmms_llavavideo/lib/python3.11/site-packages/torch/nn/modules/module.py:2025: UserWarning: for vision_model.encoder.layers.0.self_attn.v_proj.bias: copying from a non-meta parameter in the checkpoint to a meta parameter in the current model, which is a no-op. (Did you mean to pass `assign=True` to assign items in the state dictionary to their corresponding key in the module instead of copying them in place?)
  warnings.warn(f'for {key}: copying from a non-meta parameter in the checkpoint to a meta '
/data/takhyun03/anaconda3/envs/lmms_llavavideo/lib/python3.11/site-packages/torch/nn/modules/module.py:2025: UserWarning: for vision_model.encoder.layers.0.self_attn.q_proj.weight: copying from a non-meta parameter in the checkpoint to a meta parameter in the current model, which is a no-op. (Did you mean to pass `assign=True` to assign items in the state dictionary to their corresponding key in the module instead of copying them in place?)
  warnings.warn(f'for {key}: copying from a non-meta parameter in the checkpoint to a meta '
/data/takhyun03/anaconda3/envs/lmms_llavavideo/lib/python3.11/site-packages/torch/nn/modules/module.py:2025: UserWarning: for vision_model.encoder.layers.0.self_attn.q_proj.bias: copying from a non-meta parameter in the checkpoint to a meta parameter in the current model, which is a no-op. (Did you mean to pass `assign=True` to assign items in the state dictionary to their corresponding key in the module instead of copying them in place?)
  warnings.warn(f'for {key}: copying from a non-meta parameter in the checkpoint to a meta '
/data/takhyun03/anaconda3/envs/lmms_llavavideo/lib/python3.11/site-packages/torch/nn/modules/module.py:2025: UserWarning: for vision_model.encoder.layers.0.self_attn.out_proj.weight: copying from a non-meta parameter in the checkpoint to a meta parameter in the current model, which is a no-op. (Did you mean to pass `assign=True` to assign items in the state dictionary to their corresponding key in the module instead of copying them in place?)
  warnings.warn(f'for {key}: copying from a non-meta parameter in the checkpoint to a meta '
/data/takhyun03/anaconda3/envs/lmms_llavavideo/lib/python3.11/site-packages/torch/nn/modules/module.py:2025: UserWarning: for vision_model.encoder.layers.0.self_attn.out_proj.bias: copying from a non-meta parameter in the checkpoint to a meta parameter in the current model, which is a no-op. (Did you mean to pass `assign=True` to assign items in the state dictionary to their corresponding key in the module instead of copying them in place?)
  warnings.warn(f'for {key}: copying from a non-meta parameter in the checkpoint to a meta '
/data/takhyun03/anaconda3/envs/lmms_llavavideo/lib/python3.11/site-packages/torch/nn/modules/module.py:2025: UserWarning: for vision_model.encoder.layers.0.layer_norm1.weight: copying from a non-meta parameter in the checkpoint to a meta parameter in the current model, which is a no-op. (Did you mean to pass `assign=True` to assign items in the state dictionary to their corresponding key in the module instead of copying them in place?)
  warnings.warn(f'for {key}: copying from a non-meta parameter in the checkpoint to a meta '
/data/takhyun03/anaconda3/envs/lmms_llavavideo/lib/python3.11/site-packages/torch/nn/modules/module.py:2025: UserWarning: for vision_model.encoder.layers.0.layer_norm1.bias: copying from a non-meta parameter in the checkpoint to a meta parameter in the current model, which is a no-op. (Did you mean to pass `assign=True` to assign items in the state dictionary to their corresponding key in the module instead of copying them in place?)
  warnings.warn(f'for {key}: copying from a non-meta parameter in the checkpoint to a meta '
/data/takhyun03/anaconda3/envs/lmms_llavavideo/lib/python3.11/site-packages/torch/nn/modules/module.py:2025: UserWarning: for vision_model.encoder.layers.0.mlp.fc1.weight: copying from a non-meta parameter in the checkpoint to a meta parameter in the current model, which is a no-op. (Did you mean to pass `assign=True` to assign items in the state dictionary to their corresponding key in the module instead of copying them in place?)
  warnings.warn(f'for {key}: copying from a non-meta parameter in the checkpoint to a meta '
/data/takhyun03/anaconda3/envs/lmms_llavavideo/lib/python3.11/site-packages/torch/nn/modules/module.py:2025: UserWarning: for vision_model.encoder.layers.0.mlp.fc1.bias: copying from a non-meta parameter in the checkpoint to a meta parameter in the current model, which is a no-op. (Did you mean to pass `assign=True` to assign items in the state dictionary to their corresponding key in the module instead of copying them in place?)
  warnings.warn(f'for {key}: copying from a non-meta parameter in the checkpoint to a meta '
/data/takhyun03/anaconda3/envs/lmms_llavavideo/lib/python3.11/site-packages/torch/nn/modules/module.py:2025: UserWarning: for vision_model.encoder.layers.0.mlp.fc2.weight: copying from a non-meta parameter in the checkpoint to a meta parameter in the current model, which is a no-op. (Did you mean to pass `assign=True` to assign items in the state dictionary to their corresponding key in the module instead of copying them in place?)
  warnings.warn(f'for {key}: copying from a non-meta parameter in the checkpoint to a meta '
/data/takhyun03/anaconda3/envs/lmms_llavavideo/lib/python3.11/site-packages/torch/nn/modules/module.py:2025: UserWarning: for vision_model.encoder.layers.0.mlp.fc2.bias: copying from a non-meta parameter in the checkpoint to a meta parameter in the current model, which is a no-op. (Did you mean to pass `assign=True` to assign items in the state dictionary to their corresponding key in the module instead of copying them in place?)
  warnings.warn(f'for {key}: copying from a non-meta parameter in the checkpoint to a meta '
/data/takhyun03/anaconda3/envs/lmms_llavavideo/lib/python3.11/site-packages/torch/nn/modules/module.py:2025: UserWarning: for vision_model.encoder.layers.0.layer_norm2.weight: copying from a non-meta parameter in the checkpoint to a meta parameter in the current model, which is a no-op. (Did you mean to pass `assign=True` to assign items in the state dictionary to their corresponding key in the module instead of copying them in place?)
  warnings.warn(f'for {key}: copying from a non-meta parameter in the checkpoint to a meta '
/data/takhyun03/anaconda3/envs/lmms_llavavideo/lib/python3.11/site-packages/torch/nn/modules/module.py:2025: UserWarning: for vision_model.encoder.layers.0.layer_norm2.bias: copying from a non-meta parameter in the checkpoint to a meta parameter in the current model, which is a no-op. (Did you mean to pass `assign=True` to assign items in the state dictionary to their corresponding key in the module instead of copying them in place?)
  warnings.warn(f'for {key}: copying from a non-meta parameter in the checkpoint to a meta '
/data/takhyun03/anaconda3/envs/lmms_llavavideo/lib/python3.11/site-packages/torch/nn/modules/module.py:2025: UserWarning: for vision_model.encoder.layers.1.self_attn.k_proj.weight: copying from a non-meta parameter in the checkpoint to a meta parameter in the current model, which is a no-op. (Did you mean to pass `assign=True` to assign items in the state dictionary to their corresponding key in the module instead of copying them in place?)
  warnings.warn(f'for {key}: copying from a non-meta parameter in the checkpoint to a meta '
/data/takhyun03/anaconda3/envs/lmms_llavavideo/lib/python3.11/site-packages/torch/nn/modules/module.py:2025: UserWarning: for vision_model.encoder.layers.1.self_attn.k_proj.bias: copying from a non-meta parameter in the checkpoint to a meta parameter in the current model, which is a no-op. (Did you mean to pass `assign=True` to assign items in the state dictionary to their corresponding key in the module instead of copying them in place?)
  warnings.warn(f'for {key}: copying from a non-meta parameter in the checkpoint to a meta '
/data/takhyun03/anaconda3/envs/lmms_llavavideo/lib/python3.11/site-packages/torch/nn/modules/module.py:2025: UserWarning: for vision_model.encoder.layers.1.self_attn.v_proj.weight: copying from a non-meta parameter in the checkpoint to a meta parameter in the current model, which is a no-op. (Did you mean to pass `assign=True` to assign items in the state dictionary to their corresponding key in the module instead of copying them in place?)
  warnings.warn(f'for {key}: copying from a non-meta parameter in the checkpoint to a meta '
/data/takhyun03/anaconda3/envs/lmms_llavavideo/lib/python3.11/site-packages/torch/nn/modules/module.py:2025: UserWarning: for vision_model.encoder.layers.1.self_attn.v_proj.bias: copying from a non-meta parameter in the checkpoint to a meta parameter in the current model, which is a no-op. (Did you mean to pass `assign=True` to assign items in the state dictionary to their corresponding key in the module instead of copying them in place?)
  warnings.warn(f'for {key}: copying from a non-meta parameter in the checkpoint to a meta '
/data/takhyun03/anaconda3/envs/lmms_llavavideo/lib/python3.11/site-packages/torch/nn/modules/module.py:2025: UserWarning: for vision_model.encoder.layers.1.self_attn.q_proj.weight: copying from a non-meta parameter in the checkpoint to a meta parameter in the current model, which is a no-op. (Did you mean to pass `assign=True` to assign items in the state dictionary to their corresponding key in the module instead of copying them in place?)
  warnings.warn(f'for {key}: copying from a non-meta parameter in the checkpoint to a meta '
/data/takhyun03/anaconda3/envs/lmms_llavavideo/lib/python3.11/site-packages/torch/nn/modules/module.py:2025: UserWarning: for vision_model.encoder.layers.1.self_attn.q_proj.bias: copying from a non-meta parameter in the checkpoint to a meta parameter in the current model, which is a no-op. (Did you mean to pass `assign=True` to assign items in the state dictionary to their corresponding key in the module instead of copying them in place?)
  warnings.warn(f'for {key}: copying from a non-meta parameter in the checkpoint to a meta '
/data/takhyun03/anaconda3/envs/lmms_llavavideo/lib/python3.11/site-packages/torch/nn/modules/module.py:2025: UserWarning: for vision_model.encoder.layers.1.self_attn.out_proj.weight: copying from a non-meta parameter in the checkpoint to a meta parameter in the current model, which is a no-op. (Did you mean to pass `assign=True` to assign items in the state dictionary to their corresponding key in the module instead of copying them in place?)
  warnings.warn(f'for {key}: copying from a non-meta parameter in the checkpoint to a meta '
/data/takhyun03/anaconda3/envs/lmms_llavavideo/lib/python3.11/site-packages/torch/nn/modules/module.py:2025: UserWarning: for vision_model.encoder.layers.1.self_attn.out_proj.bias: copying from a non-meta parameter in the checkpoint to a meta parameter in the current model, which is a no-op. (Did you mean to pass `assign=True` to assign items in the state dictionary to their corresponding key in the module instead of copying them in place?)
  warnings.warn(f'for {key}: copying from a non-meta parameter in the checkpoint to a meta '
/data/takhyun03/anaconda3/envs/lmms_llavavideo/lib/python3.11/site-packages/torch/nn/modules/module.py:2025: UserWarning: for vision_model.encoder.layers.1.layer_norm1.weight: copying from a non-meta parameter in the checkpoint to a meta parameter in the current model, which is a no-op. (Did you mean to pass `assign=True` to assign items in the state dictionary to their corresponding key in the module instead of copying them in place?)
  warnings.warn(f'for {key}: copying from a non-meta parameter in the checkpoint to a meta '
/data/takhyun03/anaconda3/envs/lmms_llavavideo/lib/python3.11/site-packages/torch/nn/modules/module.py:2025: UserWarning: for vision_model.encoder.layers.1.layer_norm1.bias: copying from a non-meta parameter in the checkpoint to a meta parameter in the current model, which is a no-op. (Did you mean to pass `assign=True` to assign items in the state dictionary to their corresponding key in the module instead of copying them in place?)
  warnings.warn(f'for {key}: copying from a non-meta parameter in the checkpoint to a meta '
/data/takhyun03/anaconda3/envs/lmms_llavavideo/lib/python3.11/site-packages/torch/nn/modules/module.py:2025: UserWarning: for vision_model.encoder.layers.1.mlp.fc1.weight: copying from a non-meta parameter in the checkpoint to a meta parameter in the current model, which is a no-op. (Did you mean to pass `assign=True` to assign items in the state dictionary to their corresponding key in the module instead of copying them in place?)
  warnings.warn(f'for {key}: copying from a non-meta parameter in the checkpoint to a meta '
/data/takhyun03/anaconda3/envs/lmms_llavavideo/lib/python3.11/site-packages/torch/nn/modules/module.py:2025: UserWarning: for vision_model.encoder.layers.1.mlp.fc1.bias: copying from a non-meta parameter in the checkpoint to a meta parameter in the current model, which is a no-op. (Did you mean to pass `assign=True` to assign items in the state dictionary to their corresponding key in the module instead of copying them in place?)
  warnings.warn(f'for {key}: copying from a non-meta parameter in the checkpoint to a meta '
/data/takhyun03/anaconda3/envs/lmms_llavavideo/lib/python3.11/site-packages/torch/nn/modules/module.py:2025: UserWarning: for vision_model.encoder.layers.1.mlp.fc2.weight: copying from a non-meta parameter in the checkpoint to a meta parameter in the current model, which is a no-op. (Did you mean to pass `assign=True` to assign items in the state dictionary to their corresponding key in the module instead of copying them in place?)
  warnings.warn(f'for {key}: copying from a non-meta parameter in the checkpoint to a meta '
/data/takhyun03/anaconda3/envs/lmms_llavavideo/lib/python3.11/site-packages/torch/nn/modules/module.py:2025: UserWarning: for vision_model.encoder.layers.1.mlp.fc2.bias: copying from a non-meta parameter in the checkpoint to a meta parameter in the current model, which is a no-op. (Did you mean to pass `assign=True` to assign items in the state dictionary to their corresponding key in the module instead of copying them in place?)
  warnings.warn(f'for {key}: copying from a non-meta parameter in the checkpoint to a meta '
/data/takhyun03/anaconda3/envs/lmms_llavavideo/lib/python3.11/site-packages/torch/nn/modules/module.py:2025: UserWarning: for vision_model.encoder.layers.1.layer_norm2.weight: copying from a non-meta parameter in the checkpoint to a meta parameter in the current model, which is a no-op. (Did you mean to pass `assign=True` to assign items in the state dictionary to their corresponding key in the module instead of copying them in place?)
  warnings.warn(f'for {key}: copying from a non-meta parameter in the checkpoint to a meta '
/data/takhyun03/anaconda3/envs/lmms_llavavideo/lib/python3.11/site-packages/torch/nn/modules/module.py:2025: UserWarning: for vision_model.encoder.layers.1.layer_norm2.bias: copying from a non-meta parameter in the checkpoint to a meta parameter in the current model, which is a no-op. (Did you mean to pass `assign=True` to assign items in the state dictionary to their corresponding key in the module instead of copying them in place?)
  warnings.warn(f'for {key}: copying from a non-meta parameter in the checkpoint to a meta '
/data/takhyun03/anaconda3/envs/lmms_llavavideo/lib/python3.11/site-packages/torch/nn/modules/module.py:2025: UserWarning: for vision_model.encoder.layers.2.self_attn.k_proj.weight: copying from a non-meta parameter in the checkpoint to a meta parameter in the current model, which is a no-op. (Did you mean to pass `assign=True` to assign items in the state dictionary to their corresponding key in the module instead of copying them in place?)
  warnings.warn(f'for {key}: copying from a non-meta parameter in the checkpoint to a meta '
/data/takhyun03/anaconda3/envs/lmms_llavavideo/lib/python3.11/site-packages/torch/nn/modules/module.py:2025: UserWarning: for vision_model.encoder.layers.2.self_attn.k_proj.bias: copying from a non-meta parameter in the checkpoint to a meta parameter in the current model, which is a no-op. (Did you mean to pass `assign=True` to assign items in the state dictionary to their corresponding key in the module instead of copying them in place?)
  warnings.warn(f'for {key}: copying from a non-meta parameter in the checkpoint to a meta '
/data/takhyun03/anaconda3/envs/lmms_llavavideo/lib/python3.11/site-packages/torch/nn/modules/module.py:2025: UserWarning: for vision_model.encoder.layers.2.self_attn.v_proj.weight: copying from a non-meta parameter in the checkpoint to a meta parameter in the current model, which is a no-op. (Did you mean to pass `assign=True` to assign items in the state dictionary to their corresponding key in the module instead of copying them in place?)
  warnings.warn(f'for {key}: copying from a non-meta parameter in the checkpoint to a meta '
/data/takhyun03/anaconda3/envs/lmms_llavavideo/lib/python3.11/site-packages/torch/nn/modules/module.py:2025: UserWarning: for vision_model.encoder.layers.2.self_attn.v_proj.bias: copying from a non-meta parameter in the checkpoint to a meta parameter in the current model, which is a no-op. (Did you mean to pass `assign=True` to assign items in the state dictionary to their corresponding key in the module instead of copying them in place?)
  warnings.warn(f'for {key}: copying from a non-meta parameter in the checkpoint to a meta '
/data/takhyun03/anaconda3/envs/lmms_llavavideo/lib/python3.11/site-packages/torch/nn/modules/module.py:2025: UserWarning: for vision_model.encoder.layers.2.self_attn.q_proj.weight: copying from a non-meta parameter in the checkpoint to a meta parameter in the current model, which is a no-op. (Did you mean to pass `assign=True` to assign items in the state dictionary to their corresponding key in the module instead of copying them in place?)
  warnings.warn(f'for {key}: copying from a non-meta parameter in the checkpoint to a meta '
/data/takhyun03/anaconda3/envs/lmms_llavavideo/lib/python3.11/site-packages/torch/nn/modules/module.py:2025: UserWarning: for vision_model.encoder.layers.2.self_attn.q_proj.bias: copying from a non-meta parameter in the checkpoint to a meta parameter in the current model, which is a no-op. (Did you mean to pass `assign=True` to assign items in the state dictionary to their corresponding key in the module instead of copying them in place?)
  warnings.warn(f'for {key}: copying from a non-meta parameter in the checkpoint to a meta '
/data/takhyun03/anaconda3/envs/lmms_llavavideo/lib/python3.11/site-packages/torch/nn/modules/module.py:2025: UserWarning: for vision_model.encoder.layers.2.self_attn.out_proj.weight: copying from a non-meta parameter in the checkpoint to a meta parameter in the current model, which is a no-op. (Did you mean to pass `assign=True` to assign items in the state dictionary to their corresponding key in the module instead of copying them in place?)
  warnings.warn(f'for {key}: copying from a non-meta parameter in the checkpoint to a meta '
/data/takhyun03/anaconda3/envs/lmms_llavavideo/lib/python3.11/site-packages/torch/nn/modules/module.py:2025: UserWarning: for vision_model.encoder.layers.2.self_attn.out_proj.bias: copying from a non-meta parameter in the checkpoint to a meta parameter in the current model, which is a no-op. (Did you mean to pass `assign=True` to assign items in the state dictionary to their corresponding key in the module instead of copying them in place?)
  warnings.warn(f'for {key}: copying from a non-meta parameter in the checkpoint to a meta '
/data/takhyun03/anaconda3/envs/lmms_llavavideo/lib/python3.11/site-packages/torch/nn/modules/module.py:2025: UserWarning: for vision_model.encoder.layers.2.layer_norm1.weight: copying from a non-meta parameter in the checkpoint to a meta parameter in the current model, which is a no-op. (Did you mean to pass `assign=True` to assign items in the state dictionary to their corresponding key in the module instead of copying them in place?)
  warnings.warn(f'for {key}: copying from a non-meta parameter in the checkpoint to a meta '
/data/takhyun03/anaconda3/envs/lmms_llavavideo/lib/python3.11/site-packages/torch/nn/modules/module.py:2025: UserWarning: for vision_model.encoder.layers.2.layer_norm1.bias: copying from a non-meta parameter in the checkpoint to a meta parameter in the current model, which is a no-op. (Did you mean to pass `assign=True` to assign items in the state dictionary to their corresponding key in the module instead of copying them in place?)
  warnings.warn(f'for {key}: copying from a non-meta parameter in the checkpoint to a meta '
/data/takhyun03/anaconda3/envs/lmms_llavavideo/lib/python3.11/site-packages/torch/nn/modules/module.py:2025: UserWarning: for vision_model.encoder.layers.2.mlp.fc1.weight: copying from a non-meta parameter in the checkpoint to a meta parameter in the current model, which is a no-op. (Did you mean to pass `assign=True` to assign items in the state dictionary to their corresponding key in the module instead of copying them in place?)
  warnings.warn(f'for {key}: copying from a non-meta parameter in the checkpoint to a meta '
/data/takhyun03/anaconda3/envs/lmms_llavavideo/lib/python3.11/site-packages/torch/nn/modules/module.py:2025: UserWarning: for vision_model.encoder.layers.2.mlp.fc1.bias: copying from a non-meta parameter in the checkpoint to a meta parameter in the current model, which is a no-op. (Did you mean to pass `assign=True` to assign items in the state dictionary to their corresponding key in the module instead of copying them in place?)
  warnings.warn(f'for {key}: copying from a non-meta parameter in the checkpoint to a meta '
/data/takhyun03/anaconda3/envs/lmms_llavavideo/lib/python3.11/site-packages/torch/nn/modules/module.py:2025: UserWarning: for vision_model.encoder.layers.2.mlp.fc2.weight: copying from a non-meta parameter in the checkpoint to a meta parameter in the current model, which is a no-op. (Did you mean to pass `assign=True` to assign items in the state dictionary to their corresponding key in the module instead of copying them in place?)
  warnings.warn(f'for {key}: copying from a non-meta parameter in the checkpoint to a meta '
/data/takhyun03/anaconda3/envs/lmms_llavavideo/lib/python3.11/site-packages/torch/nn/modules/module.py:2025: UserWarning: for vision_model.encoder.layers.2.mlp.fc2.bias: copying from a non-meta parameter in the checkpoint to a meta parameter in the current model, which is a no-op. (Did you mean to pass `assign=True` to assign items in the state dictionary to their corresponding key in the module instead of copying them in place?)
  warnings.warn(f'for {key}: copying from a non-meta parameter in the checkpoint to a meta '
/data/takhyun03/anaconda3/envs/lmms_llavavideo/lib/python3.11/site-packages/torch/nn/modules/module.py:2025: UserWarning: for vision_model.encoder.layers.2.layer_norm2.weight: copying from a non-meta parameter in the checkpoint to a meta parameter in the current model, which is a no-op. (Did you mean to pass `assign=True` to assign items in the state dictionary to their corresponding key in the module instead of copying them in place?)
  warnings.warn(f'for {key}: copying from a non-meta parameter in the checkpoint to a meta '
/data/takhyun03/anaconda3/envs/lmms_llavavideo/lib/python3.11/site-packages/torch/nn/modules/module.py:2025: UserWarning: for vision_model.encoder.layers.2.layer_norm2.bias: copying from a non-meta parameter in the checkpoint to a meta parameter in the current model, which is a no-op. (Did you mean to pass `assign=True` to assign items in the state dictionary to their corresponding key in the module instead of copying them in place?)
  warnings.warn(f'for {key}: copying from a non-meta parameter in the checkpoint to a meta '
/data/takhyun03/anaconda3/envs/lmms_llavavideo/lib/python3.11/site-packages/torch/nn/modules/module.py:2025: UserWarning: for vision_model.encoder.layers.3.self_attn.k_proj.weight: copying from a non-meta parameter in the checkpoint to a meta parameter in the current model, which is a no-op. (Did you mean to pass `assign=True` to assign items in the state dictionary to their corresponding key in the module instead of copying them in place?)
  warnings.warn(f'for {key}: copying from a non-meta parameter in the checkpoint to a meta '
/data/takhyun03/anaconda3/envs/lmms_llavavideo/lib/python3.11/site-packages/torch/nn/modules/module.py:2025: UserWarning: for vision_model.encoder.layers.3.self_attn.k_proj.bias: copying from a non-meta parameter in the checkpoint to a meta parameter in the current model, which is a no-op. (Did you mean to pass `assign=True` to assign items in the state dictionary to their corresponding key in the module instead of copying them in place?)
  warnings.warn(f'for {key}: copying from a non-meta parameter in the checkpoint to a meta '
/data/takhyun03/anaconda3/envs/lmms_llavavideo/lib/python3.11/site-packages/torch/nn/modules/module.py:2025: UserWarning: for vision_model.encoder.layers.3.self_attn.v_proj.weight: copying from a non-meta parameter in the checkpoint to a meta parameter in the current model, which is a no-op. (Did you mean to pass `assign=True` to assign items in the state dictionary to their corresponding key in the module instead of copying them in place?)
  warnings.warn(f'for {key}: copying from a non-meta parameter in the checkpoint to a meta '
/data/takhyun03/anaconda3/envs/lmms_llavavideo/lib/python3.11/site-packages/torch/nn/modules/module.py:2025: UserWarning: for vision_model.encoder.layers.3.self_attn.v_proj.bias: copying from a non-meta parameter in the checkpoint to a meta parameter in the current model, which is a no-op. (Did you mean to pass `assign=True` to assign items in the state dictionary to their corresponding key in the module instead of copying them in place?)
  warnings.warn(f'for {key}: copying from a non-meta parameter in the checkpoint to a meta '
/data/takhyun03/anaconda3/envs/lmms_llavavideo/lib/python3.11/site-packages/torch/nn/modules/module.py:2025: UserWarning: for vision_model.encoder.layers.3.self_attn.q_proj.weight: copying from a non-meta parameter in the checkpoint to a meta parameter in the current model, which is a no-op. (Did you mean to pass `assign=True` to assign items in the state dictionary to their corresponding key in the module instead of copying them in place?)
  warnings.warn(f'for {key}: copying from a non-meta parameter in the checkpoint to a meta '
/data/takhyun03/anaconda3/envs/lmms_llavavideo/lib/python3.11/site-packages/torch/nn/modules/module.py:2025: UserWarning: for vision_model.encoder.layers.3.self_attn.q_proj.bias: copying from a non-meta parameter in the checkpoint to a meta parameter in the current model, which is a no-op. (Did you mean to pass `assign=True` to assign items in the state dictionary to their corresponding key in the module instead of copying them in place?)
  warnings.warn(f'for {key}: copying from a non-meta parameter in the checkpoint to a meta '
/data/takhyun03/anaconda3/envs/lmms_llavavideo/lib/python3.11/site-packages/torch/nn/modules/module.py:2025: UserWarning: for vision_model.encoder.layers.3.self_attn.out_proj.weight: copying from a non-meta parameter in the checkpoint to a meta parameter in the current model, which is a no-op. (Did you mean to pass `assign=True` to assign items in the state dictionary to their corresponding key in the module instead of copying them in place?)
  warnings.warn(f'for {key}: copying from a non-meta parameter in the checkpoint to a meta '
/data/takhyun03/anaconda3/envs/lmms_llavavideo/lib/python3.11/site-packages/torch/nn/modules/module.py:2025: UserWarning: for vision_model.encoder.layers.3.self_attn.out_proj.bias: copying from a non-meta parameter in the checkpoint to a meta parameter in the current model, which is a no-op. (Did you mean to pass `assign=True` to assign items in the state dictionary to their corresponding key in the module instead of copying them in place?)
  warnings.warn(f'for {key}: copying from a non-meta parameter in the checkpoint to a meta '
/data/takhyun03/anaconda3/envs/lmms_llavavideo/lib/python3.11/site-packages/torch/nn/modules/module.py:2025: UserWarning: for vision_model.encoder.layers.3.layer_norm1.weight: copying from a non-meta parameter in the checkpoint to a meta parameter in the current model, which is a no-op. (Did you mean to pass `assign=True` to assign items in the state dictionary to their corresponding key in the module instead of copying them in place?)
  warnings.warn(f'for {key}: copying from a non-meta parameter in the checkpoint to a meta '
/data/takhyun03/anaconda3/envs/lmms_llavavideo/lib/python3.11/site-packages/torch/nn/modules/module.py:2025: UserWarning: for vision_model.encoder.layers.3.layer_norm1.bias: copying from a non-meta parameter in the checkpoint to a meta parameter in the current model, which is a no-op. (Did you mean to pass `assign=True` to assign items in the state dictionary to their corresponding key in the module instead of copying them in place?)
  warnings.warn(f'for {key}: copying from a non-meta parameter in the checkpoint to a meta '
/data/takhyun03/anaconda3/envs/lmms_llavavideo/lib/python3.11/site-packages/torch/nn/modules/module.py:2025: UserWarning: for vision_model.encoder.layers.3.mlp.fc1.weight: copying from a non-meta parameter in the checkpoint to a meta parameter in the current model, which is a no-op. (Did you mean to pass `assign=True` to assign items in the state dictionary to their corresponding key in the module instead of copying them in place?)
  warnings.warn(f'for {key}: copying from a non-meta parameter in the checkpoint to a meta '
/data/takhyun03/anaconda3/envs/lmms_llavavideo/lib/python3.11/site-packages/torch/nn/modules/module.py:2025: UserWarning: for vision_model.encoder.layers.3.mlp.fc1.bias: copying from a non-meta parameter in the checkpoint to a meta parameter in the current model, which is a no-op. (Did you mean to pass `assign=True` to assign items in the state dictionary to their corresponding key in the module instead of copying them in place?)
  warnings.warn(f'for {key}: copying from a non-meta parameter in the checkpoint to a meta '
/data/takhyun03/anaconda3/envs/lmms_llavavideo/lib/python3.11/site-packages/torch/nn/modules/module.py:2025: UserWarning: for vision_model.encoder.layers.3.mlp.fc2.weight: copying from a non-meta parameter in the checkpoint to a meta parameter in the current model, which is a no-op. (Did you mean to pass `assign=True` to assign items in the state dictionary to their corresponding key in the module instead of copying them in place?)
  warnings.warn(f'for {key}: copying from a non-meta parameter in the checkpoint to a meta '
/data/takhyun03/anaconda3/envs/lmms_llavavideo/lib/python3.11/site-packages/torch/nn/modules/module.py:2025: UserWarning: for vision_model.encoder.layers.3.mlp.fc2.bias: copying from a non-meta parameter in the checkpoint to a meta parameter in the current model, which is a no-op. (Did you mean to pass `assign=True` to assign items in the state dictionary to their corresponding key in the module instead of copying them in place?)
  warnings.warn(f'for {key}: copying from a non-meta parameter in the checkpoint to a meta '
/data/takhyun03/anaconda3/envs/lmms_llavavideo/lib/python3.11/site-packages/torch/nn/modules/module.py:2025: UserWarning: for vision_model.encoder.layers.3.layer_norm2.weight: copying from a non-meta parameter in the checkpoint to a meta parameter in the current model, which is a no-op. (Did you mean to pass `assign=True` to assign items in the state dictionary to their corresponding key in the module instead of copying them in place?)
  warnings.warn(f'for {key}: copying from a non-meta parameter in the checkpoint to a meta '
/data/takhyun03/anaconda3/envs/lmms_llavavideo/lib/python3.11/site-packages/torch/nn/modules/module.py:2025: UserWarning: for vision_model.encoder.layers.3.layer_norm2.bias: copying from a non-meta parameter in the checkpoint to a meta parameter in the current model, which is a no-op. (Did you mean to pass `assign=True` to assign items in the state dictionary to their corresponding key in the module instead of copying them in place?)
  warnings.warn(f'for {key}: copying from a non-meta parameter in the checkpoint to a meta '
/data/takhyun03/anaconda3/envs/lmms_llavavideo/lib/python3.11/site-packages/torch/nn/modules/module.py:2025: UserWarning: for vision_model.encoder.layers.4.self_attn.k_proj.weight: copying from a non-meta parameter in the checkpoint to a meta parameter in the current model, which is a no-op. (Did you mean to pass `assign=True` to assign items in the state dictionary to their corresponding key in the module instead of copying them in place?)
  warnings.warn(f'for {key}: copying from a non-meta parameter in the checkpoint to a meta '
/data/takhyun03/anaconda3/envs/lmms_llavavideo/lib/python3.11/site-packages/torch/nn/modules/module.py:2025: UserWarning: for vision_model.encoder.layers.4.self_attn.k_proj.bias: copying from a non-meta parameter in the checkpoint to a meta parameter in the current model, which is a no-op. (Did you mean to pass `assign=True` to assign items in the state dictionary to their corresponding key in the module instead of copying them in place?)
  warnings.warn(f'for {key}: copying from a non-meta parameter in the checkpoint to a meta '
/data/takhyun03/anaconda3/envs/lmms_llavavideo/lib/python3.11/site-packages/torch/nn/modules/module.py:2025: UserWarning: for vision_model.encoder.layers.4.self_attn.v_proj.weight: copying from a non-meta parameter in the checkpoint to a meta parameter in the current model, which is a no-op. (Did you mean to pass `assign=True` to assign items in the state dictionary to their corresponding key in the module instead of copying them in place?)
  warnings.warn(f'for {key}: copying from a non-meta parameter in the checkpoint to a meta '
/data/takhyun03/anaconda3/envs/lmms_llavavideo/lib/python3.11/site-packages/torch/nn/modules/module.py:2025: UserWarning: for vision_model.encoder.layers.4.self_attn.v_proj.bias: copying from a non-meta parameter in the checkpoint to a meta parameter in the current model, which is a no-op. (Did you mean to pass `assign=True` to assign items in the state dictionary to their corresponding key in the module instead of copying them in place?)
  warnings.warn(f'for {key}: copying from a non-meta parameter in the checkpoint to a meta '
/data/takhyun03/anaconda3/envs/lmms_llavavideo/lib/python3.11/site-packages/torch/nn/modules/module.py:2025: UserWarning: for vision_model.encoder.layers.4.self_attn.q_proj.weight: copying from a non-meta parameter in the checkpoint to a meta parameter in the current model, which is a no-op. (Did you mean to pass `assign=True` to assign items in the state dictionary to their corresponding key in the module instead of copying them in place?)
  warnings.warn(f'for {key}: copying from a non-meta parameter in the checkpoint to a meta '
/data/takhyun03/anaconda3/envs/lmms_llavavideo/lib/python3.11/site-packages/torch/nn/modules/module.py:2025: UserWarning: for vision_model.encoder.layers.4.self_attn.q_proj.bias: copying from a non-meta parameter in the checkpoint to a meta parameter in the current model, which is a no-op. (Did you mean to pass `assign=True` to assign items in the state dictionary to their corresponding key in the module instead of copying them in place?)
  warnings.warn(f'for {key}: copying from a non-meta parameter in the checkpoint to a meta '
/data/takhyun03/anaconda3/envs/lmms_llavavideo/lib/python3.11/site-packages/torch/nn/modules/module.py:2025: UserWarning: for vision_model.encoder.layers.4.self_attn.out_proj.weight: copying from a non-meta parameter in the checkpoint to a meta parameter in the current model, which is a no-op. (Did you mean to pass `assign=True` to assign items in the state dictionary to their corresponding key in the module instead of copying them in place?)
  warnings.warn(f'for {key}: copying from a non-meta parameter in the checkpoint to a meta '
/data/takhyun03/anaconda3/envs/lmms_llavavideo/lib/python3.11/site-packages/torch/nn/modules/module.py:2025: UserWarning: for vision_model.encoder.layers.4.self_attn.out_proj.bias: copying from a non-meta parameter in the checkpoint to a meta parameter in the current model, which is a no-op. (Did you mean to pass `assign=True` to assign items in the state dictionary to their corresponding key in the module instead of copying them in place?)
  warnings.warn(f'for {key}: copying from a non-meta parameter in the checkpoint to a meta '
/data/takhyun03/anaconda3/envs/lmms_llavavideo/lib/python3.11/site-packages/torch/nn/modules/module.py:2025: UserWarning: for vision_model.encoder.layers.4.layer_norm1.weight: copying from a non-meta parameter in the checkpoint to a meta parameter in the current model, which is a no-op. (Did you mean to pass `assign=True` to assign items in the state dictionary to their corresponding key in the module instead of copying them in place?)
  warnings.warn(f'for {key}: copying from a non-meta parameter in the checkpoint to a meta '
/data/takhyun03/anaconda3/envs/lmms_llavavideo/lib/python3.11/site-packages/torch/nn/modules/module.py:2025: UserWarning: for vision_model.encoder.layers.4.layer_norm1.bias: copying from a non-meta parameter in the checkpoint to a meta parameter in the current model, which is a no-op. (Did you mean to pass `assign=True` to assign items in the state dictionary to their corresponding key in the module instead of copying them in place?)
  warnings.warn(f'for {key}: copying from a non-meta parameter in the checkpoint to a meta '
/data/takhyun03/anaconda3/envs/lmms_llavavideo/lib/python3.11/site-packages/torch/nn/modules/module.py:2025: UserWarning: for vision_model.encoder.layers.4.mlp.fc1.weight: copying from a non-meta parameter in the checkpoint to a meta parameter in the current model, which is a no-op. (Did you mean to pass `assign=True` to assign items in the state dictionary to their corresponding key in the module instead of copying them in place?)
  warnings.warn(f'for {key}: copying from a non-meta parameter in the checkpoint to a meta '
/data/takhyun03/anaconda3/envs/lmms_llavavideo/lib/python3.11/site-packages/torch/nn/modules/module.py:2025: UserWarning: for vision_model.encoder.layers.4.mlp.fc1.bias: copying from a non-meta parameter in the checkpoint to a meta parameter in the current model, which is a no-op. (Did you mean to pass `assign=True` to assign items in the state dictionary to their corresponding key in the module instead of copying them in place?)
  warnings.warn(f'for {key}: copying from a non-meta parameter in the checkpoint to a meta '
/data/takhyun03/anaconda3/envs/lmms_llavavideo/lib/python3.11/site-packages/torch/nn/modules/module.py:2025: UserWarning: for vision_model.encoder.layers.4.mlp.fc2.weight: copying from a non-meta parameter in the checkpoint to a meta parameter in the current model, which is a no-op. (Did you mean to pass `assign=True` to assign items in the state dictionary to their corresponding key in the module instead of copying them in place?)
  warnings.warn(f'for {key}: copying from a non-meta parameter in the checkpoint to a meta '
/data/takhyun03/anaconda3/envs/lmms_llavavideo/lib/python3.11/site-packages/torch/nn/modules/module.py:2025: UserWarning: for vision_model.encoder.layers.4.mlp.fc2.bias: copying from a non-meta parameter in the checkpoint to a meta parameter in the current model, which is a no-op. (Did you mean to pass `assign=True` to assign items in the state dictionary to their corresponding key in the module instead of copying them in place?)
  warnings.warn(f'for {key}: copying from a non-meta parameter in the checkpoint to a meta '
/data/takhyun03/anaconda3/envs/lmms_llavavideo/lib/python3.11/site-packages/torch/nn/modules/module.py:2025: UserWarning: for vision_model.encoder.layers.4.layer_norm2.weight: copying from a non-meta parameter in the checkpoint to a meta parameter in the current model, which is a no-op. (Did you mean to pass `assign=True` to assign items in the state dictionary to their corresponding key in the module instead of copying them in place?)
  warnings.warn(f'for {key}: copying from a non-meta parameter in the checkpoint to a meta '
/data/takhyun03/anaconda3/envs/lmms_llavavideo/lib/python3.11/site-packages/torch/nn/modules/module.py:2025: UserWarning: for vision_model.encoder.layers.4.layer_norm2.bias: copying from a non-meta parameter in the checkpoint to a meta parameter in the current model, which is a no-op. (Did you mean to pass `assign=True` to assign items in the state dictionary to their corresponding key in the module instead of copying them in place?)
  warnings.warn(f'for {key}: copying from a non-meta parameter in the checkpoint to a meta '
/data/takhyun03/anaconda3/envs/lmms_llavavideo/lib/python3.11/site-packages/torch/nn/modules/module.py:2025: UserWarning: for vision_model.encoder.layers.5.self_attn.k_proj.weight: copying from a non-meta parameter in the checkpoint to a meta parameter in the current model, which is a no-op. (Did you mean to pass `assign=True` to assign items in the state dictionary to their corresponding key in the module instead of copying them in place?)
  warnings.warn(f'for {key}: copying from a non-meta parameter in the checkpoint to a meta '
/data/takhyun03/anaconda3/envs/lmms_llavavideo/lib/python3.11/site-packages/torch/nn/modules/module.py:2025: UserWarning: for vision_model.encoder.layers.5.self_attn.k_proj.bias: copying from a non-meta parameter in the checkpoint to a meta parameter in the current model, which is a no-op. (Did you mean to pass `assign=True` to assign items in the state dictionary to their corresponding key in the module instead of copying them in place?)
  warnings.warn(f'for {key}: copying from a non-meta parameter in the checkpoint to a meta '
/data/takhyun03/anaconda3/envs/lmms_llavavideo/lib/python3.11/site-packages/torch/nn/modules/module.py:2025: UserWarning: for vision_model.encoder.layers.5.self_attn.v_proj.weight: copying from a non-meta parameter in the checkpoint to a meta parameter in the current model, which is a no-op. (Did you mean to pass `assign=True` to assign items in the state dictionary to their corresponding key in the module instead of copying them in place?)
  warnings.warn(f'for {key}: copying from a non-meta parameter in the checkpoint to a meta '
/data/takhyun03/anaconda3/envs/lmms_llavavideo/lib/python3.11/site-packages/torch/nn/modules/module.py:2025: UserWarning: for vision_model.encoder.layers.5.self_attn.v_proj.bias: copying from a non-meta parameter in the checkpoint to a meta parameter in the current model, which is a no-op. (Did you mean to pass `assign=True` to assign items in the state dictionary to their corresponding key in the module instead of copying them in place?)
  warnings.warn(f'for {key}: copying from a non-meta parameter in the checkpoint to a meta '
/data/takhyun03/anaconda3/envs/lmms_llavavideo/lib/python3.11/site-packages/torch/nn/modules/module.py:2025: UserWarning: for vision_model.encoder.layers.5.self_attn.q_proj.weight: copying from a non-meta parameter in the checkpoint to a meta parameter in the current model, which is a no-op. (Did you mean to pass `assign=True` to assign items in the state dictionary to their corresponding key in the module instead of copying them in place?)
  warnings.warn(f'for {key}: copying from a non-meta parameter in the checkpoint to a meta '
/data/takhyun03/anaconda3/envs/lmms_llavavideo/lib/python3.11/site-packages/torch/nn/modules/module.py:2025: UserWarning: for vision_model.encoder.layers.5.self_attn.q_proj.bias: copying from a non-meta parameter in the checkpoint to a meta parameter in the current model, which is a no-op. (Did you mean to pass `assign=True` to assign items in the state dictionary to their corresponding key in the module instead of copying them in place?)
  warnings.warn(f'for {key}: copying from a non-meta parameter in the checkpoint to a meta '
/data/takhyun03/anaconda3/envs/lmms_llavavideo/lib/python3.11/site-packages/torch/nn/modules/module.py:2025: UserWarning: for vision_model.encoder.layers.5.self_attn.out_proj.weight: copying from a non-meta parameter in the checkpoint to a meta parameter in the current model, which is a no-op. (Did you mean to pass `assign=True` to assign items in the state dictionary to their corresponding key in the module instead of copying them in place?)
  warnings.warn(f'for {key}: copying from a non-meta parameter in the checkpoint to a meta '
/data/takhyun03/anaconda3/envs/lmms_llavavideo/lib/python3.11/site-packages/torch/nn/modules/module.py:2025: UserWarning: for vision_model.encoder.layers.5.self_attn.out_proj.bias: copying from a non-meta parameter in the checkpoint to a meta parameter in the current model, which is a no-op. (Did you mean to pass `assign=True` to assign items in the state dictionary to their corresponding key in the module instead of copying them in place?)
  warnings.warn(f'for {key}: copying from a non-meta parameter in the checkpoint to a meta '
/data/takhyun03/anaconda3/envs/lmms_llavavideo/lib/python3.11/site-packages/torch/nn/modules/module.py:2025: UserWarning: for vision_model.encoder.layers.5.layer_norm1.weight: copying from a non-meta parameter in the checkpoint to a meta parameter in the current model, which is a no-op. (Did you mean to pass `assign=True` to assign items in the state dictionary to their corresponding key in the module instead of copying them in place?)
  warnings.warn(f'for {key}: copying from a non-meta parameter in the checkpoint to a meta '
/data/takhyun03/anaconda3/envs/lmms_llavavideo/lib/python3.11/site-packages/torch/nn/modules/module.py:2025: UserWarning: for vision_model.encoder.layers.5.layer_norm1.bias: copying from a non-meta parameter in the checkpoint to a meta parameter in the current model, which is a no-op. (Did you mean to pass `assign=True` to assign items in the state dictionary to their corresponding key in the module instead of copying them in place?)
  warnings.warn(f'for {key}: copying from a non-meta parameter in the checkpoint to a meta '
/data/takhyun03/anaconda3/envs/lmms_llavavideo/lib/python3.11/site-packages/torch/nn/modules/module.py:2025: UserWarning: for vision_model.encoder.layers.5.mlp.fc1.weight: copying from a non-meta parameter in the checkpoint to a meta parameter in the current model, which is a no-op. (Did you mean to pass `assign=True` to assign items in the state dictionary to their corresponding key in the module instead of copying them in place?)
  warnings.warn(f'for {key}: copying from a non-meta parameter in the checkpoint to a meta '
/data/takhyun03/anaconda3/envs/lmms_llavavideo/lib/python3.11/site-packages/torch/nn/modules/module.py:2025: UserWarning: for vision_model.encoder.layers.5.mlp.fc1.bias: copying from a non-meta parameter in the checkpoint to a meta parameter in the current model, which is a no-op. (Did you mean to pass `assign=True` to assign items in the state dictionary to their corresponding key in the module instead of copying them in place?)
  warnings.warn(f'for {key}: copying from a non-meta parameter in the checkpoint to a meta '
/data/takhyun03/anaconda3/envs/lmms_llavavideo/lib/python3.11/site-packages/torch/nn/modules/module.py:2025: UserWarning: for vision_model.encoder.layers.5.mlp.fc2.weight: copying from a non-meta parameter in the checkpoint to a meta parameter in the current model, which is a no-op. (Did you mean to pass `assign=True` to assign items in the state dictionary to their corresponding key in the module instead of copying them in place?)
  warnings.warn(f'for {key}: copying from a non-meta parameter in the checkpoint to a meta '
/data/takhyun03/anaconda3/envs/lmms_llavavideo/lib/python3.11/site-packages/torch/nn/modules/module.py:2025: UserWarning: for vision_model.encoder.layers.5.mlp.fc2.bias: copying from a non-meta parameter in the checkpoint to a meta parameter in the current model, which is a no-op. (Did you mean to pass `assign=True` to assign items in the state dictionary to their corresponding key in the module instead of copying them in place?)
  warnings.warn(f'for {key}: copying from a non-meta parameter in the checkpoint to a meta '
/data/takhyun03/anaconda3/envs/lmms_llavavideo/lib/python3.11/site-packages/torch/nn/modules/module.py:2025: UserWarning: for vision_model.encoder.layers.5.layer_norm2.weight: copying from a non-meta parameter in the checkpoint to a meta parameter in the current model, which is a no-op. (Did you mean to pass `assign=True` to assign items in the state dictionary to their corresponding key in the module instead of copying them in place?)
  warnings.warn(f'for {key}: copying from a non-meta parameter in the checkpoint to a meta '
/data/takhyun03/anaconda3/envs/lmms_llavavideo/lib/python3.11/site-packages/torch/nn/modules/module.py:2025: UserWarning: for vision_model.encoder.layers.5.layer_norm2.bias: copying from a non-meta parameter in the checkpoint to a meta parameter in the current model, which is a no-op. (Did you mean to pass `assign=True` to assign items in the state dictionary to their corresponding key in the module instead of copying them in place?)
  warnings.warn(f'for {key}: copying from a non-meta parameter in the checkpoint to a meta '
/data/takhyun03/anaconda3/envs/lmms_llavavideo/lib/python3.11/site-packages/torch/nn/modules/module.py:2025: UserWarning: for vision_model.encoder.layers.6.self_attn.k_proj.weight: copying from a non-meta parameter in the checkpoint to a meta parameter in the current model, which is a no-op. (Did you mean to pass `assign=True` to assign items in the state dictionary to their corresponding key in the module instead of copying them in place?)
  warnings.warn(f'for {key}: copying from a non-meta parameter in the checkpoint to a meta '
/data/takhyun03/anaconda3/envs/lmms_llavavideo/lib/python3.11/site-packages/torch/nn/modules/module.py:2025: UserWarning: for vision_model.encoder.layers.6.self_attn.k_proj.bias: copying from a non-meta parameter in the checkpoint to a meta parameter in the current model, which is a no-op. (Did you mean to pass `assign=True` to assign items in the state dictionary to their corresponding key in the module instead of copying them in place?)
  warnings.warn(f'for {key}: copying from a non-meta parameter in the checkpoint to a meta '
/data/takhyun03/anaconda3/envs/lmms_llavavideo/lib/python3.11/site-packages/torch/nn/modules/module.py:2025: UserWarning: for vision_model.encoder.layers.6.self_attn.v_proj.weight: copying from a non-meta parameter in the checkpoint to a meta parameter in the current model, which is a no-op. (Did you mean to pass `assign=True` to assign items in the state dictionary to their corresponding key in the module instead of copying them in place?)
  warnings.warn(f'for {key}: copying from a non-meta parameter in the checkpoint to a meta '
/data/takhyun03/anaconda3/envs/lmms_llavavideo/lib/python3.11/site-packages/torch/nn/modules/module.py:2025: UserWarning: for vision_model.encoder.layers.6.self_attn.v_proj.bias: copying from a non-meta parameter in the checkpoint to a meta parameter in the current model, which is a no-op. (Did you mean to pass `assign=True` to assign items in the state dictionary to their corresponding key in the module instead of copying them in place?)
  warnings.warn(f'for {key}: copying from a non-meta parameter in the checkpoint to a meta '
/data/takhyun03/anaconda3/envs/lmms_llavavideo/lib/python3.11/site-packages/torch/nn/modules/module.py:2025: UserWarning: for vision_model.encoder.layers.6.self_attn.q_proj.weight: copying from a non-meta parameter in the checkpoint to a meta parameter in the current model, which is a no-op. (Did you mean to pass `assign=True` to assign items in the state dictionary to their corresponding key in the module instead of copying them in place?)
  warnings.warn(f'for {key}: copying from a non-meta parameter in the checkpoint to a meta '
/data/takhyun03/anaconda3/envs/lmms_llavavideo/lib/python3.11/site-packages/torch/nn/modules/module.py:2025: UserWarning: for vision_model.encoder.layers.6.self_attn.q_proj.bias: copying from a non-meta parameter in the checkpoint to a meta parameter in the current model, which is a no-op. (Did you mean to pass `assign=True` to assign items in the state dictionary to their corresponding key in the module instead of copying them in place?)
  warnings.warn(f'for {key}: copying from a non-meta parameter in the checkpoint to a meta '
/data/takhyun03/anaconda3/envs/lmms_llavavideo/lib/python3.11/site-packages/torch/nn/modules/module.py:2025: UserWarning: for vision_model.encoder.layers.6.self_attn.out_proj.weight: copying from a non-meta parameter in the checkpoint to a meta parameter in the current model, which is a no-op. (Did you mean to pass `assign=True` to assign items in the state dictionary to their corresponding key in the module instead of copying them in place?)
  warnings.warn(f'for {key}: copying from a non-meta parameter in the checkpoint to a meta '
/data/takhyun03/anaconda3/envs/lmms_llavavideo/lib/python3.11/site-packages/torch/nn/modules/module.py:2025: UserWarning: for vision_model.encoder.layers.6.self_attn.out_proj.bias: copying from a non-meta parameter in the checkpoint to a meta parameter in the current model, which is a no-op. (Did you mean to pass `assign=True` to assign items in the state dictionary to their corresponding key in the module instead of copying them in place?)
  warnings.warn(f'for {key}: copying from a non-meta parameter in the checkpoint to a meta '
/data/takhyun03/anaconda3/envs/lmms_llavavideo/lib/python3.11/site-packages/torch/nn/modules/module.py:2025: UserWarning: for vision_model.encoder.layers.6.layer_norm1.weight: copying from a non-meta parameter in the checkpoint to a meta parameter in the current model, which is a no-op. (Did you mean to pass `assign=True` to assign items in the state dictionary to their corresponding key in the module instead of copying them in place?)
  warnings.warn(f'for {key}: copying from a non-meta parameter in the checkpoint to a meta '
/data/takhyun03/anaconda3/envs/lmms_llavavideo/lib/python3.11/site-packages/torch/nn/modules/module.py:2025: UserWarning: for vision_model.encoder.layers.6.layer_norm1.bias: copying from a non-meta parameter in the checkpoint to a meta parameter in the current model, which is a no-op. (Did you mean to pass `assign=True` to assign items in the state dictionary to their corresponding key in the module instead of copying them in place?)
  warnings.warn(f'for {key}: copying from a non-meta parameter in the checkpoint to a meta '
/data/takhyun03/anaconda3/envs/lmms_llavavideo/lib/python3.11/site-packages/torch/nn/modules/module.py:2025: UserWarning: for vision_model.encoder.layers.6.mlp.fc1.weight: copying from a non-meta parameter in the checkpoint to a meta parameter in the current model, which is a no-op. (Did you mean to pass `assign=True` to assign items in the state dictionary to their corresponding key in the module instead of copying them in place?)
  warnings.warn(f'for {key}: copying from a non-meta parameter in the checkpoint to a meta '
/data/takhyun03/anaconda3/envs/lmms_llavavideo/lib/python3.11/site-packages/torch/nn/modules/module.py:2025: UserWarning: for vision_model.encoder.layers.6.mlp.fc1.bias: copying from a non-meta parameter in the checkpoint to a meta parameter in the current model, which is a no-op. (Did you mean to pass `assign=True` to assign items in the state dictionary to their corresponding key in the module instead of copying them in place?)
  warnings.warn(f'for {key}: copying from a non-meta parameter in the checkpoint to a meta '
/data/takhyun03/anaconda3/envs/lmms_llavavideo/lib/python3.11/site-packages/torch/nn/modules/module.py:2025: UserWarning: for vision_model.encoder.layers.6.mlp.fc2.weight: copying from a non-meta parameter in the checkpoint to a meta parameter in the current model, which is a no-op. (Did you mean to pass `assign=True` to assign items in the state dictionary to their corresponding key in the module instead of copying them in place?)
  warnings.warn(f'for {key}: copying from a non-meta parameter in the checkpoint to a meta '
/data/takhyun03/anaconda3/envs/lmms_llavavideo/lib/python3.11/site-packages/torch/nn/modules/module.py:2025: UserWarning: for vision_model.encoder.layers.6.mlp.fc2.bias: copying from a non-meta parameter in the checkpoint to a meta parameter in the current model, which is a no-op. (Did you mean to pass `assign=True` to assign items in the state dictionary to their corresponding key in the module instead of copying them in place?)
  warnings.warn(f'for {key}: copying from a non-meta parameter in the checkpoint to a meta '
/data/takhyun03/anaconda3/envs/lmms_llavavideo/lib/python3.11/site-packages/torch/nn/modules/module.py:2025: UserWarning: for vision_model.encoder.layers.6.layer_norm2.weight: copying from a non-meta parameter in the checkpoint to a meta parameter in the current model, which is a no-op. (Did you mean to pass `assign=True` to assign items in the state dictionary to their corresponding key in the module instead of copying them in place?)
  warnings.warn(f'for {key}: copying from a non-meta parameter in the checkpoint to a meta '
/data/takhyun03/anaconda3/envs/lmms_llavavideo/lib/python3.11/site-packages/torch/nn/modules/module.py:2025: UserWarning: for vision_model.encoder.layers.6.layer_norm2.bias: copying from a non-meta parameter in the checkpoint to a meta parameter in the current model, which is a no-op. (Did you mean to pass `assign=True` to assign items in the state dictionary to their corresponding key in the module instead of copying them in place?)
  warnings.warn(f'for {key}: copying from a non-meta parameter in the checkpoint to a meta '
/data/takhyun03/anaconda3/envs/lmms_llavavideo/lib/python3.11/site-packages/torch/nn/modules/module.py:2025: UserWarning: for vision_model.encoder.layers.7.self_attn.k_proj.weight: copying from a non-meta parameter in the checkpoint to a meta parameter in the current model, which is a no-op. (Did you mean to pass `assign=True` to assign items in the state dictionary to their corresponding key in the module instead of copying them in place?)
  warnings.warn(f'for {key}: copying from a non-meta parameter in the checkpoint to a meta '
/data/takhyun03/anaconda3/envs/lmms_llavavideo/lib/python3.11/site-packages/torch/nn/modules/module.py:2025: UserWarning: for vision_model.encoder.layers.7.self_attn.k_proj.bias: copying from a non-meta parameter in the checkpoint to a meta parameter in the current model, which is a no-op. (Did you mean to pass `assign=True` to assign items in the state dictionary to their corresponding key in the module instead of copying them in place?)
  warnings.warn(f'for {key}: copying from a non-meta parameter in the checkpoint to a meta '
/data/takhyun03/anaconda3/envs/lmms_llavavideo/lib/python3.11/site-packages/torch/nn/modules/module.py:2025: UserWarning: for vision_model.encoder.layers.7.self_attn.v_proj.weight: copying from a non-meta parameter in the checkpoint to a meta parameter in the current model, which is a no-op. (Did you mean to pass `assign=True` to assign items in the state dictionary to their corresponding key in the module instead of copying them in place?)
  warnings.warn(f'for {key}: copying from a non-meta parameter in the checkpoint to a meta '
/data/takhyun03/anaconda3/envs/lmms_llavavideo/lib/python3.11/site-packages/torch/nn/modules/module.py:2025: UserWarning: for vision_model.encoder.layers.7.self_attn.v_proj.bias: copying from a non-meta parameter in the checkpoint to a meta parameter in the current model, which is a no-op. (Did you mean to pass `assign=True` to assign items in the state dictionary to their corresponding key in the module instead of copying them in place?)
  warnings.warn(f'for {key}: copying from a non-meta parameter in the checkpoint to a meta '
/data/takhyun03/anaconda3/envs/lmms_llavavideo/lib/python3.11/site-packages/torch/nn/modules/module.py:2025: UserWarning: for vision_model.encoder.layers.7.self_attn.q_proj.weight: copying from a non-meta parameter in the checkpoint to a meta parameter in the current model, which is a no-op. (Did you mean to pass `assign=True` to assign items in the state dictionary to their corresponding key in the module instead of copying them in place?)
  warnings.warn(f'for {key}: copying from a non-meta parameter in the checkpoint to a meta '
/data/takhyun03/anaconda3/envs/lmms_llavavideo/lib/python3.11/site-packages/torch/nn/modules/module.py:2025: UserWarning: for vision_model.encoder.layers.7.self_attn.q_proj.bias: copying from a non-meta parameter in the checkpoint to a meta parameter in the current model, which is a no-op. (Did you mean to pass `assign=True` to assign items in the state dictionary to their corresponding key in the module instead of copying them in place?)
  warnings.warn(f'for {key}: copying from a non-meta parameter in the checkpoint to a meta '
/data/takhyun03/anaconda3/envs/lmms_llavavideo/lib/python3.11/site-packages/torch/nn/modules/module.py:2025: UserWarning: for vision_model.encoder.layers.7.self_attn.out_proj.weight: copying from a non-meta parameter in the checkpoint to a meta parameter in the current model, which is a no-op. (Did you mean to pass `assign=True` to assign items in the state dictionary to their corresponding key in the module instead of copying them in place?)
  warnings.warn(f'for {key}: copying from a non-meta parameter in the checkpoint to a meta '
/data/takhyun03/anaconda3/envs/lmms_llavavideo/lib/python3.11/site-packages/torch/nn/modules/module.py:2025: UserWarning: for vision_model.encoder.layers.7.self_attn.out_proj.bias: copying from a non-meta parameter in the checkpoint to a meta parameter in the current model, which is a no-op. (Did you mean to pass `assign=True` to assign items in the state dictionary to their corresponding key in the module instead of copying them in place?)
  warnings.warn(f'for {key}: copying from a non-meta parameter in the checkpoint to a meta '
/data/takhyun03/anaconda3/envs/lmms_llavavideo/lib/python3.11/site-packages/torch/nn/modules/module.py:2025: UserWarning: for vision_model.encoder.layers.7.layer_norm1.weight: copying from a non-meta parameter in the checkpoint to a meta parameter in the current model, which is a no-op. (Did you mean to pass `assign=True` to assign items in the state dictionary to their corresponding key in the module instead of copying them in place?)
  warnings.warn(f'for {key}: copying from a non-meta parameter in the checkpoint to a meta '
/data/takhyun03/anaconda3/envs/lmms_llavavideo/lib/python3.11/site-packages/torch/nn/modules/module.py:2025: UserWarning: for vision_model.encoder.layers.7.layer_norm1.bias: copying from a non-meta parameter in the checkpoint to a meta parameter in the current model, which is a no-op. (Did you mean to pass `assign=True` to assign items in the state dictionary to their corresponding key in the module instead of copying them in place?)
  warnings.warn(f'for {key}: copying from a non-meta parameter in the checkpoint to a meta '
/data/takhyun03/anaconda3/envs/lmms_llavavideo/lib/python3.11/site-packages/torch/nn/modules/module.py:2025: UserWarning: for vision_model.encoder.layers.7.mlp.fc1.weight: copying from a non-meta parameter in the checkpoint to a meta parameter in the current model, which is a no-op. (Did you mean to pass `assign=True` to assign items in the state dictionary to their corresponding key in the module instead of copying them in place?)
  warnings.warn(f'for {key}: copying from a non-meta parameter in the checkpoint to a meta '
/data/takhyun03/anaconda3/envs/lmms_llavavideo/lib/python3.11/site-packages/torch/nn/modules/module.py:2025: UserWarning: for vision_model.encoder.layers.7.mlp.fc1.bias: copying from a non-meta parameter in the checkpoint to a meta parameter in the current model, which is a no-op. (Did you mean to pass `assign=True` to assign items in the state dictionary to their corresponding key in the module instead of copying them in place?)
  warnings.warn(f'for {key}: copying from a non-meta parameter in the checkpoint to a meta '
/data/takhyun03/anaconda3/envs/lmms_llavavideo/lib/python3.11/site-packages/torch/nn/modules/module.py:2025: UserWarning: for vision_model.encoder.layers.7.mlp.fc2.weight: copying from a non-meta parameter in the checkpoint to a meta parameter in the current model, which is a no-op. (Did you mean to pass `assign=True` to assign items in the state dictionary to their corresponding key in the module instead of copying them in place?)
  warnings.warn(f'for {key}: copying from a non-meta parameter in the checkpoint to a meta '
/data/takhyun03/anaconda3/envs/lmms_llavavideo/lib/python3.11/site-packages/torch/nn/modules/module.py:2025: UserWarning: for vision_model.encoder.layers.7.mlp.fc2.bias: copying from a non-meta parameter in the checkpoint to a meta parameter in the current model, which is a no-op. (Did you mean to pass `assign=True` to assign items in the state dictionary to their corresponding key in the module instead of copying them in place?)
  warnings.warn(f'for {key}: copying from a non-meta parameter in the checkpoint to a meta '
/data/takhyun03/anaconda3/envs/lmms_llavavideo/lib/python3.11/site-packages/torch/nn/modules/module.py:2025: UserWarning: for vision_model.encoder.layers.7.layer_norm2.weight: copying from a non-meta parameter in the checkpoint to a meta parameter in the current model, which is a no-op. (Did you mean to pass `assign=True` to assign items in the state dictionary to their corresponding key in the module instead of copying them in place?)
  warnings.warn(f'for {key}: copying from a non-meta parameter in the checkpoint to a meta '
/data/takhyun03/anaconda3/envs/lmms_llavavideo/lib/python3.11/site-packages/torch/nn/modules/module.py:2025: UserWarning: for vision_model.encoder.layers.7.layer_norm2.bias: copying from a non-meta parameter in the checkpoint to a meta parameter in the current model, which is a no-op. (Did you mean to pass `assign=True` to assign items in the state dictionary to their corresponding key in the module instead of copying them in place?)
  warnings.warn(f'for {key}: copying from a non-meta parameter in the checkpoint to a meta '
/data/takhyun03/anaconda3/envs/lmms_llavavideo/lib/python3.11/site-packages/torch/nn/modules/module.py:2025: UserWarning: for vision_model.encoder.layers.8.self_attn.k_proj.weight: copying from a non-meta parameter in the checkpoint to a meta parameter in the current model, which is a no-op. (Did you mean to pass `assign=True` to assign items in the state dictionary to their corresponding key in the module instead of copying them in place?)
  warnings.warn(f'for {key}: copying from a non-meta parameter in the checkpoint to a meta '
/data/takhyun03/anaconda3/envs/lmms_llavavideo/lib/python3.11/site-packages/torch/nn/modules/module.py:2025: UserWarning: for vision_model.encoder.layers.8.self_attn.k_proj.bias: copying from a non-meta parameter in the checkpoint to a meta parameter in the current model, which is a no-op. (Did you mean to pass `assign=True` to assign items in the state dictionary to their corresponding key in the module instead of copying them in place?)
  warnings.warn(f'for {key}: copying from a non-meta parameter in the checkpoint to a meta '
/data/takhyun03/anaconda3/envs/lmms_llavavideo/lib/python3.11/site-packages/torch/nn/modules/module.py:2025: UserWarning: for vision_model.encoder.layers.8.self_attn.v_proj.weight: copying from a non-meta parameter in the checkpoint to a meta parameter in the current model, which is a no-op. (Did you mean to pass `assign=True` to assign items in the state dictionary to their corresponding key in the module instead of copying them in place?)
  warnings.warn(f'for {key}: copying from a non-meta parameter in the checkpoint to a meta '
/data/takhyun03/anaconda3/envs/lmms_llavavideo/lib/python3.11/site-packages/torch/nn/modules/module.py:2025: UserWarning: for vision_model.encoder.layers.8.self_attn.v_proj.bias: copying from a non-meta parameter in the checkpoint to a meta parameter in the current model, which is a no-op. (Did you mean to pass `assign=True` to assign items in the state dictionary to their corresponding key in the module instead of copying them in place?)
  warnings.warn(f'for {key}: copying from a non-meta parameter in the checkpoint to a meta '
/data/takhyun03/anaconda3/envs/lmms_llavavideo/lib/python3.11/site-packages/torch/nn/modules/module.py:2025: UserWarning: for vision_model.encoder.layers.8.self_attn.q_proj.weight: copying from a non-meta parameter in the checkpoint to a meta parameter in the current model, which is a no-op. (Did you mean to pass `assign=True` to assign items in the state dictionary to their corresponding key in the module instead of copying them in place?)
  warnings.warn(f'for {key}: copying from a non-meta parameter in the checkpoint to a meta '
/data/takhyun03/anaconda3/envs/lmms_llavavideo/lib/python3.11/site-packages/torch/nn/modules/module.py:2025: UserWarning: for vision_model.encoder.layers.8.self_attn.q_proj.bias: copying from a non-meta parameter in the checkpoint to a meta parameter in the current model, which is a no-op. (Did you mean to pass `assign=True` to assign items in the state dictionary to their corresponding key in the module instead of copying them in place?)
  warnings.warn(f'for {key}: copying from a non-meta parameter in the checkpoint to a meta '
/data/takhyun03/anaconda3/envs/lmms_llavavideo/lib/python3.11/site-packages/torch/nn/modules/module.py:2025: UserWarning: for vision_model.encoder.layers.8.self_attn.out_proj.weight: copying from a non-meta parameter in the checkpoint to a meta parameter in the current model, which is a no-op. (Did you mean to pass `assign=True` to assign items in the state dictionary to their corresponding key in the module instead of copying them in place?)
  warnings.warn(f'for {key}: copying from a non-meta parameter in the checkpoint to a meta '
/data/takhyun03/anaconda3/envs/lmms_llavavideo/lib/python3.11/site-packages/torch/nn/modules/module.py:2025: UserWarning: for vision_model.encoder.layers.8.self_attn.out_proj.bias: copying from a non-meta parameter in the checkpoint to a meta parameter in the current model, which is a no-op. (Did you mean to pass `assign=True` to assign items in the state dictionary to their corresponding key in the module instead of copying them in place?)
  warnings.warn(f'for {key}: copying from a non-meta parameter in the checkpoint to a meta '
/data/takhyun03/anaconda3/envs/lmms_llavavideo/lib/python3.11/site-packages/torch/nn/modules/module.py:2025: UserWarning: for vision_model.encoder.layers.8.layer_norm1.weight: copying from a non-meta parameter in the checkpoint to a meta parameter in the current model, which is a no-op. (Did you mean to pass `assign=True` to assign items in the state dictionary to their corresponding key in the module instead of copying them in place?)
  warnings.warn(f'for {key}: copying from a non-meta parameter in the checkpoint to a meta '
/data/takhyun03/anaconda3/envs/lmms_llavavideo/lib/python3.11/site-packages/torch/nn/modules/module.py:2025: UserWarning: for vision_model.encoder.layers.8.layer_norm1.bias: copying from a non-meta parameter in the checkpoint to a meta parameter in the current model, which is a no-op. (Did you mean to pass `assign=True` to assign items in the state dictionary to their corresponding key in the module instead of copying them in place?)
  warnings.warn(f'for {key}: copying from a non-meta parameter in the checkpoint to a meta '
/data/takhyun03/anaconda3/envs/lmms_llavavideo/lib/python3.11/site-packages/torch/nn/modules/module.py:2025: UserWarning: for vision_model.encoder.layers.8.mlp.fc1.weight: copying from a non-meta parameter in the checkpoint to a meta parameter in the current model, which is a no-op. (Did you mean to pass `assign=True` to assign items in the state dictionary to their corresponding key in the module instead of copying them in place?)
  warnings.warn(f'for {key}: copying from a non-meta parameter in the checkpoint to a meta '
/data/takhyun03/anaconda3/envs/lmms_llavavideo/lib/python3.11/site-packages/torch/nn/modules/module.py:2025: UserWarning: for vision_model.encoder.layers.8.mlp.fc1.bias: copying from a non-meta parameter in the checkpoint to a meta parameter in the current model, which is a no-op. (Did you mean to pass `assign=True` to assign items in the state dictionary to their corresponding key in the module instead of copying them in place?)
  warnings.warn(f'for {key}: copying from a non-meta parameter in the checkpoint to a meta '
/data/takhyun03/anaconda3/envs/lmms_llavavideo/lib/python3.11/site-packages/torch/nn/modules/module.py:2025: UserWarning: for vision_model.encoder.layers.8.mlp.fc2.weight: copying from a non-meta parameter in the checkpoint to a meta parameter in the current model, which is a no-op. (Did you mean to pass `assign=True` to assign items in the state dictionary to their corresponding key in the module instead of copying them in place?)
  warnings.warn(f'for {key}: copying from a non-meta parameter in the checkpoint to a meta '
/data/takhyun03/anaconda3/envs/lmms_llavavideo/lib/python3.11/site-packages/torch/nn/modules/module.py:2025: UserWarning: for vision_model.encoder.layers.8.mlp.fc2.bias: copying from a non-meta parameter in the checkpoint to a meta parameter in the current model, which is a no-op. (Did you mean to pass `assign=True` to assign items in the state dictionary to their corresponding key in the module instead of copying them in place?)
  warnings.warn(f'for {key}: copying from a non-meta parameter in the checkpoint to a meta '
/data/takhyun03/anaconda3/envs/lmms_llavavideo/lib/python3.11/site-packages/torch/nn/modules/module.py:2025: UserWarning: for vision_model.encoder.layers.8.layer_norm2.weight: copying from a non-meta parameter in the checkpoint to a meta parameter in the current model, which is a no-op. (Did you mean to pass `assign=True` to assign items in the state dictionary to their corresponding key in the module instead of copying them in place?)
  warnings.warn(f'for {key}: copying from a non-meta parameter in the checkpoint to a meta '
/data/takhyun03/anaconda3/envs/lmms_llavavideo/lib/python3.11/site-packages/torch/nn/modules/module.py:2025: UserWarning: for vision_model.encoder.layers.8.layer_norm2.bias: copying from a non-meta parameter in the checkpoint to a meta parameter in the current model, which is a no-op. (Did you mean to pass `assign=True` to assign items in the state dictionary to their corresponding key in the module instead of copying them in place?)
  warnings.warn(f'for {key}: copying from a non-meta parameter in the checkpoint to a meta '
/data/takhyun03/anaconda3/envs/lmms_llavavideo/lib/python3.11/site-packages/torch/nn/modules/module.py:2025: UserWarning: for vision_model.encoder.layers.9.self_attn.k_proj.weight: copying from a non-meta parameter in the checkpoint to a meta parameter in the current model, which is a no-op. (Did you mean to pass `assign=True` to assign items in the state dictionary to their corresponding key in the module instead of copying them in place?)
  warnings.warn(f'for {key}: copying from a non-meta parameter in the checkpoint to a meta '
/data/takhyun03/anaconda3/envs/lmms_llavavideo/lib/python3.11/site-packages/torch/nn/modules/module.py:2025: UserWarning: for vision_model.encoder.layers.9.self_attn.k_proj.bias: copying from a non-meta parameter in the checkpoint to a meta parameter in the current model, which is a no-op. (Did you mean to pass `assign=True` to assign items in the state dictionary to their corresponding key in the module instead of copying them in place?)
  warnings.warn(f'for {key}: copying from a non-meta parameter in the checkpoint to a meta '
/data/takhyun03/anaconda3/envs/lmms_llavavideo/lib/python3.11/site-packages/torch/nn/modules/module.py:2025: UserWarning: for vision_model.encoder.layers.9.self_attn.v_proj.weight: copying from a non-meta parameter in the checkpoint to a meta parameter in the current model, which is a no-op. (Did you mean to pass `assign=True` to assign items in the state dictionary to their corresponding key in the module instead of copying them in place?)
  warnings.warn(f'for {key}: copying from a non-meta parameter in the checkpoint to a meta '
/data/takhyun03/anaconda3/envs/lmms_llavavideo/lib/python3.11/site-packages/torch/nn/modules/module.py:2025: UserWarning: for vision_model.encoder.layers.9.self_attn.v_proj.bias: copying from a non-meta parameter in the checkpoint to a meta parameter in the current model, which is a no-op. (Did you mean to pass `assign=True` to assign items in the state dictionary to their corresponding key in the module instead of copying them in place?)
  warnings.warn(f'for {key}: copying from a non-meta parameter in the checkpoint to a meta '
/data/takhyun03/anaconda3/envs/lmms_llavavideo/lib/python3.11/site-packages/torch/nn/modules/module.py:2025: UserWarning: for vision_model.encoder.layers.9.self_attn.q_proj.weight: copying from a non-meta parameter in the checkpoint to a meta parameter in the current model, which is a no-op. (Did you mean to pass `assign=True` to assign items in the state dictionary to their corresponding key in the module instead of copying them in place?)
  warnings.warn(f'for {key}: copying from a non-meta parameter in the checkpoint to a meta '
/data/takhyun03/anaconda3/envs/lmms_llavavideo/lib/python3.11/site-packages/torch/nn/modules/module.py:2025: UserWarning: for vision_model.encoder.layers.9.self_attn.q_proj.bias: copying from a non-meta parameter in the checkpoint to a meta parameter in the current model, which is a no-op. (Did you mean to pass `assign=True` to assign items in the state dictionary to their corresponding key in the module instead of copying them in place?)
  warnings.warn(f'for {key}: copying from a non-meta parameter in the checkpoint to a meta '
/data/takhyun03/anaconda3/envs/lmms_llavavideo/lib/python3.11/site-packages/torch/nn/modules/module.py:2025: UserWarning: for vision_model.encoder.layers.9.self_attn.out_proj.weight: copying from a non-meta parameter in the checkpoint to a meta parameter in the current model, which is a no-op. (Did you mean to pass `assign=True` to assign items in the state dictionary to their corresponding key in the module instead of copying them in place?)
  warnings.warn(f'for {key}: copying from a non-meta parameter in the checkpoint to a meta '
/data/takhyun03/anaconda3/envs/lmms_llavavideo/lib/python3.11/site-packages/torch/nn/modules/module.py:2025: UserWarning: for vision_model.encoder.layers.9.self_attn.out_proj.bias: copying from a non-meta parameter in the checkpoint to a meta parameter in the current model, which is a no-op. (Did you mean to pass `assign=True` to assign items in the state dictionary to their corresponding key in the module instead of copying them in place?)
  warnings.warn(f'for {key}: copying from a non-meta parameter in the checkpoint to a meta '
/data/takhyun03/anaconda3/envs/lmms_llavavideo/lib/python3.11/site-packages/torch/nn/modules/module.py:2025: UserWarning: for vision_model.encoder.layers.9.layer_norm1.weight: copying from a non-meta parameter in the checkpoint to a meta parameter in the current model, which is a no-op. (Did you mean to pass `assign=True` to assign items in the state dictionary to their corresponding key in the module instead of copying them in place?)
  warnings.warn(f'for {key}: copying from a non-meta parameter in the checkpoint to a meta '
/data/takhyun03/anaconda3/envs/lmms_llavavideo/lib/python3.11/site-packages/torch/nn/modules/module.py:2025: UserWarning: for vision_model.encoder.layers.9.layer_norm1.bias: copying from a non-meta parameter in the checkpoint to a meta parameter in the current model, which is a no-op. (Did you mean to pass `assign=True` to assign items in the state dictionary to their corresponding key in the module instead of copying them in place?)
  warnings.warn(f'for {key}: copying from a non-meta parameter in the checkpoint to a meta '
/data/takhyun03/anaconda3/envs/lmms_llavavideo/lib/python3.11/site-packages/torch/nn/modules/module.py:2025: UserWarning: for vision_model.encoder.layers.9.mlp.fc1.weight: copying from a non-meta parameter in the checkpoint to a meta parameter in the current model, which is a no-op. (Did you mean to pass `assign=True` to assign items in the state dictionary to their corresponding key in the module instead of copying them in place?)
  warnings.warn(f'for {key}: copying from a non-meta parameter in the checkpoint to a meta '
/data/takhyun03/anaconda3/envs/lmms_llavavideo/lib/python3.11/site-packages/torch/nn/modules/module.py:2025: UserWarning: for vision_model.encoder.layers.9.mlp.fc1.bias: copying from a non-meta parameter in the checkpoint to a meta parameter in the current model, which is a no-op. (Did you mean to pass `assign=True` to assign items in the state dictionary to their corresponding key in the module instead of copying them in place?)
  warnings.warn(f'for {key}: copying from a non-meta parameter in the checkpoint to a meta '
/data/takhyun03/anaconda3/envs/lmms_llavavideo/lib/python3.11/site-packages/torch/nn/modules/module.py:2025: UserWarning: for vision_model.encoder.layers.9.mlp.fc2.weight: copying from a non-meta parameter in the checkpoint to a meta parameter in the current model, which is a no-op. (Did you mean to pass `assign=True` to assign items in the state dictionary to their corresponding key in the module instead of copying them in place?)
  warnings.warn(f'for {key}: copying from a non-meta parameter in the checkpoint to a meta '
/data/takhyun03/anaconda3/envs/lmms_llavavideo/lib/python3.11/site-packages/torch/nn/modules/module.py:2025: UserWarning: for vision_model.encoder.layers.9.mlp.fc2.bias: copying from a non-meta parameter in the checkpoint to a meta parameter in the current model, which is a no-op. (Did you mean to pass `assign=True` to assign items in the state dictionary to their corresponding key in the module instead of copying them in place?)
  warnings.warn(f'for {key}: copying from a non-meta parameter in the checkpoint to a meta '
/data/takhyun03/anaconda3/envs/lmms_llavavideo/lib/python3.11/site-packages/torch/nn/modules/module.py:2025: UserWarning: for vision_model.encoder.layers.9.layer_norm2.weight: copying from a non-meta parameter in the checkpoint to a meta parameter in the current model, which is a no-op. (Did you mean to pass `assign=True` to assign items in the state dictionary to their corresponding key in the module instead of copying them in place?)
  warnings.warn(f'for {key}: copying from a non-meta parameter in the checkpoint to a meta '
/data/takhyun03/anaconda3/envs/lmms_llavavideo/lib/python3.11/site-packages/torch/nn/modules/module.py:2025: UserWarning: for vision_model.encoder.layers.9.layer_norm2.bias: copying from a non-meta parameter in the checkpoint to a meta parameter in the current model, which is a no-op. (Did you mean to pass `assign=True` to assign items in the state dictionary to their corresponding key in the module instead of copying them in place?)
  warnings.warn(f'for {key}: copying from a non-meta parameter in the checkpoint to a meta '
/data/takhyun03/anaconda3/envs/lmms_llavavideo/lib/python3.11/site-packages/torch/nn/modules/module.py:2025: UserWarning: for vision_model.encoder.layers.10.self_attn.k_proj.weight: copying from a non-meta parameter in the checkpoint to a meta parameter in the current model, which is a no-op. (Did you mean to pass `assign=True` to assign items in the state dictionary to their corresponding key in the module instead of copying them in place?)
  warnings.warn(f'for {key}: copying from a non-meta parameter in the checkpoint to a meta '
/data/takhyun03/anaconda3/envs/lmms_llavavideo/lib/python3.11/site-packages/torch/nn/modules/module.py:2025: UserWarning: for vision_model.encoder.layers.10.self_attn.k_proj.bias: copying from a non-meta parameter in the checkpoint to a meta parameter in the current model, which is a no-op. (Did you mean to pass `assign=True` to assign items in the state dictionary to their corresponding key in the module instead of copying them in place?)
  warnings.warn(f'for {key}: copying from a non-meta parameter in the checkpoint to a meta '
/data/takhyun03/anaconda3/envs/lmms_llavavideo/lib/python3.11/site-packages/torch/nn/modules/module.py:2025: UserWarning: for vision_model.encoder.layers.10.self_attn.v_proj.weight: copying from a non-meta parameter in the checkpoint to a meta parameter in the current model, which is a no-op. (Did you mean to pass `assign=True` to assign items in the state dictionary to their corresponding key in the module instead of copying them in place?)
  warnings.warn(f'for {key}: copying from a non-meta parameter in the checkpoint to a meta '
/data/takhyun03/anaconda3/envs/lmms_llavavideo/lib/python3.11/site-packages/torch/nn/modules/module.py:2025: UserWarning: for vision_model.encoder.layers.10.self_attn.v_proj.bias: copying from a non-meta parameter in the checkpoint to a meta parameter in the current model, which is a no-op. (Did you mean to pass `assign=True` to assign items in the state dictionary to their corresponding key in the module instead of copying them in place?)
  warnings.warn(f'for {key}: copying from a non-meta parameter in the checkpoint to a meta '
/data/takhyun03/anaconda3/envs/lmms_llavavideo/lib/python3.11/site-packages/torch/nn/modules/module.py:2025: UserWarning: for vision_model.encoder.layers.10.self_attn.q_proj.weight: copying from a non-meta parameter in the checkpoint to a meta parameter in the current model, which is a no-op. (Did you mean to pass `assign=True` to assign items in the state dictionary to their corresponding key in the module instead of copying them in place?)
  warnings.warn(f'for {key}: copying from a non-meta parameter in the checkpoint to a meta '
/data/takhyun03/anaconda3/envs/lmms_llavavideo/lib/python3.11/site-packages/torch/nn/modules/module.py:2025: UserWarning: for vision_model.encoder.layers.10.self_attn.q_proj.bias: copying from a non-meta parameter in the checkpoint to a meta parameter in the current model, which is a no-op. (Did you mean to pass `assign=True` to assign items in the state dictionary to their corresponding key in the module instead of copying them in place?)
  warnings.warn(f'for {key}: copying from a non-meta parameter in the checkpoint to a meta '
/data/takhyun03/anaconda3/envs/lmms_llavavideo/lib/python3.11/site-packages/torch/nn/modules/module.py:2025: UserWarning: for vision_model.encoder.layers.10.self_attn.out_proj.weight: copying from a non-meta parameter in the checkpoint to a meta parameter in the current model, which is a no-op. (Did you mean to pass `assign=True` to assign items in the state dictionary to their corresponding key in the module instead of copying them in place?)
  warnings.warn(f'for {key}: copying from a non-meta parameter in the checkpoint to a meta '
/data/takhyun03/anaconda3/envs/lmms_llavavideo/lib/python3.11/site-packages/torch/nn/modules/module.py:2025: UserWarning: for vision_model.encoder.layers.10.self_attn.out_proj.bias: copying from a non-meta parameter in the checkpoint to a meta parameter in the current model, which is a no-op. (Did you mean to pass `assign=True` to assign items in the state dictionary to their corresponding key in the module instead of copying them in place?)
  warnings.warn(f'for {key}: copying from a non-meta parameter in the checkpoint to a meta '
/data/takhyun03/anaconda3/envs/lmms_llavavideo/lib/python3.11/site-packages/torch/nn/modules/module.py:2025: UserWarning: for vision_model.encoder.layers.10.layer_norm1.weight: copying from a non-meta parameter in the checkpoint to a meta parameter in the current model, which is a no-op. (Did you mean to pass `assign=True` to assign items in the state dictionary to their corresponding key in the module instead of copying them in place?)
  warnings.warn(f'for {key}: copying from a non-meta parameter in the checkpoint to a meta '
/data/takhyun03/anaconda3/envs/lmms_llavavideo/lib/python3.11/site-packages/torch/nn/modules/module.py:2025: UserWarning: for vision_model.encoder.layers.10.layer_norm1.bias: copying from a non-meta parameter in the checkpoint to a meta parameter in the current model, which is a no-op. (Did you mean to pass `assign=True` to assign items in the state dictionary to their corresponding key in the module instead of copying them in place?)
  warnings.warn(f'for {key}: copying from a non-meta parameter in the checkpoint to a meta '
/data/takhyun03/anaconda3/envs/lmms_llavavideo/lib/python3.11/site-packages/torch/nn/modules/module.py:2025: UserWarning: for vision_model.encoder.layers.10.mlp.fc1.weight: copying from a non-meta parameter in the checkpoint to a meta parameter in the current model, which is a no-op. (Did you mean to pass `assign=True` to assign items in the state dictionary to their corresponding key in the module instead of copying them in place?)
  warnings.warn(f'for {key}: copying from a non-meta parameter in the checkpoint to a meta '
/data/takhyun03/anaconda3/envs/lmms_llavavideo/lib/python3.11/site-packages/torch/nn/modules/module.py:2025: UserWarning: for vision_model.encoder.layers.10.mlp.fc1.bias: copying from a non-meta parameter in the checkpoint to a meta parameter in the current model, which is a no-op. (Did you mean to pass `assign=True` to assign items in the state dictionary to their corresponding key in the module instead of copying them in place?)
  warnings.warn(f'for {key}: copying from a non-meta parameter in the checkpoint to a meta '
/data/takhyun03/anaconda3/envs/lmms_llavavideo/lib/python3.11/site-packages/torch/nn/modules/module.py:2025: UserWarning: for vision_model.encoder.layers.10.mlp.fc2.weight: copying from a non-meta parameter in the checkpoint to a meta parameter in the current model, which is a no-op. (Did you mean to pass `assign=True` to assign items in the state dictionary to their corresponding key in the module instead of copying them in place?)
  warnings.warn(f'for {key}: copying from a non-meta parameter in the checkpoint to a meta '
/data/takhyun03/anaconda3/envs/lmms_llavavideo/lib/python3.11/site-packages/torch/nn/modules/module.py:2025: UserWarning: for vision_model.encoder.layers.10.mlp.fc2.bias: copying from a non-meta parameter in the checkpoint to a meta parameter in the current model, which is a no-op. (Did you mean to pass `assign=True` to assign items in the state dictionary to their corresponding key in the module instead of copying them in place?)
  warnings.warn(f'for {key}: copying from a non-meta parameter in the checkpoint to a meta '
/data/takhyun03/anaconda3/envs/lmms_llavavideo/lib/python3.11/site-packages/torch/nn/modules/module.py:2025: UserWarning: for vision_model.encoder.layers.10.layer_norm2.weight: copying from a non-meta parameter in the checkpoint to a meta parameter in the current model, which is a no-op. (Did you mean to pass `assign=True` to assign items in the state dictionary to their corresponding key in the module instead of copying them in place?)
  warnings.warn(f'for {key}: copying from a non-meta parameter in the checkpoint to a meta '
/data/takhyun03/anaconda3/envs/lmms_llavavideo/lib/python3.11/site-packages/torch/nn/modules/module.py:2025: UserWarning: for vision_model.encoder.layers.10.layer_norm2.bias: copying from a non-meta parameter in the checkpoint to a meta parameter in the current model, which is a no-op. (Did you mean to pass `assign=True` to assign items in the state dictionary to their corresponding key in the module instead of copying them in place?)
  warnings.warn(f'for {key}: copying from a non-meta parameter in the checkpoint to a meta '
/data/takhyun03/anaconda3/envs/lmms_llavavideo/lib/python3.11/site-packages/torch/nn/modules/module.py:2025: UserWarning: for vision_model.encoder.layers.11.self_attn.k_proj.weight: copying from a non-meta parameter in the checkpoint to a meta parameter in the current model, which is a no-op. (Did you mean to pass `assign=True` to assign items in the state dictionary to their corresponding key in the module instead of copying them in place?)
  warnings.warn(f'for {key}: copying from a non-meta parameter in the checkpoint to a meta '
/data/takhyun03/anaconda3/envs/lmms_llavavideo/lib/python3.11/site-packages/torch/nn/modules/module.py:2025: UserWarning: for vision_model.encoder.layers.11.self_attn.k_proj.bias: copying from a non-meta parameter in the checkpoint to a meta parameter in the current model, which is a no-op. (Did you mean to pass `assign=True` to assign items in the state dictionary to their corresponding key in the module instead of copying them in place?)
  warnings.warn(f'for {key}: copying from a non-meta parameter in the checkpoint to a meta '
/data/takhyun03/anaconda3/envs/lmms_llavavideo/lib/python3.11/site-packages/torch/nn/modules/module.py:2025: UserWarning: for vision_model.encoder.layers.11.self_attn.v_proj.weight: copying from a non-meta parameter in the checkpoint to a meta parameter in the current model, which is a no-op. (Did you mean to pass `assign=True` to assign items in the state dictionary to their corresponding key in the module instead of copying them in place?)
  warnings.warn(f'for {key}: copying from a non-meta parameter in the checkpoint to a meta '
/data/takhyun03/anaconda3/envs/lmms_llavavideo/lib/python3.11/site-packages/torch/nn/modules/module.py:2025: UserWarning: for vision_model.encoder.layers.11.self_attn.v_proj.bias: copying from a non-meta parameter in the checkpoint to a meta parameter in the current model, which is a no-op. (Did you mean to pass `assign=True` to assign items in the state dictionary to their corresponding key in the module instead of copying them in place?)
  warnings.warn(f'for {key}: copying from a non-meta parameter in the checkpoint to a meta '
/data/takhyun03/anaconda3/envs/lmms_llavavideo/lib/python3.11/site-packages/torch/nn/modules/module.py:2025: UserWarning: for vision_model.encoder.layers.11.self_attn.q_proj.weight: copying from a non-meta parameter in the checkpoint to a meta parameter in the current model, which is a no-op. (Did you mean to pass `assign=True` to assign items in the state dictionary to their corresponding key in the module instead of copying them in place?)
  warnings.warn(f'for {key}: copying from a non-meta parameter in the checkpoint to a meta '
/data/takhyun03/anaconda3/envs/lmms_llavavideo/lib/python3.11/site-packages/torch/nn/modules/module.py:2025: UserWarning: for vision_model.encoder.layers.11.self_attn.q_proj.bias: copying from a non-meta parameter in the checkpoint to a meta parameter in the current model, which is a no-op. (Did you mean to pass `assign=True` to assign items in the state dictionary to their corresponding key in the module instead of copying them in place?)
  warnings.warn(f'for {key}: copying from a non-meta parameter in the checkpoint to a meta '
/data/takhyun03/anaconda3/envs/lmms_llavavideo/lib/python3.11/site-packages/torch/nn/modules/module.py:2025: UserWarning: for vision_model.encoder.layers.11.self_attn.out_proj.weight: copying from a non-meta parameter in the checkpoint to a meta parameter in the current model, which is a no-op. (Did you mean to pass `assign=True` to assign items in the state dictionary to their corresponding key in the module instead of copying them in place?)
  warnings.warn(f'for {key}: copying from a non-meta parameter in the checkpoint to a meta '
/data/takhyun03/anaconda3/envs/lmms_llavavideo/lib/python3.11/site-packages/torch/nn/modules/module.py:2025: UserWarning: for vision_model.encoder.layers.11.self_attn.out_proj.bias: copying from a non-meta parameter in the checkpoint to a meta parameter in the current model, which is a no-op. (Did you mean to pass `assign=True` to assign items in the state dictionary to their corresponding key in the module instead of copying them in place?)
  warnings.warn(f'for {key}: copying from a non-meta parameter in the checkpoint to a meta '
/data/takhyun03/anaconda3/envs/lmms_llavavideo/lib/python3.11/site-packages/torch/nn/modules/module.py:2025: UserWarning: for vision_model.encoder.layers.11.layer_norm1.weight: copying from a non-meta parameter in the checkpoint to a meta parameter in the current model, which is a no-op. (Did you mean to pass `assign=True` to assign items in the state dictionary to their corresponding key in the module instead of copying them in place?)
  warnings.warn(f'for {key}: copying from a non-meta parameter in the checkpoint to a meta '
/data/takhyun03/anaconda3/envs/lmms_llavavideo/lib/python3.11/site-packages/torch/nn/modules/module.py:2025: UserWarning: for vision_model.encoder.layers.11.layer_norm1.bias: copying from a non-meta parameter in the checkpoint to a meta parameter in the current model, which is a no-op. (Did you mean to pass `assign=True` to assign items in the state dictionary to their corresponding key in the module instead of copying them in place?)
  warnings.warn(f'for {key}: copying from a non-meta parameter in the checkpoint to a meta '
/data/takhyun03/anaconda3/envs/lmms_llavavideo/lib/python3.11/site-packages/torch/nn/modules/module.py:2025: UserWarning: for vision_model.encoder.layers.11.mlp.fc1.weight: copying from a non-meta parameter in the checkpoint to a meta parameter in the current model, which is a no-op. (Did you mean to pass `assign=True` to assign items in the state dictionary to their corresponding key in the module instead of copying them in place?)
  warnings.warn(f'for {key}: copying from a non-meta parameter in the checkpoint to a meta '
/data/takhyun03/anaconda3/envs/lmms_llavavideo/lib/python3.11/site-packages/torch/nn/modules/module.py:2025: UserWarning: for vision_model.encoder.layers.11.mlp.fc1.bias: copying from a non-meta parameter in the checkpoint to a meta parameter in the current model, which is a no-op. (Did you mean to pass `assign=True` to assign items in the state dictionary to their corresponding key in the module instead of copying them in place?)
  warnings.warn(f'for {key}: copying from a non-meta parameter in the checkpoint to a meta '
/data/takhyun03/anaconda3/envs/lmms_llavavideo/lib/python3.11/site-packages/torch/nn/modules/module.py:2025: UserWarning: for vision_model.encoder.layers.11.mlp.fc2.weight: copying from a non-meta parameter in the checkpoint to a meta parameter in the current model, which is a no-op. (Did you mean to pass `assign=True` to assign items in the state dictionary to their corresponding key in the module instead of copying them in place?)
  warnings.warn(f'for {key}: copying from a non-meta parameter in the checkpoint to a meta '
/data/takhyun03/anaconda3/envs/lmms_llavavideo/lib/python3.11/site-packages/torch/nn/modules/module.py:2025: UserWarning: for vision_model.encoder.layers.11.mlp.fc2.bias: copying from a non-meta parameter in the checkpoint to a meta parameter in the current model, which is a no-op. (Did you mean to pass `assign=True` to assign items in the state dictionary to their corresponding key in the module instead of copying them in place?)
  warnings.warn(f'for {key}: copying from a non-meta parameter in the checkpoint to a meta '
/data/takhyun03/anaconda3/envs/lmms_llavavideo/lib/python3.11/site-packages/torch/nn/modules/module.py:2025: UserWarning: for vision_model.encoder.layers.11.layer_norm2.weight: copying from a non-meta parameter in the checkpoint to a meta parameter in the current model, which is a no-op. (Did you mean to pass `assign=True` to assign items in the state dictionary to their corresponding key in the module instead of copying them in place?)
  warnings.warn(f'for {key}: copying from a non-meta parameter in the checkpoint to a meta '
/data/takhyun03/anaconda3/envs/lmms_llavavideo/lib/python3.11/site-packages/torch/nn/modules/module.py:2025: UserWarning: for vision_model.encoder.layers.11.layer_norm2.bias: copying from a non-meta parameter in the checkpoint to a meta parameter in the current model, which is a no-op. (Did you mean to pass `assign=True` to assign items in the state dictionary to their corresponding key in the module instead of copying them in place?)
  warnings.warn(f'for {key}: copying from a non-meta parameter in the checkpoint to a meta '
/data/takhyun03/anaconda3/envs/lmms_llavavideo/lib/python3.11/site-packages/torch/nn/modules/module.py:2025: UserWarning: for vision_model.encoder.layers.12.self_attn.k_proj.weight: copying from a non-meta parameter in the checkpoint to a meta parameter in the current model, which is a no-op. (Did you mean to pass `assign=True` to assign items in the state dictionary to their corresponding key in the module instead of copying them in place?)
  warnings.warn(f'for {key}: copying from a non-meta parameter in the checkpoint to a meta '
/data/takhyun03/anaconda3/envs/lmms_llavavideo/lib/python3.11/site-packages/torch/nn/modules/module.py:2025: UserWarning: for vision_model.encoder.layers.12.self_attn.k_proj.bias: copying from a non-meta parameter in the checkpoint to a meta parameter in the current model, which is a no-op. (Did you mean to pass `assign=True` to assign items in the state dictionary to their corresponding key in the module instead of copying them in place?)
  warnings.warn(f'for {key}: copying from a non-meta parameter in the checkpoint to a meta '
/data/takhyun03/anaconda3/envs/lmms_llavavideo/lib/python3.11/site-packages/torch/nn/modules/module.py:2025: UserWarning: for vision_model.encoder.layers.12.self_attn.v_proj.weight: copying from a non-meta parameter in the checkpoint to a meta parameter in the current model, which is a no-op. (Did you mean to pass `assign=True` to assign items in the state dictionary to their corresponding key in the module instead of copying them in place?)
  warnings.warn(f'for {key}: copying from a non-meta parameter in the checkpoint to a meta '
/data/takhyun03/anaconda3/envs/lmms_llavavideo/lib/python3.11/site-packages/torch/nn/modules/module.py:2025: UserWarning: for vision_model.encoder.layers.12.self_attn.v_proj.bias: copying from a non-meta parameter in the checkpoint to a meta parameter in the current model, which is a no-op. (Did you mean to pass `assign=True` to assign items in the state dictionary to their corresponding key in the module instead of copying them in place?)
  warnings.warn(f'for {key}: copying from a non-meta parameter in the checkpoint to a meta '
/data/takhyun03/anaconda3/envs/lmms_llavavideo/lib/python3.11/site-packages/torch/nn/modules/module.py:2025: UserWarning: for vision_model.encoder.layers.12.self_attn.q_proj.weight: copying from a non-meta parameter in the checkpoint to a meta parameter in the current model, which is a no-op. (Did you mean to pass `assign=True` to assign items in the state dictionary to their corresponding key in the module instead of copying them in place?)
  warnings.warn(f'for {key}: copying from a non-meta parameter in the checkpoint to a meta '
/data/takhyun03/anaconda3/envs/lmms_llavavideo/lib/python3.11/site-packages/torch/nn/modules/module.py:2025: UserWarning: for vision_model.encoder.layers.12.self_attn.q_proj.bias: copying from a non-meta parameter in the checkpoint to a meta parameter in the current model, which is a no-op. (Did you mean to pass `assign=True` to assign items in the state dictionary to their corresponding key in the module instead of copying them in place?)
  warnings.warn(f'for {key}: copying from a non-meta parameter in the checkpoint to a meta '
/data/takhyun03/anaconda3/envs/lmms_llavavideo/lib/python3.11/site-packages/torch/nn/modules/module.py:2025: UserWarning: for vision_model.encoder.layers.12.self_attn.out_proj.weight: copying from a non-meta parameter in the checkpoint to a meta parameter in the current model, which is a no-op. (Did you mean to pass `assign=True` to assign items in the state dictionary to their corresponding key in the module instead of copying them in place?)
  warnings.warn(f'for {key}: copying from a non-meta parameter in the checkpoint to a meta '
/data/takhyun03/anaconda3/envs/lmms_llavavideo/lib/python3.11/site-packages/torch/nn/modules/module.py:2025: UserWarning: for vision_model.encoder.layers.12.self_attn.out_proj.bias: copying from a non-meta parameter in the checkpoint to a meta parameter in the current model, which is a no-op. (Did you mean to pass `assign=True` to assign items in the state dictionary to their corresponding key in the module instead of copying them in place?)
  warnings.warn(f'for {key}: copying from a non-meta parameter in the checkpoint to a meta '
/data/takhyun03/anaconda3/envs/lmms_llavavideo/lib/python3.11/site-packages/torch/nn/modules/module.py:2025: UserWarning: for vision_model.encoder.layers.12.layer_norm1.weight: copying from a non-meta parameter in the checkpoint to a meta parameter in the current model, which is a no-op. (Did you mean to pass `assign=True` to assign items in the state dictionary to their corresponding key in the module instead of copying them in place?)
  warnings.warn(f'for {key}: copying from a non-meta parameter in the checkpoint to a meta '
/data/takhyun03/anaconda3/envs/lmms_llavavideo/lib/python3.11/site-packages/torch/nn/modules/module.py:2025: UserWarning: for vision_model.encoder.layers.12.layer_norm1.bias: copying from a non-meta parameter in the checkpoint to a meta parameter in the current model, which is a no-op. (Did you mean to pass `assign=True` to assign items in the state dictionary to their corresponding key in the module instead of copying them in place?)
  warnings.warn(f'for {key}: copying from a non-meta parameter in the checkpoint to a meta '
/data/takhyun03/anaconda3/envs/lmms_llavavideo/lib/python3.11/site-packages/torch/nn/modules/module.py:2025: UserWarning: for vision_model.encoder.layers.12.mlp.fc1.weight: copying from a non-meta parameter in the checkpoint to a meta parameter in the current model, which is a no-op. (Did you mean to pass `assign=True` to assign items in the state dictionary to their corresponding key in the module instead of copying them in place?)
  warnings.warn(f'for {key}: copying from a non-meta parameter in the checkpoint to a meta '
/data/takhyun03/anaconda3/envs/lmms_llavavideo/lib/python3.11/site-packages/torch/nn/modules/module.py:2025: UserWarning: for vision_model.encoder.layers.12.mlp.fc1.bias: copying from a non-meta parameter in the checkpoint to a meta parameter in the current model, which is a no-op. (Did you mean to pass `assign=True` to assign items in the state dictionary to their corresponding key in the module instead of copying them in place?)
  warnings.warn(f'for {key}: copying from a non-meta parameter in the checkpoint to a meta '
/data/takhyun03/anaconda3/envs/lmms_llavavideo/lib/python3.11/site-packages/torch/nn/modules/module.py:2025: UserWarning: for vision_model.encoder.layers.12.mlp.fc2.weight: copying from a non-meta parameter in the checkpoint to a meta parameter in the current model, which is a no-op. (Did you mean to pass `assign=True` to assign items in the state dictionary to their corresponding key in the module instead of copying them in place?)
  warnings.warn(f'for {key}: copying from a non-meta parameter in the checkpoint to a meta '
/data/takhyun03/anaconda3/envs/lmms_llavavideo/lib/python3.11/site-packages/torch/nn/modules/module.py:2025: UserWarning: for vision_model.encoder.layers.12.mlp.fc2.bias: copying from a non-meta parameter in the checkpoint to a meta parameter in the current model, which is a no-op. (Did you mean to pass `assign=True` to assign items in the state dictionary to their corresponding key in the module instead of copying them in place?)
  warnings.warn(f'for {key}: copying from a non-meta parameter in the checkpoint to a meta '
/data/takhyun03/anaconda3/envs/lmms_llavavideo/lib/python3.11/site-packages/torch/nn/modules/module.py:2025: UserWarning: for vision_model.encoder.layers.12.layer_norm2.weight: copying from a non-meta parameter in the checkpoint to a meta parameter in the current model, which is a no-op. (Did you mean to pass `assign=True` to assign items in the state dictionary to their corresponding key in the module instead of copying them in place?)
  warnings.warn(f'for {key}: copying from a non-meta parameter in the checkpoint to a meta '
/data/takhyun03/anaconda3/envs/lmms_llavavideo/lib/python3.11/site-packages/torch/nn/modules/module.py:2025: UserWarning: for vision_model.encoder.layers.12.layer_norm2.bias: copying from a non-meta parameter in the checkpoint to a meta parameter in the current model, which is a no-op. (Did you mean to pass `assign=True` to assign items in the state dictionary to their corresponding key in the module instead of copying them in place?)
  warnings.warn(f'for {key}: copying from a non-meta parameter in the checkpoint to a meta '
/data/takhyun03/anaconda3/envs/lmms_llavavideo/lib/python3.11/site-packages/torch/nn/modules/module.py:2025: UserWarning: for vision_model.encoder.layers.13.self_attn.k_proj.weight: copying from a non-meta parameter in the checkpoint to a meta parameter in the current model, which is a no-op. (Did you mean to pass `assign=True` to assign items in the state dictionary to their corresponding key in the module instead of copying them in place?)
  warnings.warn(f'for {key}: copying from a non-meta parameter in the checkpoint to a meta '
/data/takhyun03/anaconda3/envs/lmms_llavavideo/lib/python3.11/site-packages/torch/nn/modules/module.py:2025: UserWarning: for vision_model.encoder.layers.13.self_attn.k_proj.bias: copying from a non-meta parameter in the checkpoint to a meta parameter in the current model, which is a no-op. (Did you mean to pass `assign=True` to assign items in the state dictionary to their corresponding key in the module instead of copying them in place?)
  warnings.warn(f'for {key}: copying from a non-meta parameter in the checkpoint to a meta '
/data/takhyun03/anaconda3/envs/lmms_llavavideo/lib/python3.11/site-packages/torch/nn/modules/module.py:2025: UserWarning: for vision_model.encoder.layers.13.self_attn.v_proj.weight: copying from a non-meta parameter in the checkpoint to a meta parameter in the current model, which is a no-op. (Did you mean to pass `assign=True` to assign items in the state dictionary to their corresponding key in the module instead of copying them in place?)
  warnings.warn(f'for {key}: copying from a non-meta parameter in the checkpoint to a meta '
/data/takhyun03/anaconda3/envs/lmms_llavavideo/lib/python3.11/site-packages/torch/nn/modules/module.py:2025: UserWarning: for vision_model.encoder.layers.13.self_attn.v_proj.bias: copying from a non-meta parameter in the checkpoint to a meta parameter in the current model, which is a no-op. (Did you mean to pass `assign=True` to assign items in the state dictionary to their corresponding key in the module instead of copying them in place?)
  warnings.warn(f'for {key}: copying from a non-meta parameter in the checkpoint to a meta '
/data/takhyun03/anaconda3/envs/lmms_llavavideo/lib/python3.11/site-packages/torch/nn/modules/module.py:2025: UserWarning: for vision_model.encoder.layers.13.self_attn.q_proj.weight: copying from a non-meta parameter in the checkpoint to a meta parameter in the current model, which is a no-op. (Did you mean to pass `assign=True` to assign items in the state dictionary to their corresponding key in the module instead of copying them in place?)
  warnings.warn(f'for {key}: copying from a non-meta parameter in the checkpoint to a meta '
/data/takhyun03/anaconda3/envs/lmms_llavavideo/lib/python3.11/site-packages/torch/nn/modules/module.py:2025: UserWarning: for vision_model.encoder.layers.13.self_attn.q_proj.bias: copying from a non-meta parameter in the checkpoint to a meta parameter in the current model, which is a no-op. (Did you mean to pass `assign=True` to assign items in the state dictionary to their corresponding key in the module instead of copying them in place?)
  warnings.warn(f'for {key}: copying from a non-meta parameter in the checkpoint to a meta '
/data/takhyun03/anaconda3/envs/lmms_llavavideo/lib/python3.11/site-packages/torch/nn/modules/module.py:2025: UserWarning: for vision_model.encoder.layers.13.self_attn.out_proj.weight: copying from a non-meta parameter in the checkpoint to a meta parameter in the current model, which is a no-op. (Did you mean to pass `assign=True` to assign items in the state dictionary to their corresponding key in the module instead of copying them in place?)
  warnings.warn(f'for {key}: copying from a non-meta parameter in the checkpoint to a meta '
/data/takhyun03/anaconda3/envs/lmms_llavavideo/lib/python3.11/site-packages/torch/nn/modules/module.py:2025: UserWarning: for vision_model.encoder.layers.13.self_attn.out_proj.bias: copying from a non-meta parameter in the checkpoint to a meta parameter in the current model, which is a no-op. (Did you mean to pass `assign=True` to assign items in the state dictionary to their corresponding key in the module instead of copying them in place?)
  warnings.warn(f'for {key}: copying from a non-meta parameter in the checkpoint to a meta '
/data/takhyun03/anaconda3/envs/lmms_llavavideo/lib/python3.11/site-packages/torch/nn/modules/module.py:2025: UserWarning: for vision_model.encoder.layers.13.layer_norm1.weight: copying from a non-meta parameter in the checkpoint to a meta parameter in the current model, which is a no-op. (Did you mean to pass `assign=True` to assign items in the state dictionary to their corresponding key in the module instead of copying them in place?)
  warnings.warn(f'for {key}: copying from a non-meta parameter in the checkpoint to a meta '
/data/takhyun03/anaconda3/envs/lmms_llavavideo/lib/python3.11/site-packages/torch/nn/modules/module.py:2025: UserWarning: for vision_model.encoder.layers.13.layer_norm1.bias: copying from a non-meta parameter in the checkpoint to a meta parameter in the current model, which is a no-op. (Did you mean to pass `assign=True` to assign items in the state dictionary to their corresponding key in the module instead of copying them in place?)
  warnings.warn(f'for {key}: copying from a non-meta parameter in the checkpoint to a meta '
/data/takhyun03/anaconda3/envs/lmms_llavavideo/lib/python3.11/site-packages/torch/nn/modules/module.py:2025: UserWarning: for vision_model.encoder.layers.13.mlp.fc1.weight: copying from a non-meta parameter in the checkpoint to a meta parameter in the current model, which is a no-op. (Did you mean to pass `assign=True` to assign items in the state dictionary to their corresponding key in the module instead of copying them in place?)
  warnings.warn(f'for {key}: copying from a non-meta parameter in the checkpoint to a meta '
/data/takhyun03/anaconda3/envs/lmms_llavavideo/lib/python3.11/site-packages/torch/nn/modules/module.py:2025: UserWarning: for vision_model.encoder.layers.13.mlp.fc1.bias: copying from a non-meta parameter in the checkpoint to a meta parameter in the current model, which is a no-op. (Did you mean to pass `assign=True` to assign items in the state dictionary to their corresponding key in the module instead of copying them in place?)
  warnings.warn(f'for {key}: copying from a non-meta parameter in the checkpoint to a meta '
/data/takhyun03/anaconda3/envs/lmms_llavavideo/lib/python3.11/site-packages/torch/nn/modules/module.py:2025: UserWarning: for vision_model.encoder.layers.13.mlp.fc2.weight: copying from a non-meta parameter in the checkpoint to a meta parameter in the current model, which is a no-op. (Did you mean to pass `assign=True` to assign items in the state dictionary to their corresponding key in the module instead of copying them in place?)
  warnings.warn(f'for {key}: copying from a non-meta parameter in the checkpoint to a meta '
/data/takhyun03/anaconda3/envs/lmms_llavavideo/lib/python3.11/site-packages/torch/nn/modules/module.py:2025: UserWarning: for vision_model.encoder.layers.13.mlp.fc2.bias: copying from a non-meta parameter in the checkpoint to a meta parameter in the current model, which is a no-op. (Did you mean to pass `assign=True` to assign items in the state dictionary to their corresponding key in the module instead of copying them in place?)
  warnings.warn(f'for {key}: copying from a non-meta parameter in the checkpoint to a meta '
/data/takhyun03/anaconda3/envs/lmms_llavavideo/lib/python3.11/site-packages/torch/nn/modules/module.py:2025: UserWarning: for vision_model.encoder.layers.13.layer_norm2.weight: copying from a non-meta parameter in the checkpoint to a meta parameter in the current model, which is a no-op. (Did you mean to pass `assign=True` to assign items in the state dictionary to their corresponding key in the module instead of copying them in place?)
  warnings.warn(f'for {key}: copying from a non-meta parameter in the checkpoint to a meta '
/data/takhyun03/anaconda3/envs/lmms_llavavideo/lib/python3.11/site-packages/torch/nn/modules/module.py:2025: UserWarning: for vision_model.encoder.layers.13.layer_norm2.bias: copying from a non-meta parameter in the checkpoint to a meta parameter in the current model, which is a no-op. (Did you mean to pass `assign=True` to assign items in the state dictionary to their corresponding key in the module instead of copying them in place?)
  warnings.warn(f'for {key}: copying from a non-meta parameter in the checkpoint to a meta '
/data/takhyun03/anaconda3/envs/lmms_llavavideo/lib/python3.11/site-packages/torch/nn/modules/module.py:2025: UserWarning: for vision_model.encoder.layers.14.self_attn.k_proj.weight: copying from a non-meta parameter in the checkpoint to a meta parameter in the current model, which is a no-op. (Did you mean to pass `assign=True` to assign items in the state dictionary to their corresponding key in the module instead of copying them in place?)
  warnings.warn(f'for {key}: copying from a non-meta parameter in the checkpoint to a meta '
/data/takhyun03/anaconda3/envs/lmms_llavavideo/lib/python3.11/site-packages/torch/nn/modules/module.py:2025: UserWarning: for vision_model.encoder.layers.14.self_attn.k_proj.bias: copying from a non-meta parameter in the checkpoint to a meta parameter in the current model, which is a no-op. (Did you mean to pass `assign=True` to assign items in the state dictionary to their corresponding key in the module instead of copying them in place?)
  warnings.warn(f'for {key}: copying from a non-meta parameter in the checkpoint to a meta '
/data/takhyun03/anaconda3/envs/lmms_llavavideo/lib/python3.11/site-packages/torch/nn/modules/module.py:2025: UserWarning: for vision_model.encoder.layers.14.self_attn.v_proj.weight: copying from a non-meta parameter in the checkpoint to a meta parameter in the current model, which is a no-op. (Did you mean to pass `assign=True` to assign items in the state dictionary to their corresponding key in the module instead of copying them in place?)
  warnings.warn(f'for {key}: copying from a non-meta parameter in the checkpoint to a meta '
/data/takhyun03/anaconda3/envs/lmms_llavavideo/lib/python3.11/site-packages/torch/nn/modules/module.py:2025: UserWarning: for vision_model.encoder.layers.14.self_attn.v_proj.bias: copying from a non-meta parameter in the checkpoint to a meta parameter in the current model, which is a no-op. (Did you mean to pass `assign=True` to assign items in the state dictionary to their corresponding key in the module instead of copying them in place?)
  warnings.warn(f'for {key}: copying from a non-meta parameter in the checkpoint to a meta '
/data/takhyun03/anaconda3/envs/lmms_llavavideo/lib/python3.11/site-packages/torch/nn/modules/module.py:2025: UserWarning: for vision_model.encoder.layers.14.self_attn.q_proj.weight: copying from a non-meta parameter in the checkpoint to a meta parameter in the current model, which is a no-op. (Did you mean to pass `assign=True` to assign items in the state dictionary to their corresponding key in the module instead of copying them in place?)
  warnings.warn(f'for {key}: copying from a non-meta parameter in the checkpoint to a meta '
/data/takhyun03/anaconda3/envs/lmms_llavavideo/lib/python3.11/site-packages/torch/nn/modules/module.py:2025: UserWarning: for vision_model.encoder.layers.14.self_attn.q_proj.bias: copying from a non-meta parameter in the checkpoint to a meta parameter in the current model, which is a no-op. (Did you mean to pass `assign=True` to assign items in the state dictionary to their corresponding key in the module instead of copying them in place?)
  warnings.warn(f'for {key}: copying from a non-meta parameter in the checkpoint to a meta '
/data/takhyun03/anaconda3/envs/lmms_llavavideo/lib/python3.11/site-packages/torch/nn/modules/module.py:2025: UserWarning: for vision_model.encoder.layers.14.self_attn.out_proj.weight: copying from a non-meta parameter in the checkpoint to a meta parameter in the current model, which is a no-op. (Did you mean to pass `assign=True` to assign items in the state dictionary to their corresponding key in the module instead of copying them in place?)
  warnings.warn(f'for {key}: copying from a non-meta parameter in the checkpoint to a meta '
/data/takhyun03/anaconda3/envs/lmms_llavavideo/lib/python3.11/site-packages/torch/nn/modules/module.py:2025: UserWarning: for vision_model.encoder.layers.14.self_attn.out_proj.bias: copying from a non-meta parameter in the checkpoint to a meta parameter in the current model, which is a no-op. (Did you mean to pass `assign=True` to assign items in the state dictionary to their corresponding key in the module instead of copying them in place?)
  warnings.warn(f'for {key}: copying from a non-meta parameter in the checkpoint to a meta '
/data/takhyun03/anaconda3/envs/lmms_llavavideo/lib/python3.11/site-packages/torch/nn/modules/module.py:2025: UserWarning: for vision_model.encoder.layers.14.layer_norm1.weight: copying from a non-meta parameter in the checkpoint to a meta parameter in the current model, which is a no-op. (Did you mean to pass `assign=True` to assign items in the state dictionary to their corresponding key in the module instead of copying them in place?)
  warnings.warn(f'for {key}: copying from a non-meta parameter in the checkpoint to a meta '
/data/takhyun03/anaconda3/envs/lmms_llavavideo/lib/python3.11/site-packages/torch/nn/modules/module.py:2025: UserWarning: for vision_model.encoder.layers.14.layer_norm1.bias: copying from a non-meta parameter in the checkpoint to a meta parameter in the current model, which is a no-op. (Did you mean to pass `assign=True` to assign items in the state dictionary to their corresponding key in the module instead of copying them in place?)
  warnings.warn(f'for {key}: copying from a non-meta parameter in the checkpoint to a meta '
/data/takhyun03/anaconda3/envs/lmms_llavavideo/lib/python3.11/site-packages/torch/nn/modules/module.py:2025: UserWarning: for vision_model.encoder.layers.14.mlp.fc1.weight: copying from a non-meta parameter in the checkpoint to a meta parameter in the current model, which is a no-op. (Did you mean to pass `assign=True` to assign items in the state dictionary to their corresponding key in the module instead of copying them in place?)
  warnings.warn(f'for {key}: copying from a non-meta parameter in the checkpoint to a meta '
/data/takhyun03/anaconda3/envs/lmms_llavavideo/lib/python3.11/site-packages/torch/nn/modules/module.py:2025: UserWarning: for vision_model.encoder.layers.14.mlp.fc1.bias: copying from a non-meta parameter in the checkpoint to a meta parameter in the current model, which is a no-op. (Did you mean to pass `assign=True` to assign items in the state dictionary to their corresponding key in the module instead of copying them in place?)
  warnings.warn(f'for {key}: copying from a non-meta parameter in the checkpoint to a meta '
/data/takhyun03/anaconda3/envs/lmms_llavavideo/lib/python3.11/site-packages/torch/nn/modules/module.py:2025: UserWarning: for vision_model.encoder.layers.14.mlp.fc2.weight: copying from a non-meta parameter in the checkpoint to a meta parameter in the current model, which is a no-op. (Did you mean to pass `assign=True` to assign items in the state dictionary to their corresponding key in the module instead of copying them in place?)
  warnings.warn(f'for {key}: copying from a non-meta parameter in the checkpoint to a meta '
/data/takhyun03/anaconda3/envs/lmms_llavavideo/lib/python3.11/site-packages/torch/nn/modules/module.py:2025: UserWarning: for vision_model.encoder.layers.14.mlp.fc2.bias: copying from a non-meta parameter in the checkpoint to a meta parameter in the current model, which is a no-op. (Did you mean to pass `assign=True` to assign items in the state dictionary to their corresponding key in the module instead of copying them in place?)
  warnings.warn(f'for {key}: copying from a non-meta parameter in the checkpoint to a meta '
/data/takhyun03/anaconda3/envs/lmms_llavavideo/lib/python3.11/site-packages/torch/nn/modules/module.py:2025: UserWarning: for vision_model.encoder.layers.14.layer_norm2.weight: copying from a non-meta parameter in the checkpoint to a meta parameter in the current model, which is a no-op. (Did you mean to pass `assign=True` to assign items in the state dictionary to their corresponding key in the module instead of copying them in place?)
  warnings.warn(f'for {key}: copying from a non-meta parameter in the checkpoint to a meta '
/data/takhyun03/anaconda3/envs/lmms_llavavideo/lib/python3.11/site-packages/torch/nn/modules/module.py:2025: UserWarning: for vision_model.encoder.layers.14.layer_norm2.bias: copying from a non-meta parameter in the checkpoint to a meta parameter in the current model, which is a no-op. (Did you mean to pass `assign=True` to assign items in the state dictionary to their corresponding key in the module instead of copying them in place?)
  warnings.warn(f'for {key}: copying from a non-meta parameter in the checkpoint to a meta '
/data/takhyun03/anaconda3/envs/lmms_llavavideo/lib/python3.11/site-packages/torch/nn/modules/module.py:2025: UserWarning: for vision_model.encoder.layers.15.self_attn.k_proj.weight: copying from a non-meta parameter in the checkpoint to a meta parameter in the current model, which is a no-op. (Did you mean to pass `assign=True` to assign items in the state dictionary to their corresponding key in the module instead of copying them in place?)
  warnings.warn(f'for {key}: copying from a non-meta parameter in the checkpoint to a meta '
/data/takhyun03/anaconda3/envs/lmms_llavavideo/lib/python3.11/site-packages/torch/nn/modules/module.py:2025: UserWarning: for vision_model.encoder.layers.15.self_attn.k_proj.bias: copying from a non-meta parameter in the checkpoint to a meta parameter in the current model, which is a no-op. (Did you mean to pass `assign=True` to assign items in the state dictionary to their corresponding key in the module instead of copying them in place?)
  warnings.warn(f'for {key}: copying from a non-meta parameter in the checkpoint to a meta '
/data/takhyun03/anaconda3/envs/lmms_llavavideo/lib/python3.11/site-packages/torch/nn/modules/module.py:2025: UserWarning: for vision_model.encoder.layers.15.self_attn.v_proj.weight: copying from a non-meta parameter in the checkpoint to a meta parameter in the current model, which is a no-op. (Did you mean to pass `assign=True` to assign items in the state dictionary to their corresponding key in the module instead of copying them in place?)
  warnings.warn(f'for {key}: copying from a non-meta parameter in the checkpoint to a meta '
/data/takhyun03/anaconda3/envs/lmms_llavavideo/lib/python3.11/site-packages/torch/nn/modules/module.py:2025: UserWarning: for vision_model.encoder.layers.15.self_attn.v_proj.bias: copying from a non-meta parameter in the checkpoint to a meta parameter in the current model, which is a no-op. (Did you mean to pass `assign=True` to assign items in the state dictionary to their corresponding key in the module instead of copying them in place?)
  warnings.warn(f'for {key}: copying from a non-meta parameter in the checkpoint to a meta '
/data/takhyun03/anaconda3/envs/lmms_llavavideo/lib/python3.11/site-packages/torch/nn/modules/module.py:2025: UserWarning: for vision_model.encoder.layers.15.self_attn.q_proj.weight: copying from a non-meta parameter in the checkpoint to a meta parameter in the current model, which is a no-op. (Did you mean to pass `assign=True` to assign items in the state dictionary to their corresponding key in the module instead of copying them in place?)
  warnings.warn(f'for {key}: copying from a non-meta parameter in the checkpoint to a meta '
/data/takhyun03/anaconda3/envs/lmms_llavavideo/lib/python3.11/site-packages/torch/nn/modules/module.py:2025: UserWarning: for vision_model.encoder.layers.15.self_attn.q_proj.bias: copying from a non-meta parameter in the checkpoint to a meta parameter in the current model, which is a no-op. (Did you mean to pass `assign=True` to assign items in the state dictionary to their corresponding key in the module instead of copying them in place?)
  warnings.warn(f'for {key}: copying from a non-meta parameter in the checkpoint to a meta '
/data/takhyun03/anaconda3/envs/lmms_llavavideo/lib/python3.11/site-packages/torch/nn/modules/module.py:2025: UserWarning: for vision_model.encoder.layers.15.self_attn.out_proj.weight: copying from a non-meta parameter in the checkpoint to a meta parameter in the current model, which is a no-op. (Did you mean to pass `assign=True` to assign items in the state dictionary to their corresponding key in the module instead of copying them in place?)
  warnings.warn(f'for {key}: copying from a non-meta parameter in the checkpoint to a meta '
/data/takhyun03/anaconda3/envs/lmms_llavavideo/lib/python3.11/site-packages/torch/nn/modules/module.py:2025: UserWarning: for vision_model.encoder.layers.15.self_attn.out_proj.bias: copying from a non-meta parameter in the checkpoint to a meta parameter in the current model, which is a no-op. (Did you mean to pass `assign=True` to assign items in the state dictionary to their corresponding key in the module instead of copying them in place?)
  warnings.warn(f'for {key}: copying from a non-meta parameter in the checkpoint to a meta '
/data/takhyun03/anaconda3/envs/lmms_llavavideo/lib/python3.11/site-packages/torch/nn/modules/module.py:2025: UserWarning: for vision_model.encoder.layers.15.layer_norm1.weight: copying from a non-meta parameter in the checkpoint to a meta parameter in the current model, which is a no-op. (Did you mean to pass `assign=True` to assign items in the state dictionary to their corresponding key in the module instead of copying them in place?)
  warnings.warn(f'for {key}: copying from a non-meta parameter in the checkpoint to a meta '
/data/takhyun03/anaconda3/envs/lmms_llavavideo/lib/python3.11/site-packages/torch/nn/modules/module.py:2025: UserWarning: for vision_model.encoder.layers.15.layer_norm1.bias: copying from a non-meta parameter in the checkpoint to a meta parameter in the current model, which is a no-op. (Did you mean to pass `assign=True` to assign items in the state dictionary to their corresponding key in the module instead of copying them in place?)
  warnings.warn(f'for {key}: copying from a non-meta parameter in the checkpoint to a meta '
/data/takhyun03/anaconda3/envs/lmms_llavavideo/lib/python3.11/site-packages/torch/nn/modules/module.py:2025: UserWarning: for vision_model.encoder.layers.15.mlp.fc1.weight: copying from a non-meta parameter in the checkpoint to a meta parameter in the current model, which is a no-op. (Did you mean to pass `assign=True` to assign items in the state dictionary to their corresponding key in the module instead of copying them in place?)
  warnings.warn(f'for {key}: copying from a non-meta parameter in the checkpoint to a meta '
/data/takhyun03/anaconda3/envs/lmms_llavavideo/lib/python3.11/site-packages/torch/nn/modules/module.py:2025: UserWarning: for vision_model.encoder.layers.15.mlp.fc1.bias: copying from a non-meta parameter in the checkpoint to a meta parameter in the current model, which is a no-op. (Did you mean to pass `assign=True` to assign items in the state dictionary to their corresponding key in the module instead of copying them in place?)
  warnings.warn(f'for {key}: copying from a non-meta parameter in the checkpoint to a meta '
/data/takhyun03/anaconda3/envs/lmms_llavavideo/lib/python3.11/site-packages/torch/nn/modules/module.py:2025: UserWarning: for vision_model.encoder.layers.15.mlp.fc2.weight: copying from a non-meta parameter in the checkpoint to a meta parameter in the current model, which is a no-op. (Did you mean to pass `assign=True` to assign items in the state dictionary to their corresponding key in the module instead of copying them in place?)
  warnings.warn(f'for {key}: copying from a non-meta parameter in the checkpoint to a meta '
/data/takhyun03/anaconda3/envs/lmms_llavavideo/lib/python3.11/site-packages/torch/nn/modules/module.py:2025: UserWarning: for vision_model.encoder.layers.15.mlp.fc2.bias: copying from a non-meta parameter in the checkpoint to a meta parameter in the current model, which is a no-op. (Did you mean to pass `assign=True` to assign items in the state dictionary to their corresponding key in the module instead of copying them in place?)
  warnings.warn(f'for {key}: copying from a non-meta parameter in the checkpoint to a meta '
/data/takhyun03/anaconda3/envs/lmms_llavavideo/lib/python3.11/site-packages/torch/nn/modules/module.py:2025: UserWarning: for vision_model.encoder.layers.15.layer_norm2.weight: copying from a non-meta parameter in the checkpoint to a meta parameter in the current model, which is a no-op. (Did you mean to pass `assign=True` to assign items in the state dictionary to their corresponding key in the module instead of copying them in place?)
  warnings.warn(f'for {key}: copying from a non-meta parameter in the checkpoint to a meta '
/data/takhyun03/anaconda3/envs/lmms_llavavideo/lib/python3.11/site-packages/torch/nn/modules/module.py:2025: UserWarning: for vision_model.encoder.layers.15.layer_norm2.bias: copying from a non-meta parameter in the checkpoint to a meta parameter in the current model, which is a no-op. (Did you mean to pass `assign=True` to assign items in the state dictionary to their corresponding key in the module instead of copying them in place?)
  warnings.warn(f'for {key}: copying from a non-meta parameter in the checkpoint to a meta '
/data/takhyun03/anaconda3/envs/lmms_llavavideo/lib/python3.11/site-packages/torch/nn/modules/module.py:2025: UserWarning: for vision_model.encoder.layers.16.self_attn.k_proj.weight: copying from a non-meta parameter in the checkpoint to a meta parameter in the current model, which is a no-op. (Did you mean to pass `assign=True` to assign items in the state dictionary to their corresponding key in the module instead of copying them in place?)
  warnings.warn(f'for {key}: copying from a non-meta parameter in the checkpoint to a meta '
/data/takhyun03/anaconda3/envs/lmms_llavavideo/lib/python3.11/site-packages/torch/nn/modules/module.py:2025: UserWarning: for vision_model.encoder.layers.16.self_attn.k_proj.bias: copying from a non-meta parameter in the checkpoint to a meta parameter in the current model, which is a no-op. (Did you mean to pass `assign=True` to assign items in the state dictionary to their corresponding key in the module instead of copying them in place?)
  warnings.warn(f'for {key}: copying from a non-meta parameter in the checkpoint to a meta '
/data/takhyun03/anaconda3/envs/lmms_llavavideo/lib/python3.11/site-packages/torch/nn/modules/module.py:2025: UserWarning: for vision_model.encoder.layers.16.self_attn.v_proj.weight: copying from a non-meta parameter in the checkpoint to a meta parameter in the current model, which is a no-op. (Did you mean to pass `assign=True` to assign items in the state dictionary to their corresponding key in the module instead of copying them in place?)
  warnings.warn(f'for {key}: copying from a non-meta parameter in the checkpoint to a meta '
/data/takhyun03/anaconda3/envs/lmms_llavavideo/lib/python3.11/site-packages/torch/nn/modules/module.py:2025: UserWarning: for vision_model.encoder.layers.16.self_attn.v_proj.bias: copying from a non-meta parameter in the checkpoint to a meta parameter in the current model, which is a no-op. (Did you mean to pass `assign=True` to assign items in the state dictionary to their corresponding key in the module instead of copying them in place?)
  warnings.warn(f'for {key}: copying from a non-meta parameter in the checkpoint to a meta '
/data/takhyun03/anaconda3/envs/lmms_llavavideo/lib/python3.11/site-packages/torch/nn/modules/module.py:2025: UserWarning: for vision_model.encoder.layers.16.self_attn.q_proj.weight: copying from a non-meta parameter in the checkpoint to a meta parameter in the current model, which is a no-op. (Did you mean to pass `assign=True` to assign items in the state dictionary to their corresponding key in the module instead of copying them in place?)
  warnings.warn(f'for {key}: copying from a non-meta parameter in the checkpoint to a meta '
/data/takhyun03/anaconda3/envs/lmms_llavavideo/lib/python3.11/site-packages/torch/nn/modules/module.py:2025: UserWarning: for vision_model.encoder.layers.16.self_attn.q_proj.bias: copying from a non-meta parameter in the checkpoint to a meta parameter in the current model, which is a no-op. (Did you mean to pass `assign=True` to assign items in the state dictionary to their corresponding key in the module instead of copying them in place?)
  warnings.warn(f'for {key}: copying from a non-meta parameter in the checkpoint to a meta '
/data/takhyun03/anaconda3/envs/lmms_llavavideo/lib/python3.11/site-packages/torch/nn/modules/module.py:2025: UserWarning: for vision_model.encoder.layers.16.self_attn.out_proj.weight: copying from a non-meta parameter in the checkpoint to a meta parameter in the current model, which is a no-op. (Did you mean to pass `assign=True` to assign items in the state dictionary to their corresponding key in the module instead of copying them in place?)
  warnings.warn(f'for {key}: copying from a non-meta parameter in the checkpoint to a meta '
/data/takhyun03/anaconda3/envs/lmms_llavavideo/lib/python3.11/site-packages/torch/nn/modules/module.py:2025: UserWarning: for vision_model.encoder.layers.16.self_attn.out_proj.bias: copying from a non-meta parameter in the checkpoint to a meta parameter in the current model, which is a no-op. (Did you mean to pass `assign=True` to assign items in the state dictionary to their corresponding key in the module instead of copying them in place?)
  warnings.warn(f'for {key}: copying from a non-meta parameter in the checkpoint to a meta '
/data/takhyun03/anaconda3/envs/lmms_llavavideo/lib/python3.11/site-packages/torch/nn/modules/module.py:2025: UserWarning: for vision_model.encoder.layers.16.layer_norm1.weight: copying from a non-meta parameter in the checkpoint to a meta parameter in the current model, which is a no-op. (Did you mean to pass `assign=True` to assign items in the state dictionary to their corresponding key in the module instead of copying them in place?)
  warnings.warn(f'for {key}: copying from a non-meta parameter in the checkpoint to a meta '
/data/takhyun03/anaconda3/envs/lmms_llavavideo/lib/python3.11/site-packages/torch/nn/modules/module.py:2025: UserWarning: for vision_model.encoder.layers.16.layer_norm1.bias: copying from a non-meta parameter in the checkpoint to a meta parameter in the current model, which is a no-op. (Did you mean to pass `assign=True` to assign items in the state dictionary to their corresponding key in the module instead of copying them in place?)
  warnings.warn(f'for {key}: copying from a non-meta parameter in the checkpoint to a meta '
/data/takhyun03/anaconda3/envs/lmms_llavavideo/lib/python3.11/site-packages/torch/nn/modules/module.py:2025: UserWarning: for vision_model.encoder.layers.16.mlp.fc1.weight: copying from a non-meta parameter in the checkpoint to a meta parameter in the current model, which is a no-op. (Did you mean to pass `assign=True` to assign items in the state dictionary to their corresponding key in the module instead of copying them in place?)
  warnings.warn(f'for {key}: copying from a non-meta parameter in the checkpoint to a meta '
/data/takhyun03/anaconda3/envs/lmms_llavavideo/lib/python3.11/site-packages/torch/nn/modules/module.py:2025: UserWarning: for vision_model.encoder.layers.16.mlp.fc1.bias: copying from a non-meta parameter in the checkpoint to a meta parameter in the current model, which is a no-op. (Did you mean to pass `assign=True` to assign items in the state dictionary to their corresponding key in the module instead of copying them in place?)
  warnings.warn(f'for {key}: copying from a non-meta parameter in the checkpoint to a meta '
/data/takhyun03/anaconda3/envs/lmms_llavavideo/lib/python3.11/site-packages/torch/nn/modules/module.py:2025: UserWarning: for vision_model.encoder.layers.16.mlp.fc2.weight: copying from a non-meta parameter in the checkpoint to a meta parameter in the current model, which is a no-op. (Did you mean to pass `assign=True` to assign items in the state dictionary to their corresponding key in the module instead of copying them in place?)
  warnings.warn(f'for {key}: copying from a non-meta parameter in the checkpoint to a meta '
/data/takhyun03/anaconda3/envs/lmms_llavavideo/lib/python3.11/site-packages/torch/nn/modules/module.py:2025: UserWarning: for vision_model.encoder.layers.16.mlp.fc2.bias: copying from a non-meta parameter in the checkpoint to a meta parameter in the current model, which is a no-op. (Did you mean to pass `assign=True` to assign items in the state dictionary to their corresponding key in the module instead of copying them in place?)
  warnings.warn(f'for {key}: copying from a non-meta parameter in the checkpoint to a meta '
/data/takhyun03/anaconda3/envs/lmms_llavavideo/lib/python3.11/site-packages/torch/nn/modules/module.py:2025: UserWarning: for vision_model.encoder.layers.16.layer_norm2.weight: copying from a non-meta parameter in the checkpoint to a meta parameter in the current model, which is a no-op. (Did you mean to pass `assign=True` to assign items in the state dictionary to their corresponding key in the module instead of copying them in place?)
  warnings.warn(f'for {key}: copying from a non-meta parameter in the checkpoint to a meta '
/data/takhyun03/anaconda3/envs/lmms_llavavideo/lib/python3.11/site-packages/torch/nn/modules/module.py:2025: UserWarning: for vision_model.encoder.layers.16.layer_norm2.bias: copying from a non-meta parameter in the checkpoint to a meta parameter in the current model, which is a no-op. (Did you mean to pass `assign=True` to assign items in the state dictionary to their corresponding key in the module instead of copying them in place?)
  warnings.warn(f'for {key}: copying from a non-meta parameter in the checkpoint to a meta '
/data/takhyun03/anaconda3/envs/lmms_llavavideo/lib/python3.11/site-packages/torch/nn/modules/module.py:2025: UserWarning: for vision_model.encoder.layers.17.self_attn.k_proj.weight: copying from a non-meta parameter in the checkpoint to a meta parameter in the current model, which is a no-op. (Did you mean to pass `assign=True` to assign items in the state dictionary to their corresponding key in the module instead of copying them in place?)
  warnings.warn(f'for {key}: copying from a non-meta parameter in the checkpoint to a meta '
/data/takhyun03/anaconda3/envs/lmms_llavavideo/lib/python3.11/site-packages/torch/nn/modules/module.py:2025: UserWarning: for vision_model.encoder.layers.17.self_attn.k_proj.bias: copying from a non-meta parameter in the checkpoint to a meta parameter in the current model, which is a no-op. (Did you mean to pass `assign=True` to assign items in the state dictionary to their corresponding key in the module instead of copying them in place?)
  warnings.warn(f'for {key}: copying from a non-meta parameter in the checkpoint to a meta '
/data/takhyun03/anaconda3/envs/lmms_llavavideo/lib/python3.11/site-packages/torch/nn/modules/module.py:2025: UserWarning: for vision_model.encoder.layers.17.self_attn.v_proj.weight: copying from a non-meta parameter in the checkpoint to a meta parameter in the current model, which is a no-op. (Did you mean to pass `assign=True` to assign items in the state dictionary to their corresponding key in the module instead of copying them in place?)
  warnings.warn(f'for {key}: copying from a non-meta parameter in the checkpoint to a meta '
/data/takhyun03/anaconda3/envs/lmms_llavavideo/lib/python3.11/site-packages/torch/nn/modules/module.py:2025: UserWarning: for vision_model.encoder.layers.17.self_attn.v_proj.bias: copying from a non-meta parameter in the checkpoint to a meta parameter in the current model, which is a no-op. (Did you mean to pass `assign=True` to assign items in the state dictionary to their corresponding key in the module instead of copying them in place?)
  warnings.warn(f'for {key}: copying from a non-meta parameter in the checkpoint to a meta '
/data/takhyun03/anaconda3/envs/lmms_llavavideo/lib/python3.11/site-packages/torch/nn/modules/module.py:2025: UserWarning: for vision_model.encoder.layers.17.self_attn.q_proj.weight: copying from a non-meta parameter in the checkpoint to a meta parameter in the current model, which is a no-op. (Did you mean to pass `assign=True` to assign items in the state dictionary to their corresponding key in the module instead of copying them in place?)
  warnings.warn(f'for {key}: copying from a non-meta parameter in the checkpoint to a meta '
/data/takhyun03/anaconda3/envs/lmms_llavavideo/lib/python3.11/site-packages/torch/nn/modules/module.py:2025: UserWarning: for vision_model.encoder.layers.17.self_attn.q_proj.bias: copying from a non-meta parameter in the checkpoint to a meta parameter in the current model, which is a no-op. (Did you mean to pass `assign=True` to assign items in the state dictionary to their corresponding key in the module instead of copying them in place?)
  warnings.warn(f'for {key}: copying from a non-meta parameter in the checkpoint to a meta '
/data/takhyun03/anaconda3/envs/lmms_llavavideo/lib/python3.11/site-packages/torch/nn/modules/module.py:2025: UserWarning: for vision_model.encoder.layers.17.self_attn.out_proj.weight: copying from a non-meta parameter in the checkpoint to a meta parameter in the current model, which is a no-op. (Did you mean to pass `assign=True` to assign items in the state dictionary to their corresponding key in the module instead of copying them in place?)
  warnings.warn(f'for {key}: copying from a non-meta parameter in the checkpoint to a meta '
/data/takhyun03/anaconda3/envs/lmms_llavavideo/lib/python3.11/site-packages/torch/nn/modules/module.py:2025: UserWarning: for vision_model.encoder.layers.17.self_attn.out_proj.bias: copying from a non-meta parameter in the checkpoint to a meta parameter in the current model, which is a no-op. (Did you mean to pass `assign=True` to assign items in the state dictionary to their corresponding key in the module instead of copying them in place?)
  warnings.warn(f'for {key}: copying from a non-meta parameter in the checkpoint to a meta '
/data/takhyun03/anaconda3/envs/lmms_llavavideo/lib/python3.11/site-packages/torch/nn/modules/module.py:2025: UserWarning: for vision_model.encoder.layers.17.layer_norm1.weight: copying from a non-meta parameter in the checkpoint to a meta parameter in the current model, which is a no-op. (Did you mean to pass `assign=True` to assign items in the state dictionary to their corresponding key in the module instead of copying them in place?)
  warnings.warn(f'for {key}: copying from a non-meta parameter in the checkpoint to a meta '
/data/takhyun03/anaconda3/envs/lmms_llavavideo/lib/python3.11/site-packages/torch/nn/modules/module.py:2025: UserWarning: for vision_model.encoder.layers.17.layer_norm1.bias: copying from a non-meta parameter in the checkpoint to a meta parameter in the current model, which is a no-op. (Did you mean to pass `assign=True` to assign items in the state dictionary to their corresponding key in the module instead of copying them in place?)
  warnings.warn(f'for {key}: copying from a non-meta parameter in the checkpoint to a meta '
/data/takhyun03/anaconda3/envs/lmms_llavavideo/lib/python3.11/site-packages/torch/nn/modules/module.py:2025: UserWarning: for vision_model.encoder.layers.17.mlp.fc1.weight: copying from a non-meta parameter in the checkpoint to a meta parameter in the current model, which is a no-op. (Did you mean to pass `assign=True` to assign items in the state dictionary to their corresponding key in the module instead of copying them in place?)
  warnings.warn(f'for {key}: copying from a non-meta parameter in the checkpoint to a meta '
/data/takhyun03/anaconda3/envs/lmms_llavavideo/lib/python3.11/site-packages/torch/nn/modules/module.py:2025: UserWarning: for vision_model.encoder.layers.17.mlp.fc1.bias: copying from a non-meta parameter in the checkpoint to a meta parameter in the current model, which is a no-op. (Did you mean to pass `assign=True` to assign items in the state dictionary to their corresponding key in the module instead of copying them in place?)
  warnings.warn(f'for {key}: copying from a non-meta parameter in the checkpoint to a meta '
/data/takhyun03/anaconda3/envs/lmms_llavavideo/lib/python3.11/site-packages/torch/nn/modules/module.py:2025: UserWarning: for vision_model.encoder.layers.17.mlp.fc2.weight: copying from a non-meta parameter in the checkpoint to a meta parameter in the current model, which is a no-op. (Did you mean to pass `assign=True` to assign items in the state dictionary to their corresponding key in the module instead of copying them in place?)
  warnings.warn(f'for {key}: copying from a non-meta parameter in the checkpoint to a meta '
/data/takhyun03/anaconda3/envs/lmms_llavavideo/lib/python3.11/site-packages/torch/nn/modules/module.py:2025: UserWarning: for vision_model.encoder.layers.17.mlp.fc2.bias: copying from a non-meta parameter in the checkpoint to a meta parameter in the current model, which is a no-op. (Did you mean to pass `assign=True` to assign items in the state dictionary to their corresponding key in the module instead of copying them in place?)
  warnings.warn(f'for {key}: copying from a non-meta parameter in the checkpoint to a meta '
/data/takhyun03/anaconda3/envs/lmms_llavavideo/lib/python3.11/site-packages/torch/nn/modules/module.py:2025: UserWarning: for vision_model.encoder.layers.17.layer_norm2.weight: copying from a non-meta parameter in the checkpoint to a meta parameter in the current model, which is a no-op. (Did you mean to pass `assign=True` to assign items in the state dictionary to their corresponding key in the module instead of copying them in place?)
  warnings.warn(f'for {key}: copying from a non-meta parameter in the checkpoint to a meta '
/data/takhyun03/anaconda3/envs/lmms_llavavideo/lib/python3.11/site-packages/torch/nn/modules/module.py:2025: UserWarning: for vision_model.encoder.layers.17.layer_norm2.bias: copying from a non-meta parameter in the checkpoint to a meta parameter in the current model, which is a no-op. (Did you mean to pass `assign=True` to assign items in the state dictionary to their corresponding key in the module instead of copying them in place?)
  warnings.warn(f'for {key}: copying from a non-meta parameter in the checkpoint to a meta '
/data/takhyun03/anaconda3/envs/lmms_llavavideo/lib/python3.11/site-packages/torch/nn/modules/module.py:2025: UserWarning: for vision_model.encoder.layers.18.self_attn.k_proj.weight: copying from a non-meta parameter in the checkpoint to a meta parameter in the current model, which is a no-op. (Did you mean to pass `assign=True` to assign items in the state dictionary to their corresponding key in the module instead of copying them in place?)
  warnings.warn(f'for {key}: copying from a non-meta parameter in the checkpoint to a meta '
/data/takhyun03/anaconda3/envs/lmms_llavavideo/lib/python3.11/site-packages/torch/nn/modules/module.py:2025: UserWarning: for vision_model.encoder.layers.18.self_attn.k_proj.bias: copying from a non-meta parameter in the checkpoint to a meta parameter in the current model, which is a no-op. (Did you mean to pass `assign=True` to assign items in the state dictionary to their corresponding key in the module instead of copying them in place?)
  warnings.warn(f'for {key}: copying from a non-meta parameter in the checkpoint to a meta '
/data/takhyun03/anaconda3/envs/lmms_llavavideo/lib/python3.11/site-packages/torch/nn/modules/module.py:2025: UserWarning: for vision_model.encoder.layers.18.self_attn.v_proj.weight: copying from a non-meta parameter in the checkpoint to a meta parameter in the current model, which is a no-op. (Did you mean to pass `assign=True` to assign items in the state dictionary to their corresponding key in the module instead of copying them in place?)
  warnings.warn(f'for {key}: copying from a non-meta parameter in the checkpoint to a meta '
/data/takhyun03/anaconda3/envs/lmms_llavavideo/lib/python3.11/site-packages/torch/nn/modules/module.py:2025: UserWarning: for vision_model.encoder.layers.18.self_attn.v_proj.bias: copying from a non-meta parameter in the checkpoint to a meta parameter in the current model, which is a no-op. (Did you mean to pass `assign=True` to assign items in the state dictionary to their corresponding key in the module instead of copying them in place?)
  warnings.warn(f'for {key}: copying from a non-meta parameter in the checkpoint to a meta '
/data/takhyun03/anaconda3/envs/lmms_llavavideo/lib/python3.11/site-packages/torch/nn/modules/module.py:2025: UserWarning: for vision_model.encoder.layers.18.self_attn.q_proj.weight: copying from a non-meta parameter in the checkpoint to a meta parameter in the current model, which is a no-op. (Did you mean to pass `assign=True` to assign items in the state dictionary to their corresponding key in the module instead of copying them in place?)
  warnings.warn(f'for {key}: copying from a non-meta parameter in the checkpoint to a meta '
/data/takhyun03/anaconda3/envs/lmms_llavavideo/lib/python3.11/site-packages/torch/nn/modules/module.py:2025: UserWarning: for vision_model.encoder.layers.18.self_attn.q_proj.bias: copying from a non-meta parameter in the checkpoint to a meta parameter in the current model, which is a no-op. (Did you mean to pass `assign=True` to assign items in the state dictionary to their corresponding key in the module instead of copying them in place?)
  warnings.warn(f'for {key}: copying from a non-meta parameter in the checkpoint to a meta '
/data/takhyun03/anaconda3/envs/lmms_llavavideo/lib/python3.11/site-packages/torch/nn/modules/module.py:2025: UserWarning: for vision_model.encoder.layers.18.self_attn.out_proj.weight: copying from a non-meta parameter in the checkpoint to a meta parameter in the current model, which is a no-op. (Did you mean to pass `assign=True` to assign items in the state dictionary to their corresponding key in the module instead of copying them in place?)
  warnings.warn(f'for {key}: copying from a non-meta parameter in the checkpoint to a meta '
/data/takhyun03/anaconda3/envs/lmms_llavavideo/lib/python3.11/site-packages/torch/nn/modules/module.py:2025: UserWarning: for vision_model.encoder.layers.18.self_attn.out_proj.bias: copying from a non-meta parameter in the checkpoint to a meta parameter in the current model, which is a no-op. (Did you mean to pass `assign=True` to assign items in the state dictionary to their corresponding key in the module instead of copying them in place?)
  warnings.warn(f'for {key}: copying from a non-meta parameter in the checkpoint to a meta '
/data/takhyun03/anaconda3/envs/lmms_llavavideo/lib/python3.11/site-packages/torch/nn/modules/module.py:2025: UserWarning: for vision_model.encoder.layers.18.layer_norm1.weight: copying from a non-meta parameter in the checkpoint to a meta parameter in the current model, which is a no-op. (Did you mean to pass `assign=True` to assign items in the state dictionary to their corresponding key in the module instead of copying them in place?)
  warnings.warn(f'for {key}: copying from a non-meta parameter in the checkpoint to a meta '
/data/takhyun03/anaconda3/envs/lmms_llavavideo/lib/python3.11/site-packages/torch/nn/modules/module.py:2025: UserWarning: for vision_model.encoder.layers.18.layer_norm1.bias: copying from a non-meta parameter in the checkpoint to a meta parameter in the current model, which is a no-op. (Did you mean to pass `assign=True` to assign items in the state dictionary to their corresponding key in the module instead of copying them in place?)
  warnings.warn(f'for {key}: copying from a non-meta parameter in the checkpoint to a meta '
/data/takhyun03/anaconda3/envs/lmms_llavavideo/lib/python3.11/site-packages/torch/nn/modules/module.py:2025: UserWarning: for vision_model.encoder.layers.18.mlp.fc1.weight: copying from a non-meta parameter in the checkpoint to a meta parameter in the current model, which is a no-op. (Did you mean to pass `assign=True` to assign items in the state dictionary to their corresponding key in the module instead of copying them in place?)
  warnings.warn(f'for {key}: copying from a non-meta parameter in the checkpoint to a meta '
/data/takhyun03/anaconda3/envs/lmms_llavavideo/lib/python3.11/site-packages/torch/nn/modules/module.py:2025: UserWarning: for vision_model.encoder.layers.18.mlp.fc1.bias: copying from a non-meta parameter in the checkpoint to a meta parameter in the current model, which is a no-op. (Did you mean to pass `assign=True` to assign items in the state dictionary to their corresponding key in the module instead of copying them in place?)
  warnings.warn(f'for {key}: copying from a non-meta parameter in the checkpoint to a meta '
/data/takhyun03/anaconda3/envs/lmms_llavavideo/lib/python3.11/site-packages/torch/nn/modules/module.py:2025: UserWarning: for vision_model.encoder.layers.18.mlp.fc2.weight: copying from a non-meta parameter in the checkpoint to a meta parameter in the current model, which is a no-op. (Did you mean to pass `assign=True` to assign items in the state dictionary to their corresponding key in the module instead of copying them in place?)
  warnings.warn(f'for {key}: copying from a non-meta parameter in the checkpoint to a meta '
/data/takhyun03/anaconda3/envs/lmms_llavavideo/lib/python3.11/site-packages/torch/nn/modules/module.py:2025: UserWarning: for vision_model.encoder.layers.18.mlp.fc2.bias: copying from a non-meta parameter in the checkpoint to a meta parameter in the current model, which is a no-op. (Did you mean to pass `assign=True` to assign items in the state dictionary to their corresponding key in the module instead of copying them in place?)
  warnings.warn(f'for {key}: copying from a non-meta parameter in the checkpoint to a meta '
/data/takhyun03/anaconda3/envs/lmms_llavavideo/lib/python3.11/site-packages/torch/nn/modules/module.py:2025: UserWarning: for vision_model.encoder.layers.18.layer_norm2.weight: copying from a non-meta parameter in the checkpoint to a meta parameter in the current model, which is a no-op. (Did you mean to pass `assign=True` to assign items in the state dictionary to their corresponding key in the module instead of copying them in place?)
  warnings.warn(f'for {key}: copying from a non-meta parameter in the checkpoint to a meta '
/data/takhyun03/anaconda3/envs/lmms_llavavideo/lib/python3.11/site-packages/torch/nn/modules/module.py:2025: UserWarning: for vision_model.encoder.layers.18.layer_norm2.bias: copying from a non-meta parameter in the checkpoint to a meta parameter in the current model, which is a no-op. (Did you mean to pass `assign=True` to assign items in the state dictionary to their corresponding key in the module instead of copying them in place?)
  warnings.warn(f'for {key}: copying from a non-meta parameter in the checkpoint to a meta '
/data/takhyun03/anaconda3/envs/lmms_llavavideo/lib/python3.11/site-packages/torch/nn/modules/module.py:2025: UserWarning: for vision_model.encoder.layers.19.self_attn.k_proj.weight: copying from a non-meta parameter in the checkpoint to a meta parameter in the current model, which is a no-op. (Did you mean to pass `assign=True` to assign items in the state dictionary to their corresponding key in the module instead of copying them in place?)
  warnings.warn(f'for {key}: copying from a non-meta parameter in the checkpoint to a meta '
/data/takhyun03/anaconda3/envs/lmms_llavavideo/lib/python3.11/site-packages/torch/nn/modules/module.py:2025: UserWarning: for vision_model.encoder.layers.19.self_attn.k_proj.bias: copying from a non-meta parameter in the checkpoint to a meta parameter in the current model, which is a no-op. (Did you mean to pass `assign=True` to assign items in the state dictionary to their corresponding key in the module instead of copying them in place?)
  warnings.warn(f'for {key}: copying from a non-meta parameter in the checkpoint to a meta '
/data/takhyun03/anaconda3/envs/lmms_llavavideo/lib/python3.11/site-packages/torch/nn/modules/module.py:2025: UserWarning: for vision_model.encoder.layers.19.self_attn.v_proj.weight: copying from a non-meta parameter in the checkpoint to a meta parameter in the current model, which is a no-op. (Did you mean to pass `assign=True` to assign items in the state dictionary to their corresponding key in the module instead of copying them in place?)
  warnings.warn(f'for {key}: copying from a non-meta parameter in the checkpoint to a meta '
/data/takhyun03/anaconda3/envs/lmms_llavavideo/lib/python3.11/site-packages/torch/nn/modules/module.py:2025: UserWarning: for vision_model.encoder.layers.19.self_attn.v_proj.bias: copying from a non-meta parameter in the checkpoint to a meta parameter in the current model, which is a no-op. (Did you mean to pass `assign=True` to assign items in the state dictionary to their corresponding key in the module instead of copying them in place?)
  warnings.warn(f'for {key}: copying from a non-meta parameter in the checkpoint to a meta '
/data/takhyun03/anaconda3/envs/lmms_llavavideo/lib/python3.11/site-packages/torch/nn/modules/module.py:2025: UserWarning: for vision_model.encoder.layers.19.self_attn.q_proj.weight: copying from a non-meta parameter in the checkpoint to a meta parameter in the current model, which is a no-op. (Did you mean to pass `assign=True` to assign items in the state dictionary to their corresponding key in the module instead of copying them in place?)
  warnings.warn(f'for {key}: copying from a non-meta parameter in the checkpoint to a meta '
/data/takhyun03/anaconda3/envs/lmms_llavavideo/lib/python3.11/site-packages/torch/nn/modules/module.py:2025: UserWarning: for vision_model.encoder.layers.19.self_attn.q_proj.bias: copying from a non-meta parameter in the checkpoint to a meta parameter in the current model, which is a no-op. (Did you mean to pass `assign=True` to assign items in the state dictionary to their corresponding key in the module instead of copying them in place?)
  warnings.warn(f'for {key}: copying from a non-meta parameter in the checkpoint to a meta '
/data/takhyun03/anaconda3/envs/lmms_llavavideo/lib/python3.11/site-packages/torch/nn/modules/module.py:2025: UserWarning: for vision_model.encoder.layers.19.self_attn.out_proj.weight: copying from a non-meta parameter in the checkpoint to a meta parameter in the current model, which is a no-op. (Did you mean to pass `assign=True` to assign items in the state dictionary to their corresponding key in the module instead of copying them in place?)
  warnings.warn(f'for {key}: copying from a non-meta parameter in the checkpoint to a meta '
/data/takhyun03/anaconda3/envs/lmms_llavavideo/lib/python3.11/site-packages/torch/nn/modules/module.py:2025: UserWarning: for vision_model.encoder.layers.19.self_attn.out_proj.bias: copying from a non-meta parameter in the checkpoint to a meta parameter in the current model, which is a no-op. (Did you mean to pass `assign=True` to assign items in the state dictionary to their corresponding key in the module instead of copying them in place?)
  warnings.warn(f'for {key}: copying from a non-meta parameter in the checkpoint to a meta '
/data/takhyun03/anaconda3/envs/lmms_llavavideo/lib/python3.11/site-packages/torch/nn/modules/module.py:2025: UserWarning: for vision_model.encoder.layers.19.layer_norm1.weight: copying from a non-meta parameter in the checkpoint to a meta parameter in the current model, which is a no-op. (Did you mean to pass `assign=True` to assign items in the state dictionary to their corresponding key in the module instead of copying them in place?)
  warnings.warn(f'for {key}: copying from a non-meta parameter in the checkpoint to a meta '
/data/takhyun03/anaconda3/envs/lmms_llavavideo/lib/python3.11/site-packages/torch/nn/modules/module.py:2025: UserWarning: for vision_model.encoder.layers.19.layer_norm1.bias: copying from a non-meta parameter in the checkpoint to a meta parameter in the current model, which is a no-op. (Did you mean to pass `assign=True` to assign items in the state dictionary to their corresponding key in the module instead of copying them in place?)
  warnings.warn(f'for {key}: copying from a non-meta parameter in the checkpoint to a meta '
/data/takhyun03/anaconda3/envs/lmms_llavavideo/lib/python3.11/site-packages/torch/nn/modules/module.py:2025: UserWarning: for vision_model.encoder.layers.19.mlp.fc1.weight: copying from a non-meta parameter in the checkpoint to a meta parameter in the current model, which is a no-op. (Did you mean to pass `assign=True` to assign items in the state dictionary to their corresponding key in the module instead of copying them in place?)
  warnings.warn(f'for {key}: copying from a non-meta parameter in the checkpoint to a meta '
/data/takhyun03/anaconda3/envs/lmms_llavavideo/lib/python3.11/site-packages/torch/nn/modules/module.py:2025: UserWarning: for vision_model.encoder.layers.19.mlp.fc1.bias: copying from a non-meta parameter in the checkpoint to a meta parameter in the current model, which is a no-op. (Did you mean to pass `assign=True` to assign items in the state dictionary to their corresponding key in the module instead of copying them in place?)
  warnings.warn(f'for {key}: copying from a non-meta parameter in the checkpoint to a meta '
/data/takhyun03/anaconda3/envs/lmms_llavavideo/lib/python3.11/site-packages/torch/nn/modules/module.py:2025: UserWarning: for vision_model.encoder.layers.19.mlp.fc2.weight: copying from a non-meta parameter in the checkpoint to a meta parameter in the current model, which is a no-op. (Did you mean to pass `assign=True` to assign items in the state dictionary to their corresponding key in the module instead of copying them in place?)
  warnings.warn(f'for {key}: copying from a non-meta parameter in the checkpoint to a meta '
/data/takhyun03/anaconda3/envs/lmms_llavavideo/lib/python3.11/site-packages/torch/nn/modules/module.py:2025: UserWarning: for vision_model.encoder.layers.19.mlp.fc2.bias: copying from a non-meta parameter in the checkpoint to a meta parameter in the current model, which is a no-op. (Did you mean to pass `assign=True` to assign items in the state dictionary to their corresponding key in the module instead of copying them in place?)
  warnings.warn(f'for {key}: copying from a non-meta parameter in the checkpoint to a meta '
/data/takhyun03/anaconda3/envs/lmms_llavavideo/lib/python3.11/site-packages/torch/nn/modules/module.py:2025: UserWarning: for vision_model.encoder.layers.19.layer_norm2.weight: copying from a non-meta parameter in the checkpoint to a meta parameter in the current model, which is a no-op. (Did you mean to pass `assign=True` to assign items in the state dictionary to their corresponding key in the module instead of copying them in place?)
  warnings.warn(f'for {key}: copying from a non-meta parameter in the checkpoint to a meta '
/data/takhyun03/anaconda3/envs/lmms_llavavideo/lib/python3.11/site-packages/torch/nn/modules/module.py:2025: UserWarning: for vision_model.encoder.layers.19.layer_norm2.bias: copying from a non-meta parameter in the checkpoint to a meta parameter in the current model, which is a no-op. (Did you mean to pass `assign=True` to assign items in the state dictionary to their corresponding key in the module instead of copying them in place?)
  warnings.warn(f'for {key}: copying from a non-meta parameter in the checkpoint to a meta '
/data/takhyun03/anaconda3/envs/lmms_llavavideo/lib/python3.11/site-packages/torch/nn/modules/module.py:2025: UserWarning: for vision_model.encoder.layers.20.self_attn.k_proj.weight: copying from a non-meta parameter in the checkpoint to a meta parameter in the current model, which is a no-op. (Did you mean to pass `assign=True` to assign items in the state dictionary to their corresponding key in the module instead of copying them in place?)
  warnings.warn(f'for {key}: copying from a non-meta parameter in the checkpoint to a meta '
/data/takhyun03/anaconda3/envs/lmms_llavavideo/lib/python3.11/site-packages/torch/nn/modules/module.py:2025: UserWarning: for vision_model.encoder.layers.20.self_attn.k_proj.bias: copying from a non-meta parameter in the checkpoint to a meta parameter in the current model, which is a no-op. (Did you mean to pass `assign=True` to assign items in the state dictionary to their corresponding key in the module instead of copying them in place?)
  warnings.warn(f'for {key}: copying from a non-meta parameter in the checkpoint to a meta '
/data/takhyun03/anaconda3/envs/lmms_llavavideo/lib/python3.11/site-packages/torch/nn/modules/module.py:2025: UserWarning: for vision_model.encoder.layers.20.self_attn.v_proj.weight: copying from a non-meta parameter in the checkpoint to a meta parameter in the current model, which is a no-op. (Did you mean to pass `assign=True` to assign items in the state dictionary to their corresponding key in the module instead of copying them in place?)
  warnings.warn(f'for {key}: copying from a non-meta parameter in the checkpoint to a meta '
/data/takhyun03/anaconda3/envs/lmms_llavavideo/lib/python3.11/site-packages/torch/nn/modules/module.py:2025: UserWarning: for vision_model.encoder.layers.20.self_attn.v_proj.bias: copying from a non-meta parameter in the checkpoint to a meta parameter in the current model, which is a no-op. (Did you mean to pass `assign=True` to assign items in the state dictionary to their corresponding key in the module instead of copying them in place?)
  warnings.warn(f'for {key}: copying from a non-meta parameter in the checkpoint to a meta '
/data/takhyun03/anaconda3/envs/lmms_llavavideo/lib/python3.11/site-packages/torch/nn/modules/module.py:2025: UserWarning: for vision_model.encoder.layers.20.self_attn.q_proj.weight: copying from a non-meta parameter in the checkpoint to a meta parameter in the current model, which is a no-op. (Did you mean to pass `assign=True` to assign items in the state dictionary to their corresponding key in the module instead of copying them in place?)
  warnings.warn(f'for {key}: copying from a non-meta parameter in the checkpoint to a meta '
/data/takhyun03/anaconda3/envs/lmms_llavavideo/lib/python3.11/site-packages/torch/nn/modules/module.py:2025: UserWarning: for vision_model.encoder.layers.20.self_attn.q_proj.bias: copying from a non-meta parameter in the checkpoint to a meta parameter in the current model, which is a no-op. (Did you mean to pass `assign=True` to assign items in the state dictionary to their corresponding key in the module instead of copying them in place?)
  warnings.warn(f'for {key}: copying from a non-meta parameter in the checkpoint to a meta '
/data/takhyun03/anaconda3/envs/lmms_llavavideo/lib/python3.11/site-packages/torch/nn/modules/module.py:2025: UserWarning: for vision_model.encoder.layers.20.self_attn.out_proj.weight: copying from a non-meta parameter in the checkpoint to a meta parameter in the current model, which is a no-op. (Did you mean to pass `assign=True` to assign items in the state dictionary to their corresponding key in the module instead of copying them in place?)
  warnings.warn(f'for {key}: copying from a non-meta parameter in the checkpoint to a meta '
/data/takhyun03/anaconda3/envs/lmms_llavavideo/lib/python3.11/site-packages/torch/nn/modules/module.py:2025: UserWarning: for vision_model.encoder.layers.20.self_attn.out_proj.bias: copying from a non-meta parameter in the checkpoint to a meta parameter in the current model, which is a no-op. (Did you mean to pass `assign=True` to assign items in the state dictionary to their corresponding key in the module instead of copying them in place?)
  warnings.warn(f'for {key}: copying from a non-meta parameter in the checkpoint to a meta '
/data/takhyun03/anaconda3/envs/lmms_llavavideo/lib/python3.11/site-packages/torch/nn/modules/module.py:2025: UserWarning: for vision_model.encoder.layers.20.layer_norm1.weight: copying from a non-meta parameter in the checkpoint to a meta parameter in the current model, which is a no-op. (Did you mean to pass `assign=True` to assign items in the state dictionary to their corresponding key in the module instead of copying them in place?)
  warnings.warn(f'for {key}: copying from a non-meta parameter in the checkpoint to a meta '
/data/takhyun03/anaconda3/envs/lmms_llavavideo/lib/python3.11/site-packages/torch/nn/modules/module.py:2025: UserWarning: for vision_model.encoder.layers.20.layer_norm1.bias: copying from a non-meta parameter in the checkpoint to a meta parameter in the current model, which is a no-op. (Did you mean to pass `assign=True` to assign items in the state dictionary to their corresponding key in the module instead of copying them in place?)
  warnings.warn(f'for {key}: copying from a non-meta parameter in the checkpoint to a meta '
/data/takhyun03/anaconda3/envs/lmms_llavavideo/lib/python3.11/site-packages/torch/nn/modules/module.py:2025: UserWarning: for vision_model.encoder.layers.20.mlp.fc1.weight: copying from a non-meta parameter in the checkpoint to a meta parameter in the current model, which is a no-op. (Did you mean to pass `assign=True` to assign items in the state dictionary to their corresponding key in the module instead of copying them in place?)
  warnings.warn(f'for {key}: copying from a non-meta parameter in the checkpoint to a meta '
/data/takhyun03/anaconda3/envs/lmms_llavavideo/lib/python3.11/site-packages/torch/nn/modules/module.py:2025: UserWarning: for vision_model.encoder.layers.20.mlp.fc1.bias: copying from a non-meta parameter in the checkpoint to a meta parameter in the current model, which is a no-op. (Did you mean to pass `assign=True` to assign items in the state dictionary to their corresponding key in the module instead of copying them in place?)
  warnings.warn(f'for {key}: copying from a non-meta parameter in the checkpoint to a meta '
/data/takhyun03/anaconda3/envs/lmms_llavavideo/lib/python3.11/site-packages/torch/nn/modules/module.py:2025: UserWarning: for vision_model.encoder.layers.20.mlp.fc2.weight: copying from a non-meta parameter in the checkpoint to a meta parameter in the current model, which is a no-op. (Did you mean to pass `assign=True` to assign items in the state dictionary to their corresponding key in the module instead of copying them in place?)
  warnings.warn(f'for {key}: copying from a non-meta parameter in the checkpoint to a meta '
/data/takhyun03/anaconda3/envs/lmms_llavavideo/lib/python3.11/site-packages/torch/nn/modules/module.py:2025: UserWarning: for vision_model.encoder.layers.20.mlp.fc2.bias: copying from a non-meta parameter in the checkpoint to a meta parameter in the current model, which is a no-op. (Did you mean to pass `assign=True` to assign items in the state dictionary to their corresponding key in the module instead of copying them in place?)
  warnings.warn(f'for {key}: copying from a non-meta parameter in the checkpoint to a meta '
/data/takhyun03/anaconda3/envs/lmms_llavavideo/lib/python3.11/site-packages/torch/nn/modules/module.py:2025: UserWarning: for vision_model.encoder.layers.20.layer_norm2.weight: copying from a non-meta parameter in the checkpoint to a meta parameter in the current model, which is a no-op. (Did you mean to pass `assign=True` to assign items in the state dictionary to their corresponding key in the module instead of copying them in place?)
  warnings.warn(f'for {key}: copying from a non-meta parameter in the checkpoint to a meta '
/data/takhyun03/anaconda3/envs/lmms_llavavideo/lib/python3.11/site-packages/torch/nn/modules/module.py:2025: UserWarning: for vision_model.encoder.layers.20.layer_norm2.bias: copying from a non-meta parameter in the checkpoint to a meta parameter in the current model, which is a no-op. (Did you mean to pass `assign=True` to assign items in the state dictionary to their corresponding key in the module instead of copying them in place?)
  warnings.warn(f'for {key}: copying from a non-meta parameter in the checkpoint to a meta '
/data/takhyun03/anaconda3/envs/lmms_llavavideo/lib/python3.11/site-packages/torch/nn/modules/module.py:2025: UserWarning: for vision_model.encoder.layers.21.self_attn.k_proj.weight: copying from a non-meta parameter in the checkpoint to a meta parameter in the current model, which is a no-op. (Did you mean to pass `assign=True` to assign items in the state dictionary to their corresponding key in the module instead of copying them in place?)
  warnings.warn(f'for {key}: copying from a non-meta parameter in the checkpoint to a meta '
/data/takhyun03/anaconda3/envs/lmms_llavavideo/lib/python3.11/site-packages/torch/nn/modules/module.py:2025: UserWarning: for vision_model.encoder.layers.21.self_attn.k_proj.bias: copying from a non-meta parameter in the checkpoint to a meta parameter in the current model, which is a no-op. (Did you mean to pass `assign=True` to assign items in the state dictionary to their corresponding key in the module instead of copying them in place?)
  warnings.warn(f'for {key}: copying from a non-meta parameter in the checkpoint to a meta '
/data/takhyun03/anaconda3/envs/lmms_llavavideo/lib/python3.11/site-packages/torch/nn/modules/module.py:2025: UserWarning: for vision_model.encoder.layers.21.self_attn.v_proj.weight: copying from a non-meta parameter in the checkpoint to a meta parameter in the current model, which is a no-op. (Did you mean to pass `assign=True` to assign items in the state dictionary to their corresponding key in the module instead of copying them in place?)
  warnings.warn(f'for {key}: copying from a non-meta parameter in the checkpoint to a meta '
/data/takhyun03/anaconda3/envs/lmms_llavavideo/lib/python3.11/site-packages/torch/nn/modules/module.py:2025: UserWarning: for vision_model.encoder.layers.21.self_attn.v_proj.bias: copying from a non-meta parameter in the checkpoint to a meta parameter in the current model, which is a no-op. (Did you mean to pass `assign=True` to assign items in the state dictionary to their corresponding key in the module instead of copying them in place?)
  warnings.warn(f'for {key}: copying from a non-meta parameter in the checkpoint to a meta '
/data/takhyun03/anaconda3/envs/lmms_llavavideo/lib/python3.11/site-packages/torch/nn/modules/module.py:2025: UserWarning: for vision_model.encoder.layers.21.self_attn.q_proj.weight: copying from a non-meta parameter in the checkpoint to a meta parameter in the current model, which is a no-op. (Did you mean to pass `assign=True` to assign items in the state dictionary to their corresponding key in the module instead of copying them in place?)
  warnings.warn(f'for {key}: copying from a non-meta parameter in the checkpoint to a meta '
/data/takhyun03/anaconda3/envs/lmms_llavavideo/lib/python3.11/site-packages/torch/nn/modules/module.py:2025: UserWarning: for vision_model.encoder.layers.21.self_attn.q_proj.bias: copying from a non-meta parameter in the checkpoint to a meta parameter in the current model, which is a no-op. (Did you mean to pass `assign=True` to assign items in the state dictionary to their corresponding key in the module instead of copying them in place?)
  warnings.warn(f'for {key}: copying from a non-meta parameter in the checkpoint to a meta '
/data/takhyun03/anaconda3/envs/lmms_llavavideo/lib/python3.11/site-packages/torch/nn/modules/module.py:2025: UserWarning: for vision_model.encoder.layers.21.self_attn.out_proj.weight: copying from a non-meta parameter in the checkpoint to a meta parameter in the current model, which is a no-op. (Did you mean to pass `assign=True` to assign items in the state dictionary to their corresponding key in the module instead of copying them in place?)
  warnings.warn(f'for {key}: copying from a non-meta parameter in the checkpoint to a meta '
/data/takhyun03/anaconda3/envs/lmms_llavavideo/lib/python3.11/site-packages/torch/nn/modules/module.py:2025: UserWarning: for vision_model.encoder.layers.21.self_attn.out_proj.bias: copying from a non-meta parameter in the checkpoint to a meta parameter in the current model, which is a no-op. (Did you mean to pass `assign=True` to assign items in the state dictionary to their corresponding key in the module instead of copying them in place?)
  warnings.warn(f'for {key}: copying from a non-meta parameter in the checkpoint to a meta '
/data/takhyun03/anaconda3/envs/lmms_llavavideo/lib/python3.11/site-packages/torch/nn/modules/module.py:2025: UserWarning: for vision_model.encoder.layers.21.layer_norm1.weight: copying from a non-meta parameter in the checkpoint to a meta parameter in the current model, which is a no-op. (Did you mean to pass `assign=True` to assign items in the state dictionary to their corresponding key in the module instead of copying them in place?)
  warnings.warn(f'for {key}: copying from a non-meta parameter in the checkpoint to a meta '
/data/takhyun03/anaconda3/envs/lmms_llavavideo/lib/python3.11/site-packages/torch/nn/modules/module.py:2025: UserWarning: for vision_model.encoder.layers.21.layer_norm1.bias: copying from a non-meta parameter in the checkpoint to a meta parameter in the current model, which is a no-op. (Did you mean to pass `assign=True` to assign items in the state dictionary to their corresponding key in the module instead of copying them in place?)
  warnings.warn(f'for {key}: copying from a non-meta parameter in the checkpoint to a meta '
/data/takhyun03/anaconda3/envs/lmms_llavavideo/lib/python3.11/site-packages/torch/nn/modules/module.py:2025: UserWarning: for vision_model.encoder.layers.21.mlp.fc1.weight: copying from a non-meta parameter in the checkpoint to a meta parameter in the current model, which is a no-op. (Did you mean to pass `assign=True` to assign items in the state dictionary to their corresponding key in the module instead of copying them in place?)
  warnings.warn(f'for {key}: copying from a non-meta parameter in the checkpoint to a meta '
/data/takhyun03/anaconda3/envs/lmms_llavavideo/lib/python3.11/site-packages/torch/nn/modules/module.py:2025: UserWarning: for vision_model.encoder.layers.21.mlp.fc1.bias: copying from a non-meta parameter in the checkpoint to a meta parameter in the current model, which is a no-op. (Did you mean to pass `assign=True` to assign items in the state dictionary to their corresponding key in the module instead of copying them in place?)
  warnings.warn(f'for {key}: copying from a non-meta parameter in the checkpoint to a meta '
/data/takhyun03/anaconda3/envs/lmms_llavavideo/lib/python3.11/site-packages/torch/nn/modules/module.py:2025: UserWarning: for vision_model.encoder.layers.21.mlp.fc2.weight: copying from a non-meta parameter in the checkpoint to a meta parameter in the current model, which is a no-op. (Did you mean to pass `assign=True` to assign items in the state dictionary to their corresponding key in the module instead of copying them in place?)
  warnings.warn(f'for {key}: copying from a non-meta parameter in the checkpoint to a meta '
/data/takhyun03/anaconda3/envs/lmms_llavavideo/lib/python3.11/site-packages/torch/nn/modules/module.py:2025: UserWarning: for vision_model.encoder.layers.21.mlp.fc2.bias: copying from a non-meta parameter in the checkpoint to a meta parameter in the current model, which is a no-op. (Did you mean to pass `assign=True` to assign items in the state dictionary to their corresponding key in the module instead of copying them in place?)
  warnings.warn(f'for {key}: copying from a non-meta parameter in the checkpoint to a meta '
/data/takhyun03/anaconda3/envs/lmms_llavavideo/lib/python3.11/site-packages/torch/nn/modules/module.py:2025: UserWarning: for vision_model.encoder.layers.21.layer_norm2.weight: copying from a non-meta parameter in the checkpoint to a meta parameter in the current model, which is a no-op. (Did you mean to pass `assign=True` to assign items in the state dictionary to their corresponding key in the module instead of copying them in place?)
  warnings.warn(f'for {key}: copying from a non-meta parameter in the checkpoint to a meta '
/data/takhyun03/anaconda3/envs/lmms_llavavideo/lib/python3.11/site-packages/torch/nn/modules/module.py:2025: UserWarning: for vision_model.encoder.layers.21.layer_norm2.bias: copying from a non-meta parameter in the checkpoint to a meta parameter in the current model, which is a no-op. (Did you mean to pass `assign=True` to assign items in the state dictionary to their corresponding key in the module instead of copying them in place?)
  warnings.warn(f'for {key}: copying from a non-meta parameter in the checkpoint to a meta '
/data/takhyun03/anaconda3/envs/lmms_llavavideo/lib/python3.11/site-packages/torch/nn/modules/module.py:2025: UserWarning: for vision_model.encoder.layers.22.self_attn.k_proj.weight: copying from a non-meta parameter in the checkpoint to a meta parameter in the current model, which is a no-op. (Did you mean to pass `assign=True` to assign items in the state dictionary to their corresponding key in the module instead of copying them in place?)
  warnings.warn(f'for {key}: copying from a non-meta parameter in the checkpoint to a meta '
/data/takhyun03/anaconda3/envs/lmms_llavavideo/lib/python3.11/site-packages/torch/nn/modules/module.py:2025: UserWarning: for vision_model.encoder.layers.22.self_attn.k_proj.bias: copying from a non-meta parameter in the checkpoint to a meta parameter in the current model, which is a no-op. (Did you mean to pass `assign=True` to assign items in the state dictionary to their corresponding key in the module instead of copying them in place?)
  warnings.warn(f'for {key}: copying from a non-meta parameter in the checkpoint to a meta '
/data/takhyun03/anaconda3/envs/lmms_llavavideo/lib/python3.11/site-packages/torch/nn/modules/module.py:2025: UserWarning: for vision_model.encoder.layers.22.self_attn.v_proj.weight: copying from a non-meta parameter in the checkpoint to a meta parameter in the current model, which is a no-op. (Did you mean to pass `assign=True` to assign items in the state dictionary to their corresponding key in the module instead of copying them in place?)
  warnings.warn(f'for {key}: copying from a non-meta parameter in the checkpoint to a meta '
/data/takhyun03/anaconda3/envs/lmms_llavavideo/lib/python3.11/site-packages/torch/nn/modules/module.py:2025: UserWarning: for vision_model.encoder.layers.22.self_attn.v_proj.bias: copying from a non-meta parameter in the checkpoint to a meta parameter in the current model, which is a no-op. (Did you mean to pass `assign=True` to assign items in the state dictionary to their corresponding key in the module instead of copying them in place?)
  warnings.warn(f'for {key}: copying from a non-meta parameter in the checkpoint to a meta '
/data/takhyun03/anaconda3/envs/lmms_llavavideo/lib/python3.11/site-packages/torch/nn/modules/module.py:2025: UserWarning: for vision_model.encoder.layers.22.self_attn.q_proj.weight: copying from a non-meta parameter in the checkpoint to a meta parameter in the current model, which is a no-op. (Did you mean to pass `assign=True` to assign items in the state dictionary to their corresponding key in the module instead of copying them in place?)
  warnings.warn(f'for {key}: copying from a non-meta parameter in the checkpoint to a meta '
/data/takhyun03/anaconda3/envs/lmms_llavavideo/lib/python3.11/site-packages/torch/nn/modules/module.py:2025: UserWarning: for vision_model.encoder.layers.22.self_attn.q_proj.bias: copying from a non-meta parameter in the checkpoint to a meta parameter in the current model, which is a no-op. (Did you mean to pass `assign=True` to assign items in the state dictionary to their corresponding key in the module instead of copying them in place?)
  warnings.warn(f'for {key}: copying from a non-meta parameter in the checkpoint to a meta '
/data/takhyun03/anaconda3/envs/lmms_llavavideo/lib/python3.11/site-packages/torch/nn/modules/module.py:2025: UserWarning: for vision_model.encoder.layers.22.self_attn.out_proj.weight: copying from a non-meta parameter in the checkpoint to a meta parameter in the current model, which is a no-op. (Did you mean to pass `assign=True` to assign items in the state dictionary to their corresponding key in the module instead of copying them in place?)
  warnings.warn(f'for {key}: copying from a non-meta parameter in the checkpoint to a meta '
/data/takhyun03/anaconda3/envs/lmms_llavavideo/lib/python3.11/site-packages/torch/nn/modules/module.py:2025: UserWarning: for vision_model.encoder.layers.22.self_attn.out_proj.bias: copying from a non-meta parameter in the checkpoint to a meta parameter in the current model, which is a no-op. (Did you mean to pass `assign=True` to assign items in the state dictionary to their corresponding key in the module instead of copying them in place?)
  warnings.warn(f'for {key}: copying from a non-meta parameter in the checkpoint to a meta '
/data/takhyun03/anaconda3/envs/lmms_llavavideo/lib/python3.11/site-packages/torch/nn/modules/module.py:2025: UserWarning: for vision_model.encoder.layers.22.layer_norm1.weight: copying from a non-meta parameter in the checkpoint to a meta parameter in the current model, which is a no-op. (Did you mean to pass `assign=True` to assign items in the state dictionary to their corresponding key in the module instead of copying them in place?)
  warnings.warn(f'for {key}: copying from a non-meta parameter in the checkpoint to a meta '
/data/takhyun03/anaconda3/envs/lmms_llavavideo/lib/python3.11/site-packages/torch/nn/modules/module.py:2025: UserWarning: for vision_model.encoder.layers.22.layer_norm1.bias: copying from a non-meta parameter in the checkpoint to a meta parameter in the current model, which is a no-op. (Did you mean to pass `assign=True` to assign items in the state dictionary to their corresponding key in the module instead of copying them in place?)
  warnings.warn(f'for {key}: copying from a non-meta parameter in the checkpoint to a meta '
/data/takhyun03/anaconda3/envs/lmms_llavavideo/lib/python3.11/site-packages/torch/nn/modules/module.py:2025: UserWarning: for vision_model.encoder.layers.22.mlp.fc1.weight: copying from a non-meta parameter in the checkpoint to a meta parameter in the current model, which is a no-op. (Did you mean to pass `assign=True` to assign items in the state dictionary to their corresponding key in the module instead of copying them in place?)
  warnings.warn(f'for {key}: copying from a non-meta parameter in the checkpoint to a meta '
/data/takhyun03/anaconda3/envs/lmms_llavavideo/lib/python3.11/site-packages/torch/nn/modules/module.py:2025: UserWarning: for vision_model.encoder.layers.22.mlp.fc1.bias: copying from a non-meta parameter in the checkpoint to a meta parameter in the current model, which is a no-op. (Did you mean to pass `assign=True` to assign items in the state dictionary to their corresponding key in the module instead of copying them in place?)
  warnings.warn(f'for {key}: copying from a non-meta parameter in the checkpoint to a meta '
/data/takhyun03/anaconda3/envs/lmms_llavavideo/lib/python3.11/site-packages/torch/nn/modules/module.py:2025: UserWarning: for vision_model.encoder.layers.22.mlp.fc2.weight: copying from a non-meta parameter in the checkpoint to a meta parameter in the current model, which is a no-op. (Did you mean to pass `assign=True` to assign items in the state dictionary to their corresponding key in the module instead of copying them in place?)
  warnings.warn(f'for {key}: copying from a non-meta parameter in the checkpoint to a meta '
/data/takhyun03/anaconda3/envs/lmms_llavavideo/lib/python3.11/site-packages/torch/nn/modules/module.py:2025: UserWarning: for vision_model.encoder.layers.22.mlp.fc2.bias: copying from a non-meta parameter in the checkpoint to a meta parameter in the current model, which is a no-op. (Did you mean to pass `assign=True` to assign items in the state dictionary to their corresponding key in the module instead of copying them in place?)
  warnings.warn(f'for {key}: copying from a non-meta parameter in the checkpoint to a meta '
/data/takhyun03/anaconda3/envs/lmms_llavavideo/lib/python3.11/site-packages/torch/nn/modules/module.py:2025: UserWarning: for vision_model.encoder.layers.22.layer_norm2.weight: copying from a non-meta parameter in the checkpoint to a meta parameter in the current model, which is a no-op. (Did you mean to pass `assign=True` to assign items in the state dictionary to their corresponding key in the module instead of copying them in place?)
  warnings.warn(f'for {key}: copying from a non-meta parameter in the checkpoint to a meta '
/data/takhyun03/anaconda3/envs/lmms_llavavideo/lib/python3.11/site-packages/torch/nn/modules/module.py:2025: UserWarning: for vision_model.encoder.layers.22.layer_norm2.bias: copying from a non-meta parameter in the checkpoint to a meta parameter in the current model, which is a no-op. (Did you mean to pass `assign=True` to assign items in the state dictionary to their corresponding key in the module instead of copying them in place?)
  warnings.warn(f'for {key}: copying from a non-meta parameter in the checkpoint to a meta '
/data/takhyun03/anaconda3/envs/lmms_llavavideo/lib/python3.11/site-packages/torch/nn/modules/module.py:2025: UserWarning: for vision_model.encoder.layers.23.self_attn.k_proj.weight: copying from a non-meta parameter in the checkpoint to a meta parameter in the current model, which is a no-op. (Did you mean to pass `assign=True` to assign items in the state dictionary to their corresponding key in the module instead of copying them in place?)
  warnings.warn(f'for {key}: copying from a non-meta parameter in the checkpoint to a meta '
/data/takhyun03/anaconda3/envs/lmms_llavavideo/lib/python3.11/site-packages/torch/nn/modules/module.py:2025: UserWarning: for vision_model.encoder.layers.23.self_attn.k_proj.bias: copying from a non-meta parameter in the checkpoint to a meta parameter in the current model, which is a no-op. (Did you mean to pass `assign=True` to assign items in the state dictionary to their corresponding key in the module instead of copying them in place?)
  warnings.warn(f'for {key}: copying from a non-meta parameter in the checkpoint to a meta '
/data/takhyun03/anaconda3/envs/lmms_llavavideo/lib/python3.11/site-packages/torch/nn/modules/module.py:2025: UserWarning: for vision_model.encoder.layers.23.self_attn.v_proj.weight: copying from a non-meta parameter in the checkpoint to a meta parameter in the current model, which is a no-op. (Did you mean to pass `assign=True` to assign items in the state dictionary to their corresponding key in the module instead of copying them in place?)
  warnings.warn(f'for {key}: copying from a non-meta parameter in the checkpoint to a meta '
/data/takhyun03/anaconda3/envs/lmms_llavavideo/lib/python3.11/site-packages/torch/nn/modules/module.py:2025: UserWarning: for vision_model.encoder.layers.23.self_attn.v_proj.bias: copying from a non-meta parameter in the checkpoint to a meta parameter in the current model, which is a no-op. (Did you mean to pass `assign=True` to assign items in the state dictionary to their corresponding key in the module instead of copying them in place?)
  warnings.warn(f'for {key}: copying from a non-meta parameter in the checkpoint to a meta '
/data/takhyun03/anaconda3/envs/lmms_llavavideo/lib/python3.11/site-packages/torch/nn/modules/module.py:2025: UserWarning: for vision_model.encoder.layers.23.self_attn.q_proj.weight: copying from a non-meta parameter in the checkpoint to a meta parameter in the current model, which is a no-op. (Did you mean to pass `assign=True` to assign items in the state dictionary to their corresponding key in the module instead of copying them in place?)
  warnings.warn(f'for {key}: copying from a non-meta parameter in the checkpoint to a meta '
/data/takhyun03/anaconda3/envs/lmms_llavavideo/lib/python3.11/site-packages/torch/nn/modules/module.py:2025: UserWarning: for vision_model.encoder.layers.23.self_attn.q_proj.bias: copying from a non-meta parameter in the checkpoint to a meta parameter in the current model, which is a no-op. (Did you mean to pass `assign=True` to assign items in the state dictionary to their corresponding key in the module instead of copying them in place?)
  warnings.warn(f'for {key}: copying from a non-meta parameter in the checkpoint to a meta '
/data/takhyun03/anaconda3/envs/lmms_llavavideo/lib/python3.11/site-packages/torch/nn/modules/module.py:2025: UserWarning: for vision_model.encoder.layers.23.self_attn.out_proj.weight: copying from a non-meta parameter in the checkpoint to a meta parameter in the current model, which is a no-op. (Did you mean to pass `assign=True` to assign items in the state dictionary to their corresponding key in the module instead of copying them in place?)
  warnings.warn(f'for {key}: copying from a non-meta parameter in the checkpoint to a meta '
/data/takhyun03/anaconda3/envs/lmms_llavavideo/lib/python3.11/site-packages/torch/nn/modules/module.py:2025: UserWarning: for vision_model.encoder.layers.23.self_attn.out_proj.bias: copying from a non-meta parameter in the checkpoint to a meta parameter in the current model, which is a no-op. (Did you mean to pass `assign=True` to assign items in the state dictionary to their corresponding key in the module instead of copying them in place?)
  warnings.warn(f'for {key}: copying from a non-meta parameter in the checkpoint to a meta '
/data/takhyun03/anaconda3/envs/lmms_llavavideo/lib/python3.11/site-packages/torch/nn/modules/module.py:2025: UserWarning: for vision_model.encoder.layers.23.layer_norm1.weight: copying from a non-meta parameter in the checkpoint to a meta parameter in the current model, which is a no-op. (Did you mean to pass `assign=True` to assign items in the state dictionary to their corresponding key in the module instead of copying them in place?)
  warnings.warn(f'for {key}: copying from a non-meta parameter in the checkpoint to a meta '
/data/takhyun03/anaconda3/envs/lmms_llavavideo/lib/python3.11/site-packages/torch/nn/modules/module.py:2025: UserWarning: for vision_model.encoder.layers.23.layer_norm1.bias: copying from a non-meta parameter in the checkpoint to a meta parameter in the current model, which is a no-op. (Did you mean to pass `assign=True` to assign items in the state dictionary to their corresponding key in the module instead of copying them in place?)
  warnings.warn(f'for {key}: copying from a non-meta parameter in the checkpoint to a meta '
/data/takhyun03/anaconda3/envs/lmms_llavavideo/lib/python3.11/site-packages/torch/nn/modules/module.py:2025: UserWarning: for vision_model.encoder.layers.23.mlp.fc1.weight: copying from a non-meta parameter in the checkpoint to a meta parameter in the current model, which is a no-op. (Did you mean to pass `assign=True` to assign items in the state dictionary to their corresponding key in the module instead of copying them in place?)
  warnings.warn(f'for {key}: copying from a non-meta parameter in the checkpoint to a meta '
/data/takhyun03/anaconda3/envs/lmms_llavavideo/lib/python3.11/site-packages/torch/nn/modules/module.py:2025: UserWarning: for vision_model.encoder.layers.23.mlp.fc1.bias: copying from a non-meta parameter in the checkpoint to a meta parameter in the current model, which is a no-op. (Did you mean to pass `assign=True` to assign items in the state dictionary to their corresponding key in the module instead of copying them in place?)
  warnings.warn(f'for {key}: copying from a non-meta parameter in the checkpoint to a meta '
/data/takhyun03/anaconda3/envs/lmms_llavavideo/lib/python3.11/site-packages/torch/nn/modules/module.py:2025: UserWarning: for vision_model.encoder.layers.23.mlp.fc2.weight: copying from a non-meta parameter in the checkpoint to a meta parameter in the current model, which is a no-op. (Did you mean to pass `assign=True` to assign items in the state dictionary to their corresponding key in the module instead of copying them in place?)
  warnings.warn(f'for {key}: copying from a non-meta parameter in the checkpoint to a meta '
/data/takhyun03/anaconda3/envs/lmms_llavavideo/lib/python3.11/site-packages/torch/nn/modules/module.py:2025: UserWarning: for vision_model.encoder.layers.23.mlp.fc2.bias: copying from a non-meta parameter in the checkpoint to a meta parameter in the current model, which is a no-op. (Did you mean to pass `assign=True` to assign items in the state dictionary to their corresponding key in the module instead of copying them in place?)
  warnings.warn(f'for {key}: copying from a non-meta parameter in the checkpoint to a meta '
/data/takhyun03/anaconda3/envs/lmms_llavavideo/lib/python3.11/site-packages/torch/nn/modules/module.py:2025: UserWarning: for vision_model.encoder.layers.23.layer_norm2.weight: copying from a non-meta parameter in the checkpoint to a meta parameter in the current model, which is a no-op. (Did you mean to pass `assign=True` to assign items in the state dictionary to their corresponding key in the module instead of copying them in place?)
  warnings.warn(f'for {key}: copying from a non-meta parameter in the checkpoint to a meta '
/data/takhyun03/anaconda3/envs/lmms_llavavideo/lib/python3.11/site-packages/torch/nn/modules/module.py:2025: UserWarning: for vision_model.encoder.layers.23.layer_norm2.bias: copying from a non-meta parameter in the checkpoint to a meta parameter in the current model, which is a no-op. (Did you mean to pass `assign=True` to assign items in the state dictionary to their corresponding key in the module instead of copying them in place?)
  warnings.warn(f'for {key}: copying from a non-meta parameter in the checkpoint to a meta '
/data/takhyun03/anaconda3/envs/lmms_llavavideo/lib/python3.11/site-packages/torch/nn/modules/module.py:2025: UserWarning: for vision_model.encoder.layers.24.self_attn.k_proj.weight: copying from a non-meta parameter in the checkpoint to a meta parameter in the current model, which is a no-op. (Did you mean to pass `assign=True` to assign items in the state dictionary to their corresponding key in the module instead of copying them in place?)
  warnings.warn(f'for {key}: copying from a non-meta parameter in the checkpoint to a meta '
/data/takhyun03/anaconda3/envs/lmms_llavavideo/lib/python3.11/site-packages/torch/nn/modules/module.py:2025: UserWarning: for vision_model.encoder.layers.24.self_attn.k_proj.bias: copying from a non-meta parameter in the checkpoint to a meta parameter in the current model, which is a no-op. (Did you mean to pass `assign=True` to assign items in the state dictionary to their corresponding key in the module instead of copying them in place?)
  warnings.warn(f'for {key}: copying from a non-meta parameter in the checkpoint to a meta '
/data/takhyun03/anaconda3/envs/lmms_llavavideo/lib/python3.11/site-packages/torch/nn/modules/module.py:2025: UserWarning: for vision_model.encoder.layers.24.self_attn.v_proj.weight: copying from a non-meta parameter in the checkpoint to a meta parameter in the current model, which is a no-op. (Did you mean to pass `assign=True` to assign items in the state dictionary to their corresponding key in the module instead of copying them in place?)
  warnings.warn(f'for {key}: copying from a non-meta parameter in the checkpoint to a meta '
/data/takhyun03/anaconda3/envs/lmms_llavavideo/lib/python3.11/site-packages/torch/nn/modules/module.py:2025: UserWarning: for vision_model.encoder.layers.24.self_attn.v_proj.bias: copying from a non-meta parameter in the checkpoint to a meta parameter in the current model, which is a no-op. (Did you mean to pass `assign=True` to assign items in the state dictionary to their corresponding key in the module instead of copying them in place?)
  warnings.warn(f'for {key}: copying from a non-meta parameter in the checkpoint to a meta '
/data/takhyun03/anaconda3/envs/lmms_llavavideo/lib/python3.11/site-packages/torch/nn/modules/module.py:2025: UserWarning: for vision_model.encoder.layers.24.self_attn.q_proj.weight: copying from a non-meta parameter in the checkpoint to a meta parameter in the current model, which is a no-op. (Did you mean to pass `assign=True` to assign items in the state dictionary to their corresponding key in the module instead of copying them in place?)
  warnings.warn(f'for {key}: copying from a non-meta parameter in the checkpoint to a meta '
/data/takhyun03/anaconda3/envs/lmms_llavavideo/lib/python3.11/site-packages/torch/nn/modules/module.py:2025: UserWarning: for vision_model.encoder.layers.24.self_attn.q_proj.bias: copying from a non-meta parameter in the checkpoint to a meta parameter in the current model, which is a no-op. (Did you mean to pass `assign=True` to assign items in the state dictionary to their corresponding key in the module instead of copying them in place?)
  warnings.warn(f'for {key}: copying from a non-meta parameter in the checkpoint to a meta '
/data/takhyun03/anaconda3/envs/lmms_llavavideo/lib/python3.11/site-packages/torch/nn/modules/module.py:2025: UserWarning: for vision_model.encoder.layers.24.self_attn.out_proj.weight: copying from a non-meta parameter in the checkpoint to a meta parameter in the current model, which is a no-op. (Did you mean to pass `assign=True` to assign items in the state dictionary to their corresponding key in the module instead of copying them in place?)
  warnings.warn(f'for {key}: copying from a non-meta parameter in the checkpoint to a meta '
/data/takhyun03/anaconda3/envs/lmms_llavavideo/lib/python3.11/site-packages/torch/nn/modules/module.py:2025: UserWarning: for vision_model.encoder.layers.24.self_attn.out_proj.bias: copying from a non-meta parameter in the checkpoint to a meta parameter in the current model, which is a no-op. (Did you mean to pass `assign=True` to assign items in the state dictionary to their corresponding key in the module instead of copying them in place?)
  warnings.warn(f'for {key}: copying from a non-meta parameter in the checkpoint to a meta '
/data/takhyun03/anaconda3/envs/lmms_llavavideo/lib/python3.11/site-packages/torch/nn/modules/module.py:2025: UserWarning: for vision_model.encoder.layers.24.layer_norm1.weight: copying from a non-meta parameter in the checkpoint to a meta parameter in the current model, which is a no-op. (Did you mean to pass `assign=True` to assign items in the state dictionary to their corresponding key in the module instead of copying them in place?)
  warnings.warn(f'for {key}: copying from a non-meta parameter in the checkpoint to a meta '
/data/takhyun03/anaconda3/envs/lmms_llavavideo/lib/python3.11/site-packages/torch/nn/modules/module.py:2025: UserWarning: for vision_model.encoder.layers.24.layer_norm1.bias: copying from a non-meta parameter in the checkpoint to a meta parameter in the current model, which is a no-op. (Did you mean to pass `assign=True` to assign items in the state dictionary to their corresponding key in the module instead of copying them in place?)
  warnings.warn(f'for {key}: copying from a non-meta parameter in the checkpoint to a meta '
/data/takhyun03/anaconda3/envs/lmms_llavavideo/lib/python3.11/site-packages/torch/nn/modules/module.py:2025: UserWarning: for vision_model.encoder.layers.24.mlp.fc1.weight: copying from a non-meta parameter in the checkpoint to a meta parameter in the current model, which is a no-op. (Did you mean to pass `assign=True` to assign items in the state dictionary to their corresponding key in the module instead of copying them in place?)
  warnings.warn(f'for {key}: copying from a non-meta parameter in the checkpoint to a meta '
/data/takhyun03/anaconda3/envs/lmms_llavavideo/lib/python3.11/site-packages/torch/nn/modules/module.py:2025: UserWarning: for vision_model.encoder.layers.24.mlp.fc1.bias: copying from a non-meta parameter in the checkpoint to a meta parameter in the current model, which is a no-op. (Did you mean to pass `assign=True` to assign items in the state dictionary to their corresponding key in the module instead of copying them in place?)
  warnings.warn(f'for {key}: copying from a non-meta parameter in the checkpoint to a meta '
/data/takhyun03/anaconda3/envs/lmms_llavavideo/lib/python3.11/site-packages/torch/nn/modules/module.py:2025: UserWarning: for vision_model.encoder.layers.24.mlp.fc2.weight: copying from a non-meta parameter in the checkpoint to a meta parameter in the current model, which is a no-op. (Did you mean to pass `assign=True` to assign items in the state dictionary to their corresponding key in the module instead of copying them in place?)
  warnings.warn(f'for {key}: copying from a non-meta parameter in the checkpoint to a meta '
/data/takhyun03/anaconda3/envs/lmms_llavavideo/lib/python3.11/site-packages/torch/nn/modules/module.py:2025: UserWarning: for vision_model.encoder.layers.24.mlp.fc2.bias: copying from a non-meta parameter in the checkpoint to a meta parameter in the current model, which is a no-op. (Did you mean to pass `assign=True` to assign items in the state dictionary to their corresponding key in the module instead of copying them in place?)
  warnings.warn(f'for {key}: copying from a non-meta parameter in the checkpoint to a meta '
/data/takhyun03/anaconda3/envs/lmms_llavavideo/lib/python3.11/site-packages/torch/nn/modules/module.py:2025: UserWarning: for vision_model.encoder.layers.24.layer_norm2.weight: copying from a non-meta parameter in the checkpoint to a meta parameter in the current model, which is a no-op. (Did you mean to pass `assign=True` to assign items in the state dictionary to their corresponding key in the module instead of copying them in place?)
  warnings.warn(f'for {key}: copying from a non-meta parameter in the checkpoint to a meta '
/data/takhyun03/anaconda3/envs/lmms_llavavideo/lib/python3.11/site-packages/torch/nn/modules/module.py:2025: UserWarning: for vision_model.encoder.layers.24.layer_norm2.bias: copying from a non-meta parameter in the checkpoint to a meta parameter in the current model, which is a no-op. (Did you mean to pass `assign=True` to assign items in the state dictionary to their corresponding key in the module instead of copying them in place?)
  warnings.warn(f'for {key}: copying from a non-meta parameter in the checkpoint to a meta '
/data/takhyun03/anaconda3/envs/lmms_llavavideo/lib/python3.11/site-packages/torch/nn/modules/module.py:2025: UserWarning: for vision_model.encoder.layers.25.self_attn.k_proj.weight: copying from a non-meta parameter in the checkpoint to a meta parameter in the current model, which is a no-op. (Did you mean to pass `assign=True` to assign items in the state dictionary to their corresponding key in the module instead of copying them in place?)
  warnings.warn(f'for {key}: copying from a non-meta parameter in the checkpoint to a meta '
/data/takhyun03/anaconda3/envs/lmms_llavavideo/lib/python3.11/site-packages/torch/nn/modules/module.py:2025: UserWarning: for vision_model.encoder.layers.25.self_attn.k_proj.bias: copying from a non-meta parameter in the checkpoint to a meta parameter in the current model, which is a no-op. (Did you mean to pass `assign=True` to assign items in the state dictionary to their corresponding key in the module instead of copying them in place?)
  warnings.warn(f'for {key}: copying from a non-meta parameter in the checkpoint to a meta '
/data/takhyun03/anaconda3/envs/lmms_llavavideo/lib/python3.11/site-packages/torch/nn/modules/module.py:2025: UserWarning: for vision_model.encoder.layers.25.self_attn.v_proj.weight: copying from a non-meta parameter in the checkpoint to a meta parameter in the current model, which is a no-op. (Did you mean to pass `assign=True` to assign items in the state dictionary to their corresponding key in the module instead of copying them in place?)
  warnings.warn(f'for {key}: copying from a non-meta parameter in the checkpoint to a meta '
/data/takhyun03/anaconda3/envs/lmms_llavavideo/lib/python3.11/site-packages/torch/nn/modules/module.py:2025: UserWarning: for vision_model.encoder.layers.25.self_attn.v_proj.bias: copying from a non-meta parameter in the checkpoint to a meta parameter in the current model, which is a no-op. (Did you mean to pass `assign=True` to assign items in the state dictionary to their corresponding key in the module instead of copying them in place?)
  warnings.warn(f'for {key}: copying from a non-meta parameter in the checkpoint to a meta '
/data/takhyun03/anaconda3/envs/lmms_llavavideo/lib/python3.11/site-packages/torch/nn/modules/module.py:2025: UserWarning: for vision_model.encoder.layers.25.self_attn.q_proj.weight: copying from a non-meta parameter in the checkpoint to a meta parameter in the current model, which is a no-op. (Did you mean to pass `assign=True` to assign items in the state dictionary to their corresponding key in the module instead of copying them in place?)
  warnings.warn(f'for {key}: copying from a non-meta parameter in the checkpoint to a meta '
/data/takhyun03/anaconda3/envs/lmms_llavavideo/lib/python3.11/site-packages/torch/nn/modules/module.py:2025: UserWarning: for vision_model.encoder.layers.25.self_attn.q_proj.bias: copying from a non-meta parameter in the checkpoint to a meta parameter in the current model, which is a no-op. (Did you mean to pass `assign=True` to assign items in the state dictionary to their corresponding key in the module instead of copying them in place?)
  warnings.warn(f'for {key}: copying from a non-meta parameter in the checkpoint to a meta '
/data/takhyun03/anaconda3/envs/lmms_llavavideo/lib/python3.11/site-packages/torch/nn/modules/module.py:2025: UserWarning: for vision_model.encoder.layers.25.self_attn.out_proj.weight: copying from a non-meta parameter in the checkpoint to a meta parameter in the current model, which is a no-op. (Did you mean to pass `assign=True` to assign items in the state dictionary to their corresponding key in the module instead of copying them in place?)
  warnings.warn(f'for {key}: copying from a non-meta parameter in the checkpoint to a meta '
/data/takhyun03/anaconda3/envs/lmms_llavavideo/lib/python3.11/site-packages/torch/nn/modules/module.py:2025: UserWarning: for vision_model.encoder.layers.25.self_attn.out_proj.bias: copying from a non-meta parameter in the checkpoint to a meta parameter in the current model, which is a no-op. (Did you mean to pass `assign=True` to assign items in the state dictionary to their corresponding key in the module instead of copying them in place?)
  warnings.warn(f'for {key}: copying from a non-meta parameter in the checkpoint to a meta '
/data/takhyun03/anaconda3/envs/lmms_llavavideo/lib/python3.11/site-packages/torch/nn/modules/module.py:2025: UserWarning: for vision_model.encoder.layers.25.layer_norm1.weight: copying from a non-meta parameter in the checkpoint to a meta parameter in the current model, which is a no-op. (Did you mean to pass `assign=True` to assign items in the state dictionary to their corresponding key in the module instead of copying them in place?)
  warnings.warn(f'for {key}: copying from a non-meta parameter in the checkpoint to a meta '
/data/takhyun03/anaconda3/envs/lmms_llavavideo/lib/python3.11/site-packages/torch/nn/modules/module.py:2025: UserWarning: for vision_model.encoder.layers.25.layer_norm1.bias: copying from a non-meta parameter in the checkpoint to a meta parameter in the current model, which is a no-op. (Did you mean to pass `assign=True` to assign items in the state dictionary to their corresponding key in the module instead of copying them in place?)
  warnings.warn(f'for {key}: copying from a non-meta parameter in the checkpoint to a meta '
/data/takhyun03/anaconda3/envs/lmms_llavavideo/lib/python3.11/site-packages/torch/nn/modules/module.py:2025: UserWarning: for vision_model.encoder.layers.25.mlp.fc1.weight: copying from a non-meta parameter in the checkpoint to a meta parameter in the current model, which is a no-op. (Did you mean to pass `assign=True` to assign items in the state dictionary to their corresponding key in the module instead of copying them in place?)
  warnings.warn(f'for {key}: copying from a non-meta parameter in the checkpoint to a meta '
/data/takhyun03/anaconda3/envs/lmms_llavavideo/lib/python3.11/site-packages/torch/nn/modules/module.py:2025: UserWarning: for vision_model.encoder.layers.25.mlp.fc1.bias: copying from a non-meta parameter in the checkpoint to a meta parameter in the current model, which is a no-op. (Did you mean to pass `assign=True` to assign items in the state dictionary to their corresponding key in the module instead of copying them in place?)
  warnings.warn(f'for {key}: copying from a non-meta parameter in the checkpoint to a meta '
/data/takhyun03/anaconda3/envs/lmms_llavavideo/lib/python3.11/site-packages/torch/nn/modules/module.py:2025: UserWarning: for vision_model.encoder.layers.25.mlp.fc2.weight: copying from a non-meta parameter in the checkpoint to a meta parameter in the current model, which is a no-op. (Did you mean to pass `assign=True` to assign items in the state dictionary to their corresponding key in the module instead of copying them in place?)
  warnings.warn(f'for {key}: copying from a non-meta parameter in the checkpoint to a meta '
/data/takhyun03/anaconda3/envs/lmms_llavavideo/lib/python3.11/site-packages/torch/nn/modules/module.py:2025: UserWarning: for vision_model.encoder.layers.25.mlp.fc2.bias: copying from a non-meta parameter in the checkpoint to a meta parameter in the current model, which is a no-op. (Did you mean to pass `assign=True` to assign items in the state dictionary to their corresponding key in the module instead of copying them in place?)
  warnings.warn(f'for {key}: copying from a non-meta parameter in the checkpoint to a meta '
/data/takhyun03/anaconda3/envs/lmms_llavavideo/lib/python3.11/site-packages/torch/nn/modules/module.py:2025: UserWarning: for vision_model.encoder.layers.25.layer_norm2.weight: copying from a non-meta parameter in the checkpoint to a meta parameter in the current model, which is a no-op. (Did you mean to pass `assign=True` to assign items in the state dictionary to their corresponding key in the module instead of copying them in place?)
  warnings.warn(f'for {key}: copying from a non-meta parameter in the checkpoint to a meta '
/data/takhyun03/anaconda3/envs/lmms_llavavideo/lib/python3.11/site-packages/torch/nn/modules/module.py:2025: UserWarning: for vision_model.encoder.layers.25.layer_norm2.bias: copying from a non-meta parameter in the checkpoint to a meta parameter in the current model, which is a no-op. (Did you mean to pass `assign=True` to assign items in the state dictionary to their corresponding key in the module instead of copying them in place?)
  warnings.warn(f'for {key}: copying from a non-meta parameter in the checkpoint to a meta '
/data/takhyun03/anaconda3/envs/lmms_llavavideo/lib/python3.11/site-packages/torch/nn/modules/module.py:2025: UserWarning: for vision_model.encoder.layers.26.self_attn.k_proj.weight: copying from a non-meta parameter in the checkpoint to a meta parameter in the current model, which is a no-op. (Did you mean to pass `assign=True` to assign items in the state dictionary to their corresponding key in the module instead of copying them in place?)
  warnings.warn(f'for {key}: copying from a non-meta parameter in the checkpoint to a meta '
/data/takhyun03/anaconda3/envs/lmms_llavavideo/lib/python3.11/site-packages/torch/nn/modules/module.py:2025: UserWarning: for vision_model.encoder.layers.26.self_attn.k_proj.bias: copying from a non-meta parameter in the checkpoint to a meta parameter in the current model, which is a no-op. (Did you mean to pass `assign=True` to assign items in the state dictionary to their corresponding key in the module instead of copying them in place?)
  warnings.warn(f'for {key}: copying from a non-meta parameter in the checkpoint to a meta '
/data/takhyun03/anaconda3/envs/lmms_llavavideo/lib/python3.11/site-packages/torch/nn/modules/module.py:2025: UserWarning: for vision_model.encoder.layers.26.self_attn.v_proj.weight: copying from a non-meta parameter in the checkpoint to a meta parameter in the current model, which is a no-op. (Did you mean to pass `assign=True` to assign items in the state dictionary to their corresponding key in the module instead of copying them in place?)
  warnings.warn(f'for {key}: copying from a non-meta parameter in the checkpoint to a meta '
/data/takhyun03/anaconda3/envs/lmms_llavavideo/lib/python3.11/site-packages/torch/nn/modules/module.py:2025: UserWarning: for vision_model.encoder.layers.26.self_attn.v_proj.bias: copying from a non-meta parameter in the checkpoint to a meta parameter in the current model, which is a no-op. (Did you mean to pass `assign=True` to assign items in the state dictionary to their corresponding key in the module instead of copying them in place?)
  warnings.warn(f'for {key}: copying from a non-meta parameter in the checkpoint to a meta '
/data/takhyun03/anaconda3/envs/lmms_llavavideo/lib/python3.11/site-packages/torch/nn/modules/module.py:2025: UserWarning: for vision_model.encoder.layers.26.self_attn.q_proj.weight: copying from a non-meta parameter in the checkpoint to a meta parameter in the current model, which is a no-op. (Did you mean to pass `assign=True` to assign items in the state dictionary to their corresponding key in the module instead of copying them in place?)
  warnings.warn(f'for {key}: copying from a non-meta parameter in the checkpoint to a meta '
/data/takhyun03/anaconda3/envs/lmms_llavavideo/lib/python3.11/site-packages/torch/nn/modules/module.py:2025: UserWarning: for vision_model.encoder.layers.26.self_attn.q_proj.bias: copying from a non-meta parameter in the checkpoint to a meta parameter in the current model, which is a no-op. (Did you mean to pass `assign=True` to assign items in the state dictionary to their corresponding key in the module instead of copying them in place?)
  warnings.warn(f'for {key}: copying from a non-meta parameter in the checkpoint to a meta '
/data/takhyun03/anaconda3/envs/lmms_llavavideo/lib/python3.11/site-packages/torch/nn/modules/module.py:2025: UserWarning: for vision_model.encoder.layers.26.self_attn.out_proj.weight: copying from a non-meta parameter in the checkpoint to a meta parameter in the current model, which is a no-op. (Did you mean to pass `assign=True` to assign items in the state dictionary to their corresponding key in the module instead of copying them in place?)
  warnings.warn(f'for {key}: copying from a non-meta parameter in the checkpoint to a meta '
/data/takhyun03/anaconda3/envs/lmms_llavavideo/lib/python3.11/site-packages/torch/nn/modules/module.py:2025: UserWarning: for vision_model.encoder.layers.26.self_attn.out_proj.bias: copying from a non-meta parameter in the checkpoint to a meta parameter in the current model, which is a no-op. (Did you mean to pass `assign=True` to assign items in the state dictionary to their corresponding key in the module instead of copying them in place?)
  warnings.warn(f'for {key}: copying from a non-meta parameter in the checkpoint to a meta '
/data/takhyun03/anaconda3/envs/lmms_llavavideo/lib/python3.11/site-packages/torch/nn/modules/module.py:2025: UserWarning: for vision_model.encoder.layers.26.layer_norm1.weight: copying from a non-meta parameter in the checkpoint to a meta parameter in the current model, which is a no-op. (Did you mean to pass `assign=True` to assign items in the state dictionary to their corresponding key in the module instead of copying them in place?)
  warnings.warn(f'for {key}: copying from a non-meta parameter in the checkpoint to a meta '
/data/takhyun03/anaconda3/envs/lmms_llavavideo/lib/python3.11/site-packages/torch/nn/modules/module.py:2025: UserWarning: for vision_model.encoder.layers.26.layer_norm1.bias: copying from a non-meta parameter in the checkpoint to a meta parameter in the current model, which is a no-op. (Did you mean to pass `assign=True` to assign items in the state dictionary to their corresponding key in the module instead of copying them in place?)
  warnings.warn(f'for {key}: copying from a non-meta parameter in the checkpoint to a meta '
/data/takhyun03/anaconda3/envs/lmms_llavavideo/lib/python3.11/site-packages/torch/nn/modules/module.py:2025: UserWarning: for vision_model.encoder.layers.26.mlp.fc1.weight: copying from a non-meta parameter in the checkpoint to a meta parameter in the current model, which is a no-op. (Did you mean to pass `assign=True` to assign items in the state dictionary to their corresponding key in the module instead of copying them in place?)
  warnings.warn(f'for {key}: copying from a non-meta parameter in the checkpoint to a meta '
/data/takhyun03/anaconda3/envs/lmms_llavavideo/lib/python3.11/site-packages/torch/nn/modules/module.py:2025: UserWarning: for vision_model.encoder.layers.26.mlp.fc1.bias: copying from a non-meta parameter in the checkpoint to a meta parameter in the current model, which is a no-op. (Did you mean to pass `assign=True` to assign items in the state dictionary to their corresponding key in the module instead of copying them in place?)
  warnings.warn(f'for {key}: copying from a non-meta parameter in the checkpoint to a meta '
/data/takhyun03/anaconda3/envs/lmms_llavavideo/lib/python3.11/site-packages/torch/nn/modules/module.py:2025: UserWarning: for vision_model.encoder.layers.26.mlp.fc2.weight: copying from a non-meta parameter in the checkpoint to a meta parameter in the current model, which is a no-op. (Did you mean to pass `assign=True` to assign items in the state dictionary to their corresponding key in the module instead of copying them in place?)
  warnings.warn(f'for {key}: copying from a non-meta parameter in the checkpoint to a meta '
/data/takhyun03/anaconda3/envs/lmms_llavavideo/lib/python3.11/site-packages/torch/nn/modules/module.py:2025: UserWarning: for vision_model.encoder.layers.26.mlp.fc2.bias: copying from a non-meta parameter in the checkpoint to a meta parameter in the current model, which is a no-op. (Did you mean to pass `assign=True` to assign items in the state dictionary to their corresponding key in the module instead of copying them in place?)
  warnings.warn(f'for {key}: copying from a non-meta parameter in the checkpoint to a meta '
/data/takhyun03/anaconda3/envs/lmms_llavavideo/lib/python3.11/site-packages/torch/nn/modules/module.py:2025: UserWarning: for vision_model.encoder.layers.26.layer_norm2.weight: copying from a non-meta parameter in the checkpoint to a meta parameter in the current model, which is a no-op. (Did you mean to pass `assign=True` to assign items in the state dictionary to their corresponding key in the module instead of copying them in place?)
  warnings.warn(f'for {key}: copying from a non-meta parameter in the checkpoint to a meta '
/data/takhyun03/anaconda3/envs/lmms_llavavideo/lib/python3.11/site-packages/torch/nn/modules/module.py:2025: UserWarning: for vision_model.encoder.layers.26.layer_norm2.bias: copying from a non-meta parameter in the checkpoint to a meta parameter in the current model, which is a no-op. (Did you mean to pass `assign=True` to assign items in the state dictionary to their corresponding key in the module instead of copying them in place?)
  warnings.warn(f'for {key}: copying from a non-meta parameter in the checkpoint to a meta '
/data/takhyun03/anaconda3/envs/lmms_llavavideo/lib/python3.11/site-packages/torch/nn/modules/module.py:2025: UserWarning: for vision_model.post_layernorm.weight: copying from a non-meta parameter in the checkpoint to a meta parameter in the current model, which is a no-op. (Did you mean to pass `assign=True` to assign items in the state dictionary to their corresponding key in the module instead of copying them in place?)
  warnings.warn(f'for {key}: copying from a non-meta parameter in the checkpoint to a meta '
/data/takhyun03/anaconda3/envs/lmms_llavavideo/lib/python3.11/site-packages/torch/nn/modules/module.py:2025: UserWarning: for vision_model.post_layernorm.bias: copying from a non-meta parameter in the checkpoint to a meta parameter in the current model, which is a no-op. (Did you mean to pass `assign=True` to assign items in the state dictionary to their corresponding key in the module instead of copying them in place?)
  warnings.warn(f'for {key}: copying from a non-meta parameter in the checkpoint to a meta '
/data/takhyun03/anaconda3/envs/lmms_llavavideo/lib/python3.11/site-packages/torch/nn/modules/module.py:2025: UserWarning: for vision_model.head.probe: copying from a non-meta parameter in the checkpoint to a meta parameter in the current model, which is a no-op. (Did you mean to pass `assign=True` to assign items in the state dictionary to their corresponding key in the module instead of copying them in place?)
  warnings.warn(f'for {key}: copying from a non-meta parameter in the checkpoint to a meta '
/data/takhyun03/anaconda3/envs/lmms_llavavideo/lib/python3.11/site-packages/torch/nn/modules/module.py:2025: UserWarning: for vision_model.head.attention.in_proj_weight: copying from a non-meta parameter in the checkpoint to a meta parameter in the current model, which is a no-op. (Did you mean to pass `assign=True` to assign items in the state dictionary to their corresponding key in the module instead of copying them in place?)
  warnings.warn(f'for {key}: copying from a non-meta parameter in the checkpoint to a meta '
/data/takhyun03/anaconda3/envs/lmms_llavavideo/lib/python3.11/site-packages/torch/nn/modules/module.py:2025: UserWarning: for vision_model.head.attention.in_proj_bias: copying from a non-meta parameter in the checkpoint to a meta parameter in the current model, which is a no-op. (Did you mean to pass `assign=True` to assign items in the state dictionary to their corresponding key in the module instead of copying them in place?)
  warnings.warn(f'for {key}: copying from a non-meta parameter in the checkpoint to a meta '
/data/takhyun03/anaconda3/envs/lmms_llavavideo/lib/python3.11/site-packages/torch/nn/modules/module.py:2025: UserWarning: for vision_model.head.attention.out_proj.weight: copying from a non-meta parameter in the checkpoint to a meta parameter in the current model, which is a no-op. (Did you mean to pass `assign=True` to assign items in the state dictionary to their corresponding key in the module instead of copying them in place?)
  warnings.warn(f'for {key}: copying from a non-meta parameter in the checkpoint to a meta '
/data/takhyun03/anaconda3/envs/lmms_llavavideo/lib/python3.11/site-packages/torch/nn/modules/module.py:2025: UserWarning: for vision_model.head.attention.out_proj.bias: copying from a non-meta parameter in the checkpoint to a meta parameter in the current model, which is a no-op. (Did you mean to pass `assign=True` to assign items in the state dictionary to their corresponding key in the module instead of copying them in place?)
  warnings.warn(f'for {key}: copying from a non-meta parameter in the checkpoint to a meta '
/data/takhyun03/anaconda3/envs/lmms_llavavideo/lib/python3.11/site-packages/torch/nn/modules/module.py:2025: UserWarning: for vision_model.head.layernorm.weight: copying from a non-meta parameter in the checkpoint to a meta parameter in the current model, which is a no-op. (Did you mean to pass `assign=True` to assign items in the state dictionary to their corresponding key in the module instead of copying them in place?)
  warnings.warn(f'for {key}: copying from a non-meta parameter in the checkpoint to a meta '
/data/takhyun03/anaconda3/envs/lmms_llavavideo/lib/python3.11/site-packages/torch/nn/modules/module.py:2025: UserWarning: for vision_model.head.layernorm.bias: copying from a non-meta parameter in the checkpoint to a meta parameter in the current model, which is a no-op. (Did you mean to pass `assign=True` to assign items in the state dictionary to their corresponding key in the module instead of copying them in place?)
  warnings.warn(f'for {key}: copying from a non-meta parameter in the checkpoint to a meta '
/data/takhyun03/anaconda3/envs/lmms_llavavideo/lib/python3.11/site-packages/torch/nn/modules/module.py:2025: UserWarning: for vision_model.head.mlp.fc1.weight: copying from a non-meta parameter in the checkpoint to a meta parameter in the current model, which is a no-op. (Did you mean to pass `assign=True` to assign items in the state dictionary to their corresponding key in the module instead of copying them in place?)
  warnings.warn(f'for {key}: copying from a non-meta parameter in the checkpoint to a meta '
/data/takhyun03/anaconda3/envs/lmms_llavavideo/lib/python3.11/site-packages/torch/nn/modules/module.py:2025: UserWarning: for vision_model.head.mlp.fc1.bias: copying from a non-meta parameter in the checkpoint to a meta parameter in the current model, which is a no-op. (Did you mean to pass `assign=True` to assign items in the state dictionary to their corresponding key in the module instead of copying them in place?)
  warnings.warn(f'for {key}: copying from a non-meta parameter in the checkpoint to a meta '
/data/takhyun03/anaconda3/envs/lmms_llavavideo/lib/python3.11/site-packages/torch/nn/modules/module.py:2025: UserWarning: for vision_model.head.mlp.fc2.weight: copying from a non-meta parameter in the checkpoint to a meta parameter in the current model, which is a no-op. (Did you mean to pass `assign=True` to assign items in the state dictionary to their corresponding key in the module instead of copying them in place?)
  warnings.warn(f'for {key}: copying from a non-meta parameter in the checkpoint to a meta '
/data/takhyun03/anaconda3/envs/lmms_llavavideo/lib/python3.11/site-packages/torch/nn/modules/module.py:2025: UserWarning: for vision_model.head.mlp.fc2.bias: copying from a non-meta parameter in the checkpoint to a meta parameter in the current model, which is a no-op. (Did you mean to pass `assign=True` to assign items in the state dictionary to their corresponding key in the module instead of copying them in place?)
  warnings.warn(f'for {key}: copying from a non-meta parameter in the checkpoint to a meta '
[delta] from /data/takhyun03/project/2026/vlm_direction/cross-modal-info/analysis/swap_intervention/avg_hidden/baseline_obj_color.pt
[load] baseline
OpenCLIP not installed
[MODEL] LoRA loading: base=lmms-lab/LLaVA-Video-7B-Qwen2, lora=/data/takhyun03/project/2026/vlm_direction/LLaVA-NeXT/work_dirs/llava-video-7b-qwen2_baseline_shape_simple_new_lora-r64_f8_ep1_lr1e-5
Loading LLaVA from base model...
Loading vision tower: google/siglip-so400m-patch14-384
Loading checkpoint shards:   0%|          | 0/4 [00:00<?, ?it/s]Loading checkpoint shards:  25%|██▌       | 1/4 [00:02<00:07,  2.66s/it]Loading checkpoint shards:  50%|█████     | 2/4 [00:05<00:05,  2.82s/it]Loading checkpoint shards:  75%|███████▌  | 3/4 [00:10<00:03,  3.87s/it]Loading checkpoint shards: 100%|██████████| 4/4 [00:11<00:00,  2.80s/it]Loading checkpoint shards: 100%|██████████| 4/4 [00:11<00:00,  2.97s/it]
/data/takhyun03/anaconda3/envs/lmms_llavavideo/lib/python3.11/site-packages/peft/config.py:162: UserWarning: Unexpected keyword arguments ['alora_invocation_tokens', 'arrow_config', 'corda_config', 'ensure_weight_tying', 'peft_version', 'qalora_group_size', 'target_parameters', 'trainable_token_indices', 'use_qalora'] for class LoraConfig, these are ignored. This probably means that you're loading a configuration file that was saved using a higher version of the library and additional parameters have been introduced since. It is highly recommended to upgrade the PEFT version before continuing (e.g. by running `pip install -U peft`).
  warnings.warn(
Loading additional LLaVA weights...
Loading LoRA weights...
Merging LoRA weights...
Model is loaded...
Model Class: LlavaQwenForCausalLM
[obj_color] 800 samples (2x forward per sample)
obj_color:   0%|          | 0/800 [00:00<?, ?it/s]We detected that you are passing `past_key_values` as a tuple and this is deprecated and will be removed in v4.43. Please use an appropriate `Cache` class (https://huggingface.co/docs/transformers/v4.41.3/en/internal/generation_utils#transformers.Cache)
obj_color:   0%|          | 1/800 [00:03<42:13,  3.17s/it]obj_color:   0%|          | 2/800 [00:04<31:32,  2.37s/it]obj_color:   0%|          | 3/800 [00:06<27:55,  2.10s/it]obj_color:   0%|          | 4/800 [00:08<26:12,  1.98s/it]obj_color:   1%|          | 5/800 [00:10<24:31,  1.85s/it]obj_color:   1%|          | 6/800 [00:12<24:36,  1.86s/it]obj_color:   1%|          | 7/800 [00:13<24:00,  1.82s/it]obj_color:   1%|          | 8/800 [00:15<23:49,  1.80s/it]obj_color:   1%|          | 9/800 [00:17<23:50,  1.81s/it]obj_color:   1%|▏         | 10/800 [00:19<23:32,  1.79s/it]obj_color:   1%|▏         | 11/800 [00:20<23:48,  1.81s/it]obj_color:   2%|▏         | 12/800 [00:22<23:14,  1.77s/it]obj_color:   2%|▏         | 13/800 [00:24<23:32,  1.79s/it]obj_color:   2%|▏         | 14/800 [00:26<23:19,  1.78s/it]obj_color:   2%|▏         | 15/800 [00:28<23:39,  1.81s/it]obj_color:   2%|▏         | 16/800 [00:29<23:24,  1.79s/it]obj_color:   2%|▏         | 17/800 [00:31<23:39,  1.81s/it]obj_color:   2%|▏         | 18/800 [00:33<23:24,  1.80s/it]obj_color:   2%|▏         | 19/800 [00:35<23:09,  1.78s/it]obj_color:   2%|▎         | 20/800 [00:37<23:13,  1.79s/it]obj_color:   3%|▎         | 21/800 [00:38<23:09,  1.78s/it]obj_color:   3%|▎         | 22/800 [00:40<23:24,  1.81s/it]obj_color:   3%|▎         | 23/800 [00:42<23:13,  1.79s/it]obj_color:   3%|▎         | 24/800 [00:44<23:30,  1.82s/it]obj_color:   3%|▎         | 25/800 [00:46<23:18,  1.80s/it]obj_color:   3%|▎         | 26/800 [00:47<23:31,  1.82s/it]obj_color:   3%|▎         | 27/800 [00:49<23:01,  1.79s/it]obj_color:   4%|▎         | 28/800 [00:51<23:03,  1.79s/it]obj_color:   4%|▎         | 29/800 [00:53<23:10,  1.80s/it]obj_color:   4%|▍         | 30/800 [00:55<23:02,  1.80s/it]obj_color:   4%|▍         | 31/800 [00:56<23:16,  1.82s/it]obj_color:   4%|▍         | 32/800 [00:58<23:00,  1.80s/it]obj_color:   4%|▍         | 33/800 [01:00<23:17,  1.82s/it]obj_color:   4%|▍         | 34/800 [01:02<22:42,  1.78s/it]obj_color:   4%|▍         | 35/800 [01:04<23:04,  1.81s/it]obj_color:   4%|▍         | 36/800 [01:05<22:52,  1.80s/it]obj_color:   5%|▍         | 37/800 [01:07<22:53,  1.80s/it]obj_color:   5%|▍         | 38/800 [01:09<22:55,  1.81s/it]obj_color:   5%|▍         | 39/800 [01:11<22:45,  1.79s/it]obj_color:   5%|▌         | 40/800 [01:13<23:00,  1.82s/it]obj_color:   5%|▌         | 41/800 [01:14<22:21,  1.77s/it]obj_color:   5%|▌         | 42/800 [01:16<22:43,  1.80s/it]obj_color:   5%|▌         | 43/800 [01:18<22:32,  1.79s/it]obj_color:   6%|▌         | 44/800 [01:20<22:51,  1.81s/it]obj_color:   6%|▌         | 45/800 [01:22<22:33,  1.79s/it]obj_color:   6%|▌         | 46/800 [01:23<22:29,  1.79s/it]obj_color:   6%|▌         | 47/800 [01:25<22:36,  1.80s/it]obj_color:   6%|▌         | 48/800 [01:27<22:13,  1.77s/it]obj_color:   6%|▌         | 49/800 [01:29<22:20,  1.79s/it]obj_color:   6%|▋         | 50/800 [01:30<22:14,  1.78s/it]obj_color:   6%|▋         | 51/800 [01:32<22:31,  1.80s/it]obj_color:   6%|▋         | 52/800 [01:34<22:18,  1.79s/it]obj_color:   7%|▋         | 53/800 [01:36<22:36,  1.82s/it]obj_color:   7%|▋         | 54/800 [01:38<22:20,  1.80s/it]obj_color:   7%|▋         | 55/800 [01:40<22:34,  1.82s/it]obj_color:   7%|▋         | 56/800 [01:41<21:57,  1.77s/it]obj_color:   7%|▋         | 57/800 [01:43<22:20,  1.80s/it]obj_color:   7%|▋         | 58/800 [01:45<22:06,  1.79s/it]obj_color:   7%|▋         | 59/800 [01:47<22:09,  1.79s/it]obj_color:   8%|▊         | 60/800 [01:49<22:15,  1.80s/it]obj_color:   8%|▊         | 61/800 [01:50<22:04,  1.79s/it]obj_color:   8%|▊         | 62/800 [01:52<22:19,  1.82s/it]obj_color:   8%|▊         | 63/800 [01:54<21:39,  1.76s/it]obj_color:   8%|▊         | 64/800 [01:56<22:00,  1.79s/it]obj_color:   8%|▊         | 65/800 [01:57<21:48,  1.78s/it]obj_color:   8%|▊         | 66/800 [01:59<22:08,  1.81s/it]obj_color:   8%|▊         | 67/800 [02:01<21:54,  1.79s/it]obj_color:   8%|▊         | 68/800 [02:03<21:58,  1.80s/it]obj_color:   9%|▊         | 69/800 [02:05<22:01,  1.81s/it]obj_color:   9%|▉         | 70/800 [02:06<21:42,  1.78s/it]obj_color:   9%|▉         | 71/800 [02:08<21:51,  1.80s/it]obj_color:   9%|▉         | 72/800 [02:10<21:38,  1.78s/it]obj_color:   9%|▉         | 73/800 [02:12<21:56,  1.81s/it]obj_color:   9%|▉         | 74/800 [02:14<21:42,  1.79s/it]obj_color:   9%|▉         | 75/800 [02:15<21:59,  1.82s/it]obj_color:  10%|▉         | 76/800 [02:17<21:44,  1.80s/it]obj_color:  10%|▉         | 77/800 [02:19<21:46,  1.81s/it]obj_color:  10%|▉         | 78/800 [02:21<21:32,  1.79s/it]obj_color:  10%|▉         | 79/800 [02:23<21:30,  1.79s/it]obj_color:  10%|█         | 80/800 [02:24<21:41,  1.81s/it]obj_color:  10%|█         | 81/800 [02:26<21:29,  1.79s/it]obj_color:  10%|█         | 82/800 [02:28<21:47,  1.82s/it]obj_color:  10%|█         | 83/800 [02:30<21:32,  1.80s/it]obj_color:  10%|█         | 84/800 [02:32<21:46,  1.82s/it]obj_color:  11%|█         | 85/800 [02:33<21:06,  1.77s/it]obj_color:  11%|█         | 86/800 [02:35<21:27,  1.80s/it]obj_color:  11%|█         | 87/800 [02:37<21:13,  1.79s/it]obj_color:  11%|█         | 88/800 [02:39<21:12,  1.79s/it]obj_color:  11%|█         | 89/800 [02:41<21:20,  1.80s/it]obj_color:  11%|█▏        | 90/800 [02:42<21:06,  1.78s/it]obj_color:  11%|█▏        | 91/800 [02:44<21:25,  1.81s/it]obj_color:  12%|█▏        | 92/800 [02:46<20:48,  1.76s/it]obj_color:  12%|█▏        | 93/800 [02:48<21:10,  1.80s/it]obj_color:  12%|█▏        | 94/800 [02:50<21:01,  1.79s/it]obj_color:  12%|█▏        | 95/800 [02:51<21:19,  1.82s/it]obj_color:  12%|█▏        | 96/800 [02:53<21:04,  1.80s/it]obj_color:  12%|█▏        | 97/800 [02:55<21:04,  1.80s/it]obj_color:  12%|█▏        | 98/800 [02:57<21:11,  1.81s/it]obj_color:  12%|█▏        | 99/800 [02:59<20:50,  1.78s/it]obj_color:  12%|█▎        | 100/800 [03:00<20:56,  1.80s/it]obj_color:  13%|█▎        | 101/800 [03:02<20:51,  1.79s/it]obj_color:  13%|█▎        | 102/800 [03:04<21:04,  1.81s/it]obj_color:  13%|█▎        | 103/800 [03:06<20:53,  1.80s/it]obj_color:  13%|█▎        | 104/800 [03:08<21:08,  1.82s/it]obj_color:  13%|█▎        | 105/800 [03:09<20:55,  1.81s/it]obj_color:  13%|█▎        | 106/800 [03:11<21:07,  1.83s/it]obj_color:  13%|█▎        | 107/800 [03:13<20:32,  1.78s/it]obj_color:  14%|█▎        | 108/800 [03:15<20:41,  1.79s/it]obj_color:  14%|█▎        | 109/800 [03:17<20:47,  1.81s/it]obj_color:  14%|█▍        | 110/800 [03:18<20:41,  1.80s/it]obj_color:  14%|█▍        | 111/800 [03:20<20:53,  1.82s/it]obj_color:  14%|█▍        | 112/800 [03:22<20:38,  1.80s/it]obj_color:  14%|█▍        | 113/800 [03:24<20:53,  1.82s/it]obj_color:  14%|█▍        | 114/800 [03:26<20:11,  1.77s/it]obj_color:  14%|█▍        | 115/800 [03:27<20:34,  1.80s/it]obj_color:  14%|█▍        | 116/800 [03:29<20:22,  1.79s/it]obj_color:  15%|█▍        | 117/800 [03:31<20:40,  1.82s/it]obj_color:  15%|█▍        | 118/800 [03:33<20:30,  1.80s/it]obj_color:  15%|█▍        | 119/800 [03:35<20:27,  1.80s/it]obj_color:  15%|█▌        | 120/800 [03:36<20:31,  1.81s/it]obj_color:  15%|█▌        | 121/800 [03:38<20:10,  1.78s/it]obj_color:  15%|█▌        | 122/800 [03:40<20:20,  1.80s/it]obj_color:  15%|█▌        | 123/800 [03:42<20:09,  1.79s/it]obj_color:  16%|█▌        | 124/800 [03:44<20:27,  1.82s/it]obj_color:  16%|█▌        | 125/800 [03:45<20:15,  1.80s/it]obj_color:  16%|█▌        | 126/800 [03:47<20:31,  1.83s/it]obj_color:  16%|█▌        | 127/800 [03:49<20:16,  1.81s/it]obj_color:  16%|█▌        | 128/800 [03:51<20:14,  1.81s/it]obj_color:  16%|█▌        | 129/800 [03:53<20:05,  1.80s/it]obj_color:  16%|█▋        | 130/800 [03:54<20:02,  1.79s/it]obj_color:  16%|█▋        | 131/800 [03:56<20:09,  1.81s/it]obj_color:  16%|█▋        | 132/800 [03:58<19:55,  1.79s/it]obj_color:  17%|█▋        | 133/800 [04:00<20:13,  1.82s/it]obj_color:  17%|█▋        | 134/800 [04:02<20:00,  1.80s/it]obj_color:  17%|█▋        | 135/800 [04:04<20:14,  1.83s/it]obj_color:  17%|█▋        | 136/800 [04:05<19:43,  1.78s/it]obj_color:  17%|█▋        | 137/800 [04:07<20:01,  1.81s/it]obj_color:  17%|█▋        | 138/800 [04:09<19:50,  1.80s/it]obj_color:  17%|█▋        | 139/800 [04:11<19:47,  1.80s/it]obj_color:  18%|█▊        | 140/800 [04:13<19:54,  1.81s/it]obj_color:  18%|█▊        | 141/800 [04:14<19:43,  1.80s/it]obj_color:  18%|█▊        | 142/800 [04:16<19:59,  1.82s/it]obj_color:  18%|█▊        | 143/800 [04:18<19:29,  1.78s/it]obj_color:  18%|█▊        | 144/800 [04:20<19:49,  1.81s/it]obj_color:  18%|█▊        | 145/800 [04:22<19:37,  1.80s/it]obj_color:  18%|█▊        | 146/800 [04:23<19:51,  1.82s/it]obj_color:  18%|█▊        | 147/800 [04:25<19:38,  1.81s/it]obj_color:  18%|█▊        | 148/800 [04:27<19:35,  1.80s/it]obj_color:  19%|█▊        | 149/800 [04:29<19:41,  1.81s/it]obj_color:  19%|█▉        | 150/800 [04:30<18:47,  1.74s/it]obj_color:  19%|█▉        | 151/800 [04:31<16:11,  1.50s/it]obj_color:  19%|█▉        | 152/800 [04:33<17:15,  1.60s/it]obj_color:  19%|█▉        | 153/800 [04:35<17:48,  1.65s/it]obj_color:  19%|█▉        | 154/800 [04:37<18:30,  1.72s/it]obj_color:  19%|█▉        | 155/800 [04:39<18:36,  1.73s/it]obj_color:  20%|█▉        | 156/800 [04:40<19:05,  1.78s/it]obj_color:  20%|█▉        | 157/800 [04:42<17:07,  1.60s/it]obj_color:  20%|█▉        | 158/800 [04:43<16:18,  1.52s/it]obj_color:  20%|█▉        | 159/800 [04:45<17:26,  1.63s/it]obj_color:  20%|██        | 160/800 [04:46<16:38,  1.56s/it]obj_color:  20%|██        | 161/800 [04:48<17:39,  1.66s/it]obj_color:  20%|██        | 162/800 [04:50<17:58,  1.69s/it]obj_color:  20%|██        | 163/800 [04:52<18:33,  1.75s/it]obj_color:  20%|██        | 164/800 [04:54<18:35,  1.75s/it]obj_color:  21%|██        | 165/800 [04:55<18:27,  1.74s/it]obj_color:  21%|██        | 166/800 [04:57<18:39,  1.77s/it]obj_color:  21%|██        | 167/800 [04:59<18:39,  1.77s/it]obj_color:  21%|██        | 168/800 [05:01<18:54,  1.80s/it]obj_color:  21%|██        | 169/800 [05:02<18:43,  1.78s/it]obj_color:  21%|██▏       | 170/800 [05:04<19:01,  1.81s/it]obj_color:  21%|██▏       | 171/800 [05:06<18:50,  1.80s/it]obj_color:  22%|██▏       | 172/800 [05:08<19:04,  1.82s/it]obj_color:  22%|██▏       | 173/800 [05:10<18:35,  1.78s/it]obj_color:  22%|██▏       | 174/800 [05:11<18:38,  1.79s/it]obj_color:  22%|██▏       | 175/800 [05:13<18:43,  1.80s/it]obj_color:  22%|██▏       | 176/800 [05:15<18:31,  1.78s/it]obj_color:  22%|██▏       | 177/800 [05:17<18:45,  1.81s/it]obj_color:  22%|██▏       | 178/800 [05:19<18:35,  1.79s/it]obj_color:  22%|██▏       | 179/800 [05:21<18:51,  1.82s/it]obj_color:  22%|██▎       | 180/800 [05:22<18:25,  1.78s/it]obj_color:  23%|██▎       | 181/800 [05:24<18:42,  1.81s/it]obj_color:  23%|██▎       | 182/800 [05:26<18:30,  1.80s/it]obj_color:  23%|██▎       | 183/800 [05:28<18:31,  1.80s/it]obj_color:  23%|██▎       | 184/800 [05:30<18:35,  1.81s/it]obj_color:  23%|██▎       | 185/800 [05:31<18:24,  1.80s/it]obj_color:  23%|██▎       | 186/800 [05:33<18:35,  1.82s/it]obj_color:  23%|██▎       | 187/800 [05:35<18:07,  1.77s/it]obj_color:  24%|██▎       | 188/800 [05:37<18:23,  1.80s/it]obj_color:  24%|██▎       | 189/800 [05:38<18:14,  1.79s/it]obj_color:  24%|██▍       | 190/800 [05:40<18:29,  1.82s/it]obj_color:  24%|██▍       | 191/800 [05:42<18:19,  1.80s/it]obj_color:  24%|██▍       | 192/800 [05:44<18:19,  1.81s/it]obj_color:  24%|██▍       | 193/800 [05:46<18:22,  1.82s/it]obj_color:  24%|██▍       | 194/800 [05:48<18:09,  1.80s/it]obj_color:  24%|██▍       | 195/800 [05:49<18:10,  1.80s/it]obj_color:  24%|██▍       | 196/800 [05:51<18:05,  1.80s/it]obj_color:  25%|██▍       | 197/800 [05:53<18:11,  1.81s/it]obj_color:  25%|██▍       | 198/800 [05:55<17:59,  1.79s/it]obj_color:  25%|██▍       | 199/800 [05:57<18:13,  1.82s/it]obj_color:  25%|██▌       | 200/800 [05:58<18:02,  1.80s/it]obj_color:  25%|██▌       | 201/800 [06:00<18:14,  1.83s/it]obj_color:  25%|██▌       | 202/800 [06:02<17:43,  1.78s/it]obj_color:  25%|██▌       | 203/800 [06:04<17:58,  1.81s/it]obj_color:  26%|██▌       | 204/800 [06:06<17:48,  1.79s/it]obj_color:  26%|██▌       | 205/800 [06:07<17:46,  1.79s/it]obj_color:  26%|██▌       | 206/800 [06:09<17:52,  1.81s/it]obj_color:  26%|██▌       | 207/800 [06:11<17:40,  1.79s/it]obj_color:  26%|██▌       | 208/800 [06:13<17:52,  1.81s/it]obj_color:  26%|██▌       | 209/800 [06:14<17:24,  1.77s/it]obj_color:  26%|██▋       | 210/800 [06:16<17:42,  1.80s/it]obj_color:  26%|██▋       | 211/800 [06:18<17:32,  1.79s/it]obj_color:  26%|██▋       | 212/800 [06:20<17:47,  1.82s/it]obj_color:  27%|██▋       | 213/800 [06:22<17:34,  1.80s/it]obj_color:  27%|██▋       | 214/800 [06:23<17:31,  1.79s/it]obj_color:  27%|██▋       | 215/800 [06:25<17:40,  1.81s/it]obj_color:  27%|██▋       | 216/800 [06:27<17:20,  1.78s/it]obj_color:  27%|██▋       | 217/800 [06:29<17:28,  1.80s/it]obj_color:  27%|██▋       | 218/800 [06:31<17:18,  1.78s/it]obj_color:  27%|██▋       | 219/800 [06:33<17:34,  1.81s/it]obj_color:  28%|██▊       | 220/800 [06:34<17:24,  1.80s/it]obj_color:  28%|██▊       | 221/800 [06:36<17:33,  1.82s/it]obj_color:  28%|██▊       | 222/800 [06:38<17:25,  1.81s/it]obj_color:  28%|██▊       | 223/800 [06:40<17:19,  1.80s/it]obj_color:  28%|██▊       | 224/800 [06:42<17:13,  1.80s/it]obj_color:  28%|██▊       | 225/800 [06:43<17:10,  1.79s/it]obj_color:  28%|██▊       | 226/800 [06:45<17:16,  1.81s/it]obj_color:  28%|██▊       | 227/800 [06:47<17:05,  1.79s/it]obj_color:  28%|██▊       | 228/800 [06:49<17:19,  1.82s/it]obj_color:  29%|██▊       | 229/800 [06:51<17:07,  1.80s/it]obj_color:  29%|██▉       | 230/800 [06:52<17:20,  1.82s/it]obj_color:  29%|██▉       | 231/800 [06:54<16:53,  1.78s/it]obj_color:  29%|██▉       | 232/800 [06:56<17:08,  1.81s/it]obj_color:  29%|██▉       | 233/800 [06:58<16:59,  1.80s/it]obj_color:  29%|██▉       | 234/800 [07:00<16:58,  1.80s/it]obj_color:  29%|██▉       | 235/800 [07:01<17:04,  1.81s/it]obj_color:  30%|██▉       | 236/800 [07:03<16:51,  1.79s/it]obj_color:  30%|██▉       | 237/800 [07:05<17:04,  1.82s/it]obj_color:  30%|██▉       | 238/800 [07:07<16:35,  1.77s/it]obj_color:  30%|██▉       | 239/800 [07:09<16:52,  1.80s/it]obj_color:  30%|███       | 240/800 [07:10<16:43,  1.79s/it]obj_color:  30%|███       | 241/800 [07:12<16:57,  1.82s/it]obj_color:  30%|███       | 242/800 [07:14<16:45,  1.80s/it]obj_color:  30%|███       | 243/800 [07:16<16:44,  1.80s/it]obj_color:  30%|███       | 244/800 [07:18<16:48,  1.81s/it]obj_color:  31%|███       | 245/800 [07:19<16:31,  1.79s/it]obj_color:  31%|███       | 246/800 [07:21<16:35,  1.80s/it]obj_color:  31%|███       | 247/800 [07:23<16:27,  1.79s/it]obj_color:  31%|███       | 248/800 [07:25<16:39,  1.81s/it]obj_color:  31%|███       | 249/800 [07:27<16:29,  1.80s/it]obj_color:  31%|███▏      | 250/800 [07:28<16:42,  1.82s/it]obj_color:  31%|███▏      | 251/800 [07:30<16:29,  1.80s/it]obj_color:  32%|███▏      | 252/800 [07:32<16:38,  1.82s/it]obj_color:  32%|███▏      | 253/800 [07:34<16:10,  1.77s/it]obj_color:  32%|███▏      | 254/800 [07:36<16:25,  1.81s/it]obj_color:  32%|███▏      | 255/800 [07:37<16:15,  1.79s/it]obj_color:  32%|███▏      | 256/800 [07:39<16:14,  1.79s/it]obj_color:  32%|███▏      | 257/800 [07:41<16:20,  1.81s/it]obj_color:  32%|███▏      | 258/800 [07:43<16:09,  1.79s/it]obj_color:  32%|███▏      | 259/800 [07:45<16:23,  1.82s/it]obj_color:  32%|███▎      | 260/800 [07:46<15:55,  1.77s/it]obj_color:  33%|███▎      | 261/800 [07:48<16:12,  1.80s/it]obj_color:  33%|███▎      | 262/800 [07:50<16:02,  1.79s/it]obj_color:  33%|███▎      | 263/800 [07:52<16:15,  1.82s/it]obj_color:  33%|███▎      | 264/800 [07:54<16:04,  1.80s/it]obj_color:  33%|███▎      | 265/800 [07:55<16:03,  1.80s/it]obj_color:  33%|███▎      | 266/800 [07:57<16:07,  1.81s/it]obj_color:  33%|███▎      | 267/800 [07:59<15:50,  1.78s/it]obj_color:  34%|███▎      | 268/800 [08:01<15:56,  1.80s/it]obj_color:  34%|███▎      | 269/800 [08:02<15:44,  1.78s/it]obj_color:  34%|███▍      | 270/800 [08:04<15:59,  1.81s/it]obj_color:  34%|███▍      | 271/800 [08:06<15:52,  1.80s/it]obj_color:  34%|███▍      | 272/800 [08:08<16:01,  1.82s/it]obj_color:  34%|███▍      | 273/800 [08:10<15:52,  1.81s/it]obj_color:  34%|███▍      | 274/800 [08:12<15:49,  1.80s/it]obj_color:  34%|███▍      | 275/800 [08:13<15:38,  1.79s/it]obj_color:  34%|███▍      | 276/800 [08:15<15:38,  1.79s/it]obj_color:  35%|███▍      | 277/800 [08:17<15:46,  1.81s/it]obj_color:  35%|███▍      | 278/800 [08:19<15:37,  1.80s/it]obj_color:  35%|███▍      | 279/800 [08:21<15:49,  1.82s/it]obj_color:  35%|███▌      | 280/800 [08:22<15:39,  1.81s/it]obj_color:  35%|███▌      | 281/800 [08:24<15:48,  1.83s/it]obj_color:  35%|███▌      | 282/800 [08:26<15:28,  1.79s/it]obj_color:  35%|███▌      | 283/800 [08:28<15:28,  1.80s/it]obj_color:  36%|███▌      | 284/800 [08:30<15:32,  1.81s/it]obj_color:  36%|███▌      | 285/800 [08:31<15:21,  1.79s/it]obj_color:  36%|███▌      | 286/800 [08:33<15:33,  1.82s/it]obj_color:  36%|███▌      | 287/800 [08:35<15:24,  1.80s/it]obj_color:  36%|███▌      | 288/800 [08:37<15:34,  1.83s/it]obj_color:  36%|███▌      | 289/800 [08:39<15:09,  1.78s/it]obj_color:  36%|███▋      | 290/800 [08:40<15:23,  1.81s/it]obj_color:  36%|███▋      | 291/800 [08:42<15:13,  1.80s/it]obj_color:  36%|███▋      | 292/800 [08:44<15:14,  1.80s/it]obj_color:  37%|███▋      | 293/800 [08:46<15:17,  1.81s/it]obj_color:  37%|███▋      | 294/800 [08:48<15:10,  1.80s/it]obj_color:  37%|███▋      | 295/800 [08:49<15:18,  1.82s/it]obj_color:  37%|███▋      | 296/800 [08:51<14:58,  1.78s/it]obj_color:  37%|███▋      | 297/800 [08:53<15:10,  1.81s/it]obj_color:  37%|███▋      | 298/800 [08:55<15:01,  1.80s/it]obj_color:  37%|███▋      | 299/800 [08:57<15:12,  1.82s/it]obj_color:  38%|███▊      | 300/800 [08:58<15:02,  1.80s/it]obj_color:  38%|███▊      | 301/800 [09:00<15:02,  1.81s/it]obj_color:  38%|███▊      | 302/800 [09:02<15:02,  1.81s/it]obj_color:  38%|███▊      | 303/800 [09:04<14:51,  1.79s/it]obj_color:  38%|███▊      | 304/800 [09:06<14:48,  1.79s/it]obj_color:  38%|███▊      | 305/800 [09:07<14:45,  1.79s/it]obj_color:  38%|███▊      | 306/800 [09:09<14:54,  1.81s/it]obj_color:  38%|███▊      | 307/800 [09:11<14:44,  1.79s/it]obj_color:  38%|███▊      | 308/800 [09:13<14:56,  1.82s/it]obj_color:  39%|███▊      | 309/800 [09:15<14:47,  1.81s/it]obj_color:  39%|███▉      | 310/800 [09:17<14:55,  1.83s/it]obj_color:  39%|███▉      | 311/800 [09:18<14:27,  1.77s/it]obj_color:  39%|███▉      | 312/800 [09:20<14:40,  1.81s/it]obj_color:  39%|███▉      | 313/800 [09:22<14:30,  1.79s/it]obj_color:  39%|███▉      | 314/800 [09:24<14:29,  1.79s/it]obj_color:  39%|███▉      | 315/800 [09:25<14:35,  1.80s/it]obj_color:  40%|███▉      | 316/800 [09:27<14:23,  1.78s/it]obj_color:  40%|███▉      | 317/800 [09:29<14:34,  1.81s/it]obj_color:  40%|███▉      | 318/800 [09:31<14:09,  1.76s/it]obj_color:  40%|███▉      | 319/800 [09:33<14:25,  1.80s/it]obj_color:  40%|████      | 320/800 [09:34<14:16,  1.78s/it]obj_color:  40%|████      | 321/800 [09:36<14:24,  1.80s/it]obj_color:  40%|████      | 322/800 [09:38<14:22,  1.81s/it]obj_color:  40%|████      | 323/800 [09:40<14:20,  1.80s/it]obj_color:  40%|████      | 324/800 [09:42<14:25,  1.82s/it]obj_color:  41%|████      | 325/800 [09:43<14:10,  1.79s/it]obj_color:  41%|████      | 326/800 [09:45<14:16,  1.81s/it]obj_color:  41%|████      | 327/800 [09:47<14:06,  1.79s/it]obj_color:  41%|████      | 328/800 [09:49<14:18,  1.82s/it]obj_color:  41%|████      | 329/800 [09:51<14:09,  1.80s/it]obj_color:  41%|████▏     | 330/800 [09:53<14:19,  1.83s/it]obj_color:  41%|████▏     | 331/800 [09:54<14:10,  1.81s/it]obj_color:  42%|████▏     | 332/800 [09:56<14:08,  1.81s/it]obj_color:  42%|████▏     | 333/800 [09:58<14:00,  1.80s/it]obj_color:  42%|████▏     | 334/800 [10:00<13:57,  1.80s/it]obj_color:  42%|████▏     | 335/800 [10:02<14:01,  1.81s/it]obj_color:  42%|████▏     | 336/800 [10:03<13:51,  1.79s/it]obj_color:  42%|████▏     | 337/800 [10:05<14:02,  1.82s/it]obj_color:  42%|████▏     | 338/800 [10:07<13:52,  1.80s/it]obj_color:  42%|████▏     | 339/800 [10:09<14:01,  1.83s/it]obj_color:  42%|████▎     | 340/800 [10:11<13:41,  1.79s/it]obj_color:  43%|████▎     | 341/800 [10:12<13:52,  1.81s/it]obj_color:  43%|████▎     | 342/800 [10:14<13:44,  1.80s/it]obj_color:  43%|████▎     | 343/800 [10:16<13:42,  1.80s/it]obj_color:  43%|████▎     | 344/800 [10:18<13:45,  1.81s/it]obj_color:  43%|████▎     | 345/800 [10:19<13:04,  1.73s/it]obj_color:  43%|████▎     | 346/800 [10:21<13:12,  1.75s/it]obj_color:  43%|████▎     | 347/800 [10:23<13:04,  1.73s/it]obj_color:  44%|████▎     | 348/800 [10:25<13:17,  1.76s/it]obj_color:  44%|████▎     | 349/800 [10:26<13:13,  1.76s/it]obj_color:  44%|████▍     | 350/800 [10:28<13:28,  1.80s/it]obj_color:  44%|████▍     | 351/800 [10:30<13:23,  1.79s/it]obj_color:  44%|████▍     | 352/800 [10:32<13:32,  1.81s/it]obj_color:  44%|████▍     | 353/800 [10:34<13:24,  1.80s/it]obj_color:  44%|████▍     | 354/800 [10:36<13:31,  1.82s/it]obj_color:  44%|████▍     | 355/800 [10:37<13:11,  1.78s/it]obj_color:  44%|████▍     | 356/800 [10:39<13:12,  1.79s/it]obj_color:  45%|████▍     | 357/800 [10:41<13:15,  1.80s/it]obj_color:  45%|████▍     | 358/800 [10:43<13:09,  1.79s/it]obj_color:  45%|████▍     | 359/800 [10:44<13:17,  1.81s/it]obj_color:  45%|████▌     | 360/800 [10:46<13:10,  1.80s/it]obj_color:  45%|████▌     | 361/800 [10:48<13:19,  1.82s/it]obj_color:  45%|████▌     | 362/800 [10:50<12:58,  1.78s/it]obj_color:  45%|████▌     | 363/800 [10:52<13:10,  1.81s/it]obj_color:  46%|████▌     | 364/800 [10:53<13:04,  1.80s/it]obj_color:  46%|████▌     | 365/800 [10:55<13:04,  1.80s/it]obj_color:  46%|████▌     | 366/800 [10:57<13:05,  1.81s/it]obj_color:  46%|████▌     | 367/800 [10:59<12:57,  1.80s/it]obj_color:  46%|████▌     | 368/800 [11:01<13:05,  1.82s/it]obj_color:  46%|████▌     | 369/800 [11:02<12:44,  1.77s/it]obj_color:  46%|████▋     | 370/800 [11:04<12:51,  1.79s/it]obj_color:  46%|████▋     | 371/800 [11:06<12:42,  1.78s/it]obj_color:  46%|████▋     | 372/800 [11:08<12:52,  1.81s/it]obj_color:  47%|████▋     | 373/800 [11:10<12:46,  1.79s/it]obj_color:  47%|████▋     | 374/800 [11:12<12:55,  1.82s/it]obj_color:  47%|████▋     | 375/800 [11:13<12:45,  1.80s/it]obj_color:  47%|████▋     | 376/800 [11:15<12:52,  1.82s/it]obj_color:  47%|████▋     | 377/800 [11:17<12:32,  1.78s/it]obj_color:  47%|████▋     | 378/800 [11:19<12:33,  1.79s/it]obj_color:  47%|████▋     | 379/800 [11:20<12:36,  1.80s/it]obj_color:  48%|████▊     | 380/800 [11:22<12:32,  1.79s/it]obj_color:  48%|████▊     | 381/800 [11:24<12:39,  1.81s/it]obj_color:  48%|████▊     | 382/800 [11:26<12:31,  1.80s/it]obj_color:  48%|████▊     | 383/800 [11:28<12:39,  1.82s/it]obj_color:  48%|████▊     | 384/800 [11:29<12:19,  1.78s/it]obj_color:  48%|████▊     | 385/800 [11:31<12:31,  1.81s/it]obj_color:  48%|████▊     | 386/800 [11:33<12:24,  1.80s/it]obj_color:  48%|████▊     | 387/800 [11:35<12:23,  1.80s/it]obj_color:  48%|████▊     | 388/800 [11:37<12:25,  1.81s/it]obj_color:  49%|████▊     | 389/800 [11:38<12:16,  1.79s/it]obj_color:  49%|████▉     | 390/800 [11:40<12:25,  1.82s/it]obj_color:  49%|████▉     | 391/800 [11:42<12:05,  1.77s/it]obj_color:  49%|████▉     | 392/800 [11:44<12:14,  1.80s/it]obj_color:  49%|████▉     | 393/800 [11:46<12:06,  1.79s/it]obj_color:  49%|████▉     | 394/800 [11:47<12:16,  1.81s/it]obj_color:  49%|████▉     | 395/800 [11:49<12:07,  1.80s/it]obj_color:  50%|████▉     | 396/800 [11:51<12:07,  1.80s/it]obj_color:  50%|████▉     | 397/800 [11:53<12:10,  1.81s/it]obj_color:  50%|████▉     | 398/800 [11:55<12:03,  1.80s/it]obj_color:  50%|████▉     | 399/800 [11:56<12:02,  1.80s/it]obj_color:  50%|█████     | 400/800 [11:58<11:58,  1.80s/it]obj_color:  50%|█████     | 401/800 [12:00<12:04,  1.82s/it]obj_color:  50%|█████     | 402/800 [12:02<11:55,  1.80s/it]obj_color:  50%|█████     | 403/800 [12:04<12:04,  1.82s/it]obj_color:  50%|█████     | 404/800 [12:06<11:55,  1.81s/it]obj_color:  51%|█████     | 405/800 [12:07<12:01,  1.83s/it]obj_color:  51%|█████     | 406/800 [12:09<11:40,  1.78s/it]obj_color:  51%|█████     | 407/800 [12:11<11:49,  1.81s/it]obj_color:  51%|█████     | 408/800 [12:13<11:42,  1.79s/it]obj_color:  51%|█████     | 409/800 [12:14<11:40,  1.79s/it]obj_color:  51%|█████▏    | 410/800 [12:16<11:44,  1.81s/it]obj_color:  51%|█████▏    | 411/800 [12:18<11:37,  1.79s/it]obj_color:  52%|█████▏    | 412/800 [12:20<11:46,  1.82s/it]obj_color:  52%|█████▏    | 413/800 [12:22<11:25,  1.77s/it]obj_color:  52%|█████▏    | 414/800 [12:24<11:37,  1.81s/it]obj_color:  52%|█████▏    | 415/800 [12:25<11:31,  1.80s/it]obj_color:  52%|█████▏    | 416/800 [12:27<11:38,  1.82s/it]obj_color:  52%|█████▏    | 417/800 [12:29<11:30,  1.80s/it]obj_color:  52%|█████▏    | 418/800 [12:31<11:26,  1.80s/it]obj_color:  52%|█████▏    | 419/800 [12:33<11:30,  1.81s/it]obj_color:  52%|█████▎    | 420/800 [12:34<11:17,  1.78s/it]obj_color:  53%|█████▎    | 421/800 [12:36<11:21,  1.80s/it]obj_color:  53%|█████▎    | 422/800 [12:38<11:14,  1.79s/it]obj_color:  53%|█████▎    | 423/800 [12:40<11:23,  1.81s/it]obj_color:  53%|█████▎    | 424/800 [12:42<11:16,  1.80s/it]obj_color:  53%|█████▎    | 425/800 [12:43<11:23,  1.82s/it]obj_color:  53%|█████▎    | 426/800 [12:45<11:13,  1.80s/it]obj_color:  53%|█████▎    | 427/800 [12:47<11:19,  1.82s/it]obj_color:  54%|█████▎    | 428/800 [12:49<11:00,  1.78s/it]obj_color:  54%|█████▎    | 429/800 [12:51<11:10,  1.81s/it]obj_color:  54%|█████▍    | 430/800 [12:52<11:02,  1.79s/it]obj_color:  54%|█████▍    | 431/800 [12:54<11:00,  1.79s/it]obj_color:  54%|█████▍    | 432/800 [12:56<11:03,  1.80s/it]obj_color:  54%|█████▍    | 433/800 [12:58<10:56,  1.79s/it]obj_color:  54%|█████▍    | 434/800 [13:00<11:03,  1.81s/it]obj_color:  54%|█████▍    | 435/800 [13:01<10:43,  1.76s/it]obj_color:  55%|█████▍    | 436/800 [13:03<10:54,  1.80s/it]obj_color:  55%|█████▍    | 437/800 [13:05<10:47,  1.78s/it]obj_color:  55%|█████▍    | 438/800 [13:07<10:56,  1.81s/it]obj_color:  55%|█████▍    | 439/800 [13:08<10:46,  1.79s/it]obj_color:  55%|█████▌    | 440/800 [13:10<10:46,  1.80s/it]obj_color:  55%|█████▌    | 441/800 [13:12<10:46,  1.80s/it]obj_color:  55%|█████▌    | 442/800 [13:14<10:36,  1.78s/it]obj_color:  55%|█████▌    | 443/800 [13:16<10:38,  1.79s/it]obj_color:  56%|█████▌    | 444/800 [13:17<10:34,  1.78s/it]obj_color:  56%|█████▌    | 445/800 [13:19<10:38,  1.80s/it]obj_color:  56%|█████▌    | 446/800 [13:21<10:29,  1.78s/it]obj_color:  56%|█████▌    | 447/800 [13:23<10:39,  1.81s/it]obj_color:  56%|█████▌    | 448/800 [13:25<10:30,  1.79s/it]obj_color:  56%|█████▌    | 449/800 [13:26<10:38,  1.82s/it]obj_color:  56%|█████▋    | 450/800 [13:28<10:21,  1.77s/it]obj_color:  56%|█████▋    | 451/800 [13:30<10:30,  1.81s/it]obj_color:  56%|█████▋    | 452/800 [13:32<10:23,  1.79s/it]obj_color:  57%|█████▋    | 453/800 [13:34<10:23,  1.80s/it]obj_color:  57%|█████▋    | 454/800 [13:35<10:26,  1.81s/it]obj_color:  57%|█████▋    | 455/800 [13:37<10:20,  1.80s/it]obj_color:  57%|█████▋    | 456/800 [13:39<10:26,  1.82s/it]obj_color:  57%|█████▋    | 457/800 [13:41<10:09,  1.78s/it]obj_color:  57%|█████▋    | 458/800 [13:43<10:17,  1.81s/it]obj_color:  57%|█████▋    | 459/800 [13:44<10:11,  1.79s/it]obj_color:  57%|█████▊    | 460/800 [13:46<10:18,  1.82s/it]obj_color:  58%|█████▊    | 461/800 [13:48<10:09,  1.80s/it]obj_color:  58%|█████▊    | 462/800 [13:50<10:08,  1.80s/it]obj_color:  58%|█████▊    | 463/800 [13:52<10:10,  1.81s/it]obj_color:  58%|█████▊    | 464/800 [13:53<10:00,  1.79s/it]obj_color:  58%|█████▊    | 465/800 [13:55<10:04,  1.81s/it]obj_color:  58%|█████▊    | 466/800 [13:57<09:57,  1.79s/it]obj_color:  58%|█████▊    | 467/800 [13:59<10:04,  1.82s/it]obj_color:  58%|█████▊    | 468/800 [14:01<09:57,  1.80s/it]obj_color:  59%|█████▊    | 469/800 [14:03<10:04,  1.83s/it]obj_color:  59%|█████▉    | 470/800 [14:04<09:55,  1.80s/it]obj_color:  59%|█████▉    | 471/800 [14:06<10:00,  1.82s/it]obj_color:  59%|█████▉    | 472/800 [14:08<09:44,  1.78s/it]obj_color:  59%|█████▉    | 473/800 [14:10<09:44,  1.79s/it]obj_color:  59%|█████▉    | 474/800 [14:11<09:46,  1.80s/it]obj_color:  59%|█████▉    | 475/800 [14:13<09:42,  1.79s/it]obj_color:  60%|█████▉    | 476/800 [14:15<09:48,  1.82s/it]obj_color:  60%|█████▉    | 477/800 [14:17<09:40,  1.80s/it]obj_color:  60%|█████▉    | 478/800 [14:19<09:47,  1.82s/it]obj_color:  60%|█████▉    | 479/800 [14:20<09:31,  1.78s/it]obj_color:  60%|██████    | 480/800 [14:22<09:39,  1.81s/it]obj_color:  60%|██████    | 481/800 [14:24<09:34,  1.80s/it]obj_color:  60%|██████    | 482/800 [14:26<09:35,  1.81s/it]obj_color:  60%|██████    | 483/800 [14:28<09:35,  1.82s/it]obj_color:  60%|██████    | 484/800 [14:29<09:28,  1.80s/it]obj_color:  61%|██████    | 485/800 [14:31<09:33,  1.82s/it]obj_color:  61%|██████    | 486/800 [14:33<09:21,  1.79s/it]obj_color:  61%|██████    | 487/800 [14:35<09:24,  1.80s/it]obj_color:  61%|██████    | 488/800 [14:37<09:17,  1.79s/it]obj_color:  61%|██████    | 489/800 [14:39<09:24,  1.82s/it]obj_color:  61%|██████▏   | 490/800 [14:40<09:18,  1.80s/it]obj_color:  61%|██████▏   | 491/800 [14:42<09:23,  1.82s/it]obj_color:  62%|██████▏   | 492/800 [14:44<09:16,  1.81s/it]obj_color:  62%|██████▏   | 493/800 [14:46<09:19,  1.82s/it]obj_color:  62%|██████▏   | 494/800 [14:48<09:05,  1.78s/it]obj_color:  62%|██████▏   | 495/800 [14:49<09:06,  1.79s/it]obj_color:  62%|██████▏   | 496/800 [14:51<09:09,  1.81s/it]obj_color:  62%|██████▏   | 497/800 [14:53<09:03,  1.79s/it]obj_color:  62%|██████▏   | 498/800 [14:55<09:08,  1.82s/it]obj_color:  62%|██████▏   | 499/800 [14:57<09:01,  1.80s/it]obj_color:  62%|██████▎   | 500/800 [14:58<09:07,  1.82s/it]obj_color:  63%|██████▎   | 501/800 [15:00<08:52,  1.78s/it]obj_color:  63%|██████▎   | 502/800 [15:02<09:00,  1.81s/it]obj_color:  63%|██████▎   | 503/800 [15:04<08:53,  1.80s/it]obj_color:  63%|██████▎   | 504/800 [15:06<08:51,  1.80s/it]obj_color:  63%|██████▎   | 505/800 [15:07<08:53,  1.81s/it]obj_color:  63%|██████▎   | 506/800 [15:09<08:46,  1.79s/it]obj_color:  63%|██████▎   | 507/800 [15:11<08:52,  1.82s/it]obj_color:  64%|██████▎   | 508/800 [15:13<08:36,  1.77s/it]obj_color:  64%|██████▎   | 509/800 [15:15<08:44,  1.80s/it]obj_color:  64%|██████▍   | 510/800 [15:16<08:38,  1.79s/it]obj_color:  64%|██████▍   | 511/800 [15:18<08:45,  1.82s/it]obj_color:  64%|██████▍   | 512/800 [15:20<08:38,  1.80s/it]obj_color:  64%|██████▍   | 513/800 [15:22<08:37,  1.80s/it]obj_color:  64%|██████▍   | 514/800 [15:24<08:37,  1.81s/it]obj_color:  64%|██████▍   | 515/800 [15:25<08:29,  1.79s/it]obj_color:  64%|██████▍   | 516/800 [15:27<08:31,  1.80s/it]obj_color:  65%|██████▍   | 517/800 [15:29<08:25,  1.79s/it]obj_color:  65%|██████▍   | 518/800 [15:31<08:32,  1.82s/it]obj_color:  65%|██████▍   | 519/800 [15:33<08:27,  1.81s/it]obj_color:  65%|██████▌   | 520/800 [15:34<08:27,  1.81s/it]obj_color:  65%|██████▌   | 521/800 [15:36<08:26,  1.82s/it]obj_color:  65%|██████▌   | 522/800 [15:38<08:28,  1.83s/it]obj_color:  65%|██████▌   | 523/800 [15:40<08:13,  1.78s/it]obj_color:  66%|██████▌   | 524/800 [15:42<08:13,  1.79s/it]obj_color:  66%|██████▌   | 525/800 [15:43<08:14,  1.80s/it]obj_color:  66%|██████▌   | 526/800 [15:45<08:10,  1.79s/it]obj_color:  66%|██████▌   | 527/800 [15:47<08:13,  1.81s/it]obj_color:  66%|██████▌   | 528/800 [15:49<08:06,  1.79s/it]obj_color:  66%|██████▌   | 529/800 [15:51<08:12,  1.82s/it]obj_color:  66%|██████▋   | 530/800 [15:52<08:00,  1.78s/it]obj_color:  66%|██████▋   | 531/800 [15:54<08:07,  1.81s/it]obj_color:  66%|██████▋   | 532/800 [15:56<07:36,  1.70s/it]obj_color:  67%|██████▋   | 533/800 [15:58<07:49,  1.76s/it]obj_color:  67%|██████▋   | 534/800 [15:59<07:49,  1.77s/it]obj_color:  67%|██████▋   | 535/800 [16:01<07:54,  1.79s/it]obj_color:  67%|██████▋   | 536/800 [16:03<07:54,  1.80s/it]obj_color:  67%|██████▋   | 537/800 [16:05<07:47,  1.78s/it]obj_color:  67%|██████▋   | 538/800 [16:07<07:50,  1.80s/it]obj_color:  67%|██████▋   | 539/800 [16:08<07:46,  1.79s/it]obj_color:  68%|██████▊   | 540/800 [16:10<07:51,  1.81s/it]obj_color:  68%|██████▊   | 541/800 [16:12<07:46,  1.80s/it]obj_color:  68%|██████▊   | 542/800 [16:14<07:50,  1.83s/it]obj_color:  68%|██████▊   | 543/800 [16:16<07:44,  1.81s/it]obj_color:  68%|██████▊   | 544/800 [16:17<07:43,  1.81s/it]obj_color:  68%|██████▊   | 545/800 [16:19<07:37,  1.80s/it]obj_color:  68%|██████▊   | 546/800 [16:21<07:36,  1.80s/it]obj_color:  68%|██████▊   | 547/800 [16:23<07:38,  1.81s/it]obj_color:  68%|██████▊   | 548/800 [16:25<07:32,  1.79s/it]obj_color:  69%|██████▊   | 549/800 [16:27<07:37,  1.82s/it]obj_color:  69%|██████▉   | 550/800 [16:28<07:31,  1.81s/it]obj_color:  69%|██████▉   | 551/800 [16:30<07:35,  1.83s/it]obj_color:  69%|██████▉   | 552/800 [16:32<07:23,  1.79s/it]obj_color:  69%|██████▉   | 553/800 [16:34<07:28,  1.82s/it]obj_color:  69%|██████▉   | 554/800 [16:35<07:22,  1.80s/it]obj_color:  69%|██████▉   | 555/800 [16:37<07:20,  1.80s/it]obj_color:  70%|██████▉   | 556/800 [16:39<07:22,  1.81s/it]obj_color:  70%|██████▉   | 557/800 [16:41<07:15,  1.79s/it]obj_color:  70%|██████▉   | 558/800 [16:43<07:20,  1.82s/it]obj_color:  70%|██████▉   | 559/800 [16:44<07:07,  1.77s/it]obj_color:  70%|███████   | 560/800 [16:46<07:13,  1.81s/it]obj_color:  70%|███████   | 561/800 [16:48<07:08,  1.79s/it]obj_color:  70%|███████   | 562/800 [16:50<07:12,  1.82s/it]obj_color:  70%|███████   | 563/800 [16:52<07:06,  1.80s/it]obj_color:  70%|███████   | 564/800 [16:53<07:04,  1.80s/it]obj_color:  71%|███████   | 565/800 [16:55<07:05,  1.81s/it]obj_color:  71%|███████   | 566/800 [16:57<06:56,  1.78s/it]obj_color:  71%|███████   | 567/800 [16:59<06:59,  1.80s/it]obj_color:  71%|███████   | 568/800 [17:01<06:54,  1.79s/it]obj_color:  71%|███████   | 569/800 [17:03<06:59,  1.81s/it]obj_color:  71%|███████▏  | 570/800 [17:04<06:54,  1.80s/it]obj_color:  71%|███████▏  | 571/800 [17:06<06:57,  1.82s/it]obj_color:  72%|███████▏  | 572/800 [17:08<06:51,  1.81s/it]obj_color:  72%|███████▏  | 573/800 [17:10<06:47,  1.80s/it]obj_color:  72%|███████▏  | 574/800 [17:12<06:47,  1.80s/it]obj_color:  72%|███████▏  | 575/800 [17:13<06:43,  1.80s/it]obj_color:  72%|███████▏  | 576/800 [17:15<06:46,  1.82s/it]obj_color:  72%|███████▏  | 577/800 [17:17<06:41,  1.80s/it]obj_color:  72%|███████▏  | 578/800 [17:19<06:45,  1.83s/it]obj_color:  72%|███████▏  | 579/800 [17:21<06:38,  1.81s/it]obj_color:  72%|███████▎  | 580/800 [17:22<06:41,  1.83s/it]obj_color:  73%|███████▎  | 581/800 [17:24<06:32,  1.79s/it]obj_color:  73%|███████▎  | 582/800 [17:26<06:31,  1.80s/it]obj_color:  73%|███████▎  | 583/800 [17:28<06:32,  1.81s/it]obj_color:  73%|███████▎  | 584/800 [17:30<06:28,  1.80s/it]obj_color:  73%|███████▎  | 585/800 [17:31<06:30,  1.82s/it]obj_color:  73%|███████▎  | 586/800 [17:33<06:25,  1.80s/it]obj_color:  73%|███████▎  | 587/800 [17:35<06:28,  1.83s/it]obj_color:  74%|███████▎  | 588/800 [17:37<06:18,  1.79s/it]obj_color:  74%|███████▎  | 589/800 [17:39<06:23,  1.82s/it]obj_color:  74%|███████▍  | 590/800 [17:40<06:17,  1.80s/it]obj_color:  74%|███████▍  | 591/800 [17:42<06:16,  1.80s/it]obj_color:  74%|███████▍  | 592/800 [17:44<06:16,  1.81s/it]obj_color:  74%|███████▍  | 593/800 [17:46<06:11,  1.79s/it]obj_color:  74%|███████▍  | 594/800 [17:48<06:14,  1.82s/it]obj_color:  74%|███████▍  | 595/800 [17:49<06:05,  1.78s/it]obj_color:  74%|███████▍  | 596/800 [17:51<06:08,  1.81s/it]obj_color:  75%|███████▍  | 597/800 [17:53<06:04,  1.80s/it]obj_color:  75%|███████▍  | 598/800 [17:55<06:07,  1.82s/it]obj_color:  75%|███████▍  | 599/800 [17:57<06:02,  1.80s/it]obj_color:  75%|███████▌  | 600/800 [17:58<05:59,  1.80s/it]obj_color:  75%|███████▌  | 601/800 [18:00<06:00,  1.81s/it]obj_color:  75%|███████▌  | 602/800 [18:02<05:55,  1.79s/it]obj_color:  75%|███████▌  | 603/800 [18:04<05:49,  1.77s/it]obj_color:  76%|███████▌  | 604/800 [18:06<05:49,  1.78s/it]obj_color:  76%|███████▌  | 605/800 [18:07<05:50,  1.80s/it]obj_color:  76%|███████▌  | 606/800 [18:09<05:46,  1.79s/it]obj_color:  76%|███████▌  | 607/800 [18:11<05:49,  1.81s/it]obj_color:  76%|███████▌  | 608/800 [18:13<05:45,  1.80s/it]obj_color:  76%|███████▌  | 609/800 [18:15<05:48,  1.82s/it]obj_color:  76%|███████▋  | 610/800 [18:16<05:37,  1.77s/it]obj_color:  76%|███████▋  | 611/800 [18:18<05:41,  1.81s/it]obj_color:  76%|███████▋  | 612/800 [18:20<05:36,  1.79s/it]obj_color:  77%|███████▋  | 613/800 [18:22<05:36,  1.80s/it]obj_color:  77%|███████▋  | 614/800 [18:24<05:35,  1.81s/it]obj_color:  77%|███████▋  | 615/800 [18:25<05:32,  1.80s/it]obj_color:  77%|███████▋  | 616/800 [18:27<05:34,  1.82s/it]obj_color:  77%|███████▋  | 617/800 [18:29<05:26,  1.79s/it]obj_color:  77%|███████▋  | 618/800 [18:31<05:28,  1.80s/it]obj_color:  77%|███████▋  | 619/800 [18:33<05:23,  1.79s/it]obj_color:  78%|███████▊  | 620/800 [18:34<05:26,  1.82s/it]obj_color:  78%|███████▊  | 621/800 [18:36<05:22,  1.80s/it]obj_color:  78%|███████▊  | 622/800 [18:38<05:23,  1.82s/it]obj_color:  78%|███████▊  | 623/800 [18:40<05:20,  1.81s/it]obj_color:  78%|███████▊  | 624/800 [18:42<05:14,  1.79s/it]obj_color:  78%|███████▊  | 625/800 [18:43<05:14,  1.80s/it]obj_color:  78%|███████▊  | 626/800 [18:45<05:11,  1.79s/it]obj_color:  78%|███████▊  | 627/800 [18:47<05:13,  1.81s/it]obj_color:  78%|███████▊  | 628/800 [18:49<05:08,  1.79s/it]obj_color:  79%|███████▊  | 629/800 [18:51<05:11,  1.82s/it]obj_color:  79%|███████▉  | 630/800 [18:52<05:06,  1.81s/it]obj_color:  79%|███████▉  | 631/800 [18:54<05:08,  1.83s/it]obj_color:  79%|███████▉  | 632/800 [18:56<05:00,  1.79s/it]obj_color:  79%|███████▉  | 633/800 [18:58<04:59,  1.79s/it]obj_color:  79%|███████▉  | 634/800 [19:00<05:00,  1.81s/it]obj_color:  79%|███████▉  | 635/800 [19:01<04:55,  1.79s/it]obj_color:  80%|███████▉  | 636/800 [19:03<04:58,  1.82s/it]obj_color:  80%|███████▉  | 637/800 [19:05<04:53,  1.80s/it]obj_color:  80%|███████▉  | 638/800 [19:07<04:55,  1.82s/it]obj_color:  80%|███████▉  | 639/800 [19:09<04:46,  1.78s/it]obj_color:  80%|████████  | 640/800 [19:11<04:49,  1.81s/it]obj_color:  80%|████████  | 641/800 [19:12<04:44,  1.79s/it]obj_color:  80%|████████  | 642/800 [19:14<04:43,  1.80s/it]obj_color:  80%|████████  | 643/800 [19:16<04:43,  1.81s/it]obj_color:  80%|████████  | 644/800 [19:18<04:39,  1.79s/it]obj_color:  81%|████████  | 645/800 [19:20<04:41,  1.82s/it]obj_color:  81%|████████  | 646/800 [19:21<04:33,  1.77s/it]obj_color:  81%|████████  | 647/800 [19:23<04:35,  1.80s/it]obj_color:  81%|████████  | 648/800 [19:25<04:31,  1.79s/it]obj_color:  81%|████████  | 649/800 [19:27<04:34,  1.82s/it]obj_color:  81%|████████▏ | 650/800 [19:29<04:30,  1.81s/it]obj_color:  81%|████████▏ | 651/800 [19:30<04:30,  1.82s/it]obj_color:  82%|████████▏ | 652/800 [19:32<04:29,  1.82s/it]obj_color:  82%|████████▏ | 653/800 [19:34<04:23,  1.79s/it]obj_color:  82%|████████▏ | 654/800 [19:36<04:23,  1.80s/it]obj_color:  82%|████████▏ | 655/800 [19:38<04:20,  1.80s/it]obj_color:  82%|████████▏ | 656/800 [19:39<04:22,  1.82s/it]obj_color:  82%|████████▏ | 657/800 [19:41<04:17,  1.80s/it]obj_color:  82%|████████▏ | 658/800 [19:43<04:19,  1.83s/it]obj_color:  82%|████████▏ | 659/800 [19:45<04:15,  1.81s/it]obj_color:  82%|████████▎ | 660/800 [19:47<04:16,  1.83s/it]obj_color:  83%|████████▎ | 661/800 [19:48<04:08,  1.78s/it]obj_color:  83%|████████▎ | 662/800 [19:50<04:07,  1.80s/it]obj_color:  83%|████████▎ | 663/800 [19:52<04:07,  1.81s/it]obj_color:  83%|████████▎ | 664/800 [19:54<04:03,  1.79s/it]obj_color:  83%|████████▎ | 665/800 [19:56<04:05,  1.81s/it]obj_color:  83%|████████▎ | 666/800 [19:57<04:01,  1.80s/it]obj_color:  83%|████████▎ | 667/800 [19:59<04:02,  1.83s/it]obj_color:  84%|████████▎ | 668/800 [20:01<03:54,  1.78s/it]obj_color:  84%|████████▎ | 669/800 [20:03<03:57,  1.81s/it]obj_color:  84%|████████▍ | 670/800 [20:05<03:53,  1.80s/it]obj_color:  84%|████████▍ | 671/800 [20:06<03:53,  1.81s/it]obj_color:  84%|████████▍ | 672/800 [20:08<03:52,  1.81s/it]obj_color:  84%|████████▍ | 673/800 [20:10<03:49,  1.80s/it]obj_color:  84%|████████▍ | 674/800 [20:12<03:49,  1.83s/it]obj_color:  84%|████████▍ | 675/800 [20:14<03:41,  1.77s/it]obj_color:  84%|████████▍ | 676/800 [20:15<03:43,  1.80s/it]obj_color:  85%|████████▍ | 677/800 [20:17<03:39,  1.78s/it]obj_color:  85%|████████▍ | 678/800 [20:19<03:41,  1.81s/it]obj_color:  85%|████████▍ | 679/800 [20:21<03:37,  1.79s/it]obj_color:  85%|████████▌ | 680/800 [20:23<03:36,  1.81s/it]obj_color:  85%|████████▌ | 681/800 [20:24<03:35,  1.81s/it]obj_color:  85%|████████▌ | 682/800 [20:26<03:34,  1.82s/it]obj_color:  85%|████████▌ | 683/800 [20:28<03:29,  1.79s/it]obj_color:  86%|████████▌ | 684/800 [20:30<03:28,  1.80s/it]obj_color:  86%|████████▌ | 685/800 [20:32<03:28,  1.81s/it]obj_color:  86%|████████▌ | 686/800 [20:33<03:24,  1.80s/it]obj_color:  86%|████████▌ | 687/800 [20:35<03:26,  1.82s/it]obj_color:  86%|████████▌ | 688/800 [20:37<03:22,  1.81s/it]obj_color:  86%|████████▌ | 689/800 [20:39<03:23,  1.83s/it]obj_color:  86%|████████▋ | 690/800 [20:41<03:16,  1.78s/it]obj_color:  86%|████████▋ | 691/800 [20:43<03:17,  1.81s/it]obj_color:  86%|████████▋ | 692/800 [20:44<03:14,  1.80s/it]obj_color:  87%|████████▋ | 693/800 [20:46<03:12,  1.80s/it]obj_color:  87%|████████▋ | 694/800 [20:48<03:12,  1.81s/it]obj_color:  87%|████████▋ | 695/800 [20:50<03:08,  1.79s/it]obj_color:  87%|████████▋ | 696/800 [20:52<03:09,  1.82s/it]obj_color:  87%|████████▋ | 697/800 [20:53<03:03,  1.78s/it]obj_color:  87%|████████▋ | 698/800 [20:55<03:04,  1.81s/it]obj_color:  87%|████████▋ | 699/800 [20:57<03:01,  1.80s/it]obj_color:  88%|████████▊ | 700/800 [20:59<03:02,  1.82s/it]obj_color:  88%|████████▊ | 701/800 [21:01<02:58,  1.80s/it]obj_color:  88%|████████▊ | 702/800 [21:02<02:56,  1.80s/it]obj_color:  88%|████████▊ | 703/800 [21:04<02:56,  1.82s/it]obj_color:  88%|████████▊ | 704/800 [21:06<02:51,  1.79s/it]obj_color:  88%|████████▊ | 705/800 [21:08<02:51,  1.80s/it]obj_color:  88%|████████▊ | 706/800 [21:10<02:47,  1.78s/it]obj_color:  88%|████████▊ | 707/800 [21:11<02:48,  1.81s/it]obj_color:  88%|████████▊ | 708/800 [21:13<02:45,  1.80s/it]obj_color:  89%|████████▊ | 709/800 [21:15<02:46,  1.82s/it]obj_color:  89%|████████▉ | 710/800 [21:17<02:42,  1.81s/it]obj_color:  89%|████████▉ | 711/800 [21:19<02:41,  1.82s/it]obj_color:  89%|████████▉ | 712/800 [21:20<02:36,  1.77s/it]obj_color:  89%|████████▉ | 713/800 [21:22<02:35,  1.78s/it]obj_color:  89%|████████▉ | 714/800 [21:24<02:34,  1.80s/it]obj_color:  89%|████████▉ | 715/800 [21:26<02:27,  1.74s/it]obj_color:  90%|████████▉ | 716/800 [21:27<02:25,  1.73s/it]obj_color:  90%|████████▉ | 717/800 [21:29<02:24,  1.74s/it]obj_color:  90%|████████▉ | 718/800 [21:31<02:26,  1.78s/it]obj_color:  90%|████████▉ | 719/800 [21:33<02:21,  1.75s/it]obj_color:  90%|█████████ | 720/800 [21:34<02:23,  1.79s/it]obj_color:  90%|█████████ | 721/800 [21:36<02:20,  1.78s/it]obj_color:  90%|█████████ | 722/800 [21:38<02:21,  1.81s/it]obj_color:  90%|█████████ | 723/800 [21:40<02:18,  1.80s/it]obj_color:  90%|█████████ | 724/800 [21:42<02:16,  1.80s/it]obj_color:  91%|█████████ | 725/800 [21:44<02:15,  1.81s/it]obj_color:  91%|█████████ | 726/800 [21:45<02:11,  1.78s/it]obj_color:  91%|█████████ | 727/800 [21:47<02:11,  1.80s/it]obj_color:  91%|█████████ | 728/800 [21:49<02:08,  1.78s/it]obj_color:  91%|█████████ | 729/800 [21:51<02:08,  1.81s/it]obj_color:  91%|█████████▏| 730/800 [21:52<02:05,  1.80s/it]obj_color:  91%|█████████▏| 731/800 [21:54<02:04,  1.81s/it]obj_color:  92%|█████████▏| 732/800 [21:56<02:03,  1.81s/it]obj_color:  92%|█████████▏| 733/800 [21:58<02:01,  1.82s/it]obj_color:  92%|█████████▏| 734/800 [22:00<01:57,  1.78s/it]obj_color:  92%|█████████▏| 735/800 [22:01<01:55,  1.78s/it]obj_color:  92%|█████████▏| 736/800 [22:03<01:55,  1.80s/it]obj_color:  92%|█████████▏| 737/800 [22:05<01:52,  1.79s/it]obj_color:  92%|█████████▏| 738/800 [22:07<01:52,  1.81s/it]obj_color:  92%|█████████▏| 739/800 [22:09<01:49,  1.80s/it]obj_color:  92%|█████████▎| 740/800 [22:11<01:49,  1.82s/it]obj_color:  93%|█████████▎| 741/800 [22:12<01:44,  1.77s/it]obj_color:  93%|█████████▎| 742/800 [22:14<01:44,  1.81s/it]obj_color:  93%|█████████▎| 743/800 [22:16<01:41,  1.79s/it]obj_color:  93%|█████████▎| 744/800 [22:18<01:40,  1.80s/it]obj_color:  93%|█████████▎| 745/800 [22:19<01:39,  1.81s/it]obj_color:  93%|█████████▎| 746/800 [22:21<01:37,  1.80s/it]obj_color:  93%|█████████▎| 747/800 [22:23<01:36,  1.82s/it]obj_color:  94%|█████████▎| 748/800 [22:25<01:32,  1.78s/it]obj_color:  94%|█████████▎| 749/800 [22:27<01:32,  1.81s/it]obj_color:  94%|█████████▍| 750/800 [22:28<01:29,  1.80s/it]obj_color:  94%|█████████▍| 751/800 [22:30<01:29,  1.82s/it]obj_color:  94%|█████████▍| 752/800 [22:32<01:26,  1.80s/it]obj_color:  94%|█████████▍| 753/800 [22:34<01:24,  1.80s/it]obj_color:  94%|█████████▍| 754/800 [22:36<01:23,  1.81s/it]obj_color:  94%|█████████▍| 755/800 [22:37<01:20,  1.78s/it]obj_color:  94%|█████████▍| 756/800 [22:39<01:19,  1.80s/it]obj_color:  95%|█████████▍| 757/800 [22:41<01:16,  1.78s/it]obj_color:  95%|█████████▍| 758/800 [22:43<01:15,  1.81s/it]obj_color:  95%|█████████▍| 759/800 [22:45<01:13,  1.80s/it]obj_color:  95%|█████████▌| 760/800 [22:47<01:12,  1.82s/it]obj_color:  95%|█████████▌| 761/800 [22:48<01:10,  1.80s/it]obj_color:  95%|█████████▌| 762/800 [22:50<01:09,  1.82s/it]obj_color:  95%|█████████▌| 763/800 [22:52<01:06,  1.79s/it]obj_color:  96%|█████████▌| 764/800 [22:54<01:04,  1.79s/it]obj_color:  96%|█████████▌| 765/800 [22:56<01:03,  1.81s/it]obj_color:  96%|█████████▌| 766/800 [22:57<01:00,  1.79s/it]obj_color:  96%|█████████▌| 767/800 [22:59<00:59,  1.82s/it]obj_color:  96%|█████████▌| 768/800 [23:01<00:57,  1.80s/it]obj_color:  96%|█████████▌| 769/800 [23:03<00:56,  1.83s/it]obj_color:  96%|█████████▋| 770/800 [23:05<00:53,  1.79s/it]obj_color:  96%|█████████▋| 771/800 [23:06<00:52,  1.82s/it]obj_color:  96%|█████████▋| 772/800 [23:08<00:50,  1.80s/it]obj_color:  97%|█████████▋| 773/800 [23:10<00:48,  1.80s/it]obj_color:  97%|█████████▋| 774/800 [23:12<00:47,  1.81s/it]obj_color:  97%|█████████▋| 775/800 [23:14<00:44,  1.80s/it]obj_color:  97%|█████████▋| 776/800 [23:15<00:43,  1.82s/it]obj_color:  97%|█████████▋| 777/800 [23:17<00:40,  1.78s/it]obj_color:  97%|█████████▋| 778/800 [23:19<00:39,  1.81s/it]obj_color:  97%|█████████▋| 779/800 [23:21<00:37,  1.80s/it]obj_color:  98%|█████████▊| 780/800 [23:23<00:36,  1.82s/it]obj_color:  98%|█████████▊| 781/800 [23:24<00:34,  1.80s/it]obj_color:  98%|█████████▊| 782/800 [23:26<00:32,  1.80s/it]obj_color:  98%|█████████▊| 783/800 [23:28<00:30,  1.81s/it]obj_color:  98%|█████████▊| 784/800 [23:30<00:28,  1.78s/it]obj_color:  98%|█████████▊| 785/800 [23:32<00:26,  1.80s/it]obj_color:  98%|█████████▊| 786/800 [23:33<00:25,  1.79s/it]obj_color:  98%|█████████▊| 787/800 [23:35<00:23,  1.82s/it]obj_color:  98%|█████████▊| 788/800 [23:37<00:21,  1.80s/it]obj_color:  99%|█████████▊| 789/800 [23:39<00:20,  1.83s/it]obj_color:  99%|█████████▉| 790/800 [23:41<00:18,  1.81s/it]obj_color:  99%|█████████▉| 791/800 [23:43<00:16,  1.82s/it]obj_color:  99%|█████████▉| 792/800 [23:44<00:14,  1.79s/it]obj_color:  99%|█████████▉| 793/800 [23:46<00:12,  1.80s/it]obj_color:  99%|█████████▉| 794/800 [23:48<00:10,  1.80s/it]obj_color:  99%|█████████▉| 795/800 [23:50<00:08,  1.80s/it]obj_color: 100%|█████████▉| 796/800 [23:51<00:07,  1.82s/it]obj_color: 100%|█████████▉| 797/800 [23:53<00:05,  1.80s/it]obj_color: 100%|█████████▉| 798/800 [23:55<00:03,  1.83s/it]obj_color: 100%|█████████▉| 799/800 [23:57<00:01,  1.78s/it]obj_color: 100%|██████████| 800/800 [23:59<00:00,  1.82s/it]obj_color: 100%|██████████| 800/800 [23:59<00:00,  1.80s/it]

[SAVED] /data/takhyun03/project/2026/vlm_direction/cross-modal-info/analysis/swap_intervention/steering_results/baseline_obj_color.json
  orig_acc          : 93.8%
  flip→target_rate  : 75.1%   (chance 25%)
  flip unchanged    : 1.6%
  flip→other        : 23.2%
