Special tokens have been added in the vocabulary, make sure the associated word embeddings are fine-tuned or trained.
You are using a model of type llava to instantiate a model of type llava_qwen. This is not supported for all configurations of models and can yield errors.
You are using a model of type llava to instantiate a model of type llava_qwen. This is not supported for all configurations of models and can yield errors.
Special tokens have been added in the vocabulary, make sure the associated word embeddings are fine-tuned or trained.
/data/takhyun03/anaconda3/envs/lmms_llavavideo/lib/python3.11/site-packages/torch/nn/modules/module.py:2025: UserWarning: for vision_model.embeddings.patch_embedding.weight: copying from a non-meta parameter in the checkpoint to a meta parameter in the current model, which is a no-op. (Did you mean to pass `assign=True` to assign items in the state dictionary to their corresponding key in the module instead of copying them in place?)
  warnings.warn(f'for {key}: copying from a non-meta parameter in the checkpoint to a meta '
/data/takhyun03/anaconda3/envs/lmms_llavavideo/lib/python3.11/site-packages/torch/nn/modules/module.py:2025: UserWarning: for vision_model.embeddings.patch_embedding.bias: copying from a non-meta parameter in the checkpoint to a meta parameter in the current model, which is a no-op. (Did you mean to pass `assign=True` to assign items in the state dictionary to their corresponding key in the module instead of copying them in place?)
  warnings.warn(f'for {key}: copying from a non-meta parameter in the checkpoint to a meta '
/data/takhyun03/anaconda3/envs/lmms_llavavideo/lib/python3.11/site-packages/torch/nn/modules/module.py:2025: UserWarning: for vision_model.embeddings.position_embedding.weight: copying from a non-meta parameter in the checkpoint to a meta parameter in the current model, which is a no-op. (Did you mean to pass `assign=True` to assign items in the state dictionary to their corresponding key in the module instead of copying them in place?)
  warnings.warn(f'for {key}: copying from a non-meta parameter in the checkpoint to a meta '
/data/takhyun03/anaconda3/envs/lmms_llavavideo/lib/python3.11/site-packages/torch/nn/modules/module.py:2025: UserWarning: for vision_model.encoder.layers.0.self_attn.k_proj.weight: copying from a non-meta parameter in the checkpoint to a meta parameter in the current model, which is a no-op. (Did you mean to pass `assign=True` to assign items in the state dictionary to their corresponding key in the module instead of copying them in place?)
  warnings.warn(f'for {key}: copying from a non-meta parameter in the checkpoint to a meta '
/data/takhyun03/anaconda3/envs/lmms_llavavideo/lib/python3.11/site-packages/torch/nn/modules/module.py:2025: UserWarning: for vision_model.encoder.layers.0.self_attn.k_proj.bias: copying from a non-meta parameter in the checkpoint to a meta parameter in the current model, which is a no-op. (Did you mean to pass `assign=True` to assign items in the state dictionary to their corresponding key in the module instead of copying them in place?)
  warnings.warn(f'for {key}: copying from a non-meta parameter in the checkpoint to a meta '
/data/takhyun03/anaconda3/envs/lmms_llavavideo/lib/python3.11/site-packages/torch/nn/modules/module.py:2025: UserWarning: for vision_model.encoder.layers.0.self_attn.v_proj.weight: copying from a non-meta parameter in the checkpoint to a meta parameter in the current model, which is a no-op. (Did you mean to pass `assign=True` to assign items in the state dictionary to their corresponding key in the module instead of copying them in place?)
  warnings.warn(f'for {key}: copying from a non-meta parameter in the checkpoint to a meta '
/data/takhyun03/anaconda3/envs/lmms_llavavideo/lib/python3.11/site-packages/torch/nn/modules/module.py:2025: UserWarning: for vision_model.encoder.layers.0.self_attn.v_proj.bias: copying from a non-meta parameter in the checkpoint to a meta parameter in the current model, which is a no-op. (Did you mean to pass `assign=True` to assign items in the state dictionary to their corresponding key in the module instead of copying them in place?)
  warnings.warn(f'for {key}: copying from a non-meta parameter in the checkpoint to a meta '
/data/takhyun03/anaconda3/envs/lmms_llavavideo/lib/python3.11/site-packages/torch/nn/modules/module.py:2025: UserWarning: for vision_model.encoder.layers.0.self_attn.q_proj.weight: copying from a non-meta parameter in the checkpoint to a meta parameter in the current model, which is a no-op. (Did you mean to pass `assign=True` to assign items in the state dictionary to their corresponding key in the module instead of copying them in place?)
  warnings.warn(f'for {key}: copying from a non-meta parameter in the checkpoint to a meta '
/data/takhyun03/anaconda3/envs/lmms_llavavideo/lib/python3.11/site-packages/torch/nn/modules/module.py:2025: UserWarning: for vision_model.encoder.layers.0.self_attn.q_proj.bias: copying from a non-meta parameter in the checkpoint to a meta parameter in the current model, which is a no-op. (Did you mean to pass `assign=True` to assign items in the state dictionary to their corresponding key in the module instead of copying them in place?)
  warnings.warn(f'for {key}: copying from a non-meta parameter in the checkpoint to a meta '
/data/takhyun03/anaconda3/envs/lmms_llavavideo/lib/python3.11/site-packages/torch/nn/modules/module.py:2025: UserWarning: for vision_model.encoder.layers.0.self_attn.out_proj.weight: copying from a non-meta parameter in the checkpoint to a meta parameter in the current model, which is a no-op. (Did you mean to pass `assign=True` to assign items in the state dictionary to their corresponding key in the module instead of copying them in place?)
  warnings.warn(f'for {key}: copying from a non-meta parameter in the checkpoint to a meta '
/data/takhyun03/anaconda3/envs/lmms_llavavideo/lib/python3.11/site-packages/torch/nn/modules/module.py:2025: UserWarning: for vision_model.encoder.layers.0.self_attn.out_proj.bias: copying from a non-meta parameter in the checkpoint to a meta parameter in the current model, which is a no-op. (Did you mean to pass `assign=True` to assign items in the state dictionary to their corresponding key in the module instead of copying them in place?)
  warnings.warn(f'for {key}: copying from a non-meta parameter in the checkpoint to a meta '
/data/takhyun03/anaconda3/envs/lmms_llavavideo/lib/python3.11/site-packages/torch/nn/modules/module.py:2025: UserWarning: for vision_model.encoder.layers.0.layer_norm1.weight: copying from a non-meta parameter in the checkpoint to a meta parameter in the current model, which is a no-op. (Did you mean to pass `assign=True` to assign items in the state dictionary to their corresponding key in the module instead of copying them in place?)
  warnings.warn(f'for {key}: copying from a non-meta parameter in the checkpoint to a meta '
/data/takhyun03/anaconda3/envs/lmms_llavavideo/lib/python3.11/site-packages/torch/nn/modules/module.py:2025: UserWarning: for vision_model.encoder.layers.0.layer_norm1.bias: copying from a non-meta parameter in the checkpoint to a meta parameter in the current model, which is a no-op. (Did you mean to pass `assign=True` to assign items in the state dictionary to their corresponding key in the module instead of copying them in place?)
  warnings.warn(f'for {key}: copying from a non-meta parameter in the checkpoint to a meta '
/data/takhyun03/anaconda3/envs/lmms_llavavideo/lib/python3.11/site-packages/torch/nn/modules/module.py:2025: UserWarning: for vision_model.encoder.layers.0.mlp.fc1.weight: copying from a non-meta parameter in the checkpoint to a meta parameter in the current model, which is a no-op. (Did you mean to pass `assign=True` to assign items in the state dictionary to their corresponding key in the module instead of copying them in place?)
  warnings.warn(f'for {key}: copying from a non-meta parameter in the checkpoint to a meta '
/data/takhyun03/anaconda3/envs/lmms_llavavideo/lib/python3.11/site-packages/torch/nn/modules/module.py:2025: UserWarning: for vision_model.encoder.layers.0.mlp.fc1.bias: copying from a non-meta parameter in the checkpoint to a meta parameter in the current model, which is a no-op. (Did you mean to pass `assign=True` to assign items in the state dictionary to their corresponding key in the module instead of copying them in place?)
  warnings.warn(f'for {key}: copying from a non-meta parameter in the checkpoint to a meta '
/data/takhyun03/anaconda3/envs/lmms_llavavideo/lib/python3.11/site-packages/torch/nn/modules/module.py:2025: UserWarning: for vision_model.encoder.layers.0.mlp.fc2.weight: copying from a non-meta parameter in the checkpoint to a meta parameter in the current model, which is a no-op. (Did you mean to pass `assign=True` to assign items in the state dictionary to their corresponding key in the module instead of copying them in place?)
  warnings.warn(f'for {key}: copying from a non-meta parameter in the checkpoint to a meta '
/data/takhyun03/anaconda3/envs/lmms_llavavideo/lib/python3.11/site-packages/torch/nn/modules/module.py:2025: UserWarning: for vision_model.encoder.layers.0.mlp.fc2.bias: copying from a non-meta parameter in the checkpoint to a meta parameter in the current model, which is a no-op. (Did you mean to pass `assign=True` to assign items in the state dictionary to their corresponding key in the module instead of copying them in place?)
  warnings.warn(f'for {key}: copying from a non-meta parameter in the checkpoint to a meta '
/data/takhyun03/anaconda3/envs/lmms_llavavideo/lib/python3.11/site-packages/torch/nn/modules/module.py:2025: UserWarning: for vision_model.encoder.layers.0.layer_norm2.weight: copying from a non-meta parameter in the checkpoint to a meta parameter in the current model, which is a no-op. (Did you mean to pass `assign=True` to assign items in the state dictionary to their corresponding key in the module instead of copying them in place?)
  warnings.warn(f'for {key}: copying from a non-meta parameter in the checkpoint to a meta '
/data/takhyun03/anaconda3/envs/lmms_llavavideo/lib/python3.11/site-packages/torch/nn/modules/module.py:2025: UserWarning: for vision_model.encoder.layers.0.layer_norm2.bias: copying from a non-meta parameter in the checkpoint to a meta parameter in the current model, which is a no-op. (Did you mean to pass `assign=True` to assign items in the state dictionary to their corresponding key in the module instead of copying them in place?)
  warnings.warn(f'for {key}: copying from a non-meta parameter in the checkpoint to a meta '
/data/takhyun03/anaconda3/envs/lmms_llavavideo/lib/python3.11/site-packages/torch/nn/modules/module.py:2025: UserWarning: for vision_model.encoder.layers.1.self_attn.k_proj.weight: copying from a non-meta parameter in the checkpoint to a meta parameter in the current model, which is a no-op. (Did you mean to pass `assign=True` to assign items in the state dictionary to their corresponding key in the module instead of copying them in place?)
  warnings.warn(f'for {key}: copying from a non-meta parameter in the checkpoint to a meta '
/data/takhyun03/anaconda3/envs/lmms_llavavideo/lib/python3.11/site-packages/torch/nn/modules/module.py:2025: UserWarning: for vision_model.encoder.layers.1.self_attn.k_proj.bias: copying from a non-meta parameter in the checkpoint to a meta parameter in the current model, which is a no-op. (Did you mean to pass `assign=True` to assign items in the state dictionary to their corresponding key in the module instead of copying them in place?)
  warnings.warn(f'for {key}: copying from a non-meta parameter in the checkpoint to a meta '
/data/takhyun03/anaconda3/envs/lmms_llavavideo/lib/python3.11/site-packages/torch/nn/modules/module.py:2025: UserWarning: for vision_model.encoder.layers.1.self_attn.v_proj.weight: copying from a non-meta parameter in the checkpoint to a meta parameter in the current model, which is a no-op. (Did you mean to pass `assign=True` to assign items in the state dictionary to their corresponding key in the module instead of copying them in place?)
  warnings.warn(f'for {key}: copying from a non-meta parameter in the checkpoint to a meta '
/data/takhyun03/anaconda3/envs/lmms_llavavideo/lib/python3.11/site-packages/torch/nn/modules/module.py:2025: UserWarning: for vision_model.encoder.layers.1.self_attn.v_proj.bias: copying from a non-meta parameter in the checkpoint to a meta parameter in the current model, which is a no-op. (Did you mean to pass `assign=True` to assign items in the state dictionary to their corresponding key in the module instead of copying them in place?)
  warnings.warn(f'for {key}: copying from a non-meta parameter in the checkpoint to a meta '
/data/takhyun03/anaconda3/envs/lmms_llavavideo/lib/python3.11/site-packages/torch/nn/modules/module.py:2025: UserWarning: for vision_model.encoder.layers.1.self_attn.q_proj.weight: copying from a non-meta parameter in the checkpoint to a meta parameter in the current model, which is a no-op. (Did you mean to pass `assign=True` to assign items in the state dictionary to their corresponding key in the module instead of copying them in place?)
  warnings.warn(f'for {key}: copying from a non-meta parameter in the checkpoint to a meta '
/data/takhyun03/anaconda3/envs/lmms_llavavideo/lib/python3.11/site-packages/torch/nn/modules/module.py:2025: UserWarning: for vision_model.encoder.layers.1.self_attn.q_proj.bias: copying from a non-meta parameter in the checkpoint to a meta parameter in the current model, which is a no-op. (Did you mean to pass `assign=True` to assign items in the state dictionary to their corresponding key in the module instead of copying them in place?)
  warnings.warn(f'for {key}: copying from a non-meta parameter in the checkpoint to a meta '
/data/takhyun03/anaconda3/envs/lmms_llavavideo/lib/python3.11/site-packages/torch/nn/modules/module.py:2025: UserWarning: for vision_model.encoder.layers.1.self_attn.out_proj.weight: copying from a non-meta parameter in the checkpoint to a meta parameter in the current model, which is a no-op. (Did you mean to pass `assign=True` to assign items in the state dictionary to their corresponding key in the module instead of copying them in place?)
  warnings.warn(f'for {key}: copying from a non-meta parameter in the checkpoint to a meta '
/data/takhyun03/anaconda3/envs/lmms_llavavideo/lib/python3.11/site-packages/torch/nn/modules/module.py:2025: UserWarning: for vision_model.encoder.layers.1.self_attn.out_proj.bias: copying from a non-meta parameter in the checkpoint to a meta parameter in the current model, which is a no-op. (Did you mean to pass `assign=True` to assign items in the state dictionary to their corresponding key in the module instead of copying them in place?)
  warnings.warn(f'for {key}: copying from a non-meta parameter in the checkpoint to a meta '
/data/takhyun03/anaconda3/envs/lmms_llavavideo/lib/python3.11/site-packages/torch/nn/modules/module.py:2025: UserWarning: for vision_model.encoder.layers.1.layer_norm1.weight: copying from a non-meta parameter in the checkpoint to a meta parameter in the current model, which is a no-op. (Did you mean to pass `assign=True` to assign items in the state dictionary to their corresponding key in the module instead of copying them in place?)
  warnings.warn(f'for {key}: copying from a non-meta parameter in the checkpoint to a meta '
/data/takhyun03/anaconda3/envs/lmms_llavavideo/lib/python3.11/site-packages/torch/nn/modules/module.py:2025: UserWarning: for vision_model.encoder.layers.1.layer_norm1.bias: copying from a non-meta parameter in the checkpoint to a meta parameter in the current model, which is a no-op. (Did you mean to pass `assign=True` to assign items in the state dictionary to their corresponding key in the module instead of copying them in place?)
  warnings.warn(f'for {key}: copying from a non-meta parameter in the checkpoint to a meta '
/data/takhyun03/anaconda3/envs/lmms_llavavideo/lib/python3.11/site-packages/torch/nn/modules/module.py:2025: UserWarning: for vision_model.encoder.layers.1.mlp.fc1.weight: copying from a non-meta parameter in the checkpoint to a meta parameter in the current model, which is a no-op. (Did you mean to pass `assign=True` to assign items in the state dictionary to their corresponding key in the module instead of copying them in place?)
  warnings.warn(f'for {key}: copying from a non-meta parameter in the checkpoint to a meta '
/data/takhyun03/anaconda3/envs/lmms_llavavideo/lib/python3.11/site-packages/torch/nn/modules/module.py:2025: UserWarning: for vision_model.encoder.layers.1.mlp.fc1.bias: copying from a non-meta parameter in the checkpoint to a meta parameter in the current model, which is a no-op. (Did you mean to pass `assign=True` to assign items in the state dictionary to their corresponding key in the module instead of copying them in place?)
  warnings.warn(f'for {key}: copying from a non-meta parameter in the checkpoint to a meta '
/data/takhyun03/anaconda3/envs/lmms_llavavideo/lib/python3.11/site-packages/torch/nn/modules/module.py:2025: UserWarning: for vision_model.encoder.layers.1.mlp.fc2.weight: copying from a non-meta parameter in the checkpoint to a meta parameter in the current model, which is a no-op. (Did you mean to pass `assign=True` to assign items in the state dictionary to their corresponding key in the module instead of copying them in place?)
  warnings.warn(f'for {key}: copying from a non-meta parameter in the checkpoint to a meta '
/data/takhyun03/anaconda3/envs/lmms_llavavideo/lib/python3.11/site-packages/torch/nn/modules/module.py:2025: UserWarning: for vision_model.encoder.layers.1.mlp.fc2.bias: copying from a non-meta parameter in the checkpoint to a meta parameter in the current model, which is a no-op. (Did you mean to pass `assign=True` to assign items in the state dictionary to their corresponding key in the module instead of copying them in place?)
  warnings.warn(f'for {key}: copying from a non-meta parameter in the checkpoint to a meta '
/data/takhyun03/anaconda3/envs/lmms_llavavideo/lib/python3.11/site-packages/torch/nn/modules/module.py:2025: UserWarning: for vision_model.encoder.layers.1.layer_norm2.weight: copying from a non-meta parameter in the checkpoint to a meta parameter in the current model, which is a no-op. (Did you mean to pass `assign=True` to assign items in the state dictionary to their corresponding key in the module instead of copying them in place?)
  warnings.warn(f'for {key}: copying from a non-meta parameter in the checkpoint to a meta '
/data/takhyun03/anaconda3/envs/lmms_llavavideo/lib/python3.11/site-packages/torch/nn/modules/module.py:2025: UserWarning: for vision_model.encoder.layers.1.layer_norm2.bias: copying from a non-meta parameter in the checkpoint to a meta parameter in the current model, which is a no-op. (Did you mean to pass `assign=True` to assign items in the state dictionary to their corresponding key in the module instead of copying them in place?)
  warnings.warn(f'for {key}: copying from a non-meta parameter in the checkpoint to a meta '
/data/takhyun03/anaconda3/envs/lmms_llavavideo/lib/python3.11/site-packages/torch/nn/modules/module.py:2025: UserWarning: for vision_model.encoder.layers.2.self_attn.k_proj.weight: copying from a non-meta parameter in the checkpoint to a meta parameter in the current model, which is a no-op. (Did you mean to pass `assign=True` to assign items in the state dictionary to their corresponding key in the module instead of copying them in place?)
  warnings.warn(f'for {key}: copying from a non-meta parameter in the checkpoint to a meta '
/data/takhyun03/anaconda3/envs/lmms_llavavideo/lib/python3.11/site-packages/torch/nn/modules/module.py:2025: UserWarning: for vision_model.encoder.layers.2.self_attn.k_proj.bias: copying from a non-meta parameter in the checkpoint to a meta parameter in the current model, which is a no-op. (Did you mean to pass `assign=True` to assign items in the state dictionary to their corresponding key in the module instead of copying them in place?)
  warnings.warn(f'for {key}: copying from a non-meta parameter in the checkpoint to a meta '
/data/takhyun03/anaconda3/envs/lmms_llavavideo/lib/python3.11/site-packages/torch/nn/modules/module.py:2025: UserWarning: for vision_model.encoder.layers.2.self_attn.v_proj.weight: copying from a non-meta parameter in the checkpoint to a meta parameter in the current model, which is a no-op. (Did you mean to pass `assign=True` to assign items in the state dictionary to their corresponding key in the module instead of copying them in place?)
  warnings.warn(f'for {key}: copying from a non-meta parameter in the checkpoint to a meta '
/data/takhyun03/anaconda3/envs/lmms_llavavideo/lib/python3.11/site-packages/torch/nn/modules/module.py:2025: UserWarning: for vision_model.encoder.layers.2.self_attn.v_proj.bias: copying from a non-meta parameter in the checkpoint to a meta parameter in the current model, which is a no-op. (Did you mean to pass `assign=True` to assign items in the state dictionary to their corresponding key in the module instead of copying them in place?)
  warnings.warn(f'for {key}: copying from a non-meta parameter in the checkpoint to a meta '
/data/takhyun03/anaconda3/envs/lmms_llavavideo/lib/python3.11/site-packages/torch/nn/modules/module.py:2025: UserWarning: for vision_model.encoder.layers.2.self_attn.q_proj.weight: copying from a non-meta parameter in the checkpoint to a meta parameter in the current model, which is a no-op. (Did you mean to pass `assign=True` to assign items in the state dictionary to their corresponding key in the module instead of copying them in place?)
  warnings.warn(f'for {key}: copying from a non-meta parameter in the checkpoint to a meta '
/data/takhyun03/anaconda3/envs/lmms_llavavideo/lib/python3.11/site-packages/torch/nn/modules/module.py:2025: UserWarning: for vision_model.encoder.layers.2.self_attn.q_proj.bias: copying from a non-meta parameter in the checkpoint to a meta parameter in the current model, which is a no-op. (Did you mean to pass `assign=True` to assign items in the state dictionary to their corresponding key in the module instead of copying them in place?)
  warnings.warn(f'for {key}: copying from a non-meta parameter in the checkpoint to a meta '
/data/takhyun03/anaconda3/envs/lmms_llavavideo/lib/python3.11/site-packages/torch/nn/modules/module.py:2025: UserWarning: for vision_model.encoder.layers.2.self_attn.out_proj.weight: copying from a non-meta parameter in the checkpoint to a meta parameter in the current model, which is a no-op. (Did you mean to pass `assign=True` to assign items in the state dictionary to their corresponding key in the module instead of copying them in place?)
  warnings.warn(f'for {key}: copying from a non-meta parameter in the checkpoint to a meta '
/data/takhyun03/anaconda3/envs/lmms_llavavideo/lib/python3.11/site-packages/torch/nn/modules/module.py:2025: UserWarning: for vision_model.encoder.layers.2.self_attn.out_proj.bias: copying from a non-meta parameter in the checkpoint to a meta parameter in the current model, which is a no-op. (Did you mean to pass `assign=True` to assign items in the state dictionary to their corresponding key in the module instead of copying them in place?)
  warnings.warn(f'for {key}: copying from a non-meta parameter in the checkpoint to a meta '
/data/takhyun03/anaconda3/envs/lmms_llavavideo/lib/python3.11/site-packages/torch/nn/modules/module.py:2025: UserWarning: for vision_model.encoder.layers.2.layer_norm1.weight: copying from a non-meta parameter in the checkpoint to a meta parameter in the current model, which is a no-op. (Did you mean to pass `assign=True` to assign items in the state dictionary to their corresponding key in the module instead of copying them in place?)
  warnings.warn(f'for {key}: copying from a non-meta parameter in the checkpoint to a meta '
/data/takhyun03/anaconda3/envs/lmms_llavavideo/lib/python3.11/site-packages/torch/nn/modules/module.py:2025: UserWarning: for vision_model.encoder.layers.2.layer_norm1.bias: copying from a non-meta parameter in the checkpoint to a meta parameter in the current model, which is a no-op. (Did you mean to pass `assign=True` to assign items in the state dictionary to their corresponding key in the module instead of copying them in place?)
  warnings.warn(f'for {key}: copying from a non-meta parameter in the checkpoint to a meta '
/data/takhyun03/anaconda3/envs/lmms_llavavideo/lib/python3.11/site-packages/torch/nn/modules/module.py:2025: UserWarning: for vision_model.encoder.layers.2.mlp.fc1.weight: copying from a non-meta parameter in the checkpoint to a meta parameter in the current model, which is a no-op. (Did you mean to pass `assign=True` to assign items in the state dictionary to their corresponding key in the module instead of copying them in place?)
  warnings.warn(f'for {key}: copying from a non-meta parameter in the checkpoint to a meta '
/data/takhyun03/anaconda3/envs/lmms_llavavideo/lib/python3.11/site-packages/torch/nn/modules/module.py:2025: UserWarning: for vision_model.encoder.layers.2.mlp.fc1.bias: copying from a non-meta parameter in the checkpoint to a meta parameter in the current model, which is a no-op. (Did you mean to pass `assign=True` to assign items in the state dictionary to their corresponding key in the module instead of copying them in place?)
  warnings.warn(f'for {key}: copying from a non-meta parameter in the checkpoint to a meta '
/data/takhyun03/anaconda3/envs/lmms_llavavideo/lib/python3.11/site-packages/torch/nn/modules/module.py:2025: UserWarning: for vision_model.encoder.layers.2.mlp.fc2.weight: copying from a non-meta parameter in the checkpoint to a meta parameter in the current model, which is a no-op. (Did you mean to pass `assign=True` to assign items in the state dictionary to their corresponding key in the module instead of copying them in place?)
  warnings.warn(f'for {key}: copying from a non-meta parameter in the checkpoint to a meta '
/data/takhyun03/anaconda3/envs/lmms_llavavideo/lib/python3.11/site-packages/torch/nn/modules/module.py:2025: UserWarning: for vision_model.encoder.layers.2.mlp.fc2.bias: copying from a non-meta parameter in the checkpoint to a meta parameter in the current model, which is a no-op. (Did you mean to pass `assign=True` to assign items in the state dictionary to their corresponding key in the module instead of copying them in place?)
  warnings.warn(f'for {key}: copying from a non-meta parameter in the checkpoint to a meta '
/data/takhyun03/anaconda3/envs/lmms_llavavideo/lib/python3.11/site-packages/torch/nn/modules/module.py:2025: UserWarning: for vision_model.encoder.layers.2.layer_norm2.weight: copying from a non-meta parameter in the checkpoint to a meta parameter in the current model, which is a no-op. (Did you mean to pass `assign=True` to assign items in the state dictionary to their corresponding key in the module instead of copying them in place?)
  warnings.warn(f'for {key}: copying from a non-meta parameter in the checkpoint to a meta '
/data/takhyun03/anaconda3/envs/lmms_llavavideo/lib/python3.11/site-packages/torch/nn/modules/module.py:2025: UserWarning: for vision_model.encoder.layers.2.layer_norm2.bias: copying from a non-meta parameter in the checkpoint to a meta parameter in the current model, which is a no-op. (Did you mean to pass `assign=True` to assign items in the state dictionary to their corresponding key in the module instead of copying them in place?)
  warnings.warn(f'for {key}: copying from a non-meta parameter in the checkpoint to a meta '
/data/takhyun03/anaconda3/envs/lmms_llavavideo/lib/python3.11/site-packages/torch/nn/modules/module.py:2025: UserWarning: for vision_model.encoder.layers.3.self_attn.k_proj.weight: copying from a non-meta parameter in the checkpoint to a meta parameter in the current model, which is a no-op. (Did you mean to pass `assign=True` to assign items in the state dictionary to their corresponding key in the module instead of copying them in place?)
  warnings.warn(f'for {key}: copying from a non-meta parameter in the checkpoint to a meta '
/data/takhyun03/anaconda3/envs/lmms_llavavideo/lib/python3.11/site-packages/torch/nn/modules/module.py:2025: UserWarning: for vision_model.encoder.layers.3.self_attn.k_proj.bias: copying from a non-meta parameter in the checkpoint to a meta parameter in the current model, which is a no-op. (Did you mean to pass `assign=True` to assign items in the state dictionary to their corresponding key in the module instead of copying them in place?)
  warnings.warn(f'for {key}: copying from a non-meta parameter in the checkpoint to a meta '
/data/takhyun03/anaconda3/envs/lmms_llavavideo/lib/python3.11/site-packages/torch/nn/modules/module.py:2025: UserWarning: for vision_model.encoder.layers.3.self_attn.v_proj.weight: copying from a non-meta parameter in the checkpoint to a meta parameter in the current model, which is a no-op. (Did you mean to pass `assign=True` to assign items in the state dictionary to their corresponding key in the module instead of copying them in place?)
  warnings.warn(f'for {key}: copying from a non-meta parameter in the checkpoint to a meta '
/data/takhyun03/anaconda3/envs/lmms_llavavideo/lib/python3.11/site-packages/torch/nn/modules/module.py:2025: UserWarning: for vision_model.encoder.layers.3.self_attn.v_proj.bias: copying from a non-meta parameter in the checkpoint to a meta parameter in the current model, which is a no-op. (Did you mean to pass `assign=True` to assign items in the state dictionary to their corresponding key in the module instead of copying them in place?)
  warnings.warn(f'for {key}: copying from a non-meta parameter in the checkpoint to a meta '
/data/takhyun03/anaconda3/envs/lmms_llavavideo/lib/python3.11/site-packages/torch/nn/modules/module.py:2025: UserWarning: for vision_model.encoder.layers.3.self_attn.q_proj.weight: copying from a non-meta parameter in the checkpoint to a meta parameter in the current model, which is a no-op. (Did you mean to pass `assign=True` to assign items in the state dictionary to their corresponding key in the module instead of copying them in place?)
  warnings.warn(f'for {key}: copying from a non-meta parameter in the checkpoint to a meta '
/data/takhyun03/anaconda3/envs/lmms_llavavideo/lib/python3.11/site-packages/torch/nn/modules/module.py:2025: UserWarning: for vision_model.encoder.layers.3.self_attn.q_proj.bias: copying from a non-meta parameter in the checkpoint to a meta parameter in the current model, which is a no-op. (Did you mean to pass `assign=True` to assign items in the state dictionary to their corresponding key in the module instead of copying them in place?)
  warnings.warn(f'for {key}: copying from a non-meta parameter in the checkpoint to a meta '
/data/takhyun03/anaconda3/envs/lmms_llavavideo/lib/python3.11/site-packages/torch/nn/modules/module.py:2025: UserWarning: for vision_model.encoder.layers.3.self_attn.out_proj.weight: copying from a non-meta parameter in the checkpoint to a meta parameter in the current model, which is a no-op. (Did you mean to pass `assign=True` to assign items in the state dictionary to their corresponding key in the module instead of copying them in place?)
  warnings.warn(f'for {key}: copying from a non-meta parameter in the checkpoint to a meta '
/data/takhyun03/anaconda3/envs/lmms_llavavideo/lib/python3.11/site-packages/torch/nn/modules/module.py:2025: UserWarning: for vision_model.encoder.layers.3.self_attn.out_proj.bias: copying from a non-meta parameter in the checkpoint to a meta parameter in the current model, which is a no-op. (Did you mean to pass `assign=True` to assign items in the state dictionary to their corresponding key in the module instead of copying them in place?)
  warnings.warn(f'for {key}: copying from a non-meta parameter in the checkpoint to a meta '
/data/takhyun03/anaconda3/envs/lmms_llavavideo/lib/python3.11/site-packages/torch/nn/modules/module.py:2025: UserWarning: for vision_model.encoder.layers.3.layer_norm1.weight: copying from a non-meta parameter in the checkpoint to a meta parameter in the current model, which is a no-op. (Did you mean to pass `assign=True` to assign items in the state dictionary to their corresponding key in the module instead of copying them in place?)
  warnings.warn(f'for {key}: copying from a non-meta parameter in the checkpoint to a meta '
/data/takhyun03/anaconda3/envs/lmms_llavavideo/lib/python3.11/site-packages/torch/nn/modules/module.py:2025: UserWarning: for vision_model.encoder.layers.3.layer_norm1.bias: copying from a non-meta parameter in the checkpoint to a meta parameter in the current model, which is a no-op. (Did you mean to pass `assign=True` to assign items in the state dictionary to their corresponding key in the module instead of copying them in place?)
  warnings.warn(f'for {key}: copying from a non-meta parameter in the checkpoint to a meta '
/data/takhyun03/anaconda3/envs/lmms_llavavideo/lib/python3.11/site-packages/torch/nn/modules/module.py:2025: UserWarning: for vision_model.encoder.layers.3.mlp.fc1.weight: copying from a non-meta parameter in the checkpoint to a meta parameter in the current model, which is a no-op. (Did you mean to pass `assign=True` to assign items in the state dictionary to their corresponding key in the module instead of copying them in place?)
  warnings.warn(f'for {key}: copying from a non-meta parameter in the checkpoint to a meta '
/data/takhyun03/anaconda3/envs/lmms_llavavideo/lib/python3.11/site-packages/torch/nn/modules/module.py:2025: UserWarning: for vision_model.encoder.layers.3.mlp.fc1.bias: copying from a non-meta parameter in the checkpoint to a meta parameter in the current model, which is a no-op. (Did you mean to pass `assign=True` to assign items in the state dictionary to their corresponding key in the module instead of copying them in place?)
  warnings.warn(f'for {key}: copying from a non-meta parameter in the checkpoint to a meta '
/data/takhyun03/anaconda3/envs/lmms_llavavideo/lib/python3.11/site-packages/torch/nn/modules/module.py:2025: UserWarning: for vision_model.encoder.layers.3.mlp.fc2.weight: copying from a non-meta parameter in the checkpoint to a meta parameter in the current model, which is a no-op. (Did you mean to pass `assign=True` to assign items in the state dictionary to their corresponding key in the module instead of copying them in place?)
  warnings.warn(f'for {key}: copying from a non-meta parameter in the checkpoint to a meta '
/data/takhyun03/anaconda3/envs/lmms_llavavideo/lib/python3.11/site-packages/torch/nn/modules/module.py:2025: UserWarning: for vision_model.encoder.layers.3.mlp.fc2.bias: copying from a non-meta parameter in the checkpoint to a meta parameter in the current model, which is a no-op. (Did you mean to pass `assign=True` to assign items in the state dictionary to their corresponding key in the module instead of copying them in place?)
  warnings.warn(f'for {key}: copying from a non-meta parameter in the checkpoint to a meta '
/data/takhyun03/anaconda3/envs/lmms_llavavideo/lib/python3.11/site-packages/torch/nn/modules/module.py:2025: UserWarning: for vision_model.encoder.layers.3.layer_norm2.weight: copying from a non-meta parameter in the checkpoint to a meta parameter in the current model, which is a no-op. (Did you mean to pass `assign=True` to assign items in the state dictionary to their corresponding key in the module instead of copying them in place?)
  warnings.warn(f'for {key}: copying from a non-meta parameter in the checkpoint to a meta '
/data/takhyun03/anaconda3/envs/lmms_llavavideo/lib/python3.11/site-packages/torch/nn/modules/module.py:2025: UserWarning: for vision_model.encoder.layers.3.layer_norm2.bias: copying from a non-meta parameter in the checkpoint to a meta parameter in the current model, which is a no-op. (Did you mean to pass `assign=True` to assign items in the state dictionary to their corresponding key in the module instead of copying them in place?)
  warnings.warn(f'for {key}: copying from a non-meta parameter in the checkpoint to a meta '
/data/takhyun03/anaconda3/envs/lmms_llavavideo/lib/python3.11/site-packages/torch/nn/modules/module.py:2025: UserWarning: for vision_model.encoder.layers.4.self_attn.k_proj.weight: copying from a non-meta parameter in the checkpoint to a meta parameter in the current model, which is a no-op. (Did you mean to pass `assign=True` to assign items in the state dictionary to their corresponding key in the module instead of copying them in place?)
  warnings.warn(f'for {key}: copying from a non-meta parameter in the checkpoint to a meta '
/data/takhyun03/anaconda3/envs/lmms_llavavideo/lib/python3.11/site-packages/torch/nn/modules/module.py:2025: UserWarning: for vision_model.encoder.layers.4.self_attn.k_proj.bias: copying from a non-meta parameter in the checkpoint to a meta parameter in the current model, which is a no-op. (Did you mean to pass `assign=True` to assign items in the state dictionary to their corresponding key in the module instead of copying them in place?)
  warnings.warn(f'for {key}: copying from a non-meta parameter in the checkpoint to a meta '
/data/takhyun03/anaconda3/envs/lmms_llavavideo/lib/python3.11/site-packages/torch/nn/modules/module.py:2025: UserWarning: for vision_model.encoder.layers.4.self_attn.v_proj.weight: copying from a non-meta parameter in the checkpoint to a meta parameter in the current model, which is a no-op. (Did you mean to pass `assign=True` to assign items in the state dictionary to their corresponding key in the module instead of copying them in place?)
  warnings.warn(f'for {key}: copying from a non-meta parameter in the checkpoint to a meta '
/data/takhyun03/anaconda3/envs/lmms_llavavideo/lib/python3.11/site-packages/torch/nn/modules/module.py:2025: UserWarning: for vision_model.encoder.layers.4.self_attn.v_proj.bias: copying from a non-meta parameter in the checkpoint to a meta parameter in the current model, which is a no-op. (Did you mean to pass `assign=True` to assign items in the state dictionary to their corresponding key in the module instead of copying them in place?)
  warnings.warn(f'for {key}: copying from a non-meta parameter in the checkpoint to a meta '
/data/takhyun03/anaconda3/envs/lmms_llavavideo/lib/python3.11/site-packages/torch/nn/modules/module.py:2025: UserWarning: for vision_model.encoder.layers.4.self_attn.q_proj.weight: copying from a non-meta parameter in the checkpoint to a meta parameter in the current model, which is a no-op. (Did you mean to pass `assign=True` to assign items in the state dictionary to their corresponding key in the module instead of copying them in place?)
  warnings.warn(f'for {key}: copying from a non-meta parameter in the checkpoint to a meta '
/data/takhyun03/anaconda3/envs/lmms_llavavideo/lib/python3.11/site-packages/torch/nn/modules/module.py:2025: UserWarning: for vision_model.encoder.layers.4.self_attn.q_proj.bias: copying from a non-meta parameter in the checkpoint to a meta parameter in the current model, which is a no-op. (Did you mean to pass `assign=True` to assign items in the state dictionary to their corresponding key in the module instead of copying them in place?)
  warnings.warn(f'for {key}: copying from a non-meta parameter in the checkpoint to a meta '
/data/takhyun03/anaconda3/envs/lmms_llavavideo/lib/python3.11/site-packages/torch/nn/modules/module.py:2025: UserWarning: for vision_model.encoder.layers.4.self_attn.out_proj.weight: copying from a non-meta parameter in the checkpoint to a meta parameter in the current model, which is a no-op. (Did you mean to pass `assign=True` to assign items in the state dictionary to their corresponding key in the module instead of copying them in place?)
  warnings.warn(f'for {key}: copying from a non-meta parameter in the checkpoint to a meta '
/data/takhyun03/anaconda3/envs/lmms_llavavideo/lib/python3.11/site-packages/torch/nn/modules/module.py:2025: UserWarning: for vision_model.encoder.layers.4.self_attn.out_proj.bias: copying from a non-meta parameter in the checkpoint to a meta parameter in the current model, which is a no-op. (Did you mean to pass `assign=True` to assign items in the state dictionary to their corresponding key in the module instead of copying them in place?)
  warnings.warn(f'for {key}: copying from a non-meta parameter in the checkpoint to a meta '
/data/takhyun03/anaconda3/envs/lmms_llavavideo/lib/python3.11/site-packages/torch/nn/modules/module.py:2025: UserWarning: for vision_model.encoder.layers.4.layer_norm1.weight: copying from a non-meta parameter in the checkpoint to a meta parameter in the current model, which is a no-op. (Did you mean to pass `assign=True` to assign items in the state dictionary to their corresponding key in the module instead of copying them in place?)
  warnings.warn(f'for {key}: copying from a non-meta parameter in the checkpoint to a meta '
/data/takhyun03/anaconda3/envs/lmms_llavavideo/lib/python3.11/site-packages/torch/nn/modules/module.py:2025: UserWarning: for vision_model.encoder.layers.4.layer_norm1.bias: copying from a non-meta parameter in the checkpoint to a meta parameter in the current model, which is a no-op. (Did you mean to pass `assign=True` to assign items in the state dictionary to their corresponding key in the module instead of copying them in place?)
  warnings.warn(f'for {key}: copying from a non-meta parameter in the checkpoint to a meta '
/data/takhyun03/anaconda3/envs/lmms_llavavideo/lib/python3.11/site-packages/torch/nn/modules/module.py:2025: UserWarning: for vision_model.encoder.layers.4.mlp.fc1.weight: copying from a non-meta parameter in the checkpoint to a meta parameter in the current model, which is a no-op. (Did you mean to pass `assign=True` to assign items in the state dictionary to their corresponding key in the module instead of copying them in place?)
  warnings.warn(f'for {key}: copying from a non-meta parameter in the checkpoint to a meta '
/data/takhyun03/anaconda3/envs/lmms_llavavideo/lib/python3.11/site-packages/torch/nn/modules/module.py:2025: UserWarning: for vision_model.encoder.layers.4.mlp.fc1.bias: copying from a non-meta parameter in the checkpoint to a meta parameter in the current model, which is a no-op. (Did you mean to pass `assign=True` to assign items in the state dictionary to their corresponding key in the module instead of copying them in place?)
  warnings.warn(f'for {key}: copying from a non-meta parameter in the checkpoint to a meta '
/data/takhyun03/anaconda3/envs/lmms_llavavideo/lib/python3.11/site-packages/torch/nn/modules/module.py:2025: UserWarning: for vision_model.encoder.layers.4.mlp.fc2.weight: copying from a non-meta parameter in the checkpoint to a meta parameter in the current model, which is a no-op. (Did you mean to pass `assign=True` to assign items in the state dictionary to their corresponding key in the module instead of copying them in place?)
  warnings.warn(f'for {key}: copying from a non-meta parameter in the checkpoint to a meta '
/data/takhyun03/anaconda3/envs/lmms_llavavideo/lib/python3.11/site-packages/torch/nn/modules/module.py:2025: UserWarning: for vision_model.encoder.layers.4.mlp.fc2.bias: copying from a non-meta parameter in the checkpoint to a meta parameter in the current model, which is a no-op. (Did you mean to pass `assign=True` to assign items in the state dictionary to their corresponding key in the module instead of copying them in place?)
  warnings.warn(f'for {key}: copying from a non-meta parameter in the checkpoint to a meta '
/data/takhyun03/anaconda3/envs/lmms_llavavideo/lib/python3.11/site-packages/torch/nn/modules/module.py:2025: UserWarning: for vision_model.encoder.layers.4.layer_norm2.weight: copying from a non-meta parameter in the checkpoint to a meta parameter in the current model, which is a no-op. (Did you mean to pass `assign=True` to assign items in the state dictionary to their corresponding key in the module instead of copying them in place?)
  warnings.warn(f'for {key}: copying from a non-meta parameter in the checkpoint to a meta '
/data/takhyun03/anaconda3/envs/lmms_llavavideo/lib/python3.11/site-packages/torch/nn/modules/module.py:2025: UserWarning: for vision_model.encoder.layers.4.layer_norm2.bias: copying from a non-meta parameter in the checkpoint to a meta parameter in the current model, which is a no-op. (Did you mean to pass `assign=True` to assign items in the state dictionary to their corresponding key in the module instead of copying them in place?)
  warnings.warn(f'for {key}: copying from a non-meta parameter in the checkpoint to a meta '
/data/takhyun03/anaconda3/envs/lmms_llavavideo/lib/python3.11/site-packages/torch/nn/modules/module.py:2025: UserWarning: for vision_model.encoder.layers.5.self_attn.k_proj.weight: copying from a non-meta parameter in the checkpoint to a meta parameter in the current model, which is a no-op. (Did you mean to pass `assign=True` to assign items in the state dictionary to their corresponding key in the module instead of copying them in place?)
  warnings.warn(f'for {key}: copying from a non-meta parameter in the checkpoint to a meta '
/data/takhyun03/anaconda3/envs/lmms_llavavideo/lib/python3.11/site-packages/torch/nn/modules/module.py:2025: UserWarning: for vision_model.encoder.layers.5.self_attn.k_proj.bias: copying from a non-meta parameter in the checkpoint to a meta parameter in the current model, which is a no-op. (Did you mean to pass `assign=True` to assign items in the state dictionary to their corresponding key in the module instead of copying them in place?)
  warnings.warn(f'for {key}: copying from a non-meta parameter in the checkpoint to a meta '
/data/takhyun03/anaconda3/envs/lmms_llavavideo/lib/python3.11/site-packages/torch/nn/modules/module.py:2025: UserWarning: for vision_model.encoder.layers.5.self_attn.v_proj.weight: copying from a non-meta parameter in the checkpoint to a meta parameter in the current model, which is a no-op. (Did you mean to pass `assign=True` to assign items in the state dictionary to their corresponding key in the module instead of copying them in place?)
  warnings.warn(f'for {key}: copying from a non-meta parameter in the checkpoint to a meta '
/data/takhyun03/anaconda3/envs/lmms_llavavideo/lib/python3.11/site-packages/torch/nn/modules/module.py:2025: UserWarning: for vision_model.encoder.layers.5.self_attn.v_proj.bias: copying from a non-meta parameter in the checkpoint to a meta parameter in the current model, which is a no-op. (Did you mean to pass `assign=True` to assign items in the state dictionary to their corresponding key in the module instead of copying them in place?)
  warnings.warn(f'for {key}: copying from a non-meta parameter in the checkpoint to a meta '
/data/takhyun03/anaconda3/envs/lmms_llavavideo/lib/python3.11/site-packages/torch/nn/modules/module.py:2025: UserWarning: for vision_model.encoder.layers.5.self_attn.q_proj.weight: copying from a non-meta parameter in the checkpoint to a meta parameter in the current model, which is a no-op. (Did you mean to pass `assign=True` to assign items in the state dictionary to their corresponding key in the module instead of copying them in place?)
  warnings.warn(f'for {key}: copying from a non-meta parameter in the checkpoint to a meta '
/data/takhyun03/anaconda3/envs/lmms_llavavideo/lib/python3.11/site-packages/torch/nn/modules/module.py:2025: UserWarning: for vision_model.encoder.layers.5.self_attn.q_proj.bias: copying from a non-meta parameter in the checkpoint to a meta parameter in the current model, which is a no-op. (Did you mean to pass `assign=True` to assign items in the state dictionary to their corresponding key in the module instead of copying them in place?)
  warnings.warn(f'for {key}: copying from a non-meta parameter in the checkpoint to a meta '
/data/takhyun03/anaconda3/envs/lmms_llavavideo/lib/python3.11/site-packages/torch/nn/modules/module.py:2025: UserWarning: for vision_model.encoder.layers.5.self_attn.out_proj.weight: copying from a non-meta parameter in the checkpoint to a meta parameter in the current model, which is a no-op. (Did you mean to pass `assign=True` to assign items in the state dictionary to their corresponding key in the module instead of copying them in place?)
  warnings.warn(f'for {key}: copying from a non-meta parameter in the checkpoint to a meta '
/data/takhyun03/anaconda3/envs/lmms_llavavideo/lib/python3.11/site-packages/torch/nn/modules/module.py:2025: UserWarning: for vision_model.encoder.layers.5.self_attn.out_proj.bias: copying from a non-meta parameter in the checkpoint to a meta parameter in the current model, which is a no-op. (Did you mean to pass `assign=True` to assign items in the state dictionary to their corresponding key in the module instead of copying them in place?)
  warnings.warn(f'for {key}: copying from a non-meta parameter in the checkpoint to a meta '
/data/takhyun03/anaconda3/envs/lmms_llavavideo/lib/python3.11/site-packages/torch/nn/modules/module.py:2025: UserWarning: for vision_model.encoder.layers.5.layer_norm1.weight: copying from a non-meta parameter in the checkpoint to a meta parameter in the current model, which is a no-op. (Did you mean to pass `assign=True` to assign items in the state dictionary to their corresponding key in the module instead of copying them in place?)
  warnings.warn(f'for {key}: copying from a non-meta parameter in the checkpoint to a meta '
/data/takhyun03/anaconda3/envs/lmms_llavavideo/lib/python3.11/site-packages/torch/nn/modules/module.py:2025: UserWarning: for vision_model.encoder.layers.5.layer_norm1.bias: copying from a non-meta parameter in the checkpoint to a meta parameter in the current model, which is a no-op. (Did you mean to pass `assign=True` to assign items in the state dictionary to their corresponding key in the module instead of copying them in place?)
  warnings.warn(f'for {key}: copying from a non-meta parameter in the checkpoint to a meta '
/data/takhyun03/anaconda3/envs/lmms_llavavideo/lib/python3.11/site-packages/torch/nn/modules/module.py:2025: UserWarning: for vision_model.encoder.layers.5.mlp.fc1.weight: copying from a non-meta parameter in the checkpoint to a meta parameter in the current model, which is a no-op. (Did you mean to pass `assign=True` to assign items in the state dictionary to their corresponding key in the module instead of copying them in place?)
  warnings.warn(f'for {key}: copying from a non-meta parameter in the checkpoint to a meta '
/data/takhyun03/anaconda3/envs/lmms_llavavideo/lib/python3.11/site-packages/torch/nn/modules/module.py:2025: UserWarning: for vision_model.encoder.layers.5.mlp.fc1.bias: copying from a non-meta parameter in the checkpoint to a meta parameter in the current model, which is a no-op. (Did you mean to pass `assign=True` to assign items in the state dictionary to their corresponding key in the module instead of copying them in place?)
  warnings.warn(f'for {key}: copying from a non-meta parameter in the checkpoint to a meta '
/data/takhyun03/anaconda3/envs/lmms_llavavideo/lib/python3.11/site-packages/torch/nn/modules/module.py:2025: UserWarning: for vision_model.encoder.layers.5.mlp.fc2.weight: copying from a non-meta parameter in the checkpoint to a meta parameter in the current model, which is a no-op. (Did you mean to pass `assign=True` to assign items in the state dictionary to their corresponding key in the module instead of copying them in place?)
  warnings.warn(f'for {key}: copying from a non-meta parameter in the checkpoint to a meta '
/data/takhyun03/anaconda3/envs/lmms_llavavideo/lib/python3.11/site-packages/torch/nn/modules/module.py:2025: UserWarning: for vision_model.encoder.layers.5.mlp.fc2.bias: copying from a non-meta parameter in the checkpoint to a meta parameter in the current model, which is a no-op. (Did you mean to pass `assign=True` to assign items in the state dictionary to their corresponding key in the module instead of copying them in place?)
  warnings.warn(f'for {key}: copying from a non-meta parameter in the checkpoint to a meta '
/data/takhyun03/anaconda3/envs/lmms_llavavideo/lib/python3.11/site-packages/torch/nn/modules/module.py:2025: UserWarning: for vision_model.encoder.layers.5.layer_norm2.weight: copying from a non-meta parameter in the checkpoint to a meta parameter in the current model, which is a no-op. (Did you mean to pass `assign=True` to assign items in the state dictionary to their corresponding key in the module instead of copying them in place?)
  warnings.warn(f'for {key}: copying from a non-meta parameter in the checkpoint to a meta '
/data/takhyun03/anaconda3/envs/lmms_llavavideo/lib/python3.11/site-packages/torch/nn/modules/module.py:2025: UserWarning: for vision_model.encoder.layers.5.layer_norm2.bias: copying from a non-meta parameter in the checkpoint to a meta parameter in the current model, which is a no-op. (Did you mean to pass `assign=True` to assign items in the state dictionary to their corresponding key in the module instead of copying them in place?)
  warnings.warn(f'for {key}: copying from a non-meta parameter in the checkpoint to a meta '
/data/takhyun03/anaconda3/envs/lmms_llavavideo/lib/python3.11/site-packages/torch/nn/modules/module.py:2025: UserWarning: for vision_model.encoder.layers.6.self_attn.k_proj.weight: copying from a non-meta parameter in the checkpoint to a meta parameter in the current model, which is a no-op. (Did you mean to pass `assign=True` to assign items in the state dictionary to their corresponding key in the module instead of copying them in place?)
  warnings.warn(f'for {key}: copying from a non-meta parameter in the checkpoint to a meta '
/data/takhyun03/anaconda3/envs/lmms_llavavideo/lib/python3.11/site-packages/torch/nn/modules/module.py:2025: UserWarning: for vision_model.encoder.layers.6.self_attn.k_proj.bias: copying from a non-meta parameter in the checkpoint to a meta parameter in the current model, which is a no-op. (Did you mean to pass `assign=True` to assign items in the state dictionary to their corresponding key in the module instead of copying them in place?)
  warnings.warn(f'for {key}: copying from a non-meta parameter in the checkpoint to a meta '
/data/takhyun03/anaconda3/envs/lmms_llavavideo/lib/python3.11/site-packages/torch/nn/modules/module.py:2025: UserWarning: for vision_model.encoder.layers.6.self_attn.v_proj.weight: copying from a non-meta parameter in the checkpoint to a meta parameter in the current model, which is a no-op. (Did you mean to pass `assign=True` to assign items in the state dictionary to their corresponding key in the module instead of copying them in place?)
  warnings.warn(f'for {key}: copying from a non-meta parameter in the checkpoint to a meta '
/data/takhyun03/anaconda3/envs/lmms_llavavideo/lib/python3.11/site-packages/torch/nn/modules/module.py:2025: UserWarning: for vision_model.encoder.layers.6.self_attn.v_proj.bias: copying from a non-meta parameter in the checkpoint to a meta parameter in the current model, which is a no-op. (Did you mean to pass `assign=True` to assign items in the state dictionary to their corresponding key in the module instead of copying them in place?)
  warnings.warn(f'for {key}: copying from a non-meta parameter in the checkpoint to a meta '
/data/takhyun03/anaconda3/envs/lmms_llavavideo/lib/python3.11/site-packages/torch/nn/modules/module.py:2025: UserWarning: for vision_model.encoder.layers.6.self_attn.q_proj.weight: copying from a non-meta parameter in the checkpoint to a meta parameter in the current model, which is a no-op. (Did you mean to pass `assign=True` to assign items in the state dictionary to their corresponding key in the module instead of copying them in place?)
  warnings.warn(f'for {key}: copying from a non-meta parameter in the checkpoint to a meta '
/data/takhyun03/anaconda3/envs/lmms_llavavideo/lib/python3.11/site-packages/torch/nn/modules/module.py:2025: UserWarning: for vision_model.encoder.layers.6.self_attn.q_proj.bias: copying from a non-meta parameter in the checkpoint to a meta parameter in the current model, which is a no-op. (Did you mean to pass `assign=True` to assign items in the state dictionary to their corresponding key in the module instead of copying them in place?)
  warnings.warn(f'for {key}: copying from a non-meta parameter in the checkpoint to a meta '
/data/takhyun03/anaconda3/envs/lmms_llavavideo/lib/python3.11/site-packages/torch/nn/modules/module.py:2025: UserWarning: for vision_model.encoder.layers.6.self_attn.out_proj.weight: copying from a non-meta parameter in the checkpoint to a meta parameter in the current model, which is a no-op. (Did you mean to pass `assign=True` to assign items in the state dictionary to their corresponding key in the module instead of copying them in place?)
  warnings.warn(f'for {key}: copying from a non-meta parameter in the checkpoint to a meta '
/data/takhyun03/anaconda3/envs/lmms_llavavideo/lib/python3.11/site-packages/torch/nn/modules/module.py:2025: UserWarning: for vision_model.encoder.layers.6.self_attn.out_proj.bias: copying from a non-meta parameter in the checkpoint to a meta parameter in the current model, which is a no-op. (Did you mean to pass `assign=True` to assign items in the state dictionary to their corresponding key in the module instead of copying them in place?)
  warnings.warn(f'for {key}: copying from a non-meta parameter in the checkpoint to a meta '
/data/takhyun03/anaconda3/envs/lmms_llavavideo/lib/python3.11/site-packages/torch/nn/modules/module.py:2025: UserWarning: for vision_model.encoder.layers.6.layer_norm1.weight: copying from a non-meta parameter in the checkpoint to a meta parameter in the current model, which is a no-op. (Did you mean to pass `assign=True` to assign items in the state dictionary to their corresponding key in the module instead of copying them in place?)
  warnings.warn(f'for {key}: copying from a non-meta parameter in the checkpoint to a meta '
/data/takhyun03/anaconda3/envs/lmms_llavavideo/lib/python3.11/site-packages/torch/nn/modules/module.py:2025: UserWarning: for vision_model.encoder.layers.6.layer_norm1.bias: copying from a non-meta parameter in the checkpoint to a meta parameter in the current model, which is a no-op. (Did you mean to pass `assign=True` to assign items in the state dictionary to their corresponding key in the module instead of copying them in place?)
  warnings.warn(f'for {key}: copying from a non-meta parameter in the checkpoint to a meta '
/data/takhyun03/anaconda3/envs/lmms_llavavideo/lib/python3.11/site-packages/torch/nn/modules/module.py:2025: UserWarning: for vision_model.encoder.layers.6.mlp.fc1.weight: copying from a non-meta parameter in the checkpoint to a meta parameter in the current model, which is a no-op. (Did you mean to pass `assign=True` to assign items in the state dictionary to their corresponding key in the module instead of copying them in place?)
  warnings.warn(f'for {key}: copying from a non-meta parameter in the checkpoint to a meta '
/data/takhyun03/anaconda3/envs/lmms_llavavideo/lib/python3.11/site-packages/torch/nn/modules/module.py:2025: UserWarning: for vision_model.encoder.layers.6.mlp.fc1.bias: copying from a non-meta parameter in the checkpoint to a meta parameter in the current model, which is a no-op. (Did you mean to pass `assign=True` to assign items in the state dictionary to their corresponding key in the module instead of copying them in place?)
  warnings.warn(f'for {key}: copying from a non-meta parameter in the checkpoint to a meta '
/data/takhyun03/anaconda3/envs/lmms_llavavideo/lib/python3.11/site-packages/torch/nn/modules/module.py:2025: UserWarning: for vision_model.encoder.layers.6.mlp.fc2.weight: copying from a non-meta parameter in the checkpoint to a meta parameter in the current model, which is a no-op. (Did you mean to pass `assign=True` to assign items in the state dictionary to their corresponding key in the module instead of copying them in place?)
  warnings.warn(f'for {key}: copying from a non-meta parameter in the checkpoint to a meta '
/data/takhyun03/anaconda3/envs/lmms_llavavideo/lib/python3.11/site-packages/torch/nn/modules/module.py:2025: UserWarning: for vision_model.encoder.layers.6.mlp.fc2.bias: copying from a non-meta parameter in the checkpoint to a meta parameter in the current model, which is a no-op. (Did you mean to pass `assign=True` to assign items in the state dictionary to their corresponding key in the module instead of copying them in place?)
  warnings.warn(f'for {key}: copying from a non-meta parameter in the checkpoint to a meta '
/data/takhyun03/anaconda3/envs/lmms_llavavideo/lib/python3.11/site-packages/torch/nn/modules/module.py:2025: UserWarning: for vision_model.encoder.layers.6.layer_norm2.weight: copying from a non-meta parameter in the checkpoint to a meta parameter in the current model, which is a no-op. (Did you mean to pass `assign=True` to assign items in the state dictionary to their corresponding key in the module instead of copying them in place?)
  warnings.warn(f'for {key}: copying from a non-meta parameter in the checkpoint to a meta '
/data/takhyun03/anaconda3/envs/lmms_llavavideo/lib/python3.11/site-packages/torch/nn/modules/module.py:2025: UserWarning: for vision_model.encoder.layers.6.layer_norm2.bias: copying from a non-meta parameter in the checkpoint to a meta parameter in the current model, which is a no-op. (Did you mean to pass `assign=True` to assign items in the state dictionary to their corresponding key in the module instead of copying them in place?)
  warnings.warn(f'for {key}: copying from a non-meta parameter in the checkpoint to a meta '
/data/takhyun03/anaconda3/envs/lmms_llavavideo/lib/python3.11/site-packages/torch/nn/modules/module.py:2025: UserWarning: for vision_model.encoder.layers.7.self_attn.k_proj.weight: copying from a non-meta parameter in the checkpoint to a meta parameter in the current model, which is a no-op. (Did you mean to pass `assign=True` to assign items in the state dictionary to their corresponding key in the module instead of copying them in place?)
  warnings.warn(f'for {key}: copying from a non-meta parameter in the checkpoint to a meta '
/data/takhyun03/anaconda3/envs/lmms_llavavideo/lib/python3.11/site-packages/torch/nn/modules/module.py:2025: UserWarning: for vision_model.encoder.layers.7.self_attn.k_proj.bias: copying from a non-meta parameter in the checkpoint to a meta parameter in the current model, which is a no-op. (Did you mean to pass `assign=True` to assign items in the state dictionary to their corresponding key in the module instead of copying them in place?)
  warnings.warn(f'for {key}: copying from a non-meta parameter in the checkpoint to a meta '
/data/takhyun03/anaconda3/envs/lmms_llavavideo/lib/python3.11/site-packages/torch/nn/modules/module.py:2025: UserWarning: for vision_model.encoder.layers.7.self_attn.v_proj.weight: copying from a non-meta parameter in the checkpoint to a meta parameter in the current model, which is a no-op. (Did you mean to pass `assign=True` to assign items in the state dictionary to their corresponding key in the module instead of copying them in place?)
  warnings.warn(f'for {key}: copying from a non-meta parameter in the checkpoint to a meta '
/data/takhyun03/anaconda3/envs/lmms_llavavideo/lib/python3.11/site-packages/torch/nn/modules/module.py:2025: UserWarning: for vision_model.encoder.layers.7.self_attn.v_proj.bias: copying from a non-meta parameter in the checkpoint to a meta parameter in the current model, which is a no-op. (Did you mean to pass `assign=True` to assign items in the state dictionary to their corresponding key in the module instead of copying them in place?)
  warnings.warn(f'for {key}: copying from a non-meta parameter in the checkpoint to a meta '
/data/takhyun03/anaconda3/envs/lmms_llavavideo/lib/python3.11/site-packages/torch/nn/modules/module.py:2025: UserWarning: for vision_model.encoder.layers.7.self_attn.q_proj.weight: copying from a non-meta parameter in the checkpoint to a meta parameter in the current model, which is a no-op. (Did you mean to pass `assign=True` to assign items in the state dictionary to their corresponding key in the module instead of copying them in place?)
  warnings.warn(f'for {key}: copying from a non-meta parameter in the checkpoint to a meta '
/data/takhyun03/anaconda3/envs/lmms_llavavideo/lib/python3.11/site-packages/torch/nn/modules/module.py:2025: UserWarning: for vision_model.encoder.layers.7.self_attn.q_proj.bias: copying from a non-meta parameter in the checkpoint to a meta parameter in the current model, which is a no-op. (Did you mean to pass `assign=True` to assign items in the state dictionary to their corresponding key in the module instead of copying them in place?)
  warnings.warn(f'for {key}: copying from a non-meta parameter in the checkpoint to a meta '
/data/takhyun03/anaconda3/envs/lmms_llavavideo/lib/python3.11/site-packages/torch/nn/modules/module.py:2025: UserWarning: for vision_model.encoder.layers.7.self_attn.out_proj.weight: copying from a non-meta parameter in the checkpoint to a meta parameter in the current model, which is a no-op. (Did you mean to pass `assign=True` to assign items in the state dictionary to their corresponding key in the module instead of copying them in place?)
  warnings.warn(f'for {key}: copying from a non-meta parameter in the checkpoint to a meta '
/data/takhyun03/anaconda3/envs/lmms_llavavideo/lib/python3.11/site-packages/torch/nn/modules/module.py:2025: UserWarning: for vision_model.encoder.layers.7.self_attn.out_proj.bias: copying from a non-meta parameter in the checkpoint to a meta parameter in the current model, which is a no-op. (Did you mean to pass `assign=True` to assign items in the state dictionary to their corresponding key in the module instead of copying them in place?)
  warnings.warn(f'for {key}: copying from a non-meta parameter in the checkpoint to a meta '
/data/takhyun03/anaconda3/envs/lmms_llavavideo/lib/python3.11/site-packages/torch/nn/modules/module.py:2025: UserWarning: for vision_model.encoder.layers.7.layer_norm1.weight: copying from a non-meta parameter in the checkpoint to a meta parameter in the current model, which is a no-op. (Did you mean to pass `assign=True` to assign items in the state dictionary to their corresponding key in the module instead of copying them in place?)
  warnings.warn(f'for {key}: copying from a non-meta parameter in the checkpoint to a meta '
/data/takhyun03/anaconda3/envs/lmms_llavavideo/lib/python3.11/site-packages/torch/nn/modules/module.py:2025: UserWarning: for vision_model.encoder.layers.7.layer_norm1.bias: copying from a non-meta parameter in the checkpoint to a meta parameter in the current model, which is a no-op. (Did you mean to pass `assign=True` to assign items in the state dictionary to their corresponding key in the module instead of copying them in place?)
  warnings.warn(f'for {key}: copying from a non-meta parameter in the checkpoint to a meta '
/data/takhyun03/anaconda3/envs/lmms_llavavideo/lib/python3.11/site-packages/torch/nn/modules/module.py:2025: UserWarning: for vision_model.encoder.layers.7.mlp.fc1.weight: copying from a non-meta parameter in the checkpoint to a meta parameter in the current model, which is a no-op. (Did you mean to pass `assign=True` to assign items in the state dictionary to their corresponding key in the module instead of copying them in place?)
  warnings.warn(f'for {key}: copying from a non-meta parameter in the checkpoint to a meta '
/data/takhyun03/anaconda3/envs/lmms_llavavideo/lib/python3.11/site-packages/torch/nn/modules/module.py:2025: UserWarning: for vision_model.encoder.layers.7.mlp.fc1.bias: copying from a non-meta parameter in the checkpoint to a meta parameter in the current model, which is a no-op. (Did you mean to pass `assign=True` to assign items in the state dictionary to their corresponding key in the module instead of copying them in place?)
  warnings.warn(f'for {key}: copying from a non-meta parameter in the checkpoint to a meta '
/data/takhyun03/anaconda3/envs/lmms_llavavideo/lib/python3.11/site-packages/torch/nn/modules/module.py:2025: UserWarning: for vision_model.encoder.layers.7.mlp.fc2.weight: copying from a non-meta parameter in the checkpoint to a meta parameter in the current model, which is a no-op. (Did you mean to pass `assign=True` to assign items in the state dictionary to their corresponding key in the module instead of copying them in place?)
  warnings.warn(f'for {key}: copying from a non-meta parameter in the checkpoint to a meta '
/data/takhyun03/anaconda3/envs/lmms_llavavideo/lib/python3.11/site-packages/torch/nn/modules/module.py:2025: UserWarning: for vision_model.encoder.layers.7.mlp.fc2.bias: copying from a non-meta parameter in the checkpoint to a meta parameter in the current model, which is a no-op. (Did you mean to pass `assign=True` to assign items in the state dictionary to their corresponding key in the module instead of copying them in place?)
  warnings.warn(f'for {key}: copying from a non-meta parameter in the checkpoint to a meta '
/data/takhyun03/anaconda3/envs/lmms_llavavideo/lib/python3.11/site-packages/torch/nn/modules/module.py:2025: UserWarning: for vision_model.encoder.layers.7.layer_norm2.weight: copying from a non-meta parameter in the checkpoint to a meta parameter in the current model, which is a no-op. (Did you mean to pass `assign=True` to assign items in the state dictionary to their corresponding key in the module instead of copying them in place?)
  warnings.warn(f'for {key}: copying from a non-meta parameter in the checkpoint to a meta '
/data/takhyun03/anaconda3/envs/lmms_llavavideo/lib/python3.11/site-packages/torch/nn/modules/module.py:2025: UserWarning: for vision_model.encoder.layers.7.layer_norm2.bias: copying from a non-meta parameter in the checkpoint to a meta parameter in the current model, which is a no-op. (Did you mean to pass `assign=True` to assign items in the state dictionary to their corresponding key in the module instead of copying them in place?)
  warnings.warn(f'for {key}: copying from a non-meta parameter in the checkpoint to a meta '
/data/takhyun03/anaconda3/envs/lmms_llavavideo/lib/python3.11/site-packages/torch/nn/modules/module.py:2025: UserWarning: for vision_model.encoder.layers.8.self_attn.k_proj.weight: copying from a non-meta parameter in the checkpoint to a meta parameter in the current model, which is a no-op. (Did you mean to pass `assign=True` to assign items in the state dictionary to their corresponding key in the module instead of copying them in place?)
  warnings.warn(f'for {key}: copying from a non-meta parameter in the checkpoint to a meta '
/data/takhyun03/anaconda3/envs/lmms_llavavideo/lib/python3.11/site-packages/torch/nn/modules/module.py:2025: UserWarning: for vision_model.encoder.layers.8.self_attn.k_proj.bias: copying from a non-meta parameter in the checkpoint to a meta parameter in the current model, which is a no-op. (Did you mean to pass `assign=True` to assign items in the state dictionary to their corresponding key in the module instead of copying them in place?)
  warnings.warn(f'for {key}: copying from a non-meta parameter in the checkpoint to a meta '
/data/takhyun03/anaconda3/envs/lmms_llavavideo/lib/python3.11/site-packages/torch/nn/modules/module.py:2025: UserWarning: for vision_model.encoder.layers.8.self_attn.v_proj.weight: copying from a non-meta parameter in the checkpoint to a meta parameter in the current model, which is a no-op. (Did you mean to pass `assign=True` to assign items in the state dictionary to their corresponding key in the module instead of copying them in place?)
  warnings.warn(f'for {key}: copying from a non-meta parameter in the checkpoint to a meta '
/data/takhyun03/anaconda3/envs/lmms_llavavideo/lib/python3.11/site-packages/torch/nn/modules/module.py:2025: UserWarning: for vision_model.encoder.layers.8.self_attn.v_proj.bias: copying from a non-meta parameter in the checkpoint to a meta parameter in the current model, which is a no-op. (Did you mean to pass `assign=True` to assign items in the state dictionary to their corresponding key in the module instead of copying them in place?)
  warnings.warn(f'for {key}: copying from a non-meta parameter in the checkpoint to a meta '
/data/takhyun03/anaconda3/envs/lmms_llavavideo/lib/python3.11/site-packages/torch/nn/modules/module.py:2025: UserWarning: for vision_model.encoder.layers.8.self_attn.q_proj.weight: copying from a non-meta parameter in the checkpoint to a meta parameter in the current model, which is a no-op. (Did you mean to pass `assign=True` to assign items in the state dictionary to their corresponding key in the module instead of copying them in place?)
  warnings.warn(f'for {key}: copying from a non-meta parameter in the checkpoint to a meta '
/data/takhyun03/anaconda3/envs/lmms_llavavideo/lib/python3.11/site-packages/torch/nn/modules/module.py:2025: UserWarning: for vision_model.encoder.layers.8.self_attn.q_proj.bias: copying from a non-meta parameter in the checkpoint to a meta parameter in the current model, which is a no-op. (Did you mean to pass `assign=True` to assign items in the state dictionary to their corresponding key in the module instead of copying them in place?)
  warnings.warn(f'for {key}: copying from a non-meta parameter in the checkpoint to a meta '
/data/takhyun03/anaconda3/envs/lmms_llavavideo/lib/python3.11/site-packages/torch/nn/modules/module.py:2025: UserWarning: for vision_model.encoder.layers.8.self_attn.out_proj.weight: copying from a non-meta parameter in the checkpoint to a meta parameter in the current model, which is a no-op. (Did you mean to pass `assign=True` to assign items in the state dictionary to their corresponding key in the module instead of copying them in place?)
  warnings.warn(f'for {key}: copying from a non-meta parameter in the checkpoint to a meta '
/data/takhyun03/anaconda3/envs/lmms_llavavideo/lib/python3.11/site-packages/torch/nn/modules/module.py:2025: UserWarning: for vision_model.encoder.layers.8.self_attn.out_proj.bias: copying from a non-meta parameter in the checkpoint to a meta parameter in the current model, which is a no-op. (Did you mean to pass `assign=True` to assign items in the state dictionary to their corresponding key in the module instead of copying them in place?)
  warnings.warn(f'for {key}: copying from a non-meta parameter in the checkpoint to a meta '
/data/takhyun03/anaconda3/envs/lmms_llavavideo/lib/python3.11/site-packages/torch/nn/modules/module.py:2025: UserWarning: for vision_model.encoder.layers.8.layer_norm1.weight: copying from a non-meta parameter in the checkpoint to a meta parameter in the current model, which is a no-op. (Did you mean to pass `assign=True` to assign items in the state dictionary to their corresponding key in the module instead of copying them in place?)
  warnings.warn(f'for {key}: copying from a non-meta parameter in the checkpoint to a meta '
/data/takhyun03/anaconda3/envs/lmms_llavavideo/lib/python3.11/site-packages/torch/nn/modules/module.py:2025: UserWarning: for vision_model.encoder.layers.8.layer_norm1.bias: copying from a non-meta parameter in the checkpoint to a meta parameter in the current model, which is a no-op. (Did you mean to pass `assign=True` to assign items in the state dictionary to their corresponding key in the module instead of copying them in place?)
  warnings.warn(f'for {key}: copying from a non-meta parameter in the checkpoint to a meta '
/data/takhyun03/anaconda3/envs/lmms_llavavideo/lib/python3.11/site-packages/torch/nn/modules/module.py:2025: UserWarning: for vision_model.encoder.layers.8.mlp.fc1.weight: copying from a non-meta parameter in the checkpoint to a meta parameter in the current model, which is a no-op. (Did you mean to pass `assign=True` to assign items in the state dictionary to their corresponding key in the module instead of copying them in place?)
  warnings.warn(f'for {key}: copying from a non-meta parameter in the checkpoint to a meta '
/data/takhyun03/anaconda3/envs/lmms_llavavideo/lib/python3.11/site-packages/torch/nn/modules/module.py:2025: UserWarning: for vision_model.encoder.layers.8.mlp.fc1.bias: copying from a non-meta parameter in the checkpoint to a meta parameter in the current model, which is a no-op. (Did you mean to pass `assign=True` to assign items in the state dictionary to their corresponding key in the module instead of copying them in place?)
  warnings.warn(f'for {key}: copying from a non-meta parameter in the checkpoint to a meta '
/data/takhyun03/anaconda3/envs/lmms_llavavideo/lib/python3.11/site-packages/torch/nn/modules/module.py:2025: UserWarning: for vision_model.encoder.layers.8.mlp.fc2.weight: copying from a non-meta parameter in the checkpoint to a meta parameter in the current model, which is a no-op. (Did you mean to pass `assign=True` to assign items in the state dictionary to their corresponding key in the module instead of copying them in place?)
  warnings.warn(f'for {key}: copying from a non-meta parameter in the checkpoint to a meta '
/data/takhyun03/anaconda3/envs/lmms_llavavideo/lib/python3.11/site-packages/torch/nn/modules/module.py:2025: UserWarning: for vision_model.encoder.layers.8.mlp.fc2.bias: copying from a non-meta parameter in the checkpoint to a meta parameter in the current model, which is a no-op. (Did you mean to pass `assign=True` to assign items in the state dictionary to their corresponding key in the module instead of copying them in place?)
  warnings.warn(f'for {key}: copying from a non-meta parameter in the checkpoint to a meta '
/data/takhyun03/anaconda3/envs/lmms_llavavideo/lib/python3.11/site-packages/torch/nn/modules/module.py:2025: UserWarning: for vision_model.encoder.layers.8.layer_norm2.weight: copying from a non-meta parameter in the checkpoint to a meta parameter in the current model, which is a no-op. (Did you mean to pass `assign=True` to assign items in the state dictionary to their corresponding key in the module instead of copying them in place?)
  warnings.warn(f'for {key}: copying from a non-meta parameter in the checkpoint to a meta '
/data/takhyun03/anaconda3/envs/lmms_llavavideo/lib/python3.11/site-packages/torch/nn/modules/module.py:2025: UserWarning: for vision_model.encoder.layers.8.layer_norm2.bias: copying from a non-meta parameter in the checkpoint to a meta parameter in the current model, which is a no-op. (Did you mean to pass `assign=True` to assign items in the state dictionary to their corresponding key in the module instead of copying them in place?)
  warnings.warn(f'for {key}: copying from a non-meta parameter in the checkpoint to a meta '
/data/takhyun03/anaconda3/envs/lmms_llavavideo/lib/python3.11/site-packages/torch/nn/modules/module.py:2025: UserWarning: for vision_model.encoder.layers.9.self_attn.k_proj.weight: copying from a non-meta parameter in the checkpoint to a meta parameter in the current model, which is a no-op. (Did you mean to pass `assign=True` to assign items in the state dictionary to their corresponding key in the module instead of copying them in place?)
  warnings.warn(f'for {key}: copying from a non-meta parameter in the checkpoint to a meta '
/data/takhyun03/anaconda3/envs/lmms_llavavideo/lib/python3.11/site-packages/torch/nn/modules/module.py:2025: UserWarning: for vision_model.encoder.layers.9.self_attn.k_proj.bias: copying from a non-meta parameter in the checkpoint to a meta parameter in the current model, which is a no-op. (Did you mean to pass `assign=True` to assign items in the state dictionary to their corresponding key in the module instead of copying them in place?)
  warnings.warn(f'for {key}: copying from a non-meta parameter in the checkpoint to a meta '
/data/takhyun03/anaconda3/envs/lmms_llavavideo/lib/python3.11/site-packages/torch/nn/modules/module.py:2025: UserWarning: for vision_model.encoder.layers.9.self_attn.v_proj.weight: copying from a non-meta parameter in the checkpoint to a meta parameter in the current model, which is a no-op. (Did you mean to pass `assign=True` to assign items in the state dictionary to their corresponding key in the module instead of copying them in place?)
  warnings.warn(f'for {key}: copying from a non-meta parameter in the checkpoint to a meta '
/data/takhyun03/anaconda3/envs/lmms_llavavideo/lib/python3.11/site-packages/torch/nn/modules/module.py:2025: UserWarning: for vision_model.encoder.layers.9.self_attn.v_proj.bias: copying from a non-meta parameter in the checkpoint to a meta parameter in the current model, which is a no-op. (Did you mean to pass `assign=True` to assign items in the state dictionary to their corresponding key in the module instead of copying them in place?)
  warnings.warn(f'for {key}: copying from a non-meta parameter in the checkpoint to a meta '
/data/takhyun03/anaconda3/envs/lmms_llavavideo/lib/python3.11/site-packages/torch/nn/modules/module.py:2025: UserWarning: for vision_model.encoder.layers.9.self_attn.q_proj.weight: copying from a non-meta parameter in the checkpoint to a meta parameter in the current model, which is a no-op. (Did you mean to pass `assign=True` to assign items in the state dictionary to their corresponding key in the module instead of copying them in place?)
  warnings.warn(f'for {key}: copying from a non-meta parameter in the checkpoint to a meta '
/data/takhyun03/anaconda3/envs/lmms_llavavideo/lib/python3.11/site-packages/torch/nn/modules/module.py:2025: UserWarning: for vision_model.encoder.layers.9.self_attn.q_proj.bias: copying from a non-meta parameter in the checkpoint to a meta parameter in the current model, which is a no-op. (Did you mean to pass `assign=True` to assign items in the state dictionary to their corresponding key in the module instead of copying them in place?)
  warnings.warn(f'for {key}: copying from a non-meta parameter in the checkpoint to a meta '
/data/takhyun03/anaconda3/envs/lmms_llavavideo/lib/python3.11/site-packages/torch/nn/modules/module.py:2025: UserWarning: for vision_model.encoder.layers.9.self_attn.out_proj.weight: copying from a non-meta parameter in the checkpoint to a meta parameter in the current model, which is a no-op. (Did you mean to pass `assign=True` to assign items in the state dictionary to their corresponding key in the module instead of copying them in place?)
  warnings.warn(f'for {key}: copying from a non-meta parameter in the checkpoint to a meta '
/data/takhyun03/anaconda3/envs/lmms_llavavideo/lib/python3.11/site-packages/torch/nn/modules/module.py:2025: UserWarning: for vision_model.encoder.layers.9.self_attn.out_proj.bias: copying from a non-meta parameter in the checkpoint to a meta parameter in the current model, which is a no-op. (Did you mean to pass `assign=True` to assign items in the state dictionary to their corresponding key in the module instead of copying them in place?)
  warnings.warn(f'for {key}: copying from a non-meta parameter in the checkpoint to a meta '
/data/takhyun03/anaconda3/envs/lmms_llavavideo/lib/python3.11/site-packages/torch/nn/modules/module.py:2025: UserWarning: for vision_model.encoder.layers.9.layer_norm1.weight: copying from a non-meta parameter in the checkpoint to a meta parameter in the current model, which is a no-op. (Did you mean to pass `assign=True` to assign items in the state dictionary to their corresponding key in the module instead of copying them in place?)
  warnings.warn(f'for {key}: copying from a non-meta parameter in the checkpoint to a meta '
/data/takhyun03/anaconda3/envs/lmms_llavavideo/lib/python3.11/site-packages/torch/nn/modules/module.py:2025: UserWarning: for vision_model.encoder.layers.9.layer_norm1.bias: copying from a non-meta parameter in the checkpoint to a meta parameter in the current model, which is a no-op. (Did you mean to pass `assign=True` to assign items in the state dictionary to their corresponding key in the module instead of copying them in place?)
  warnings.warn(f'for {key}: copying from a non-meta parameter in the checkpoint to a meta '
/data/takhyun03/anaconda3/envs/lmms_llavavideo/lib/python3.11/site-packages/torch/nn/modules/module.py:2025: UserWarning: for vision_model.encoder.layers.9.mlp.fc1.weight: copying from a non-meta parameter in the checkpoint to a meta parameter in the current model, which is a no-op. (Did you mean to pass `assign=True` to assign items in the state dictionary to their corresponding key in the module instead of copying them in place?)
  warnings.warn(f'for {key}: copying from a non-meta parameter in the checkpoint to a meta '
/data/takhyun03/anaconda3/envs/lmms_llavavideo/lib/python3.11/site-packages/torch/nn/modules/module.py:2025: UserWarning: for vision_model.encoder.layers.9.mlp.fc1.bias: copying from a non-meta parameter in the checkpoint to a meta parameter in the current model, which is a no-op. (Did you mean to pass `assign=True` to assign items in the state dictionary to their corresponding key in the module instead of copying them in place?)
  warnings.warn(f'for {key}: copying from a non-meta parameter in the checkpoint to a meta '
/data/takhyun03/anaconda3/envs/lmms_llavavideo/lib/python3.11/site-packages/torch/nn/modules/module.py:2025: UserWarning: for vision_model.encoder.layers.9.mlp.fc2.weight: copying from a non-meta parameter in the checkpoint to a meta parameter in the current model, which is a no-op. (Did you mean to pass `assign=True` to assign items in the state dictionary to their corresponding key in the module instead of copying them in place?)
  warnings.warn(f'for {key}: copying from a non-meta parameter in the checkpoint to a meta '
/data/takhyun03/anaconda3/envs/lmms_llavavideo/lib/python3.11/site-packages/torch/nn/modules/module.py:2025: UserWarning: for vision_model.encoder.layers.9.mlp.fc2.bias: copying from a non-meta parameter in the checkpoint to a meta parameter in the current model, which is a no-op. (Did you mean to pass `assign=True` to assign items in the state dictionary to their corresponding key in the module instead of copying them in place?)
  warnings.warn(f'for {key}: copying from a non-meta parameter in the checkpoint to a meta '
/data/takhyun03/anaconda3/envs/lmms_llavavideo/lib/python3.11/site-packages/torch/nn/modules/module.py:2025: UserWarning: for vision_model.encoder.layers.9.layer_norm2.weight: copying from a non-meta parameter in the checkpoint to a meta parameter in the current model, which is a no-op. (Did you mean to pass `assign=True` to assign items in the state dictionary to their corresponding key in the module instead of copying them in place?)
  warnings.warn(f'for {key}: copying from a non-meta parameter in the checkpoint to a meta '
/data/takhyun03/anaconda3/envs/lmms_llavavideo/lib/python3.11/site-packages/torch/nn/modules/module.py:2025: UserWarning: for vision_model.encoder.layers.9.layer_norm2.bias: copying from a non-meta parameter in the checkpoint to a meta parameter in the current model, which is a no-op. (Did you mean to pass `assign=True` to assign items in the state dictionary to their corresponding key in the module instead of copying them in place?)
  warnings.warn(f'for {key}: copying from a non-meta parameter in the checkpoint to a meta '
/data/takhyun03/anaconda3/envs/lmms_llavavideo/lib/python3.11/site-packages/torch/nn/modules/module.py:2025: UserWarning: for vision_model.encoder.layers.10.self_attn.k_proj.weight: copying from a non-meta parameter in the checkpoint to a meta parameter in the current model, which is a no-op. (Did you mean to pass `assign=True` to assign items in the state dictionary to their corresponding key in the module instead of copying them in place?)
  warnings.warn(f'for {key}: copying from a non-meta parameter in the checkpoint to a meta '
/data/takhyun03/anaconda3/envs/lmms_llavavideo/lib/python3.11/site-packages/torch/nn/modules/module.py:2025: UserWarning: for vision_model.encoder.layers.10.self_attn.k_proj.bias: copying from a non-meta parameter in the checkpoint to a meta parameter in the current model, which is a no-op. (Did you mean to pass `assign=True` to assign items in the state dictionary to their corresponding key in the module instead of copying them in place?)
  warnings.warn(f'for {key}: copying from a non-meta parameter in the checkpoint to a meta '
/data/takhyun03/anaconda3/envs/lmms_llavavideo/lib/python3.11/site-packages/torch/nn/modules/module.py:2025: UserWarning: for vision_model.encoder.layers.10.self_attn.v_proj.weight: copying from a non-meta parameter in the checkpoint to a meta parameter in the current model, which is a no-op. (Did you mean to pass `assign=True` to assign items in the state dictionary to their corresponding key in the module instead of copying them in place?)
  warnings.warn(f'for {key}: copying from a non-meta parameter in the checkpoint to a meta '
/data/takhyun03/anaconda3/envs/lmms_llavavideo/lib/python3.11/site-packages/torch/nn/modules/module.py:2025: UserWarning: for vision_model.encoder.layers.10.self_attn.v_proj.bias: copying from a non-meta parameter in the checkpoint to a meta parameter in the current model, which is a no-op. (Did you mean to pass `assign=True` to assign items in the state dictionary to their corresponding key in the module instead of copying them in place?)
  warnings.warn(f'for {key}: copying from a non-meta parameter in the checkpoint to a meta '
/data/takhyun03/anaconda3/envs/lmms_llavavideo/lib/python3.11/site-packages/torch/nn/modules/module.py:2025: UserWarning: for vision_model.encoder.layers.10.self_attn.q_proj.weight: copying from a non-meta parameter in the checkpoint to a meta parameter in the current model, which is a no-op. (Did you mean to pass `assign=True` to assign items in the state dictionary to their corresponding key in the module instead of copying them in place?)
  warnings.warn(f'for {key}: copying from a non-meta parameter in the checkpoint to a meta '
/data/takhyun03/anaconda3/envs/lmms_llavavideo/lib/python3.11/site-packages/torch/nn/modules/module.py:2025: UserWarning: for vision_model.encoder.layers.10.self_attn.q_proj.bias: copying from a non-meta parameter in the checkpoint to a meta parameter in the current model, which is a no-op. (Did you mean to pass `assign=True` to assign items in the state dictionary to their corresponding key in the module instead of copying them in place?)
  warnings.warn(f'for {key}: copying from a non-meta parameter in the checkpoint to a meta '
/data/takhyun03/anaconda3/envs/lmms_llavavideo/lib/python3.11/site-packages/torch/nn/modules/module.py:2025: UserWarning: for vision_model.encoder.layers.10.self_attn.out_proj.weight: copying from a non-meta parameter in the checkpoint to a meta parameter in the current model, which is a no-op. (Did you mean to pass `assign=True` to assign items in the state dictionary to their corresponding key in the module instead of copying them in place?)
  warnings.warn(f'for {key}: copying from a non-meta parameter in the checkpoint to a meta '
/data/takhyun03/anaconda3/envs/lmms_llavavideo/lib/python3.11/site-packages/torch/nn/modules/module.py:2025: UserWarning: for vision_model.encoder.layers.10.self_attn.out_proj.bias: copying from a non-meta parameter in the checkpoint to a meta parameter in the current model, which is a no-op. (Did you mean to pass `assign=True` to assign items in the state dictionary to their corresponding key in the module instead of copying them in place?)
  warnings.warn(f'for {key}: copying from a non-meta parameter in the checkpoint to a meta '
/data/takhyun03/anaconda3/envs/lmms_llavavideo/lib/python3.11/site-packages/torch/nn/modules/module.py:2025: UserWarning: for vision_model.encoder.layers.10.layer_norm1.weight: copying from a non-meta parameter in the checkpoint to a meta parameter in the current model, which is a no-op. (Did you mean to pass `assign=True` to assign items in the state dictionary to their corresponding key in the module instead of copying them in place?)
  warnings.warn(f'for {key}: copying from a non-meta parameter in the checkpoint to a meta '
/data/takhyun03/anaconda3/envs/lmms_llavavideo/lib/python3.11/site-packages/torch/nn/modules/module.py:2025: UserWarning: for vision_model.encoder.layers.10.layer_norm1.bias: copying from a non-meta parameter in the checkpoint to a meta parameter in the current model, which is a no-op. (Did you mean to pass `assign=True` to assign items in the state dictionary to their corresponding key in the module instead of copying them in place?)
  warnings.warn(f'for {key}: copying from a non-meta parameter in the checkpoint to a meta '
/data/takhyun03/anaconda3/envs/lmms_llavavideo/lib/python3.11/site-packages/torch/nn/modules/module.py:2025: UserWarning: for vision_model.encoder.layers.10.mlp.fc1.weight: copying from a non-meta parameter in the checkpoint to a meta parameter in the current model, which is a no-op. (Did you mean to pass `assign=True` to assign items in the state dictionary to their corresponding key in the module instead of copying them in place?)
  warnings.warn(f'for {key}: copying from a non-meta parameter in the checkpoint to a meta '
/data/takhyun03/anaconda3/envs/lmms_llavavideo/lib/python3.11/site-packages/torch/nn/modules/module.py:2025: UserWarning: for vision_model.encoder.layers.10.mlp.fc1.bias: copying from a non-meta parameter in the checkpoint to a meta parameter in the current model, which is a no-op. (Did you mean to pass `assign=True` to assign items in the state dictionary to their corresponding key in the module instead of copying them in place?)
  warnings.warn(f'for {key}: copying from a non-meta parameter in the checkpoint to a meta '
/data/takhyun03/anaconda3/envs/lmms_llavavideo/lib/python3.11/site-packages/torch/nn/modules/module.py:2025: UserWarning: for vision_model.encoder.layers.10.mlp.fc2.weight: copying from a non-meta parameter in the checkpoint to a meta parameter in the current model, which is a no-op. (Did you mean to pass `assign=True` to assign items in the state dictionary to their corresponding key in the module instead of copying them in place?)
  warnings.warn(f'for {key}: copying from a non-meta parameter in the checkpoint to a meta '
/data/takhyun03/anaconda3/envs/lmms_llavavideo/lib/python3.11/site-packages/torch/nn/modules/module.py:2025: UserWarning: for vision_model.encoder.layers.10.mlp.fc2.bias: copying from a non-meta parameter in the checkpoint to a meta parameter in the current model, which is a no-op. (Did you mean to pass `assign=True` to assign items in the state dictionary to their corresponding key in the module instead of copying them in place?)
  warnings.warn(f'for {key}: copying from a non-meta parameter in the checkpoint to a meta '
/data/takhyun03/anaconda3/envs/lmms_llavavideo/lib/python3.11/site-packages/torch/nn/modules/module.py:2025: UserWarning: for vision_model.encoder.layers.10.layer_norm2.weight: copying from a non-meta parameter in the checkpoint to a meta parameter in the current model, which is a no-op. (Did you mean to pass `assign=True` to assign items in the state dictionary to their corresponding key in the module instead of copying them in place?)
  warnings.warn(f'for {key}: copying from a non-meta parameter in the checkpoint to a meta '
/data/takhyun03/anaconda3/envs/lmms_llavavideo/lib/python3.11/site-packages/torch/nn/modules/module.py:2025: UserWarning: for vision_model.encoder.layers.10.layer_norm2.bias: copying from a non-meta parameter in the checkpoint to a meta parameter in the current model, which is a no-op. (Did you mean to pass `assign=True` to assign items in the state dictionary to their corresponding key in the module instead of copying them in place?)
  warnings.warn(f'for {key}: copying from a non-meta parameter in the checkpoint to a meta '
/data/takhyun03/anaconda3/envs/lmms_llavavideo/lib/python3.11/site-packages/torch/nn/modules/module.py:2025: UserWarning: for vision_model.encoder.layers.11.self_attn.k_proj.weight: copying from a non-meta parameter in the checkpoint to a meta parameter in the current model, which is a no-op. (Did you mean to pass `assign=True` to assign items in the state dictionary to their corresponding key in the module instead of copying them in place?)
  warnings.warn(f'for {key}: copying from a non-meta parameter in the checkpoint to a meta '
/data/takhyun03/anaconda3/envs/lmms_llavavideo/lib/python3.11/site-packages/torch/nn/modules/module.py:2025: UserWarning: for vision_model.encoder.layers.11.self_attn.k_proj.bias: copying from a non-meta parameter in the checkpoint to a meta parameter in the current model, which is a no-op. (Did you mean to pass `assign=True` to assign items in the state dictionary to their corresponding key in the module instead of copying them in place?)
  warnings.warn(f'for {key}: copying from a non-meta parameter in the checkpoint to a meta '
/data/takhyun03/anaconda3/envs/lmms_llavavideo/lib/python3.11/site-packages/torch/nn/modules/module.py:2025: UserWarning: for vision_model.encoder.layers.11.self_attn.v_proj.weight: copying from a non-meta parameter in the checkpoint to a meta parameter in the current model, which is a no-op. (Did you mean to pass `assign=True` to assign items in the state dictionary to their corresponding key in the module instead of copying them in place?)
  warnings.warn(f'for {key}: copying from a non-meta parameter in the checkpoint to a meta '
/data/takhyun03/anaconda3/envs/lmms_llavavideo/lib/python3.11/site-packages/torch/nn/modules/module.py:2025: UserWarning: for vision_model.encoder.layers.11.self_attn.v_proj.bias: copying from a non-meta parameter in the checkpoint to a meta parameter in the current model, which is a no-op. (Did you mean to pass `assign=True` to assign items in the state dictionary to their corresponding key in the module instead of copying them in place?)
  warnings.warn(f'for {key}: copying from a non-meta parameter in the checkpoint to a meta '
/data/takhyun03/anaconda3/envs/lmms_llavavideo/lib/python3.11/site-packages/torch/nn/modules/module.py:2025: UserWarning: for vision_model.encoder.layers.11.self_attn.q_proj.weight: copying from a non-meta parameter in the checkpoint to a meta parameter in the current model, which is a no-op. (Did you mean to pass `assign=True` to assign items in the state dictionary to their corresponding key in the module instead of copying them in place?)
  warnings.warn(f'for {key}: copying from a non-meta parameter in the checkpoint to a meta '
/data/takhyun03/anaconda3/envs/lmms_llavavideo/lib/python3.11/site-packages/torch/nn/modules/module.py:2025: UserWarning: for vision_model.encoder.layers.11.self_attn.q_proj.bias: copying from a non-meta parameter in the checkpoint to a meta parameter in the current model, which is a no-op. (Did you mean to pass `assign=True` to assign items in the state dictionary to their corresponding key in the module instead of copying them in place?)
  warnings.warn(f'for {key}: copying from a non-meta parameter in the checkpoint to a meta '
/data/takhyun03/anaconda3/envs/lmms_llavavideo/lib/python3.11/site-packages/torch/nn/modules/module.py:2025: UserWarning: for vision_model.encoder.layers.11.self_attn.out_proj.weight: copying from a non-meta parameter in the checkpoint to a meta parameter in the current model, which is a no-op. (Did you mean to pass `assign=True` to assign items in the state dictionary to their corresponding key in the module instead of copying them in place?)
  warnings.warn(f'for {key}: copying from a non-meta parameter in the checkpoint to a meta '
/data/takhyun03/anaconda3/envs/lmms_llavavideo/lib/python3.11/site-packages/torch/nn/modules/module.py:2025: UserWarning: for vision_model.encoder.layers.11.self_attn.out_proj.bias: copying from a non-meta parameter in the checkpoint to a meta parameter in the current model, which is a no-op. (Did you mean to pass `assign=True` to assign items in the state dictionary to their corresponding key in the module instead of copying them in place?)
  warnings.warn(f'for {key}: copying from a non-meta parameter in the checkpoint to a meta '
/data/takhyun03/anaconda3/envs/lmms_llavavideo/lib/python3.11/site-packages/torch/nn/modules/module.py:2025: UserWarning: for vision_model.encoder.layers.11.layer_norm1.weight: copying from a non-meta parameter in the checkpoint to a meta parameter in the current model, which is a no-op. (Did you mean to pass `assign=True` to assign items in the state dictionary to their corresponding key in the module instead of copying them in place?)
  warnings.warn(f'for {key}: copying from a non-meta parameter in the checkpoint to a meta '
/data/takhyun03/anaconda3/envs/lmms_llavavideo/lib/python3.11/site-packages/torch/nn/modules/module.py:2025: UserWarning: for vision_model.encoder.layers.11.layer_norm1.bias: copying from a non-meta parameter in the checkpoint to a meta parameter in the current model, which is a no-op. (Did you mean to pass `assign=True` to assign items in the state dictionary to their corresponding key in the module instead of copying them in place?)
  warnings.warn(f'for {key}: copying from a non-meta parameter in the checkpoint to a meta '
/data/takhyun03/anaconda3/envs/lmms_llavavideo/lib/python3.11/site-packages/torch/nn/modules/module.py:2025: UserWarning: for vision_model.encoder.layers.11.mlp.fc1.weight: copying from a non-meta parameter in the checkpoint to a meta parameter in the current model, which is a no-op. (Did you mean to pass `assign=True` to assign items in the state dictionary to their corresponding key in the module instead of copying them in place?)
  warnings.warn(f'for {key}: copying from a non-meta parameter in the checkpoint to a meta '
/data/takhyun03/anaconda3/envs/lmms_llavavideo/lib/python3.11/site-packages/torch/nn/modules/module.py:2025: UserWarning: for vision_model.encoder.layers.11.mlp.fc1.bias: copying from a non-meta parameter in the checkpoint to a meta parameter in the current model, which is a no-op. (Did you mean to pass `assign=True` to assign items in the state dictionary to their corresponding key in the module instead of copying them in place?)
  warnings.warn(f'for {key}: copying from a non-meta parameter in the checkpoint to a meta '
/data/takhyun03/anaconda3/envs/lmms_llavavideo/lib/python3.11/site-packages/torch/nn/modules/module.py:2025: UserWarning: for vision_model.encoder.layers.11.mlp.fc2.weight: copying from a non-meta parameter in the checkpoint to a meta parameter in the current model, which is a no-op. (Did you mean to pass `assign=True` to assign items in the state dictionary to their corresponding key in the module instead of copying them in place?)
  warnings.warn(f'for {key}: copying from a non-meta parameter in the checkpoint to a meta '
/data/takhyun03/anaconda3/envs/lmms_llavavideo/lib/python3.11/site-packages/torch/nn/modules/module.py:2025: UserWarning: for vision_model.encoder.layers.11.mlp.fc2.bias: copying from a non-meta parameter in the checkpoint to a meta parameter in the current model, which is a no-op. (Did you mean to pass `assign=True` to assign items in the state dictionary to their corresponding key in the module instead of copying them in place?)
  warnings.warn(f'for {key}: copying from a non-meta parameter in the checkpoint to a meta '
/data/takhyun03/anaconda3/envs/lmms_llavavideo/lib/python3.11/site-packages/torch/nn/modules/module.py:2025: UserWarning: for vision_model.encoder.layers.11.layer_norm2.weight: copying from a non-meta parameter in the checkpoint to a meta parameter in the current model, which is a no-op. (Did you mean to pass `assign=True` to assign items in the state dictionary to their corresponding key in the module instead of copying them in place?)
  warnings.warn(f'for {key}: copying from a non-meta parameter in the checkpoint to a meta '
/data/takhyun03/anaconda3/envs/lmms_llavavideo/lib/python3.11/site-packages/torch/nn/modules/module.py:2025: UserWarning: for vision_model.encoder.layers.11.layer_norm2.bias: copying from a non-meta parameter in the checkpoint to a meta parameter in the current model, which is a no-op. (Did you mean to pass `assign=True` to assign items in the state dictionary to their corresponding key in the module instead of copying them in place?)
  warnings.warn(f'for {key}: copying from a non-meta parameter in the checkpoint to a meta '
/data/takhyun03/anaconda3/envs/lmms_llavavideo/lib/python3.11/site-packages/torch/nn/modules/module.py:2025: UserWarning: for vision_model.encoder.layers.12.self_attn.k_proj.weight: copying from a non-meta parameter in the checkpoint to a meta parameter in the current model, which is a no-op. (Did you mean to pass `assign=True` to assign items in the state dictionary to their corresponding key in the module instead of copying them in place?)
  warnings.warn(f'for {key}: copying from a non-meta parameter in the checkpoint to a meta '
/data/takhyun03/anaconda3/envs/lmms_llavavideo/lib/python3.11/site-packages/torch/nn/modules/module.py:2025: UserWarning: for vision_model.encoder.layers.12.self_attn.k_proj.bias: copying from a non-meta parameter in the checkpoint to a meta parameter in the current model, which is a no-op. (Did you mean to pass `assign=True` to assign items in the state dictionary to their corresponding key in the module instead of copying them in place?)
  warnings.warn(f'for {key}: copying from a non-meta parameter in the checkpoint to a meta '
/data/takhyun03/anaconda3/envs/lmms_llavavideo/lib/python3.11/site-packages/torch/nn/modules/module.py:2025: UserWarning: for vision_model.encoder.layers.12.self_attn.v_proj.weight: copying from a non-meta parameter in the checkpoint to a meta parameter in the current model, which is a no-op. (Did you mean to pass `assign=True` to assign items in the state dictionary to their corresponding key in the module instead of copying them in place?)
  warnings.warn(f'for {key}: copying from a non-meta parameter in the checkpoint to a meta '
/data/takhyun03/anaconda3/envs/lmms_llavavideo/lib/python3.11/site-packages/torch/nn/modules/module.py:2025: UserWarning: for vision_model.encoder.layers.12.self_attn.v_proj.bias: copying from a non-meta parameter in the checkpoint to a meta parameter in the current model, which is a no-op. (Did you mean to pass `assign=True` to assign items in the state dictionary to their corresponding key in the module instead of copying them in place?)
  warnings.warn(f'for {key}: copying from a non-meta parameter in the checkpoint to a meta '
/data/takhyun03/anaconda3/envs/lmms_llavavideo/lib/python3.11/site-packages/torch/nn/modules/module.py:2025: UserWarning: for vision_model.encoder.layers.12.self_attn.q_proj.weight: copying from a non-meta parameter in the checkpoint to a meta parameter in the current model, which is a no-op. (Did you mean to pass `assign=True` to assign items in the state dictionary to their corresponding key in the module instead of copying them in place?)
  warnings.warn(f'for {key}: copying from a non-meta parameter in the checkpoint to a meta '
/data/takhyun03/anaconda3/envs/lmms_llavavideo/lib/python3.11/site-packages/torch/nn/modules/module.py:2025: UserWarning: for vision_model.encoder.layers.12.self_attn.q_proj.bias: copying from a non-meta parameter in the checkpoint to a meta parameter in the current model, which is a no-op. (Did you mean to pass `assign=True` to assign items in the state dictionary to their corresponding key in the module instead of copying them in place?)
  warnings.warn(f'for {key}: copying from a non-meta parameter in the checkpoint to a meta '
/data/takhyun03/anaconda3/envs/lmms_llavavideo/lib/python3.11/site-packages/torch/nn/modules/module.py:2025: UserWarning: for vision_model.encoder.layers.12.self_attn.out_proj.weight: copying from a non-meta parameter in the checkpoint to a meta parameter in the current model, which is a no-op. (Did you mean to pass `assign=True` to assign items in the state dictionary to their corresponding key in the module instead of copying them in place?)
  warnings.warn(f'for {key}: copying from a non-meta parameter in the checkpoint to a meta '
/data/takhyun03/anaconda3/envs/lmms_llavavideo/lib/python3.11/site-packages/torch/nn/modules/module.py:2025: UserWarning: for vision_model.encoder.layers.12.self_attn.out_proj.bias: copying from a non-meta parameter in the checkpoint to a meta parameter in the current model, which is a no-op. (Did you mean to pass `assign=True` to assign items in the state dictionary to their corresponding key in the module instead of copying them in place?)
  warnings.warn(f'for {key}: copying from a non-meta parameter in the checkpoint to a meta '
/data/takhyun03/anaconda3/envs/lmms_llavavideo/lib/python3.11/site-packages/torch/nn/modules/module.py:2025: UserWarning: for vision_model.encoder.layers.12.layer_norm1.weight: copying from a non-meta parameter in the checkpoint to a meta parameter in the current model, which is a no-op. (Did you mean to pass `assign=True` to assign items in the state dictionary to their corresponding key in the module instead of copying them in place?)
  warnings.warn(f'for {key}: copying from a non-meta parameter in the checkpoint to a meta '
/data/takhyun03/anaconda3/envs/lmms_llavavideo/lib/python3.11/site-packages/torch/nn/modules/module.py:2025: UserWarning: for vision_model.encoder.layers.12.layer_norm1.bias: copying from a non-meta parameter in the checkpoint to a meta parameter in the current model, which is a no-op. (Did you mean to pass `assign=True` to assign items in the state dictionary to their corresponding key in the module instead of copying them in place?)
  warnings.warn(f'for {key}: copying from a non-meta parameter in the checkpoint to a meta '
/data/takhyun03/anaconda3/envs/lmms_llavavideo/lib/python3.11/site-packages/torch/nn/modules/module.py:2025: UserWarning: for vision_model.encoder.layers.12.mlp.fc1.weight: copying from a non-meta parameter in the checkpoint to a meta parameter in the current model, which is a no-op. (Did you mean to pass `assign=True` to assign items in the state dictionary to their corresponding key in the module instead of copying them in place?)
  warnings.warn(f'for {key}: copying from a non-meta parameter in the checkpoint to a meta '
/data/takhyun03/anaconda3/envs/lmms_llavavideo/lib/python3.11/site-packages/torch/nn/modules/module.py:2025: UserWarning: for vision_model.encoder.layers.12.mlp.fc1.bias: copying from a non-meta parameter in the checkpoint to a meta parameter in the current model, which is a no-op. (Did you mean to pass `assign=True` to assign items in the state dictionary to their corresponding key in the module instead of copying them in place?)
  warnings.warn(f'for {key}: copying from a non-meta parameter in the checkpoint to a meta '
/data/takhyun03/anaconda3/envs/lmms_llavavideo/lib/python3.11/site-packages/torch/nn/modules/module.py:2025: UserWarning: for vision_model.encoder.layers.12.mlp.fc2.weight: copying from a non-meta parameter in the checkpoint to a meta parameter in the current model, which is a no-op. (Did you mean to pass `assign=True` to assign items in the state dictionary to their corresponding key in the module instead of copying them in place?)
  warnings.warn(f'for {key}: copying from a non-meta parameter in the checkpoint to a meta '
/data/takhyun03/anaconda3/envs/lmms_llavavideo/lib/python3.11/site-packages/torch/nn/modules/module.py:2025: UserWarning: for vision_model.encoder.layers.12.mlp.fc2.bias: copying from a non-meta parameter in the checkpoint to a meta parameter in the current model, which is a no-op. (Did you mean to pass `assign=True` to assign items in the state dictionary to their corresponding key in the module instead of copying them in place?)
  warnings.warn(f'for {key}: copying from a non-meta parameter in the checkpoint to a meta '
/data/takhyun03/anaconda3/envs/lmms_llavavideo/lib/python3.11/site-packages/torch/nn/modules/module.py:2025: UserWarning: for vision_model.encoder.layers.12.layer_norm2.weight: copying from a non-meta parameter in the checkpoint to a meta parameter in the current model, which is a no-op. (Did you mean to pass `assign=True` to assign items in the state dictionary to their corresponding key in the module instead of copying them in place?)
  warnings.warn(f'for {key}: copying from a non-meta parameter in the checkpoint to a meta '
/data/takhyun03/anaconda3/envs/lmms_llavavideo/lib/python3.11/site-packages/torch/nn/modules/module.py:2025: UserWarning: for vision_model.encoder.layers.12.layer_norm2.bias: copying from a non-meta parameter in the checkpoint to a meta parameter in the current model, which is a no-op. (Did you mean to pass `assign=True` to assign items in the state dictionary to their corresponding key in the module instead of copying them in place?)
  warnings.warn(f'for {key}: copying from a non-meta parameter in the checkpoint to a meta '
/data/takhyun03/anaconda3/envs/lmms_llavavideo/lib/python3.11/site-packages/torch/nn/modules/module.py:2025: UserWarning: for vision_model.encoder.layers.13.self_attn.k_proj.weight: copying from a non-meta parameter in the checkpoint to a meta parameter in the current model, which is a no-op. (Did you mean to pass `assign=True` to assign items in the state dictionary to their corresponding key in the module instead of copying them in place?)
  warnings.warn(f'for {key}: copying from a non-meta parameter in the checkpoint to a meta '
/data/takhyun03/anaconda3/envs/lmms_llavavideo/lib/python3.11/site-packages/torch/nn/modules/module.py:2025: UserWarning: for vision_model.encoder.layers.13.self_attn.k_proj.bias: copying from a non-meta parameter in the checkpoint to a meta parameter in the current model, which is a no-op. (Did you mean to pass `assign=True` to assign items in the state dictionary to their corresponding key in the module instead of copying them in place?)
  warnings.warn(f'for {key}: copying from a non-meta parameter in the checkpoint to a meta '
/data/takhyun03/anaconda3/envs/lmms_llavavideo/lib/python3.11/site-packages/torch/nn/modules/module.py:2025: UserWarning: for vision_model.encoder.layers.13.self_attn.v_proj.weight: copying from a non-meta parameter in the checkpoint to a meta parameter in the current model, which is a no-op. (Did you mean to pass `assign=True` to assign items in the state dictionary to their corresponding key in the module instead of copying them in place?)
  warnings.warn(f'for {key}: copying from a non-meta parameter in the checkpoint to a meta '
/data/takhyun03/anaconda3/envs/lmms_llavavideo/lib/python3.11/site-packages/torch/nn/modules/module.py:2025: UserWarning: for vision_model.encoder.layers.13.self_attn.v_proj.bias: copying from a non-meta parameter in the checkpoint to a meta parameter in the current model, which is a no-op. (Did you mean to pass `assign=True` to assign items in the state dictionary to their corresponding key in the module instead of copying them in place?)
  warnings.warn(f'for {key}: copying from a non-meta parameter in the checkpoint to a meta '
/data/takhyun03/anaconda3/envs/lmms_llavavideo/lib/python3.11/site-packages/torch/nn/modules/module.py:2025: UserWarning: for vision_model.encoder.layers.13.self_attn.q_proj.weight: copying from a non-meta parameter in the checkpoint to a meta parameter in the current model, which is a no-op. (Did you mean to pass `assign=True` to assign items in the state dictionary to their corresponding key in the module instead of copying them in place?)
  warnings.warn(f'for {key}: copying from a non-meta parameter in the checkpoint to a meta '
/data/takhyun03/anaconda3/envs/lmms_llavavideo/lib/python3.11/site-packages/torch/nn/modules/module.py:2025: UserWarning: for vision_model.encoder.layers.13.self_attn.q_proj.bias: copying from a non-meta parameter in the checkpoint to a meta parameter in the current model, which is a no-op. (Did you mean to pass `assign=True` to assign items in the state dictionary to their corresponding key in the module instead of copying them in place?)
  warnings.warn(f'for {key}: copying from a non-meta parameter in the checkpoint to a meta '
/data/takhyun03/anaconda3/envs/lmms_llavavideo/lib/python3.11/site-packages/torch/nn/modules/module.py:2025: UserWarning: for vision_model.encoder.layers.13.self_attn.out_proj.weight: copying from a non-meta parameter in the checkpoint to a meta parameter in the current model, which is a no-op. (Did you mean to pass `assign=True` to assign items in the state dictionary to their corresponding key in the module instead of copying them in place?)
  warnings.warn(f'for {key}: copying from a non-meta parameter in the checkpoint to a meta '
/data/takhyun03/anaconda3/envs/lmms_llavavideo/lib/python3.11/site-packages/torch/nn/modules/module.py:2025: UserWarning: for vision_model.encoder.layers.13.self_attn.out_proj.bias: copying from a non-meta parameter in the checkpoint to a meta parameter in the current model, which is a no-op. (Did you mean to pass `assign=True` to assign items in the state dictionary to their corresponding key in the module instead of copying them in place?)
  warnings.warn(f'for {key}: copying from a non-meta parameter in the checkpoint to a meta '
/data/takhyun03/anaconda3/envs/lmms_llavavideo/lib/python3.11/site-packages/torch/nn/modules/module.py:2025: UserWarning: for vision_model.encoder.layers.13.layer_norm1.weight: copying from a non-meta parameter in the checkpoint to a meta parameter in the current model, which is a no-op. (Did you mean to pass `assign=True` to assign items in the state dictionary to their corresponding key in the module instead of copying them in place?)
  warnings.warn(f'for {key}: copying from a non-meta parameter in the checkpoint to a meta '
/data/takhyun03/anaconda3/envs/lmms_llavavideo/lib/python3.11/site-packages/torch/nn/modules/module.py:2025: UserWarning: for vision_model.encoder.layers.13.layer_norm1.bias: copying from a non-meta parameter in the checkpoint to a meta parameter in the current model, which is a no-op. (Did you mean to pass `assign=True` to assign items in the state dictionary to their corresponding key in the module instead of copying them in place?)
  warnings.warn(f'for {key}: copying from a non-meta parameter in the checkpoint to a meta '
/data/takhyun03/anaconda3/envs/lmms_llavavideo/lib/python3.11/site-packages/torch/nn/modules/module.py:2025: UserWarning: for vision_model.encoder.layers.13.mlp.fc1.weight: copying from a non-meta parameter in the checkpoint to a meta parameter in the current model, which is a no-op. (Did you mean to pass `assign=True` to assign items in the state dictionary to their corresponding key in the module instead of copying them in place?)
  warnings.warn(f'for {key}: copying from a non-meta parameter in the checkpoint to a meta '
/data/takhyun03/anaconda3/envs/lmms_llavavideo/lib/python3.11/site-packages/torch/nn/modules/module.py:2025: UserWarning: for vision_model.encoder.layers.13.mlp.fc1.bias: copying from a non-meta parameter in the checkpoint to a meta parameter in the current model, which is a no-op. (Did you mean to pass `assign=True` to assign items in the state dictionary to their corresponding key in the module instead of copying them in place?)
  warnings.warn(f'for {key}: copying from a non-meta parameter in the checkpoint to a meta '
/data/takhyun03/anaconda3/envs/lmms_llavavideo/lib/python3.11/site-packages/torch/nn/modules/module.py:2025: UserWarning: for vision_model.encoder.layers.13.mlp.fc2.weight: copying from a non-meta parameter in the checkpoint to a meta parameter in the current model, which is a no-op. (Did you mean to pass `assign=True` to assign items in the state dictionary to their corresponding key in the module instead of copying them in place?)
  warnings.warn(f'for {key}: copying from a non-meta parameter in the checkpoint to a meta '
/data/takhyun03/anaconda3/envs/lmms_llavavideo/lib/python3.11/site-packages/torch/nn/modules/module.py:2025: UserWarning: for vision_model.encoder.layers.13.mlp.fc2.bias: copying from a non-meta parameter in the checkpoint to a meta parameter in the current model, which is a no-op. (Did you mean to pass `assign=True` to assign items in the state dictionary to their corresponding key in the module instead of copying them in place?)
  warnings.warn(f'for {key}: copying from a non-meta parameter in the checkpoint to a meta '
/data/takhyun03/anaconda3/envs/lmms_llavavideo/lib/python3.11/site-packages/torch/nn/modules/module.py:2025: UserWarning: for vision_model.encoder.layers.13.layer_norm2.weight: copying from a non-meta parameter in the checkpoint to a meta parameter in the current model, which is a no-op. (Did you mean to pass `assign=True` to assign items in the state dictionary to their corresponding key in the module instead of copying them in place?)
  warnings.warn(f'for {key}: copying from a non-meta parameter in the checkpoint to a meta '
/data/takhyun03/anaconda3/envs/lmms_llavavideo/lib/python3.11/site-packages/torch/nn/modules/module.py:2025: UserWarning: for vision_model.encoder.layers.13.layer_norm2.bias: copying from a non-meta parameter in the checkpoint to a meta parameter in the current model, which is a no-op. (Did you mean to pass `assign=True` to assign items in the state dictionary to their corresponding key in the module instead of copying them in place?)
  warnings.warn(f'for {key}: copying from a non-meta parameter in the checkpoint to a meta '
/data/takhyun03/anaconda3/envs/lmms_llavavideo/lib/python3.11/site-packages/torch/nn/modules/module.py:2025: UserWarning: for vision_model.encoder.layers.14.self_attn.k_proj.weight: copying from a non-meta parameter in the checkpoint to a meta parameter in the current model, which is a no-op. (Did you mean to pass `assign=True` to assign items in the state dictionary to their corresponding key in the module instead of copying them in place?)
  warnings.warn(f'for {key}: copying from a non-meta parameter in the checkpoint to a meta '
/data/takhyun03/anaconda3/envs/lmms_llavavideo/lib/python3.11/site-packages/torch/nn/modules/module.py:2025: UserWarning: for vision_model.encoder.layers.14.self_attn.k_proj.bias: copying from a non-meta parameter in the checkpoint to a meta parameter in the current model, which is a no-op. (Did you mean to pass `assign=True` to assign items in the state dictionary to their corresponding key in the module instead of copying them in place?)
  warnings.warn(f'for {key}: copying from a non-meta parameter in the checkpoint to a meta '
/data/takhyun03/anaconda3/envs/lmms_llavavideo/lib/python3.11/site-packages/torch/nn/modules/module.py:2025: UserWarning: for vision_model.encoder.layers.14.self_attn.v_proj.weight: copying from a non-meta parameter in the checkpoint to a meta parameter in the current model, which is a no-op. (Did you mean to pass `assign=True` to assign items in the state dictionary to their corresponding key in the module instead of copying them in place?)
  warnings.warn(f'for {key}: copying from a non-meta parameter in the checkpoint to a meta '
/data/takhyun03/anaconda3/envs/lmms_llavavideo/lib/python3.11/site-packages/torch/nn/modules/module.py:2025: UserWarning: for vision_model.encoder.layers.14.self_attn.v_proj.bias: copying from a non-meta parameter in the checkpoint to a meta parameter in the current model, which is a no-op. (Did you mean to pass `assign=True` to assign items in the state dictionary to their corresponding key in the module instead of copying them in place?)
  warnings.warn(f'for {key}: copying from a non-meta parameter in the checkpoint to a meta '
/data/takhyun03/anaconda3/envs/lmms_llavavideo/lib/python3.11/site-packages/torch/nn/modules/module.py:2025: UserWarning: for vision_model.encoder.layers.14.self_attn.q_proj.weight: copying from a non-meta parameter in the checkpoint to a meta parameter in the current model, which is a no-op. (Did you mean to pass `assign=True` to assign items in the state dictionary to their corresponding key in the module instead of copying them in place?)
  warnings.warn(f'for {key}: copying from a non-meta parameter in the checkpoint to a meta '
/data/takhyun03/anaconda3/envs/lmms_llavavideo/lib/python3.11/site-packages/torch/nn/modules/module.py:2025: UserWarning: for vision_model.encoder.layers.14.self_attn.q_proj.bias: copying from a non-meta parameter in the checkpoint to a meta parameter in the current model, which is a no-op. (Did you mean to pass `assign=True` to assign items in the state dictionary to their corresponding key in the module instead of copying them in place?)
  warnings.warn(f'for {key}: copying from a non-meta parameter in the checkpoint to a meta '
/data/takhyun03/anaconda3/envs/lmms_llavavideo/lib/python3.11/site-packages/torch/nn/modules/module.py:2025: UserWarning: for vision_model.encoder.layers.14.self_attn.out_proj.weight: copying from a non-meta parameter in the checkpoint to a meta parameter in the current model, which is a no-op. (Did you mean to pass `assign=True` to assign items in the state dictionary to their corresponding key in the module instead of copying them in place?)
  warnings.warn(f'for {key}: copying from a non-meta parameter in the checkpoint to a meta '
/data/takhyun03/anaconda3/envs/lmms_llavavideo/lib/python3.11/site-packages/torch/nn/modules/module.py:2025: UserWarning: for vision_model.encoder.layers.14.self_attn.out_proj.bias: copying from a non-meta parameter in the checkpoint to a meta parameter in the current model, which is a no-op. (Did you mean to pass `assign=True` to assign items in the state dictionary to their corresponding key in the module instead of copying them in place?)
  warnings.warn(f'for {key}: copying from a non-meta parameter in the checkpoint to a meta '
/data/takhyun03/anaconda3/envs/lmms_llavavideo/lib/python3.11/site-packages/torch/nn/modules/module.py:2025: UserWarning: for vision_model.encoder.layers.14.layer_norm1.weight: copying from a non-meta parameter in the checkpoint to a meta parameter in the current model, which is a no-op. (Did you mean to pass `assign=True` to assign items in the state dictionary to their corresponding key in the module instead of copying them in place?)
  warnings.warn(f'for {key}: copying from a non-meta parameter in the checkpoint to a meta '
/data/takhyun03/anaconda3/envs/lmms_llavavideo/lib/python3.11/site-packages/torch/nn/modules/module.py:2025: UserWarning: for vision_model.encoder.layers.14.layer_norm1.bias: copying from a non-meta parameter in the checkpoint to a meta parameter in the current model, which is a no-op. (Did you mean to pass `assign=True` to assign items in the state dictionary to their corresponding key in the module instead of copying them in place?)
  warnings.warn(f'for {key}: copying from a non-meta parameter in the checkpoint to a meta '
/data/takhyun03/anaconda3/envs/lmms_llavavideo/lib/python3.11/site-packages/torch/nn/modules/module.py:2025: UserWarning: for vision_model.encoder.layers.14.mlp.fc1.weight: copying from a non-meta parameter in the checkpoint to a meta parameter in the current model, which is a no-op. (Did you mean to pass `assign=True` to assign items in the state dictionary to their corresponding key in the module instead of copying them in place?)
  warnings.warn(f'for {key}: copying from a non-meta parameter in the checkpoint to a meta '
/data/takhyun03/anaconda3/envs/lmms_llavavideo/lib/python3.11/site-packages/torch/nn/modules/module.py:2025: UserWarning: for vision_model.encoder.layers.14.mlp.fc1.bias: copying from a non-meta parameter in the checkpoint to a meta parameter in the current model, which is a no-op. (Did you mean to pass `assign=True` to assign items in the state dictionary to their corresponding key in the module instead of copying them in place?)
  warnings.warn(f'for {key}: copying from a non-meta parameter in the checkpoint to a meta '
/data/takhyun03/anaconda3/envs/lmms_llavavideo/lib/python3.11/site-packages/torch/nn/modules/module.py:2025: UserWarning: for vision_model.encoder.layers.14.mlp.fc2.weight: copying from a non-meta parameter in the checkpoint to a meta parameter in the current model, which is a no-op. (Did you mean to pass `assign=True` to assign items in the state dictionary to their corresponding key in the module instead of copying them in place?)
  warnings.warn(f'for {key}: copying from a non-meta parameter in the checkpoint to a meta '
/data/takhyun03/anaconda3/envs/lmms_llavavideo/lib/python3.11/site-packages/torch/nn/modules/module.py:2025: UserWarning: for vision_model.encoder.layers.14.mlp.fc2.bias: copying from a non-meta parameter in the checkpoint to a meta parameter in the current model, which is a no-op. (Did you mean to pass `assign=True` to assign items in the state dictionary to their corresponding key in the module instead of copying them in place?)
  warnings.warn(f'for {key}: copying from a non-meta parameter in the checkpoint to a meta '
/data/takhyun03/anaconda3/envs/lmms_llavavideo/lib/python3.11/site-packages/torch/nn/modules/module.py:2025: UserWarning: for vision_model.encoder.layers.14.layer_norm2.weight: copying from a non-meta parameter in the checkpoint to a meta parameter in the current model, which is a no-op. (Did you mean to pass `assign=True` to assign items in the state dictionary to their corresponding key in the module instead of copying them in place?)
  warnings.warn(f'for {key}: copying from a non-meta parameter in the checkpoint to a meta '
/data/takhyun03/anaconda3/envs/lmms_llavavideo/lib/python3.11/site-packages/torch/nn/modules/module.py:2025: UserWarning: for vision_model.encoder.layers.14.layer_norm2.bias: copying from a non-meta parameter in the checkpoint to a meta parameter in the current model, which is a no-op. (Did you mean to pass `assign=True` to assign items in the state dictionary to their corresponding key in the module instead of copying them in place?)
  warnings.warn(f'for {key}: copying from a non-meta parameter in the checkpoint to a meta '
/data/takhyun03/anaconda3/envs/lmms_llavavideo/lib/python3.11/site-packages/torch/nn/modules/module.py:2025: UserWarning: for vision_model.encoder.layers.15.self_attn.k_proj.weight: copying from a non-meta parameter in the checkpoint to a meta parameter in the current model, which is a no-op. (Did you mean to pass `assign=True` to assign items in the state dictionary to their corresponding key in the module instead of copying them in place?)
  warnings.warn(f'for {key}: copying from a non-meta parameter in the checkpoint to a meta '
/data/takhyun03/anaconda3/envs/lmms_llavavideo/lib/python3.11/site-packages/torch/nn/modules/module.py:2025: UserWarning: for vision_model.encoder.layers.15.self_attn.k_proj.bias: copying from a non-meta parameter in the checkpoint to a meta parameter in the current model, which is a no-op. (Did you mean to pass `assign=True` to assign items in the state dictionary to their corresponding key in the module instead of copying them in place?)
  warnings.warn(f'for {key}: copying from a non-meta parameter in the checkpoint to a meta '
/data/takhyun03/anaconda3/envs/lmms_llavavideo/lib/python3.11/site-packages/torch/nn/modules/module.py:2025: UserWarning: for vision_model.encoder.layers.15.self_attn.v_proj.weight: copying from a non-meta parameter in the checkpoint to a meta parameter in the current model, which is a no-op. (Did you mean to pass `assign=True` to assign items in the state dictionary to their corresponding key in the module instead of copying them in place?)
  warnings.warn(f'for {key}: copying from a non-meta parameter in the checkpoint to a meta '
/data/takhyun03/anaconda3/envs/lmms_llavavideo/lib/python3.11/site-packages/torch/nn/modules/module.py:2025: UserWarning: for vision_model.encoder.layers.15.self_attn.v_proj.bias: copying from a non-meta parameter in the checkpoint to a meta parameter in the current model, which is a no-op. (Did you mean to pass `assign=True` to assign items in the state dictionary to their corresponding key in the module instead of copying them in place?)
  warnings.warn(f'for {key}: copying from a non-meta parameter in the checkpoint to a meta '
/data/takhyun03/anaconda3/envs/lmms_llavavideo/lib/python3.11/site-packages/torch/nn/modules/module.py:2025: UserWarning: for vision_model.encoder.layers.15.self_attn.q_proj.weight: copying from a non-meta parameter in the checkpoint to a meta parameter in the current model, which is a no-op. (Did you mean to pass `assign=True` to assign items in the state dictionary to their corresponding key in the module instead of copying them in place?)
  warnings.warn(f'for {key}: copying from a non-meta parameter in the checkpoint to a meta '
/data/takhyun03/anaconda3/envs/lmms_llavavideo/lib/python3.11/site-packages/torch/nn/modules/module.py:2025: UserWarning: for vision_model.encoder.layers.15.self_attn.q_proj.bias: copying from a non-meta parameter in the checkpoint to a meta parameter in the current model, which is a no-op. (Did you mean to pass `assign=True` to assign items in the state dictionary to their corresponding key in the module instead of copying them in place?)
  warnings.warn(f'for {key}: copying from a non-meta parameter in the checkpoint to a meta '
/data/takhyun03/anaconda3/envs/lmms_llavavideo/lib/python3.11/site-packages/torch/nn/modules/module.py:2025: UserWarning: for vision_model.encoder.layers.15.self_attn.out_proj.weight: copying from a non-meta parameter in the checkpoint to a meta parameter in the current model, which is a no-op. (Did you mean to pass `assign=True` to assign items in the state dictionary to their corresponding key in the module instead of copying them in place?)
  warnings.warn(f'for {key}: copying from a non-meta parameter in the checkpoint to a meta '
/data/takhyun03/anaconda3/envs/lmms_llavavideo/lib/python3.11/site-packages/torch/nn/modules/module.py:2025: UserWarning: for vision_model.encoder.layers.15.self_attn.out_proj.bias: copying from a non-meta parameter in the checkpoint to a meta parameter in the current model, which is a no-op. (Did you mean to pass `assign=True` to assign items in the state dictionary to their corresponding key in the module instead of copying them in place?)
  warnings.warn(f'for {key}: copying from a non-meta parameter in the checkpoint to a meta '
/data/takhyun03/anaconda3/envs/lmms_llavavideo/lib/python3.11/site-packages/torch/nn/modules/module.py:2025: UserWarning: for vision_model.encoder.layers.15.layer_norm1.weight: copying from a non-meta parameter in the checkpoint to a meta parameter in the current model, which is a no-op. (Did you mean to pass `assign=True` to assign items in the state dictionary to their corresponding key in the module instead of copying them in place?)
  warnings.warn(f'for {key}: copying from a non-meta parameter in the checkpoint to a meta '
/data/takhyun03/anaconda3/envs/lmms_llavavideo/lib/python3.11/site-packages/torch/nn/modules/module.py:2025: UserWarning: for vision_model.encoder.layers.15.layer_norm1.bias: copying from a non-meta parameter in the checkpoint to a meta parameter in the current model, which is a no-op. (Did you mean to pass `assign=True` to assign items in the state dictionary to their corresponding key in the module instead of copying them in place?)
  warnings.warn(f'for {key}: copying from a non-meta parameter in the checkpoint to a meta '
/data/takhyun03/anaconda3/envs/lmms_llavavideo/lib/python3.11/site-packages/torch/nn/modules/module.py:2025: UserWarning: for vision_model.encoder.layers.15.mlp.fc1.weight: copying from a non-meta parameter in the checkpoint to a meta parameter in the current model, which is a no-op. (Did you mean to pass `assign=True` to assign items in the state dictionary to their corresponding key in the module instead of copying them in place?)
  warnings.warn(f'for {key}: copying from a non-meta parameter in the checkpoint to a meta '
/data/takhyun03/anaconda3/envs/lmms_llavavideo/lib/python3.11/site-packages/torch/nn/modules/module.py:2025: UserWarning: for vision_model.encoder.layers.15.mlp.fc1.bias: copying from a non-meta parameter in the checkpoint to a meta parameter in the current model, which is a no-op. (Did you mean to pass `assign=True` to assign items in the state dictionary to their corresponding key in the module instead of copying them in place?)
  warnings.warn(f'for {key}: copying from a non-meta parameter in the checkpoint to a meta '
/data/takhyun03/anaconda3/envs/lmms_llavavideo/lib/python3.11/site-packages/torch/nn/modules/module.py:2025: UserWarning: for vision_model.encoder.layers.15.mlp.fc2.weight: copying from a non-meta parameter in the checkpoint to a meta parameter in the current model, which is a no-op. (Did you mean to pass `assign=True` to assign items in the state dictionary to their corresponding key in the module instead of copying them in place?)
  warnings.warn(f'for {key}: copying from a non-meta parameter in the checkpoint to a meta '
/data/takhyun03/anaconda3/envs/lmms_llavavideo/lib/python3.11/site-packages/torch/nn/modules/module.py:2025: UserWarning: for vision_model.encoder.layers.15.mlp.fc2.bias: copying from a non-meta parameter in the checkpoint to a meta parameter in the current model, which is a no-op. (Did you mean to pass `assign=True` to assign items in the state dictionary to their corresponding key in the module instead of copying them in place?)
  warnings.warn(f'for {key}: copying from a non-meta parameter in the checkpoint to a meta '
/data/takhyun03/anaconda3/envs/lmms_llavavideo/lib/python3.11/site-packages/torch/nn/modules/module.py:2025: UserWarning: for vision_model.encoder.layers.15.layer_norm2.weight: copying from a non-meta parameter in the checkpoint to a meta parameter in the current model, which is a no-op. (Did you mean to pass `assign=True` to assign items in the state dictionary to their corresponding key in the module instead of copying them in place?)
  warnings.warn(f'for {key}: copying from a non-meta parameter in the checkpoint to a meta '
/data/takhyun03/anaconda3/envs/lmms_llavavideo/lib/python3.11/site-packages/torch/nn/modules/module.py:2025: UserWarning: for vision_model.encoder.layers.15.layer_norm2.bias: copying from a non-meta parameter in the checkpoint to a meta parameter in the current model, which is a no-op. (Did you mean to pass `assign=True` to assign items in the state dictionary to their corresponding key in the module instead of copying them in place?)
  warnings.warn(f'for {key}: copying from a non-meta parameter in the checkpoint to a meta '
/data/takhyun03/anaconda3/envs/lmms_llavavideo/lib/python3.11/site-packages/torch/nn/modules/module.py:2025: UserWarning: for vision_model.encoder.layers.16.self_attn.k_proj.weight: copying from a non-meta parameter in the checkpoint to a meta parameter in the current model, which is a no-op. (Did you mean to pass `assign=True` to assign items in the state dictionary to their corresponding key in the module instead of copying them in place?)
  warnings.warn(f'for {key}: copying from a non-meta parameter in the checkpoint to a meta '
/data/takhyun03/anaconda3/envs/lmms_llavavideo/lib/python3.11/site-packages/torch/nn/modules/module.py:2025: UserWarning: for vision_model.encoder.layers.16.self_attn.k_proj.bias: copying from a non-meta parameter in the checkpoint to a meta parameter in the current model, which is a no-op. (Did you mean to pass `assign=True` to assign items in the state dictionary to their corresponding key in the module instead of copying them in place?)
  warnings.warn(f'for {key}: copying from a non-meta parameter in the checkpoint to a meta '
/data/takhyun03/anaconda3/envs/lmms_llavavideo/lib/python3.11/site-packages/torch/nn/modules/module.py:2025: UserWarning: for vision_model.encoder.layers.16.self_attn.v_proj.weight: copying from a non-meta parameter in the checkpoint to a meta parameter in the current model, which is a no-op. (Did you mean to pass `assign=True` to assign items in the state dictionary to their corresponding key in the module instead of copying them in place?)
  warnings.warn(f'for {key}: copying from a non-meta parameter in the checkpoint to a meta '
/data/takhyun03/anaconda3/envs/lmms_llavavideo/lib/python3.11/site-packages/torch/nn/modules/module.py:2025: UserWarning: for vision_model.encoder.layers.16.self_attn.v_proj.bias: copying from a non-meta parameter in the checkpoint to a meta parameter in the current model, which is a no-op. (Did you mean to pass `assign=True` to assign items in the state dictionary to their corresponding key in the module instead of copying them in place?)
  warnings.warn(f'for {key}: copying from a non-meta parameter in the checkpoint to a meta '
/data/takhyun03/anaconda3/envs/lmms_llavavideo/lib/python3.11/site-packages/torch/nn/modules/module.py:2025: UserWarning: for vision_model.encoder.layers.16.self_attn.q_proj.weight: copying from a non-meta parameter in the checkpoint to a meta parameter in the current model, which is a no-op. (Did you mean to pass `assign=True` to assign items in the state dictionary to their corresponding key in the module instead of copying them in place?)
  warnings.warn(f'for {key}: copying from a non-meta parameter in the checkpoint to a meta '
/data/takhyun03/anaconda3/envs/lmms_llavavideo/lib/python3.11/site-packages/torch/nn/modules/module.py:2025: UserWarning: for vision_model.encoder.layers.16.self_attn.q_proj.bias: copying from a non-meta parameter in the checkpoint to a meta parameter in the current model, which is a no-op. (Did you mean to pass `assign=True` to assign items in the state dictionary to their corresponding key in the module instead of copying them in place?)
  warnings.warn(f'for {key}: copying from a non-meta parameter in the checkpoint to a meta '
/data/takhyun03/anaconda3/envs/lmms_llavavideo/lib/python3.11/site-packages/torch/nn/modules/module.py:2025: UserWarning: for vision_model.encoder.layers.16.self_attn.out_proj.weight: copying from a non-meta parameter in the checkpoint to a meta parameter in the current model, which is a no-op. (Did you mean to pass `assign=True` to assign items in the state dictionary to their corresponding key in the module instead of copying them in place?)
  warnings.warn(f'for {key}: copying from a non-meta parameter in the checkpoint to a meta '
/data/takhyun03/anaconda3/envs/lmms_llavavideo/lib/python3.11/site-packages/torch/nn/modules/module.py:2025: UserWarning: for vision_model.encoder.layers.16.self_attn.out_proj.bias: copying from a non-meta parameter in the checkpoint to a meta parameter in the current model, which is a no-op. (Did you mean to pass `assign=True` to assign items in the state dictionary to their corresponding key in the module instead of copying them in place?)
  warnings.warn(f'for {key}: copying from a non-meta parameter in the checkpoint to a meta '
/data/takhyun03/anaconda3/envs/lmms_llavavideo/lib/python3.11/site-packages/torch/nn/modules/module.py:2025: UserWarning: for vision_model.encoder.layers.16.layer_norm1.weight: copying from a non-meta parameter in the checkpoint to a meta parameter in the current model, which is a no-op. (Did you mean to pass `assign=True` to assign items in the state dictionary to their corresponding key in the module instead of copying them in place?)
  warnings.warn(f'for {key}: copying from a non-meta parameter in the checkpoint to a meta '
/data/takhyun03/anaconda3/envs/lmms_llavavideo/lib/python3.11/site-packages/torch/nn/modules/module.py:2025: UserWarning: for vision_model.encoder.layers.16.layer_norm1.bias: copying from a non-meta parameter in the checkpoint to a meta parameter in the current model, which is a no-op. (Did you mean to pass `assign=True` to assign items in the state dictionary to their corresponding key in the module instead of copying them in place?)
  warnings.warn(f'for {key}: copying from a non-meta parameter in the checkpoint to a meta '
/data/takhyun03/anaconda3/envs/lmms_llavavideo/lib/python3.11/site-packages/torch/nn/modules/module.py:2025: UserWarning: for vision_model.encoder.layers.16.mlp.fc1.weight: copying from a non-meta parameter in the checkpoint to a meta parameter in the current model, which is a no-op. (Did you mean to pass `assign=True` to assign items in the state dictionary to their corresponding key in the module instead of copying them in place?)
  warnings.warn(f'for {key}: copying from a non-meta parameter in the checkpoint to a meta '
/data/takhyun03/anaconda3/envs/lmms_llavavideo/lib/python3.11/site-packages/torch/nn/modules/module.py:2025: UserWarning: for vision_model.encoder.layers.16.mlp.fc1.bias: copying from a non-meta parameter in the checkpoint to a meta parameter in the current model, which is a no-op. (Did you mean to pass `assign=True` to assign items in the state dictionary to their corresponding key in the module instead of copying them in place?)
  warnings.warn(f'for {key}: copying from a non-meta parameter in the checkpoint to a meta '
/data/takhyun03/anaconda3/envs/lmms_llavavideo/lib/python3.11/site-packages/torch/nn/modules/module.py:2025: UserWarning: for vision_model.encoder.layers.16.mlp.fc2.weight: copying from a non-meta parameter in the checkpoint to a meta parameter in the current model, which is a no-op. (Did you mean to pass `assign=True` to assign items in the state dictionary to their corresponding key in the module instead of copying them in place?)
  warnings.warn(f'for {key}: copying from a non-meta parameter in the checkpoint to a meta '
/data/takhyun03/anaconda3/envs/lmms_llavavideo/lib/python3.11/site-packages/torch/nn/modules/module.py:2025: UserWarning: for vision_model.encoder.layers.16.mlp.fc2.bias: copying from a non-meta parameter in the checkpoint to a meta parameter in the current model, which is a no-op. (Did you mean to pass `assign=True` to assign items in the state dictionary to their corresponding key in the module instead of copying them in place?)
  warnings.warn(f'for {key}: copying from a non-meta parameter in the checkpoint to a meta '
/data/takhyun03/anaconda3/envs/lmms_llavavideo/lib/python3.11/site-packages/torch/nn/modules/module.py:2025: UserWarning: for vision_model.encoder.layers.16.layer_norm2.weight: copying from a non-meta parameter in the checkpoint to a meta parameter in the current model, which is a no-op. (Did you mean to pass `assign=True` to assign items in the state dictionary to their corresponding key in the module instead of copying them in place?)
  warnings.warn(f'for {key}: copying from a non-meta parameter in the checkpoint to a meta '
/data/takhyun03/anaconda3/envs/lmms_llavavideo/lib/python3.11/site-packages/torch/nn/modules/module.py:2025: UserWarning: for vision_model.encoder.layers.16.layer_norm2.bias: copying from a non-meta parameter in the checkpoint to a meta parameter in the current model, which is a no-op. (Did you mean to pass `assign=True` to assign items in the state dictionary to their corresponding key in the module instead of copying them in place?)
  warnings.warn(f'for {key}: copying from a non-meta parameter in the checkpoint to a meta '
/data/takhyun03/anaconda3/envs/lmms_llavavideo/lib/python3.11/site-packages/torch/nn/modules/module.py:2025: UserWarning: for vision_model.encoder.layers.17.self_attn.k_proj.weight: copying from a non-meta parameter in the checkpoint to a meta parameter in the current model, which is a no-op. (Did you mean to pass `assign=True` to assign items in the state dictionary to their corresponding key in the module instead of copying them in place?)
  warnings.warn(f'for {key}: copying from a non-meta parameter in the checkpoint to a meta '
/data/takhyun03/anaconda3/envs/lmms_llavavideo/lib/python3.11/site-packages/torch/nn/modules/module.py:2025: UserWarning: for vision_model.encoder.layers.17.self_attn.k_proj.bias: copying from a non-meta parameter in the checkpoint to a meta parameter in the current model, which is a no-op. (Did you mean to pass `assign=True` to assign items in the state dictionary to their corresponding key in the module instead of copying them in place?)
  warnings.warn(f'for {key}: copying from a non-meta parameter in the checkpoint to a meta '
/data/takhyun03/anaconda3/envs/lmms_llavavideo/lib/python3.11/site-packages/torch/nn/modules/module.py:2025: UserWarning: for vision_model.encoder.layers.17.self_attn.v_proj.weight: copying from a non-meta parameter in the checkpoint to a meta parameter in the current model, which is a no-op. (Did you mean to pass `assign=True` to assign items in the state dictionary to their corresponding key in the module instead of copying them in place?)
  warnings.warn(f'for {key}: copying from a non-meta parameter in the checkpoint to a meta '
/data/takhyun03/anaconda3/envs/lmms_llavavideo/lib/python3.11/site-packages/torch/nn/modules/module.py:2025: UserWarning: for vision_model.encoder.layers.17.self_attn.v_proj.bias: copying from a non-meta parameter in the checkpoint to a meta parameter in the current model, which is a no-op. (Did you mean to pass `assign=True` to assign items in the state dictionary to their corresponding key in the module instead of copying them in place?)
  warnings.warn(f'for {key}: copying from a non-meta parameter in the checkpoint to a meta '
/data/takhyun03/anaconda3/envs/lmms_llavavideo/lib/python3.11/site-packages/torch/nn/modules/module.py:2025: UserWarning: for vision_model.encoder.layers.17.self_attn.q_proj.weight: copying from a non-meta parameter in the checkpoint to a meta parameter in the current model, which is a no-op. (Did you mean to pass `assign=True` to assign items in the state dictionary to their corresponding key in the module instead of copying them in place?)
  warnings.warn(f'for {key}: copying from a non-meta parameter in the checkpoint to a meta '
/data/takhyun03/anaconda3/envs/lmms_llavavideo/lib/python3.11/site-packages/torch/nn/modules/module.py:2025: UserWarning: for vision_model.encoder.layers.17.self_attn.q_proj.bias: copying from a non-meta parameter in the checkpoint to a meta parameter in the current model, which is a no-op. (Did you mean to pass `assign=True` to assign items in the state dictionary to their corresponding key in the module instead of copying them in place?)
  warnings.warn(f'for {key}: copying from a non-meta parameter in the checkpoint to a meta '
/data/takhyun03/anaconda3/envs/lmms_llavavideo/lib/python3.11/site-packages/torch/nn/modules/module.py:2025: UserWarning: for vision_model.encoder.layers.17.self_attn.out_proj.weight: copying from a non-meta parameter in the checkpoint to a meta parameter in the current model, which is a no-op. (Did you mean to pass `assign=True` to assign items in the state dictionary to their corresponding key in the module instead of copying them in place?)
  warnings.warn(f'for {key}: copying from a non-meta parameter in the checkpoint to a meta '
/data/takhyun03/anaconda3/envs/lmms_llavavideo/lib/python3.11/site-packages/torch/nn/modules/module.py:2025: UserWarning: for vision_model.encoder.layers.17.self_attn.out_proj.bias: copying from a non-meta parameter in the checkpoint to a meta parameter in the current model, which is a no-op. (Did you mean to pass `assign=True` to assign items in the state dictionary to their corresponding key in the module instead of copying them in place?)
  warnings.warn(f'for {key}: copying from a non-meta parameter in the checkpoint to a meta '
/data/takhyun03/anaconda3/envs/lmms_llavavideo/lib/python3.11/site-packages/torch/nn/modules/module.py:2025: UserWarning: for vision_model.encoder.layers.17.layer_norm1.weight: copying from a non-meta parameter in the checkpoint to a meta parameter in the current model, which is a no-op. (Did you mean to pass `assign=True` to assign items in the state dictionary to their corresponding key in the module instead of copying them in place?)
  warnings.warn(f'for {key}: copying from a non-meta parameter in the checkpoint to a meta '
/data/takhyun03/anaconda3/envs/lmms_llavavideo/lib/python3.11/site-packages/torch/nn/modules/module.py:2025: UserWarning: for vision_model.encoder.layers.17.layer_norm1.bias: copying from a non-meta parameter in the checkpoint to a meta parameter in the current model, which is a no-op. (Did you mean to pass `assign=True` to assign items in the state dictionary to their corresponding key in the module instead of copying them in place?)
  warnings.warn(f'for {key}: copying from a non-meta parameter in the checkpoint to a meta '
/data/takhyun03/anaconda3/envs/lmms_llavavideo/lib/python3.11/site-packages/torch/nn/modules/module.py:2025: UserWarning: for vision_model.encoder.layers.17.mlp.fc1.weight: copying from a non-meta parameter in the checkpoint to a meta parameter in the current model, which is a no-op. (Did you mean to pass `assign=True` to assign items in the state dictionary to their corresponding key in the module instead of copying them in place?)
  warnings.warn(f'for {key}: copying from a non-meta parameter in the checkpoint to a meta '
/data/takhyun03/anaconda3/envs/lmms_llavavideo/lib/python3.11/site-packages/torch/nn/modules/module.py:2025: UserWarning: for vision_model.encoder.layers.17.mlp.fc1.bias: copying from a non-meta parameter in the checkpoint to a meta parameter in the current model, which is a no-op. (Did you mean to pass `assign=True` to assign items in the state dictionary to their corresponding key in the module instead of copying them in place?)
  warnings.warn(f'for {key}: copying from a non-meta parameter in the checkpoint to a meta '
/data/takhyun03/anaconda3/envs/lmms_llavavideo/lib/python3.11/site-packages/torch/nn/modules/module.py:2025: UserWarning: for vision_model.encoder.layers.17.mlp.fc2.weight: copying from a non-meta parameter in the checkpoint to a meta parameter in the current model, which is a no-op. (Did you mean to pass `assign=True` to assign items in the state dictionary to their corresponding key in the module instead of copying them in place?)
  warnings.warn(f'for {key}: copying from a non-meta parameter in the checkpoint to a meta '
/data/takhyun03/anaconda3/envs/lmms_llavavideo/lib/python3.11/site-packages/torch/nn/modules/module.py:2025: UserWarning: for vision_model.encoder.layers.17.mlp.fc2.bias: copying from a non-meta parameter in the checkpoint to a meta parameter in the current model, which is a no-op. (Did you mean to pass `assign=True` to assign items in the state dictionary to their corresponding key in the module instead of copying them in place?)
  warnings.warn(f'for {key}: copying from a non-meta parameter in the checkpoint to a meta '
/data/takhyun03/anaconda3/envs/lmms_llavavideo/lib/python3.11/site-packages/torch/nn/modules/module.py:2025: UserWarning: for vision_model.encoder.layers.17.layer_norm2.weight: copying from a non-meta parameter in the checkpoint to a meta parameter in the current model, which is a no-op. (Did you mean to pass `assign=True` to assign items in the state dictionary to their corresponding key in the module instead of copying them in place?)
  warnings.warn(f'for {key}: copying from a non-meta parameter in the checkpoint to a meta '
/data/takhyun03/anaconda3/envs/lmms_llavavideo/lib/python3.11/site-packages/torch/nn/modules/module.py:2025: UserWarning: for vision_model.encoder.layers.17.layer_norm2.bias: copying from a non-meta parameter in the checkpoint to a meta parameter in the current model, which is a no-op. (Did you mean to pass `assign=True` to assign items in the state dictionary to their corresponding key in the module instead of copying them in place?)
  warnings.warn(f'for {key}: copying from a non-meta parameter in the checkpoint to a meta '
/data/takhyun03/anaconda3/envs/lmms_llavavideo/lib/python3.11/site-packages/torch/nn/modules/module.py:2025: UserWarning: for vision_model.encoder.layers.18.self_attn.k_proj.weight: copying from a non-meta parameter in the checkpoint to a meta parameter in the current model, which is a no-op. (Did you mean to pass `assign=True` to assign items in the state dictionary to their corresponding key in the module instead of copying them in place?)
  warnings.warn(f'for {key}: copying from a non-meta parameter in the checkpoint to a meta '
/data/takhyun03/anaconda3/envs/lmms_llavavideo/lib/python3.11/site-packages/torch/nn/modules/module.py:2025: UserWarning: for vision_model.encoder.layers.18.self_attn.k_proj.bias: copying from a non-meta parameter in the checkpoint to a meta parameter in the current model, which is a no-op. (Did you mean to pass `assign=True` to assign items in the state dictionary to their corresponding key in the module instead of copying them in place?)
  warnings.warn(f'for {key}: copying from a non-meta parameter in the checkpoint to a meta '
/data/takhyun03/anaconda3/envs/lmms_llavavideo/lib/python3.11/site-packages/torch/nn/modules/module.py:2025: UserWarning: for vision_model.encoder.layers.18.self_attn.v_proj.weight: copying from a non-meta parameter in the checkpoint to a meta parameter in the current model, which is a no-op. (Did you mean to pass `assign=True` to assign items in the state dictionary to their corresponding key in the module instead of copying them in place?)
  warnings.warn(f'for {key}: copying from a non-meta parameter in the checkpoint to a meta '
/data/takhyun03/anaconda3/envs/lmms_llavavideo/lib/python3.11/site-packages/torch/nn/modules/module.py:2025: UserWarning: for vision_model.encoder.layers.18.self_attn.v_proj.bias: copying from a non-meta parameter in the checkpoint to a meta parameter in the current model, which is a no-op. (Did you mean to pass `assign=True` to assign items in the state dictionary to their corresponding key in the module instead of copying them in place?)
  warnings.warn(f'for {key}: copying from a non-meta parameter in the checkpoint to a meta '
/data/takhyun03/anaconda3/envs/lmms_llavavideo/lib/python3.11/site-packages/torch/nn/modules/module.py:2025: UserWarning: for vision_model.encoder.layers.18.self_attn.q_proj.weight: copying from a non-meta parameter in the checkpoint to a meta parameter in the current model, which is a no-op. (Did you mean to pass `assign=True` to assign items in the state dictionary to their corresponding key in the module instead of copying them in place?)
  warnings.warn(f'for {key}: copying from a non-meta parameter in the checkpoint to a meta '
/data/takhyun03/anaconda3/envs/lmms_llavavideo/lib/python3.11/site-packages/torch/nn/modules/module.py:2025: UserWarning: for vision_model.encoder.layers.18.self_attn.q_proj.bias: copying from a non-meta parameter in the checkpoint to a meta parameter in the current model, which is a no-op. (Did you mean to pass `assign=True` to assign items in the state dictionary to their corresponding key in the module instead of copying them in place?)
  warnings.warn(f'for {key}: copying from a non-meta parameter in the checkpoint to a meta '
/data/takhyun03/anaconda3/envs/lmms_llavavideo/lib/python3.11/site-packages/torch/nn/modules/module.py:2025: UserWarning: for vision_model.encoder.layers.18.self_attn.out_proj.weight: copying from a non-meta parameter in the checkpoint to a meta parameter in the current model, which is a no-op. (Did you mean to pass `assign=True` to assign items in the state dictionary to their corresponding key in the module instead of copying them in place?)
  warnings.warn(f'for {key}: copying from a non-meta parameter in the checkpoint to a meta '
/data/takhyun03/anaconda3/envs/lmms_llavavideo/lib/python3.11/site-packages/torch/nn/modules/module.py:2025: UserWarning: for vision_model.encoder.layers.18.self_attn.out_proj.bias: copying from a non-meta parameter in the checkpoint to a meta parameter in the current model, which is a no-op. (Did you mean to pass `assign=True` to assign items in the state dictionary to their corresponding key in the module instead of copying them in place?)
  warnings.warn(f'for {key}: copying from a non-meta parameter in the checkpoint to a meta '
/data/takhyun03/anaconda3/envs/lmms_llavavideo/lib/python3.11/site-packages/torch/nn/modules/module.py:2025: UserWarning: for vision_model.encoder.layers.18.layer_norm1.weight: copying from a non-meta parameter in the checkpoint to a meta parameter in the current model, which is a no-op. (Did you mean to pass `assign=True` to assign items in the state dictionary to their corresponding key in the module instead of copying them in place?)
  warnings.warn(f'for {key}: copying from a non-meta parameter in the checkpoint to a meta '
/data/takhyun03/anaconda3/envs/lmms_llavavideo/lib/python3.11/site-packages/torch/nn/modules/module.py:2025: UserWarning: for vision_model.encoder.layers.18.layer_norm1.bias: copying from a non-meta parameter in the checkpoint to a meta parameter in the current model, which is a no-op. (Did you mean to pass `assign=True` to assign items in the state dictionary to their corresponding key in the module instead of copying them in place?)
  warnings.warn(f'for {key}: copying from a non-meta parameter in the checkpoint to a meta '
/data/takhyun03/anaconda3/envs/lmms_llavavideo/lib/python3.11/site-packages/torch/nn/modules/module.py:2025: UserWarning: for vision_model.encoder.layers.18.mlp.fc1.weight: copying from a non-meta parameter in the checkpoint to a meta parameter in the current model, which is a no-op. (Did you mean to pass `assign=True` to assign items in the state dictionary to their corresponding key in the module instead of copying them in place?)
  warnings.warn(f'for {key}: copying from a non-meta parameter in the checkpoint to a meta '
/data/takhyun03/anaconda3/envs/lmms_llavavideo/lib/python3.11/site-packages/torch/nn/modules/module.py:2025: UserWarning: for vision_model.encoder.layers.18.mlp.fc1.bias: copying from a non-meta parameter in the checkpoint to a meta parameter in the current model, which is a no-op. (Did you mean to pass `assign=True` to assign items in the state dictionary to their corresponding key in the module instead of copying them in place?)
  warnings.warn(f'for {key}: copying from a non-meta parameter in the checkpoint to a meta '
/data/takhyun03/anaconda3/envs/lmms_llavavideo/lib/python3.11/site-packages/torch/nn/modules/module.py:2025: UserWarning: for vision_model.encoder.layers.18.mlp.fc2.weight: copying from a non-meta parameter in the checkpoint to a meta parameter in the current model, which is a no-op. (Did you mean to pass `assign=True` to assign items in the state dictionary to their corresponding key in the module instead of copying them in place?)
  warnings.warn(f'for {key}: copying from a non-meta parameter in the checkpoint to a meta '
/data/takhyun03/anaconda3/envs/lmms_llavavideo/lib/python3.11/site-packages/torch/nn/modules/module.py:2025: UserWarning: for vision_model.encoder.layers.18.mlp.fc2.bias: copying from a non-meta parameter in the checkpoint to a meta parameter in the current model, which is a no-op. (Did you mean to pass `assign=True` to assign items in the state dictionary to their corresponding key in the module instead of copying them in place?)
  warnings.warn(f'for {key}: copying from a non-meta parameter in the checkpoint to a meta '
/data/takhyun03/anaconda3/envs/lmms_llavavideo/lib/python3.11/site-packages/torch/nn/modules/module.py:2025: UserWarning: for vision_model.encoder.layers.18.layer_norm2.weight: copying from a non-meta parameter in the checkpoint to a meta parameter in the current model, which is a no-op. (Did you mean to pass `assign=True` to assign items in the state dictionary to their corresponding key in the module instead of copying them in place?)
  warnings.warn(f'for {key}: copying from a non-meta parameter in the checkpoint to a meta '
/data/takhyun03/anaconda3/envs/lmms_llavavideo/lib/python3.11/site-packages/torch/nn/modules/module.py:2025: UserWarning: for vision_model.encoder.layers.18.layer_norm2.bias: copying from a non-meta parameter in the checkpoint to a meta parameter in the current model, which is a no-op. (Did you mean to pass `assign=True` to assign items in the state dictionary to their corresponding key in the module instead of copying them in place?)
  warnings.warn(f'for {key}: copying from a non-meta parameter in the checkpoint to a meta '
/data/takhyun03/anaconda3/envs/lmms_llavavideo/lib/python3.11/site-packages/torch/nn/modules/module.py:2025: UserWarning: for vision_model.encoder.layers.19.self_attn.k_proj.weight: copying from a non-meta parameter in the checkpoint to a meta parameter in the current model, which is a no-op. (Did you mean to pass `assign=True` to assign items in the state dictionary to their corresponding key in the module instead of copying them in place?)
  warnings.warn(f'for {key}: copying from a non-meta parameter in the checkpoint to a meta '
/data/takhyun03/anaconda3/envs/lmms_llavavideo/lib/python3.11/site-packages/torch/nn/modules/module.py:2025: UserWarning: for vision_model.encoder.layers.19.self_attn.k_proj.bias: copying from a non-meta parameter in the checkpoint to a meta parameter in the current model, which is a no-op. (Did you mean to pass `assign=True` to assign items in the state dictionary to their corresponding key in the module instead of copying them in place?)
  warnings.warn(f'for {key}: copying from a non-meta parameter in the checkpoint to a meta '
/data/takhyun03/anaconda3/envs/lmms_llavavideo/lib/python3.11/site-packages/torch/nn/modules/module.py:2025: UserWarning: for vision_model.encoder.layers.19.self_attn.v_proj.weight: copying from a non-meta parameter in the checkpoint to a meta parameter in the current model, which is a no-op. (Did you mean to pass `assign=True` to assign items in the state dictionary to their corresponding key in the module instead of copying them in place?)
  warnings.warn(f'for {key}: copying from a non-meta parameter in the checkpoint to a meta '
/data/takhyun03/anaconda3/envs/lmms_llavavideo/lib/python3.11/site-packages/torch/nn/modules/module.py:2025: UserWarning: for vision_model.encoder.layers.19.self_attn.v_proj.bias: copying from a non-meta parameter in the checkpoint to a meta parameter in the current model, which is a no-op. (Did you mean to pass `assign=True` to assign items in the state dictionary to their corresponding key in the module instead of copying them in place?)
  warnings.warn(f'for {key}: copying from a non-meta parameter in the checkpoint to a meta '
/data/takhyun03/anaconda3/envs/lmms_llavavideo/lib/python3.11/site-packages/torch/nn/modules/module.py:2025: UserWarning: for vision_model.encoder.layers.19.self_attn.q_proj.weight: copying from a non-meta parameter in the checkpoint to a meta parameter in the current model, which is a no-op. (Did you mean to pass `assign=True` to assign items in the state dictionary to their corresponding key in the module instead of copying them in place?)
  warnings.warn(f'for {key}: copying from a non-meta parameter in the checkpoint to a meta '
/data/takhyun03/anaconda3/envs/lmms_llavavideo/lib/python3.11/site-packages/torch/nn/modules/module.py:2025: UserWarning: for vision_model.encoder.layers.19.self_attn.q_proj.bias: copying from a non-meta parameter in the checkpoint to a meta parameter in the current model, which is a no-op. (Did you mean to pass `assign=True` to assign items in the state dictionary to their corresponding key in the module instead of copying them in place?)
  warnings.warn(f'for {key}: copying from a non-meta parameter in the checkpoint to a meta '
/data/takhyun03/anaconda3/envs/lmms_llavavideo/lib/python3.11/site-packages/torch/nn/modules/module.py:2025: UserWarning: for vision_model.encoder.layers.19.self_attn.out_proj.weight: copying from a non-meta parameter in the checkpoint to a meta parameter in the current model, which is a no-op. (Did you mean to pass `assign=True` to assign items in the state dictionary to their corresponding key in the module instead of copying them in place?)
  warnings.warn(f'for {key}: copying from a non-meta parameter in the checkpoint to a meta '
/data/takhyun03/anaconda3/envs/lmms_llavavideo/lib/python3.11/site-packages/torch/nn/modules/module.py:2025: UserWarning: for vision_model.encoder.layers.19.self_attn.out_proj.bias: copying from a non-meta parameter in the checkpoint to a meta parameter in the current model, which is a no-op. (Did you mean to pass `assign=True` to assign items in the state dictionary to their corresponding key in the module instead of copying them in place?)
  warnings.warn(f'for {key}: copying from a non-meta parameter in the checkpoint to a meta '
/data/takhyun03/anaconda3/envs/lmms_llavavideo/lib/python3.11/site-packages/torch/nn/modules/module.py:2025: UserWarning: for vision_model.encoder.layers.19.layer_norm1.weight: copying from a non-meta parameter in the checkpoint to a meta parameter in the current model, which is a no-op. (Did you mean to pass `assign=True` to assign items in the state dictionary to their corresponding key in the module instead of copying them in place?)
  warnings.warn(f'for {key}: copying from a non-meta parameter in the checkpoint to a meta '
/data/takhyun03/anaconda3/envs/lmms_llavavideo/lib/python3.11/site-packages/torch/nn/modules/module.py:2025: UserWarning: for vision_model.encoder.layers.19.layer_norm1.bias: copying from a non-meta parameter in the checkpoint to a meta parameter in the current model, which is a no-op. (Did you mean to pass `assign=True` to assign items in the state dictionary to their corresponding key in the module instead of copying them in place?)
  warnings.warn(f'for {key}: copying from a non-meta parameter in the checkpoint to a meta '
/data/takhyun03/anaconda3/envs/lmms_llavavideo/lib/python3.11/site-packages/torch/nn/modules/module.py:2025: UserWarning: for vision_model.encoder.layers.19.mlp.fc1.weight: copying from a non-meta parameter in the checkpoint to a meta parameter in the current model, which is a no-op. (Did you mean to pass `assign=True` to assign items in the state dictionary to their corresponding key in the module instead of copying them in place?)
  warnings.warn(f'for {key}: copying from a non-meta parameter in the checkpoint to a meta '
/data/takhyun03/anaconda3/envs/lmms_llavavideo/lib/python3.11/site-packages/torch/nn/modules/module.py:2025: UserWarning: for vision_model.encoder.layers.19.mlp.fc1.bias: copying from a non-meta parameter in the checkpoint to a meta parameter in the current model, which is a no-op. (Did you mean to pass `assign=True` to assign items in the state dictionary to their corresponding key in the module instead of copying them in place?)
  warnings.warn(f'for {key}: copying from a non-meta parameter in the checkpoint to a meta '
/data/takhyun03/anaconda3/envs/lmms_llavavideo/lib/python3.11/site-packages/torch/nn/modules/module.py:2025: UserWarning: for vision_model.encoder.layers.19.mlp.fc2.weight: copying from a non-meta parameter in the checkpoint to a meta parameter in the current model, which is a no-op. (Did you mean to pass `assign=True` to assign items in the state dictionary to their corresponding key in the module instead of copying them in place?)
  warnings.warn(f'for {key}: copying from a non-meta parameter in the checkpoint to a meta '
/data/takhyun03/anaconda3/envs/lmms_llavavideo/lib/python3.11/site-packages/torch/nn/modules/module.py:2025: UserWarning: for vision_model.encoder.layers.19.mlp.fc2.bias: copying from a non-meta parameter in the checkpoint to a meta parameter in the current model, which is a no-op. (Did you mean to pass `assign=True` to assign items in the state dictionary to their corresponding key in the module instead of copying them in place?)
  warnings.warn(f'for {key}: copying from a non-meta parameter in the checkpoint to a meta '
/data/takhyun03/anaconda3/envs/lmms_llavavideo/lib/python3.11/site-packages/torch/nn/modules/module.py:2025: UserWarning: for vision_model.encoder.layers.19.layer_norm2.weight: copying from a non-meta parameter in the checkpoint to a meta parameter in the current model, which is a no-op. (Did you mean to pass `assign=True` to assign items in the state dictionary to their corresponding key in the module instead of copying them in place?)
  warnings.warn(f'for {key}: copying from a non-meta parameter in the checkpoint to a meta '
/data/takhyun03/anaconda3/envs/lmms_llavavideo/lib/python3.11/site-packages/torch/nn/modules/module.py:2025: UserWarning: for vision_model.encoder.layers.19.layer_norm2.bias: copying from a non-meta parameter in the checkpoint to a meta parameter in the current model, which is a no-op. (Did you mean to pass `assign=True` to assign items in the state dictionary to their corresponding key in the module instead of copying them in place?)
  warnings.warn(f'for {key}: copying from a non-meta parameter in the checkpoint to a meta '
/data/takhyun03/anaconda3/envs/lmms_llavavideo/lib/python3.11/site-packages/torch/nn/modules/module.py:2025: UserWarning: for vision_model.encoder.layers.20.self_attn.k_proj.weight: copying from a non-meta parameter in the checkpoint to a meta parameter in the current model, which is a no-op. (Did you mean to pass `assign=True` to assign items in the state dictionary to their corresponding key in the module instead of copying them in place?)
  warnings.warn(f'for {key}: copying from a non-meta parameter in the checkpoint to a meta '
/data/takhyun03/anaconda3/envs/lmms_llavavideo/lib/python3.11/site-packages/torch/nn/modules/module.py:2025: UserWarning: for vision_model.encoder.layers.20.self_attn.k_proj.bias: copying from a non-meta parameter in the checkpoint to a meta parameter in the current model, which is a no-op. (Did you mean to pass `assign=True` to assign items in the state dictionary to their corresponding key in the module instead of copying them in place?)
  warnings.warn(f'for {key}: copying from a non-meta parameter in the checkpoint to a meta '
/data/takhyun03/anaconda3/envs/lmms_llavavideo/lib/python3.11/site-packages/torch/nn/modules/module.py:2025: UserWarning: for vision_model.encoder.layers.20.self_attn.v_proj.weight: copying from a non-meta parameter in the checkpoint to a meta parameter in the current model, which is a no-op. (Did you mean to pass `assign=True` to assign items in the state dictionary to their corresponding key in the module instead of copying them in place?)
  warnings.warn(f'for {key}: copying from a non-meta parameter in the checkpoint to a meta '
/data/takhyun03/anaconda3/envs/lmms_llavavideo/lib/python3.11/site-packages/torch/nn/modules/module.py:2025: UserWarning: for vision_model.encoder.layers.20.self_attn.v_proj.bias: copying from a non-meta parameter in the checkpoint to a meta parameter in the current model, which is a no-op. (Did you mean to pass `assign=True` to assign items in the state dictionary to their corresponding key in the module instead of copying them in place?)
  warnings.warn(f'for {key}: copying from a non-meta parameter in the checkpoint to a meta '
/data/takhyun03/anaconda3/envs/lmms_llavavideo/lib/python3.11/site-packages/torch/nn/modules/module.py:2025: UserWarning: for vision_model.encoder.layers.20.self_attn.q_proj.weight: copying from a non-meta parameter in the checkpoint to a meta parameter in the current model, which is a no-op. (Did you mean to pass `assign=True` to assign items in the state dictionary to their corresponding key in the module instead of copying them in place?)
  warnings.warn(f'for {key}: copying from a non-meta parameter in the checkpoint to a meta '
/data/takhyun03/anaconda3/envs/lmms_llavavideo/lib/python3.11/site-packages/torch/nn/modules/module.py:2025: UserWarning: for vision_model.encoder.layers.20.self_attn.q_proj.bias: copying from a non-meta parameter in the checkpoint to a meta parameter in the current model, which is a no-op. (Did you mean to pass `assign=True` to assign items in the state dictionary to their corresponding key in the module instead of copying them in place?)
  warnings.warn(f'for {key}: copying from a non-meta parameter in the checkpoint to a meta '
/data/takhyun03/anaconda3/envs/lmms_llavavideo/lib/python3.11/site-packages/torch/nn/modules/module.py:2025: UserWarning: for vision_model.encoder.layers.20.self_attn.out_proj.weight: copying from a non-meta parameter in the checkpoint to a meta parameter in the current model, which is a no-op. (Did you mean to pass `assign=True` to assign items in the state dictionary to their corresponding key in the module instead of copying them in place?)
  warnings.warn(f'for {key}: copying from a non-meta parameter in the checkpoint to a meta '
/data/takhyun03/anaconda3/envs/lmms_llavavideo/lib/python3.11/site-packages/torch/nn/modules/module.py:2025: UserWarning: for vision_model.encoder.layers.20.self_attn.out_proj.bias: copying from a non-meta parameter in the checkpoint to a meta parameter in the current model, which is a no-op. (Did you mean to pass `assign=True` to assign items in the state dictionary to their corresponding key in the module instead of copying them in place?)
  warnings.warn(f'for {key}: copying from a non-meta parameter in the checkpoint to a meta '
/data/takhyun03/anaconda3/envs/lmms_llavavideo/lib/python3.11/site-packages/torch/nn/modules/module.py:2025: UserWarning: for vision_model.encoder.layers.20.layer_norm1.weight: copying from a non-meta parameter in the checkpoint to a meta parameter in the current model, which is a no-op. (Did you mean to pass `assign=True` to assign items in the state dictionary to their corresponding key in the module instead of copying them in place?)
  warnings.warn(f'for {key}: copying from a non-meta parameter in the checkpoint to a meta '
/data/takhyun03/anaconda3/envs/lmms_llavavideo/lib/python3.11/site-packages/torch/nn/modules/module.py:2025: UserWarning: for vision_model.encoder.layers.20.layer_norm1.bias: copying from a non-meta parameter in the checkpoint to a meta parameter in the current model, which is a no-op. (Did you mean to pass `assign=True` to assign items in the state dictionary to their corresponding key in the module instead of copying them in place?)
  warnings.warn(f'for {key}: copying from a non-meta parameter in the checkpoint to a meta '
/data/takhyun03/anaconda3/envs/lmms_llavavideo/lib/python3.11/site-packages/torch/nn/modules/module.py:2025: UserWarning: for vision_model.encoder.layers.20.mlp.fc1.weight: copying from a non-meta parameter in the checkpoint to a meta parameter in the current model, which is a no-op. (Did you mean to pass `assign=True` to assign items in the state dictionary to their corresponding key in the module instead of copying them in place?)
  warnings.warn(f'for {key}: copying from a non-meta parameter in the checkpoint to a meta '
/data/takhyun03/anaconda3/envs/lmms_llavavideo/lib/python3.11/site-packages/torch/nn/modules/module.py:2025: UserWarning: for vision_model.encoder.layers.20.mlp.fc1.bias: copying from a non-meta parameter in the checkpoint to a meta parameter in the current model, which is a no-op. (Did you mean to pass `assign=True` to assign items in the state dictionary to their corresponding key in the module instead of copying them in place?)
  warnings.warn(f'for {key}: copying from a non-meta parameter in the checkpoint to a meta '
/data/takhyun03/anaconda3/envs/lmms_llavavideo/lib/python3.11/site-packages/torch/nn/modules/module.py:2025: UserWarning: for vision_model.encoder.layers.20.mlp.fc2.weight: copying from a non-meta parameter in the checkpoint to a meta parameter in the current model, which is a no-op. (Did you mean to pass `assign=True` to assign items in the state dictionary to their corresponding key in the module instead of copying them in place?)
  warnings.warn(f'for {key}: copying from a non-meta parameter in the checkpoint to a meta '
/data/takhyun03/anaconda3/envs/lmms_llavavideo/lib/python3.11/site-packages/torch/nn/modules/module.py:2025: UserWarning: for vision_model.encoder.layers.20.mlp.fc2.bias: copying from a non-meta parameter in the checkpoint to a meta parameter in the current model, which is a no-op. (Did you mean to pass `assign=True` to assign items in the state dictionary to their corresponding key in the module instead of copying them in place?)
  warnings.warn(f'for {key}: copying from a non-meta parameter in the checkpoint to a meta '
/data/takhyun03/anaconda3/envs/lmms_llavavideo/lib/python3.11/site-packages/torch/nn/modules/module.py:2025: UserWarning: for vision_model.encoder.layers.20.layer_norm2.weight: copying from a non-meta parameter in the checkpoint to a meta parameter in the current model, which is a no-op. (Did you mean to pass `assign=True` to assign items in the state dictionary to their corresponding key in the module instead of copying them in place?)
  warnings.warn(f'for {key}: copying from a non-meta parameter in the checkpoint to a meta '
/data/takhyun03/anaconda3/envs/lmms_llavavideo/lib/python3.11/site-packages/torch/nn/modules/module.py:2025: UserWarning: for vision_model.encoder.layers.20.layer_norm2.bias: copying from a non-meta parameter in the checkpoint to a meta parameter in the current model, which is a no-op. (Did you mean to pass `assign=True` to assign items in the state dictionary to their corresponding key in the module instead of copying them in place?)
  warnings.warn(f'for {key}: copying from a non-meta parameter in the checkpoint to a meta '
/data/takhyun03/anaconda3/envs/lmms_llavavideo/lib/python3.11/site-packages/torch/nn/modules/module.py:2025: UserWarning: for vision_model.encoder.layers.21.self_attn.k_proj.weight: copying from a non-meta parameter in the checkpoint to a meta parameter in the current model, which is a no-op. (Did you mean to pass `assign=True` to assign items in the state dictionary to their corresponding key in the module instead of copying them in place?)
  warnings.warn(f'for {key}: copying from a non-meta parameter in the checkpoint to a meta '
/data/takhyun03/anaconda3/envs/lmms_llavavideo/lib/python3.11/site-packages/torch/nn/modules/module.py:2025: UserWarning: for vision_model.encoder.layers.21.self_attn.k_proj.bias: copying from a non-meta parameter in the checkpoint to a meta parameter in the current model, which is a no-op. (Did you mean to pass `assign=True` to assign items in the state dictionary to their corresponding key in the module instead of copying them in place?)
  warnings.warn(f'for {key}: copying from a non-meta parameter in the checkpoint to a meta '
/data/takhyun03/anaconda3/envs/lmms_llavavideo/lib/python3.11/site-packages/torch/nn/modules/module.py:2025: UserWarning: for vision_model.encoder.layers.21.self_attn.v_proj.weight: copying from a non-meta parameter in the checkpoint to a meta parameter in the current model, which is a no-op. (Did you mean to pass `assign=True` to assign items in the state dictionary to their corresponding key in the module instead of copying them in place?)
  warnings.warn(f'for {key}: copying from a non-meta parameter in the checkpoint to a meta '
/data/takhyun03/anaconda3/envs/lmms_llavavideo/lib/python3.11/site-packages/torch/nn/modules/module.py:2025: UserWarning: for vision_model.encoder.layers.21.self_attn.v_proj.bias: copying from a non-meta parameter in the checkpoint to a meta parameter in the current model, which is a no-op. (Did you mean to pass `assign=True` to assign items in the state dictionary to their corresponding key in the module instead of copying them in place?)
  warnings.warn(f'for {key}: copying from a non-meta parameter in the checkpoint to a meta '
/data/takhyun03/anaconda3/envs/lmms_llavavideo/lib/python3.11/site-packages/torch/nn/modules/module.py:2025: UserWarning: for vision_model.encoder.layers.21.self_attn.q_proj.weight: copying from a non-meta parameter in the checkpoint to a meta parameter in the current model, which is a no-op. (Did you mean to pass `assign=True` to assign items in the state dictionary to their corresponding key in the module instead of copying them in place?)
  warnings.warn(f'for {key}: copying from a non-meta parameter in the checkpoint to a meta '
/data/takhyun03/anaconda3/envs/lmms_llavavideo/lib/python3.11/site-packages/torch/nn/modules/module.py:2025: UserWarning: for vision_model.encoder.layers.21.self_attn.q_proj.bias: copying from a non-meta parameter in the checkpoint to a meta parameter in the current model, which is a no-op. (Did you mean to pass `assign=True` to assign items in the state dictionary to their corresponding key in the module instead of copying them in place?)
  warnings.warn(f'for {key}: copying from a non-meta parameter in the checkpoint to a meta '
/data/takhyun03/anaconda3/envs/lmms_llavavideo/lib/python3.11/site-packages/torch/nn/modules/module.py:2025: UserWarning: for vision_model.encoder.layers.21.self_attn.out_proj.weight: copying from a non-meta parameter in the checkpoint to a meta parameter in the current model, which is a no-op. (Did you mean to pass `assign=True` to assign items in the state dictionary to their corresponding key in the module instead of copying them in place?)
  warnings.warn(f'for {key}: copying from a non-meta parameter in the checkpoint to a meta '
/data/takhyun03/anaconda3/envs/lmms_llavavideo/lib/python3.11/site-packages/torch/nn/modules/module.py:2025: UserWarning: for vision_model.encoder.layers.21.self_attn.out_proj.bias: copying from a non-meta parameter in the checkpoint to a meta parameter in the current model, which is a no-op. (Did you mean to pass `assign=True` to assign items in the state dictionary to their corresponding key in the module instead of copying them in place?)
  warnings.warn(f'for {key}: copying from a non-meta parameter in the checkpoint to a meta '
/data/takhyun03/anaconda3/envs/lmms_llavavideo/lib/python3.11/site-packages/torch/nn/modules/module.py:2025: UserWarning: for vision_model.encoder.layers.21.layer_norm1.weight: copying from a non-meta parameter in the checkpoint to a meta parameter in the current model, which is a no-op. (Did you mean to pass `assign=True` to assign items in the state dictionary to their corresponding key in the module instead of copying them in place?)
  warnings.warn(f'for {key}: copying from a non-meta parameter in the checkpoint to a meta '
/data/takhyun03/anaconda3/envs/lmms_llavavideo/lib/python3.11/site-packages/torch/nn/modules/module.py:2025: UserWarning: for vision_model.encoder.layers.21.layer_norm1.bias: copying from a non-meta parameter in the checkpoint to a meta parameter in the current model, which is a no-op. (Did you mean to pass `assign=True` to assign items in the state dictionary to their corresponding key in the module instead of copying them in place?)
  warnings.warn(f'for {key}: copying from a non-meta parameter in the checkpoint to a meta '
/data/takhyun03/anaconda3/envs/lmms_llavavideo/lib/python3.11/site-packages/torch/nn/modules/module.py:2025: UserWarning: for vision_model.encoder.layers.21.mlp.fc1.weight: copying from a non-meta parameter in the checkpoint to a meta parameter in the current model, which is a no-op. (Did you mean to pass `assign=True` to assign items in the state dictionary to their corresponding key in the module instead of copying them in place?)
  warnings.warn(f'for {key}: copying from a non-meta parameter in the checkpoint to a meta '
/data/takhyun03/anaconda3/envs/lmms_llavavideo/lib/python3.11/site-packages/torch/nn/modules/module.py:2025: UserWarning: for vision_model.encoder.layers.21.mlp.fc1.bias: copying from a non-meta parameter in the checkpoint to a meta parameter in the current model, which is a no-op. (Did you mean to pass `assign=True` to assign items in the state dictionary to their corresponding key in the module instead of copying them in place?)
  warnings.warn(f'for {key}: copying from a non-meta parameter in the checkpoint to a meta '
/data/takhyun03/anaconda3/envs/lmms_llavavideo/lib/python3.11/site-packages/torch/nn/modules/module.py:2025: UserWarning: for vision_model.encoder.layers.21.mlp.fc2.weight: copying from a non-meta parameter in the checkpoint to a meta parameter in the current model, which is a no-op. (Did you mean to pass `assign=True` to assign items in the state dictionary to their corresponding key in the module instead of copying them in place?)
  warnings.warn(f'for {key}: copying from a non-meta parameter in the checkpoint to a meta '
/data/takhyun03/anaconda3/envs/lmms_llavavideo/lib/python3.11/site-packages/torch/nn/modules/module.py:2025: UserWarning: for vision_model.encoder.layers.21.mlp.fc2.bias: copying from a non-meta parameter in the checkpoint to a meta parameter in the current model, which is a no-op. (Did you mean to pass `assign=True` to assign items in the state dictionary to their corresponding key in the module instead of copying them in place?)
  warnings.warn(f'for {key}: copying from a non-meta parameter in the checkpoint to a meta '
/data/takhyun03/anaconda3/envs/lmms_llavavideo/lib/python3.11/site-packages/torch/nn/modules/module.py:2025: UserWarning: for vision_model.encoder.layers.21.layer_norm2.weight: copying from a non-meta parameter in the checkpoint to a meta parameter in the current model, which is a no-op. (Did you mean to pass `assign=True` to assign items in the state dictionary to their corresponding key in the module instead of copying them in place?)
  warnings.warn(f'for {key}: copying from a non-meta parameter in the checkpoint to a meta '
/data/takhyun03/anaconda3/envs/lmms_llavavideo/lib/python3.11/site-packages/torch/nn/modules/module.py:2025: UserWarning: for vision_model.encoder.layers.21.layer_norm2.bias: copying from a non-meta parameter in the checkpoint to a meta parameter in the current model, which is a no-op. (Did you mean to pass `assign=True` to assign items in the state dictionary to their corresponding key in the module instead of copying them in place?)
  warnings.warn(f'for {key}: copying from a non-meta parameter in the checkpoint to a meta '
/data/takhyun03/anaconda3/envs/lmms_llavavideo/lib/python3.11/site-packages/torch/nn/modules/module.py:2025: UserWarning: for vision_model.encoder.layers.22.self_attn.k_proj.weight: copying from a non-meta parameter in the checkpoint to a meta parameter in the current model, which is a no-op. (Did you mean to pass `assign=True` to assign items in the state dictionary to their corresponding key in the module instead of copying them in place?)
  warnings.warn(f'for {key}: copying from a non-meta parameter in the checkpoint to a meta '
/data/takhyun03/anaconda3/envs/lmms_llavavideo/lib/python3.11/site-packages/torch/nn/modules/module.py:2025: UserWarning: for vision_model.encoder.layers.22.self_attn.k_proj.bias: copying from a non-meta parameter in the checkpoint to a meta parameter in the current model, which is a no-op. (Did you mean to pass `assign=True` to assign items in the state dictionary to their corresponding key in the module instead of copying them in place?)
  warnings.warn(f'for {key}: copying from a non-meta parameter in the checkpoint to a meta '
/data/takhyun03/anaconda3/envs/lmms_llavavideo/lib/python3.11/site-packages/torch/nn/modules/module.py:2025: UserWarning: for vision_model.encoder.layers.22.self_attn.v_proj.weight: copying from a non-meta parameter in the checkpoint to a meta parameter in the current model, which is a no-op. (Did you mean to pass `assign=True` to assign items in the state dictionary to their corresponding key in the module instead of copying them in place?)
  warnings.warn(f'for {key}: copying from a non-meta parameter in the checkpoint to a meta '
/data/takhyun03/anaconda3/envs/lmms_llavavideo/lib/python3.11/site-packages/torch/nn/modules/module.py:2025: UserWarning: for vision_model.encoder.layers.22.self_attn.v_proj.bias: copying from a non-meta parameter in the checkpoint to a meta parameter in the current model, which is a no-op. (Did you mean to pass `assign=True` to assign items in the state dictionary to their corresponding key in the module instead of copying them in place?)
  warnings.warn(f'for {key}: copying from a non-meta parameter in the checkpoint to a meta '
/data/takhyun03/anaconda3/envs/lmms_llavavideo/lib/python3.11/site-packages/torch/nn/modules/module.py:2025: UserWarning: for vision_model.encoder.layers.22.self_attn.q_proj.weight: copying from a non-meta parameter in the checkpoint to a meta parameter in the current model, which is a no-op. (Did you mean to pass `assign=True` to assign items in the state dictionary to their corresponding key in the module instead of copying them in place?)
  warnings.warn(f'for {key}: copying from a non-meta parameter in the checkpoint to a meta '
/data/takhyun03/anaconda3/envs/lmms_llavavideo/lib/python3.11/site-packages/torch/nn/modules/module.py:2025: UserWarning: for vision_model.encoder.layers.22.self_attn.q_proj.bias: copying from a non-meta parameter in the checkpoint to a meta parameter in the current model, which is a no-op. (Did you mean to pass `assign=True` to assign items in the state dictionary to their corresponding key in the module instead of copying them in place?)
  warnings.warn(f'for {key}: copying from a non-meta parameter in the checkpoint to a meta '
/data/takhyun03/anaconda3/envs/lmms_llavavideo/lib/python3.11/site-packages/torch/nn/modules/module.py:2025: UserWarning: for vision_model.encoder.layers.22.self_attn.out_proj.weight: copying from a non-meta parameter in the checkpoint to a meta parameter in the current model, which is a no-op. (Did you mean to pass `assign=True` to assign items in the state dictionary to their corresponding key in the module instead of copying them in place?)
  warnings.warn(f'for {key}: copying from a non-meta parameter in the checkpoint to a meta '
/data/takhyun03/anaconda3/envs/lmms_llavavideo/lib/python3.11/site-packages/torch/nn/modules/module.py:2025: UserWarning: for vision_model.encoder.layers.22.self_attn.out_proj.bias: copying from a non-meta parameter in the checkpoint to a meta parameter in the current model, which is a no-op. (Did you mean to pass `assign=True` to assign items in the state dictionary to their corresponding key in the module instead of copying them in place?)
  warnings.warn(f'for {key}: copying from a non-meta parameter in the checkpoint to a meta '
/data/takhyun03/anaconda3/envs/lmms_llavavideo/lib/python3.11/site-packages/torch/nn/modules/module.py:2025: UserWarning: for vision_model.encoder.layers.22.layer_norm1.weight: copying from a non-meta parameter in the checkpoint to a meta parameter in the current model, which is a no-op. (Did you mean to pass `assign=True` to assign items in the state dictionary to their corresponding key in the module instead of copying them in place?)
  warnings.warn(f'for {key}: copying from a non-meta parameter in the checkpoint to a meta '
/data/takhyun03/anaconda3/envs/lmms_llavavideo/lib/python3.11/site-packages/torch/nn/modules/module.py:2025: UserWarning: for vision_model.encoder.layers.22.layer_norm1.bias: copying from a non-meta parameter in the checkpoint to a meta parameter in the current model, which is a no-op. (Did you mean to pass `assign=True` to assign items in the state dictionary to their corresponding key in the module instead of copying them in place?)
  warnings.warn(f'for {key}: copying from a non-meta parameter in the checkpoint to a meta '
/data/takhyun03/anaconda3/envs/lmms_llavavideo/lib/python3.11/site-packages/torch/nn/modules/module.py:2025: UserWarning: for vision_model.encoder.layers.22.mlp.fc1.weight: copying from a non-meta parameter in the checkpoint to a meta parameter in the current model, which is a no-op. (Did you mean to pass `assign=True` to assign items in the state dictionary to their corresponding key in the module instead of copying them in place?)
  warnings.warn(f'for {key}: copying from a non-meta parameter in the checkpoint to a meta '
/data/takhyun03/anaconda3/envs/lmms_llavavideo/lib/python3.11/site-packages/torch/nn/modules/module.py:2025: UserWarning: for vision_model.encoder.layers.22.mlp.fc1.bias: copying from a non-meta parameter in the checkpoint to a meta parameter in the current model, which is a no-op. (Did you mean to pass `assign=True` to assign items in the state dictionary to their corresponding key in the module instead of copying them in place?)
  warnings.warn(f'for {key}: copying from a non-meta parameter in the checkpoint to a meta '
/data/takhyun03/anaconda3/envs/lmms_llavavideo/lib/python3.11/site-packages/torch/nn/modules/module.py:2025: UserWarning: for vision_model.encoder.layers.22.mlp.fc2.weight: copying from a non-meta parameter in the checkpoint to a meta parameter in the current model, which is a no-op. (Did you mean to pass `assign=True` to assign items in the state dictionary to their corresponding key in the module instead of copying them in place?)
  warnings.warn(f'for {key}: copying from a non-meta parameter in the checkpoint to a meta '
/data/takhyun03/anaconda3/envs/lmms_llavavideo/lib/python3.11/site-packages/torch/nn/modules/module.py:2025: UserWarning: for vision_model.encoder.layers.22.mlp.fc2.bias: copying from a non-meta parameter in the checkpoint to a meta parameter in the current model, which is a no-op. (Did you mean to pass `assign=True` to assign items in the state dictionary to their corresponding key in the module instead of copying them in place?)
  warnings.warn(f'for {key}: copying from a non-meta parameter in the checkpoint to a meta '
/data/takhyun03/anaconda3/envs/lmms_llavavideo/lib/python3.11/site-packages/torch/nn/modules/module.py:2025: UserWarning: for vision_model.encoder.layers.22.layer_norm2.weight: copying from a non-meta parameter in the checkpoint to a meta parameter in the current model, which is a no-op. (Did you mean to pass `assign=True` to assign items in the state dictionary to their corresponding key in the module instead of copying them in place?)
  warnings.warn(f'for {key}: copying from a non-meta parameter in the checkpoint to a meta '
/data/takhyun03/anaconda3/envs/lmms_llavavideo/lib/python3.11/site-packages/torch/nn/modules/module.py:2025: UserWarning: for vision_model.encoder.layers.22.layer_norm2.bias: copying from a non-meta parameter in the checkpoint to a meta parameter in the current model, which is a no-op. (Did you mean to pass `assign=True` to assign items in the state dictionary to their corresponding key in the module instead of copying them in place?)
  warnings.warn(f'for {key}: copying from a non-meta parameter in the checkpoint to a meta '
/data/takhyun03/anaconda3/envs/lmms_llavavideo/lib/python3.11/site-packages/torch/nn/modules/module.py:2025: UserWarning: for vision_model.encoder.layers.23.self_attn.k_proj.weight: copying from a non-meta parameter in the checkpoint to a meta parameter in the current model, which is a no-op. (Did you mean to pass `assign=True` to assign items in the state dictionary to their corresponding key in the module instead of copying them in place?)
  warnings.warn(f'for {key}: copying from a non-meta parameter in the checkpoint to a meta '
/data/takhyun03/anaconda3/envs/lmms_llavavideo/lib/python3.11/site-packages/torch/nn/modules/module.py:2025: UserWarning: for vision_model.encoder.layers.23.self_attn.k_proj.bias: copying from a non-meta parameter in the checkpoint to a meta parameter in the current model, which is a no-op. (Did you mean to pass `assign=True` to assign items in the state dictionary to their corresponding key in the module instead of copying them in place?)
  warnings.warn(f'for {key}: copying from a non-meta parameter in the checkpoint to a meta '
/data/takhyun03/anaconda3/envs/lmms_llavavideo/lib/python3.11/site-packages/torch/nn/modules/module.py:2025: UserWarning: for vision_model.encoder.layers.23.self_attn.v_proj.weight: copying from a non-meta parameter in the checkpoint to a meta parameter in the current model, which is a no-op. (Did you mean to pass `assign=True` to assign items in the state dictionary to their corresponding key in the module instead of copying them in place?)
  warnings.warn(f'for {key}: copying from a non-meta parameter in the checkpoint to a meta '
/data/takhyun03/anaconda3/envs/lmms_llavavideo/lib/python3.11/site-packages/torch/nn/modules/module.py:2025: UserWarning: for vision_model.encoder.layers.23.self_attn.v_proj.bias: copying from a non-meta parameter in the checkpoint to a meta parameter in the current model, which is a no-op. (Did you mean to pass `assign=True` to assign items in the state dictionary to their corresponding key in the module instead of copying them in place?)
  warnings.warn(f'for {key}: copying from a non-meta parameter in the checkpoint to a meta '
/data/takhyun03/anaconda3/envs/lmms_llavavideo/lib/python3.11/site-packages/torch/nn/modules/module.py:2025: UserWarning: for vision_model.encoder.layers.23.self_attn.q_proj.weight: copying from a non-meta parameter in the checkpoint to a meta parameter in the current model, which is a no-op. (Did you mean to pass `assign=True` to assign items in the state dictionary to their corresponding key in the module instead of copying them in place?)
  warnings.warn(f'for {key}: copying from a non-meta parameter in the checkpoint to a meta '
/data/takhyun03/anaconda3/envs/lmms_llavavideo/lib/python3.11/site-packages/torch/nn/modules/module.py:2025: UserWarning: for vision_model.encoder.layers.23.self_attn.q_proj.bias: copying from a non-meta parameter in the checkpoint to a meta parameter in the current model, which is a no-op. (Did you mean to pass `assign=True` to assign items in the state dictionary to their corresponding key in the module instead of copying them in place?)
  warnings.warn(f'for {key}: copying from a non-meta parameter in the checkpoint to a meta '
/data/takhyun03/anaconda3/envs/lmms_llavavideo/lib/python3.11/site-packages/torch/nn/modules/module.py:2025: UserWarning: for vision_model.encoder.layers.23.self_attn.out_proj.weight: copying from a non-meta parameter in the checkpoint to a meta parameter in the current model, which is a no-op. (Did you mean to pass `assign=True` to assign items in the state dictionary to their corresponding key in the module instead of copying them in place?)
  warnings.warn(f'for {key}: copying from a non-meta parameter in the checkpoint to a meta '
/data/takhyun03/anaconda3/envs/lmms_llavavideo/lib/python3.11/site-packages/torch/nn/modules/module.py:2025: UserWarning: for vision_model.encoder.layers.23.self_attn.out_proj.bias: copying from a non-meta parameter in the checkpoint to a meta parameter in the current model, which is a no-op. (Did you mean to pass `assign=True` to assign items in the state dictionary to their corresponding key in the module instead of copying them in place?)
  warnings.warn(f'for {key}: copying from a non-meta parameter in the checkpoint to a meta '
/data/takhyun03/anaconda3/envs/lmms_llavavideo/lib/python3.11/site-packages/torch/nn/modules/module.py:2025: UserWarning: for vision_model.encoder.layers.23.layer_norm1.weight: copying from a non-meta parameter in the checkpoint to a meta parameter in the current model, which is a no-op. (Did you mean to pass `assign=True` to assign items in the state dictionary to their corresponding key in the module instead of copying them in place?)
  warnings.warn(f'for {key}: copying from a non-meta parameter in the checkpoint to a meta '
/data/takhyun03/anaconda3/envs/lmms_llavavideo/lib/python3.11/site-packages/torch/nn/modules/module.py:2025: UserWarning: for vision_model.encoder.layers.23.layer_norm1.bias: copying from a non-meta parameter in the checkpoint to a meta parameter in the current model, which is a no-op. (Did you mean to pass `assign=True` to assign items in the state dictionary to their corresponding key in the module instead of copying them in place?)
  warnings.warn(f'for {key}: copying from a non-meta parameter in the checkpoint to a meta '
/data/takhyun03/anaconda3/envs/lmms_llavavideo/lib/python3.11/site-packages/torch/nn/modules/module.py:2025: UserWarning: for vision_model.encoder.layers.23.mlp.fc1.weight: copying from a non-meta parameter in the checkpoint to a meta parameter in the current model, which is a no-op. (Did you mean to pass `assign=True` to assign items in the state dictionary to their corresponding key in the module instead of copying them in place?)
  warnings.warn(f'for {key}: copying from a non-meta parameter in the checkpoint to a meta '
/data/takhyun03/anaconda3/envs/lmms_llavavideo/lib/python3.11/site-packages/torch/nn/modules/module.py:2025: UserWarning: for vision_model.encoder.layers.23.mlp.fc1.bias: copying from a non-meta parameter in the checkpoint to a meta parameter in the current model, which is a no-op. (Did you mean to pass `assign=True` to assign items in the state dictionary to their corresponding key in the module instead of copying them in place?)
  warnings.warn(f'for {key}: copying from a non-meta parameter in the checkpoint to a meta '
/data/takhyun03/anaconda3/envs/lmms_llavavideo/lib/python3.11/site-packages/torch/nn/modules/module.py:2025: UserWarning: for vision_model.encoder.layers.23.mlp.fc2.weight: copying from a non-meta parameter in the checkpoint to a meta parameter in the current model, which is a no-op. (Did you mean to pass `assign=True` to assign items in the state dictionary to their corresponding key in the module instead of copying them in place?)
  warnings.warn(f'for {key}: copying from a non-meta parameter in the checkpoint to a meta '
/data/takhyun03/anaconda3/envs/lmms_llavavideo/lib/python3.11/site-packages/torch/nn/modules/module.py:2025: UserWarning: for vision_model.encoder.layers.23.mlp.fc2.bias: copying from a non-meta parameter in the checkpoint to a meta parameter in the current model, which is a no-op. (Did you mean to pass `assign=True` to assign items in the state dictionary to their corresponding key in the module instead of copying them in place?)
  warnings.warn(f'for {key}: copying from a non-meta parameter in the checkpoint to a meta '
/data/takhyun03/anaconda3/envs/lmms_llavavideo/lib/python3.11/site-packages/torch/nn/modules/module.py:2025: UserWarning: for vision_model.encoder.layers.23.layer_norm2.weight: copying from a non-meta parameter in the checkpoint to a meta parameter in the current model, which is a no-op. (Did you mean to pass `assign=True` to assign items in the state dictionary to their corresponding key in the module instead of copying them in place?)
  warnings.warn(f'for {key}: copying from a non-meta parameter in the checkpoint to a meta '
/data/takhyun03/anaconda3/envs/lmms_llavavideo/lib/python3.11/site-packages/torch/nn/modules/module.py:2025: UserWarning: for vision_model.encoder.layers.23.layer_norm2.bias: copying from a non-meta parameter in the checkpoint to a meta parameter in the current model, which is a no-op. (Did you mean to pass `assign=True` to assign items in the state dictionary to their corresponding key in the module instead of copying them in place?)
  warnings.warn(f'for {key}: copying from a non-meta parameter in the checkpoint to a meta '
/data/takhyun03/anaconda3/envs/lmms_llavavideo/lib/python3.11/site-packages/torch/nn/modules/module.py:2025: UserWarning: for vision_model.encoder.layers.24.self_attn.k_proj.weight: copying from a non-meta parameter in the checkpoint to a meta parameter in the current model, which is a no-op. (Did you mean to pass `assign=True` to assign items in the state dictionary to their corresponding key in the module instead of copying them in place?)
  warnings.warn(f'for {key}: copying from a non-meta parameter in the checkpoint to a meta '
/data/takhyun03/anaconda3/envs/lmms_llavavideo/lib/python3.11/site-packages/torch/nn/modules/module.py:2025: UserWarning: for vision_model.encoder.layers.24.self_attn.k_proj.bias: copying from a non-meta parameter in the checkpoint to a meta parameter in the current model, which is a no-op. (Did you mean to pass `assign=True` to assign items in the state dictionary to their corresponding key in the module instead of copying them in place?)
  warnings.warn(f'for {key}: copying from a non-meta parameter in the checkpoint to a meta '
/data/takhyun03/anaconda3/envs/lmms_llavavideo/lib/python3.11/site-packages/torch/nn/modules/module.py:2025: UserWarning: for vision_model.encoder.layers.24.self_attn.v_proj.weight: copying from a non-meta parameter in the checkpoint to a meta parameter in the current model, which is a no-op. (Did you mean to pass `assign=True` to assign items in the state dictionary to their corresponding key in the module instead of copying them in place?)
  warnings.warn(f'for {key}: copying from a non-meta parameter in the checkpoint to a meta '
/data/takhyun03/anaconda3/envs/lmms_llavavideo/lib/python3.11/site-packages/torch/nn/modules/module.py:2025: UserWarning: for vision_model.encoder.layers.24.self_attn.v_proj.bias: copying from a non-meta parameter in the checkpoint to a meta parameter in the current model, which is a no-op. (Did you mean to pass `assign=True` to assign items in the state dictionary to their corresponding key in the module instead of copying them in place?)
  warnings.warn(f'for {key}: copying from a non-meta parameter in the checkpoint to a meta '
/data/takhyun03/anaconda3/envs/lmms_llavavideo/lib/python3.11/site-packages/torch/nn/modules/module.py:2025: UserWarning: for vision_model.encoder.layers.24.self_attn.q_proj.weight: copying from a non-meta parameter in the checkpoint to a meta parameter in the current model, which is a no-op. (Did you mean to pass `assign=True` to assign items in the state dictionary to their corresponding key in the module instead of copying them in place?)
  warnings.warn(f'for {key}: copying from a non-meta parameter in the checkpoint to a meta '
/data/takhyun03/anaconda3/envs/lmms_llavavideo/lib/python3.11/site-packages/torch/nn/modules/module.py:2025: UserWarning: for vision_model.encoder.layers.24.self_attn.q_proj.bias: copying from a non-meta parameter in the checkpoint to a meta parameter in the current model, which is a no-op. (Did you mean to pass `assign=True` to assign items in the state dictionary to their corresponding key in the module instead of copying them in place?)
  warnings.warn(f'for {key}: copying from a non-meta parameter in the checkpoint to a meta '
/data/takhyun03/anaconda3/envs/lmms_llavavideo/lib/python3.11/site-packages/torch/nn/modules/module.py:2025: UserWarning: for vision_model.encoder.layers.24.self_attn.out_proj.weight: copying from a non-meta parameter in the checkpoint to a meta parameter in the current model, which is a no-op. (Did you mean to pass `assign=True` to assign items in the state dictionary to their corresponding key in the module instead of copying them in place?)
  warnings.warn(f'for {key}: copying from a non-meta parameter in the checkpoint to a meta '
/data/takhyun03/anaconda3/envs/lmms_llavavideo/lib/python3.11/site-packages/torch/nn/modules/module.py:2025: UserWarning: for vision_model.encoder.layers.24.self_attn.out_proj.bias: copying from a non-meta parameter in the checkpoint to a meta parameter in the current model, which is a no-op. (Did you mean to pass `assign=True` to assign items in the state dictionary to their corresponding key in the module instead of copying them in place?)
  warnings.warn(f'for {key}: copying from a non-meta parameter in the checkpoint to a meta '
/data/takhyun03/anaconda3/envs/lmms_llavavideo/lib/python3.11/site-packages/torch/nn/modules/module.py:2025: UserWarning: for vision_model.encoder.layers.24.layer_norm1.weight: copying from a non-meta parameter in the checkpoint to a meta parameter in the current model, which is a no-op. (Did you mean to pass `assign=True` to assign items in the state dictionary to their corresponding key in the module instead of copying them in place?)
  warnings.warn(f'for {key}: copying from a non-meta parameter in the checkpoint to a meta '
/data/takhyun03/anaconda3/envs/lmms_llavavideo/lib/python3.11/site-packages/torch/nn/modules/module.py:2025: UserWarning: for vision_model.encoder.layers.24.layer_norm1.bias: copying from a non-meta parameter in the checkpoint to a meta parameter in the current model, which is a no-op. (Did you mean to pass `assign=True` to assign items in the state dictionary to their corresponding key in the module instead of copying them in place?)
  warnings.warn(f'for {key}: copying from a non-meta parameter in the checkpoint to a meta '
/data/takhyun03/anaconda3/envs/lmms_llavavideo/lib/python3.11/site-packages/torch/nn/modules/module.py:2025: UserWarning: for vision_model.encoder.layers.24.mlp.fc1.weight: copying from a non-meta parameter in the checkpoint to a meta parameter in the current model, which is a no-op. (Did you mean to pass `assign=True` to assign items in the state dictionary to their corresponding key in the module instead of copying them in place?)
  warnings.warn(f'for {key}: copying from a non-meta parameter in the checkpoint to a meta '
/data/takhyun03/anaconda3/envs/lmms_llavavideo/lib/python3.11/site-packages/torch/nn/modules/module.py:2025: UserWarning: for vision_model.encoder.layers.24.mlp.fc1.bias: copying from a non-meta parameter in the checkpoint to a meta parameter in the current model, which is a no-op. (Did you mean to pass `assign=True` to assign items in the state dictionary to their corresponding key in the module instead of copying them in place?)
  warnings.warn(f'for {key}: copying from a non-meta parameter in the checkpoint to a meta '
/data/takhyun03/anaconda3/envs/lmms_llavavideo/lib/python3.11/site-packages/torch/nn/modules/module.py:2025: UserWarning: for vision_model.encoder.layers.24.mlp.fc2.weight: copying from a non-meta parameter in the checkpoint to a meta parameter in the current model, which is a no-op. (Did you mean to pass `assign=True` to assign items in the state dictionary to their corresponding key in the module instead of copying them in place?)
  warnings.warn(f'for {key}: copying from a non-meta parameter in the checkpoint to a meta '
/data/takhyun03/anaconda3/envs/lmms_llavavideo/lib/python3.11/site-packages/torch/nn/modules/module.py:2025: UserWarning: for vision_model.encoder.layers.24.mlp.fc2.bias: copying from a non-meta parameter in the checkpoint to a meta parameter in the current model, which is a no-op. (Did you mean to pass `assign=True` to assign items in the state dictionary to their corresponding key in the module instead of copying them in place?)
  warnings.warn(f'for {key}: copying from a non-meta parameter in the checkpoint to a meta '
/data/takhyun03/anaconda3/envs/lmms_llavavideo/lib/python3.11/site-packages/torch/nn/modules/module.py:2025: UserWarning: for vision_model.encoder.layers.24.layer_norm2.weight: copying from a non-meta parameter in the checkpoint to a meta parameter in the current model, which is a no-op. (Did you mean to pass `assign=True` to assign items in the state dictionary to their corresponding key in the module instead of copying them in place?)
  warnings.warn(f'for {key}: copying from a non-meta parameter in the checkpoint to a meta '
/data/takhyun03/anaconda3/envs/lmms_llavavideo/lib/python3.11/site-packages/torch/nn/modules/module.py:2025: UserWarning: for vision_model.encoder.layers.24.layer_norm2.bias: copying from a non-meta parameter in the checkpoint to a meta parameter in the current model, which is a no-op. (Did you mean to pass `assign=True` to assign items in the state dictionary to their corresponding key in the module instead of copying them in place?)
  warnings.warn(f'for {key}: copying from a non-meta parameter in the checkpoint to a meta '
/data/takhyun03/anaconda3/envs/lmms_llavavideo/lib/python3.11/site-packages/torch/nn/modules/module.py:2025: UserWarning: for vision_model.encoder.layers.25.self_attn.k_proj.weight: copying from a non-meta parameter in the checkpoint to a meta parameter in the current model, which is a no-op. (Did you mean to pass `assign=True` to assign items in the state dictionary to their corresponding key in the module instead of copying them in place?)
  warnings.warn(f'for {key}: copying from a non-meta parameter in the checkpoint to a meta '
/data/takhyun03/anaconda3/envs/lmms_llavavideo/lib/python3.11/site-packages/torch/nn/modules/module.py:2025: UserWarning: for vision_model.encoder.layers.25.self_attn.k_proj.bias: copying from a non-meta parameter in the checkpoint to a meta parameter in the current model, which is a no-op. (Did you mean to pass `assign=True` to assign items in the state dictionary to their corresponding key in the module instead of copying them in place?)
  warnings.warn(f'for {key}: copying from a non-meta parameter in the checkpoint to a meta '
/data/takhyun03/anaconda3/envs/lmms_llavavideo/lib/python3.11/site-packages/torch/nn/modules/module.py:2025: UserWarning: for vision_model.encoder.layers.25.self_attn.v_proj.weight: copying from a non-meta parameter in the checkpoint to a meta parameter in the current model, which is a no-op. (Did you mean to pass `assign=True` to assign items in the state dictionary to their corresponding key in the module instead of copying them in place?)
  warnings.warn(f'for {key}: copying from a non-meta parameter in the checkpoint to a meta '
/data/takhyun03/anaconda3/envs/lmms_llavavideo/lib/python3.11/site-packages/torch/nn/modules/module.py:2025: UserWarning: for vision_model.encoder.layers.25.self_attn.v_proj.bias: copying from a non-meta parameter in the checkpoint to a meta parameter in the current model, which is a no-op. (Did you mean to pass `assign=True` to assign items in the state dictionary to their corresponding key in the module instead of copying them in place?)
  warnings.warn(f'for {key}: copying from a non-meta parameter in the checkpoint to a meta '
/data/takhyun03/anaconda3/envs/lmms_llavavideo/lib/python3.11/site-packages/torch/nn/modules/module.py:2025: UserWarning: for vision_model.encoder.layers.25.self_attn.q_proj.weight: copying from a non-meta parameter in the checkpoint to a meta parameter in the current model, which is a no-op. (Did you mean to pass `assign=True` to assign items in the state dictionary to their corresponding key in the module instead of copying them in place?)
  warnings.warn(f'for {key}: copying from a non-meta parameter in the checkpoint to a meta '
/data/takhyun03/anaconda3/envs/lmms_llavavideo/lib/python3.11/site-packages/torch/nn/modules/module.py:2025: UserWarning: for vision_model.encoder.layers.25.self_attn.q_proj.bias: copying from a non-meta parameter in the checkpoint to a meta parameter in the current model, which is a no-op. (Did you mean to pass `assign=True` to assign items in the state dictionary to their corresponding key in the module instead of copying them in place?)
  warnings.warn(f'for {key}: copying from a non-meta parameter in the checkpoint to a meta '
/data/takhyun03/anaconda3/envs/lmms_llavavideo/lib/python3.11/site-packages/torch/nn/modules/module.py:2025: UserWarning: for vision_model.encoder.layers.25.self_attn.out_proj.weight: copying from a non-meta parameter in the checkpoint to a meta parameter in the current model, which is a no-op. (Did you mean to pass `assign=True` to assign items in the state dictionary to their corresponding key in the module instead of copying them in place?)
  warnings.warn(f'for {key}: copying from a non-meta parameter in the checkpoint to a meta '
/data/takhyun03/anaconda3/envs/lmms_llavavideo/lib/python3.11/site-packages/torch/nn/modules/module.py:2025: UserWarning: for vision_model.encoder.layers.25.self_attn.out_proj.bias: copying from a non-meta parameter in the checkpoint to a meta parameter in the current model, which is a no-op. (Did you mean to pass `assign=True` to assign items in the state dictionary to their corresponding key in the module instead of copying them in place?)
  warnings.warn(f'for {key}: copying from a non-meta parameter in the checkpoint to a meta '
/data/takhyun03/anaconda3/envs/lmms_llavavideo/lib/python3.11/site-packages/torch/nn/modules/module.py:2025: UserWarning: for vision_model.encoder.layers.25.layer_norm1.weight: copying from a non-meta parameter in the checkpoint to a meta parameter in the current model, which is a no-op. (Did you mean to pass `assign=True` to assign items in the state dictionary to their corresponding key in the module instead of copying them in place?)
  warnings.warn(f'for {key}: copying from a non-meta parameter in the checkpoint to a meta '
/data/takhyun03/anaconda3/envs/lmms_llavavideo/lib/python3.11/site-packages/torch/nn/modules/module.py:2025: UserWarning: for vision_model.encoder.layers.25.layer_norm1.bias: copying from a non-meta parameter in the checkpoint to a meta parameter in the current model, which is a no-op. (Did you mean to pass `assign=True` to assign items in the state dictionary to their corresponding key in the module instead of copying them in place?)
  warnings.warn(f'for {key}: copying from a non-meta parameter in the checkpoint to a meta '
/data/takhyun03/anaconda3/envs/lmms_llavavideo/lib/python3.11/site-packages/torch/nn/modules/module.py:2025: UserWarning: for vision_model.encoder.layers.25.mlp.fc1.weight: copying from a non-meta parameter in the checkpoint to a meta parameter in the current model, which is a no-op. (Did you mean to pass `assign=True` to assign items in the state dictionary to their corresponding key in the module instead of copying them in place?)
  warnings.warn(f'for {key}: copying from a non-meta parameter in the checkpoint to a meta '
/data/takhyun03/anaconda3/envs/lmms_llavavideo/lib/python3.11/site-packages/torch/nn/modules/module.py:2025: UserWarning: for vision_model.encoder.layers.25.mlp.fc1.bias: copying from a non-meta parameter in the checkpoint to a meta parameter in the current model, which is a no-op. (Did you mean to pass `assign=True` to assign items in the state dictionary to their corresponding key in the module instead of copying them in place?)
  warnings.warn(f'for {key}: copying from a non-meta parameter in the checkpoint to a meta '
/data/takhyun03/anaconda3/envs/lmms_llavavideo/lib/python3.11/site-packages/torch/nn/modules/module.py:2025: UserWarning: for vision_model.encoder.layers.25.mlp.fc2.weight: copying from a non-meta parameter in the checkpoint to a meta parameter in the current model, which is a no-op. (Did you mean to pass `assign=True` to assign items in the state dictionary to their corresponding key in the module instead of copying them in place?)
  warnings.warn(f'for {key}: copying from a non-meta parameter in the checkpoint to a meta '
/data/takhyun03/anaconda3/envs/lmms_llavavideo/lib/python3.11/site-packages/torch/nn/modules/module.py:2025: UserWarning: for vision_model.encoder.layers.25.mlp.fc2.bias: copying from a non-meta parameter in the checkpoint to a meta parameter in the current model, which is a no-op. (Did you mean to pass `assign=True` to assign items in the state dictionary to their corresponding key in the module instead of copying them in place?)
  warnings.warn(f'for {key}: copying from a non-meta parameter in the checkpoint to a meta '
/data/takhyun03/anaconda3/envs/lmms_llavavideo/lib/python3.11/site-packages/torch/nn/modules/module.py:2025: UserWarning: for vision_model.encoder.layers.25.layer_norm2.weight: copying from a non-meta parameter in the checkpoint to a meta parameter in the current model, which is a no-op. (Did you mean to pass `assign=True` to assign items in the state dictionary to their corresponding key in the module instead of copying them in place?)
  warnings.warn(f'for {key}: copying from a non-meta parameter in the checkpoint to a meta '
/data/takhyun03/anaconda3/envs/lmms_llavavideo/lib/python3.11/site-packages/torch/nn/modules/module.py:2025: UserWarning: for vision_model.encoder.layers.25.layer_norm2.bias: copying from a non-meta parameter in the checkpoint to a meta parameter in the current model, which is a no-op. (Did you mean to pass `assign=True` to assign items in the state dictionary to their corresponding key in the module instead of copying them in place?)
  warnings.warn(f'for {key}: copying from a non-meta parameter in the checkpoint to a meta '
/data/takhyun03/anaconda3/envs/lmms_llavavideo/lib/python3.11/site-packages/torch/nn/modules/module.py:2025: UserWarning: for vision_model.encoder.layers.26.self_attn.k_proj.weight: copying from a non-meta parameter in the checkpoint to a meta parameter in the current model, which is a no-op. (Did you mean to pass `assign=True` to assign items in the state dictionary to their corresponding key in the module instead of copying them in place?)
  warnings.warn(f'for {key}: copying from a non-meta parameter in the checkpoint to a meta '
/data/takhyun03/anaconda3/envs/lmms_llavavideo/lib/python3.11/site-packages/torch/nn/modules/module.py:2025: UserWarning: for vision_model.encoder.layers.26.self_attn.k_proj.bias: copying from a non-meta parameter in the checkpoint to a meta parameter in the current model, which is a no-op. (Did you mean to pass `assign=True` to assign items in the state dictionary to their corresponding key in the module instead of copying them in place?)
  warnings.warn(f'for {key}: copying from a non-meta parameter in the checkpoint to a meta '
/data/takhyun03/anaconda3/envs/lmms_llavavideo/lib/python3.11/site-packages/torch/nn/modules/module.py:2025: UserWarning: for vision_model.encoder.layers.26.self_attn.v_proj.weight: copying from a non-meta parameter in the checkpoint to a meta parameter in the current model, which is a no-op. (Did you mean to pass `assign=True` to assign items in the state dictionary to their corresponding key in the module instead of copying them in place?)
  warnings.warn(f'for {key}: copying from a non-meta parameter in the checkpoint to a meta '
/data/takhyun03/anaconda3/envs/lmms_llavavideo/lib/python3.11/site-packages/torch/nn/modules/module.py:2025: UserWarning: for vision_model.encoder.layers.26.self_attn.v_proj.bias: copying from a non-meta parameter in the checkpoint to a meta parameter in the current model, which is a no-op. (Did you mean to pass `assign=True` to assign items in the state dictionary to their corresponding key in the module instead of copying them in place?)
  warnings.warn(f'for {key}: copying from a non-meta parameter in the checkpoint to a meta '
/data/takhyun03/anaconda3/envs/lmms_llavavideo/lib/python3.11/site-packages/torch/nn/modules/module.py:2025: UserWarning: for vision_model.encoder.layers.26.self_attn.q_proj.weight: copying from a non-meta parameter in the checkpoint to a meta parameter in the current model, which is a no-op. (Did you mean to pass `assign=True` to assign items in the state dictionary to their corresponding key in the module instead of copying them in place?)
  warnings.warn(f'for {key}: copying from a non-meta parameter in the checkpoint to a meta '
/data/takhyun03/anaconda3/envs/lmms_llavavideo/lib/python3.11/site-packages/torch/nn/modules/module.py:2025: UserWarning: for vision_model.encoder.layers.26.self_attn.q_proj.bias: copying from a non-meta parameter in the checkpoint to a meta parameter in the current model, which is a no-op. (Did you mean to pass `assign=True` to assign items in the state dictionary to their corresponding key in the module instead of copying them in place?)
  warnings.warn(f'for {key}: copying from a non-meta parameter in the checkpoint to a meta '
/data/takhyun03/anaconda3/envs/lmms_llavavideo/lib/python3.11/site-packages/torch/nn/modules/module.py:2025: UserWarning: for vision_model.encoder.layers.26.self_attn.out_proj.weight: copying from a non-meta parameter in the checkpoint to a meta parameter in the current model, which is a no-op. (Did you mean to pass `assign=True` to assign items in the state dictionary to their corresponding key in the module instead of copying them in place?)
  warnings.warn(f'for {key}: copying from a non-meta parameter in the checkpoint to a meta '
/data/takhyun03/anaconda3/envs/lmms_llavavideo/lib/python3.11/site-packages/torch/nn/modules/module.py:2025: UserWarning: for vision_model.encoder.layers.26.self_attn.out_proj.bias: copying from a non-meta parameter in the checkpoint to a meta parameter in the current model, which is a no-op. (Did you mean to pass `assign=True` to assign items in the state dictionary to their corresponding key in the module instead of copying them in place?)
  warnings.warn(f'for {key}: copying from a non-meta parameter in the checkpoint to a meta '
/data/takhyun03/anaconda3/envs/lmms_llavavideo/lib/python3.11/site-packages/torch/nn/modules/module.py:2025: UserWarning: for vision_model.encoder.layers.26.layer_norm1.weight: copying from a non-meta parameter in the checkpoint to a meta parameter in the current model, which is a no-op. (Did you mean to pass `assign=True` to assign items in the state dictionary to their corresponding key in the module instead of copying them in place?)
  warnings.warn(f'for {key}: copying from a non-meta parameter in the checkpoint to a meta '
/data/takhyun03/anaconda3/envs/lmms_llavavideo/lib/python3.11/site-packages/torch/nn/modules/module.py:2025: UserWarning: for vision_model.encoder.layers.26.layer_norm1.bias: copying from a non-meta parameter in the checkpoint to a meta parameter in the current model, which is a no-op. (Did you mean to pass `assign=True` to assign items in the state dictionary to their corresponding key in the module instead of copying them in place?)
  warnings.warn(f'for {key}: copying from a non-meta parameter in the checkpoint to a meta '
/data/takhyun03/anaconda3/envs/lmms_llavavideo/lib/python3.11/site-packages/torch/nn/modules/module.py:2025: UserWarning: for vision_model.encoder.layers.26.mlp.fc1.weight: copying from a non-meta parameter in the checkpoint to a meta parameter in the current model, which is a no-op. (Did you mean to pass `assign=True` to assign items in the state dictionary to their corresponding key in the module instead of copying them in place?)
  warnings.warn(f'for {key}: copying from a non-meta parameter in the checkpoint to a meta '
/data/takhyun03/anaconda3/envs/lmms_llavavideo/lib/python3.11/site-packages/torch/nn/modules/module.py:2025: UserWarning: for vision_model.encoder.layers.26.mlp.fc1.bias: copying from a non-meta parameter in the checkpoint to a meta parameter in the current model, which is a no-op. (Did you mean to pass `assign=True` to assign items in the state dictionary to their corresponding key in the module instead of copying them in place?)
  warnings.warn(f'for {key}: copying from a non-meta parameter in the checkpoint to a meta '
/data/takhyun03/anaconda3/envs/lmms_llavavideo/lib/python3.11/site-packages/torch/nn/modules/module.py:2025: UserWarning: for vision_model.encoder.layers.26.mlp.fc2.weight: copying from a non-meta parameter in the checkpoint to a meta parameter in the current model, which is a no-op. (Did you mean to pass `assign=True` to assign items in the state dictionary to their corresponding key in the module instead of copying them in place?)
  warnings.warn(f'for {key}: copying from a non-meta parameter in the checkpoint to a meta '
/data/takhyun03/anaconda3/envs/lmms_llavavideo/lib/python3.11/site-packages/torch/nn/modules/module.py:2025: UserWarning: for vision_model.encoder.layers.26.mlp.fc2.bias: copying from a non-meta parameter in the checkpoint to a meta parameter in the current model, which is a no-op. (Did you mean to pass `assign=True` to assign items in the state dictionary to their corresponding key in the module instead of copying them in place?)
  warnings.warn(f'for {key}: copying from a non-meta parameter in the checkpoint to a meta '
/data/takhyun03/anaconda3/envs/lmms_llavavideo/lib/python3.11/site-packages/torch/nn/modules/module.py:2025: UserWarning: for vision_model.encoder.layers.26.layer_norm2.weight: copying from a non-meta parameter in the checkpoint to a meta parameter in the current model, which is a no-op. (Did you mean to pass `assign=True` to assign items in the state dictionary to their corresponding key in the module instead of copying them in place?)
  warnings.warn(f'for {key}: copying from a non-meta parameter in the checkpoint to a meta '
/data/takhyun03/anaconda3/envs/lmms_llavavideo/lib/python3.11/site-packages/torch/nn/modules/module.py:2025: UserWarning: for vision_model.encoder.layers.26.layer_norm2.bias: copying from a non-meta parameter in the checkpoint to a meta parameter in the current model, which is a no-op. (Did you mean to pass `assign=True` to assign items in the state dictionary to their corresponding key in the module instead of copying them in place?)
  warnings.warn(f'for {key}: copying from a non-meta parameter in the checkpoint to a meta '
/data/takhyun03/anaconda3/envs/lmms_llavavideo/lib/python3.11/site-packages/torch/nn/modules/module.py:2025: UserWarning: for vision_model.post_layernorm.weight: copying from a non-meta parameter in the checkpoint to a meta parameter in the current model, which is a no-op. (Did you mean to pass `assign=True` to assign items in the state dictionary to their corresponding key in the module instead of copying them in place?)
  warnings.warn(f'for {key}: copying from a non-meta parameter in the checkpoint to a meta '
/data/takhyun03/anaconda3/envs/lmms_llavavideo/lib/python3.11/site-packages/torch/nn/modules/module.py:2025: UserWarning: for vision_model.post_layernorm.bias: copying from a non-meta parameter in the checkpoint to a meta parameter in the current model, which is a no-op. (Did you mean to pass `assign=True` to assign items in the state dictionary to their corresponding key in the module instead of copying them in place?)
  warnings.warn(f'for {key}: copying from a non-meta parameter in the checkpoint to a meta '
/data/takhyun03/anaconda3/envs/lmms_llavavideo/lib/python3.11/site-packages/torch/nn/modules/module.py:2025: UserWarning: for vision_model.head.probe: copying from a non-meta parameter in the checkpoint to a meta parameter in the current model, which is a no-op. (Did you mean to pass `assign=True` to assign items in the state dictionary to their corresponding key in the module instead of copying them in place?)
  warnings.warn(f'for {key}: copying from a non-meta parameter in the checkpoint to a meta '
/data/takhyun03/anaconda3/envs/lmms_llavavideo/lib/python3.11/site-packages/torch/nn/modules/module.py:2025: UserWarning: for vision_model.head.attention.in_proj_weight: copying from a non-meta parameter in the checkpoint to a meta parameter in the current model, which is a no-op. (Did you mean to pass `assign=True` to assign items in the state dictionary to their corresponding key in the module instead of copying them in place?)
  warnings.warn(f'for {key}: copying from a non-meta parameter in the checkpoint to a meta '
/data/takhyun03/anaconda3/envs/lmms_llavavideo/lib/python3.11/site-packages/torch/nn/modules/module.py:2025: UserWarning: for vision_model.head.attention.in_proj_bias: copying from a non-meta parameter in the checkpoint to a meta parameter in the current model, which is a no-op. (Did you mean to pass `assign=True` to assign items in the state dictionary to their corresponding key in the module instead of copying them in place?)
  warnings.warn(f'for {key}: copying from a non-meta parameter in the checkpoint to a meta '
/data/takhyun03/anaconda3/envs/lmms_llavavideo/lib/python3.11/site-packages/torch/nn/modules/module.py:2025: UserWarning: for vision_model.head.attention.out_proj.weight: copying from a non-meta parameter in the checkpoint to a meta parameter in the current model, which is a no-op. (Did you mean to pass `assign=True` to assign items in the state dictionary to their corresponding key in the module instead of copying them in place?)
  warnings.warn(f'for {key}: copying from a non-meta parameter in the checkpoint to a meta '
/data/takhyun03/anaconda3/envs/lmms_llavavideo/lib/python3.11/site-packages/torch/nn/modules/module.py:2025: UserWarning: for vision_model.head.attention.out_proj.bias: copying from a non-meta parameter in the checkpoint to a meta parameter in the current model, which is a no-op. (Did you mean to pass `assign=True` to assign items in the state dictionary to their corresponding key in the module instead of copying them in place?)
  warnings.warn(f'for {key}: copying from a non-meta parameter in the checkpoint to a meta '
/data/takhyun03/anaconda3/envs/lmms_llavavideo/lib/python3.11/site-packages/torch/nn/modules/module.py:2025: UserWarning: for vision_model.head.layernorm.weight: copying from a non-meta parameter in the checkpoint to a meta parameter in the current model, which is a no-op. (Did you mean to pass `assign=True` to assign items in the state dictionary to their corresponding key in the module instead of copying them in place?)
  warnings.warn(f'for {key}: copying from a non-meta parameter in the checkpoint to a meta '
/data/takhyun03/anaconda3/envs/lmms_llavavideo/lib/python3.11/site-packages/torch/nn/modules/module.py:2025: UserWarning: for vision_model.head.layernorm.bias: copying from a non-meta parameter in the checkpoint to a meta parameter in the current model, which is a no-op. (Did you mean to pass `assign=True` to assign items in the state dictionary to their corresponding key in the module instead of copying them in place?)
  warnings.warn(f'for {key}: copying from a non-meta parameter in the checkpoint to a meta '
/data/takhyun03/anaconda3/envs/lmms_llavavideo/lib/python3.11/site-packages/torch/nn/modules/module.py:2025: UserWarning: for vision_model.head.mlp.fc1.weight: copying from a non-meta parameter in the checkpoint to a meta parameter in the current model, which is a no-op. (Did you mean to pass `assign=True` to assign items in the state dictionary to their corresponding key in the module instead of copying them in place?)
  warnings.warn(f'for {key}: copying from a non-meta parameter in the checkpoint to a meta '
/data/takhyun03/anaconda3/envs/lmms_llavavideo/lib/python3.11/site-packages/torch/nn/modules/module.py:2025: UserWarning: for vision_model.head.mlp.fc1.bias: copying from a non-meta parameter in the checkpoint to a meta parameter in the current model, which is a no-op. (Did you mean to pass `assign=True` to assign items in the state dictionary to their corresponding key in the module instead of copying them in place?)
  warnings.warn(f'for {key}: copying from a non-meta parameter in the checkpoint to a meta '
/data/takhyun03/anaconda3/envs/lmms_llavavideo/lib/python3.11/site-packages/torch/nn/modules/module.py:2025: UserWarning: for vision_model.head.mlp.fc2.weight: copying from a non-meta parameter in the checkpoint to a meta parameter in the current model, which is a no-op. (Did you mean to pass `assign=True` to assign items in the state dictionary to their corresponding key in the module instead of copying them in place?)
  warnings.warn(f'for {key}: copying from a non-meta parameter in the checkpoint to a meta '
/data/takhyun03/anaconda3/envs/lmms_llavavideo/lib/python3.11/site-packages/torch/nn/modules/module.py:2025: UserWarning: for vision_model.head.mlp.fc2.bias: copying from a non-meta parameter in the checkpoint to a meta parameter in the current model, which is a no-op. (Did you mean to pass `assign=True` to assign items in the state dictionary to their corresponding key in the module instead of copying them in place?)
  warnings.warn(f'for {key}: copying from a non-meta parameter in the checkpoint to a meta '
[delta] from /data/takhyun03/project/2026/vlm_direction/cross-modal-info/analysis/swap_intervention/avg_hidden/baseline_shape_color.pt
[load] baseline
OpenCLIP not installed
[MODEL] LoRA loading: base=lmms-lab/LLaVA-Video-7B-Qwen2, lora=/data/takhyun03/project/2026/vlm_direction/LLaVA-NeXT/work_dirs/llava-video-7b-qwen2_baseline_shape_simple_new_lora-r64_f8_ep1_lr1e-5
Loading LLaVA from base model...
Loading vision tower: google/siglip-so400m-patch14-384
Loading checkpoint shards:   0%|          | 0/4 [00:00<?, ?it/s]Loading checkpoint shards:  25%|██▌       | 1/4 [00:04<00:12,  4.11s/it]Loading checkpoint shards:  50%|█████     | 2/4 [00:08<00:08,  4.38s/it]Loading checkpoint shards:  75%|███████▌  | 3/4 [00:18<00:06,  6.71s/it]Loading checkpoint shards: 100%|██████████| 4/4 [00:19<00:00,  4.65s/it]Loading checkpoint shards: 100%|██████████| 4/4 [00:19<00:00,  4.91s/it]
/data/takhyun03/anaconda3/envs/lmms_llavavideo/lib/python3.11/site-packages/peft/config.py:162: UserWarning: Unexpected keyword arguments ['alora_invocation_tokens', 'arrow_config', 'corda_config', 'ensure_weight_tying', 'peft_version', 'qalora_group_size', 'target_parameters', 'trainable_token_indices', 'use_qalora'] for class LoraConfig, these are ignored. This probably means that you're loading a configuration file that was saved using a higher version of the library and additional parameters have been introduced since. It is highly recommended to upgrade the PEFT version before continuing (e.g. by running `pip install -U peft`).
  warnings.warn(
Loading additional LLaVA weights...
Loading LoRA weights...
Merging LoRA weights...
Model is loaded...
Model Class: LlavaQwenForCausalLM
[shape_color] 800 samples (2x forward per sample)
shape_color:   0%|          | 0/800 [00:00<?, ?it/s]We detected that you are passing `past_key_values` as a tuple and this is deprecated and will be removed in v4.43. Please use an appropriate `Cache` class (https://huggingface.co/docs/transformers/v4.41.3/en/internal/generation_utils#transformers.Cache)
shape_color:   0%|          | 1/800 [00:02<38:04,  2.86s/it]shape_color:   0%|          | 2/800 [00:04<29:38,  2.23s/it]shape_color:   0%|          | 3/800 [00:06<26:57,  2.03s/it]shape_color:   0%|          | 4/800 [00:08<25:47,  1.94s/it]shape_color:   1%|          | 5/800 [00:10<25:13,  1.90s/it]shape_color:   1%|          | 6/800 [00:11<24:03,  1.82s/it]shape_color:   1%|          | 7/800 [00:13<24:00,  1.82s/it]shape_color:   1%|          | 8/800 [00:15<23:48,  1.80s/it]shape_color:   1%|          | 9/800 [00:17<23:58,  1.82s/it]shape_color:   1%|▏         | 10/800 [00:18<23:40,  1.80s/it]shape_color:   1%|▏         | 11/800 [00:20<23:56,  1.82s/it]shape_color:   2%|▏         | 12/800 [00:22<23:41,  1.80s/it]shape_color:   2%|▏         | 13/800 [00:24<23:54,  1.82s/it]shape_color:   2%|▏         | 14/800 [00:26<23:17,  1.78s/it]shape_color:   2%|▏         | 15/800 [00:27<23:33,  1.80s/it]shape_color:   2%|▏         | 16/800 [00:29<23:23,  1.79s/it]shape_color:   2%|▏         | 17/800 [00:31<23:19,  1.79s/it]shape_color:   2%|▏         | 18/800 [00:33<23:28,  1.80s/it]shape_color:   2%|▏         | 19/800 [00:35<23:11,  1.78s/it]shape_color:   2%|▎         | 20/800 [00:36<23:32,  1.81s/it]shape_color:   3%|▎         | 21/800 [00:38<22:54,  1.76s/it]shape_color:   3%|▎         | 22/800 [00:40<23:18,  1.80s/it]shape_color:   3%|▎         | 23/800 [00:42<23:09,  1.79s/it]shape_color:   3%|▎         | 24/800 [00:44<23:15,  1.80s/it]shape_color:   3%|▎         | 25/800 [00:45<23:19,  1.81s/it]shape_color:   3%|▎         | 26/800 [00:47<23:06,  1.79s/it]shape_color:   3%|▎         | 27/800 [00:49<23:19,  1.81s/it]shape_color:   4%|▎         | 28/800 [00:51<22:52,  1.78s/it]shape_color:   4%|▎         | 29/800 [00:53<23:01,  1.79s/it]shape_color:   4%|▍         | 30/800 [00:54<22:50,  1.78s/it]shape_color:   4%|▍         | 31/800 [00:56<23:11,  1.81s/it]shape_color:   4%|▍         | 32/800 [00:58<22:58,  1.79s/it]shape_color:   4%|▍         | 33/800 [01:00<23:14,  1.82s/it]shape_color:   4%|▍         | 34/800 [01:02<22:55,  1.80s/it]shape_color:   4%|▍         | 35/800 [01:03<23:08,  1.82s/it]shape_color:   4%|▍         | 36/800 [01:05<22:33,  1.77s/it]shape_color:   5%|▍         | 37/800 [01:07<22:37,  1.78s/it]shape_color:   5%|▍         | 38/800 [01:09<22:44,  1.79s/it]shape_color:   5%|▍         | 39/800 [01:10<22:36,  1.78s/it]shape_color:   5%|▌         | 40/800 [01:12<22:53,  1.81s/it]shape_color:   5%|▌         | 41/800 [01:14<22:38,  1.79s/it]shape_color:   5%|▌         | 42/800 [01:16<22:56,  1.82s/it]shape_color:   5%|▌         | 43/800 [01:18<22:18,  1.77s/it]shape_color:   6%|▌         | 44/800 [01:19<22:41,  1.80s/it]shape_color:   6%|▌         | 45/800 [01:21<22:29,  1.79s/it]shape_color:   6%|▌         | 46/800 [01:23<22:46,  1.81s/it]shape_color:   6%|▌         | 47/800 [01:25<22:34,  1.80s/it]shape_color:   6%|▌         | 48/800 [01:27<22:30,  1.80s/it]shape_color:   6%|▌         | 49/800 [01:28<22:37,  1.81s/it]shape_color:   6%|▋         | 50/800 [01:30<22:10,  1.77s/it]shape_color:   6%|▋         | 51/800 [01:32<22:29,  1.80s/it]shape_color:   6%|▋         | 52/800 [01:34<22:18,  1.79s/it]shape_color:   7%|▋         | 53/800 [01:36<22:36,  1.82s/it]shape_color:   7%|▋         | 54/800 [01:37<22:23,  1.80s/it]shape_color:   7%|▋         | 55/800 [01:39<22:20,  1.80s/it]shape_color:   7%|▋         | 56/800 [01:41<22:24,  1.81s/it]shape_color:   7%|▋         | 57/800 [01:43<22:04,  1.78s/it]shape_color:   7%|▋         | 58/800 [01:45<22:10,  1.79s/it]shape_color:   7%|▋         | 59/800 [01:46<22:00,  1.78s/it]shape_color:   8%|▊         | 60/800 [01:48<22:16,  1.81s/it]shape_color:   8%|▊         | 61/800 [01:50<21:59,  1.79s/it]shape_color:   8%|▊         | 62/800 [01:52<22:18,  1.81s/it]shape_color:   8%|▊         | 63/800 [01:54<22:02,  1.79s/it]shape_color:   8%|▊         | 64/800 [01:55<22:16,  1.82s/it]shape_color:   8%|▊         | 65/800 [01:57<21:45,  1.78s/it]shape_color:   8%|▊         | 66/800 [01:59<21:49,  1.78s/it]shape_color:   8%|▊         | 67/800 [02:01<21:55,  1.79s/it]shape_color:   8%|▊         | 68/800 [02:02<21:27,  1.76s/it]shape_color:   9%|▊         | 69/800 [02:04<20:44,  1.70s/it]shape_color:   9%|▉         | 70/800 [02:06<21:03,  1.73s/it]shape_color:   9%|▉         | 71/800 [02:08<21:24,  1.76s/it]shape_color:   9%|▉         | 72/800 [02:09<21:06,  1.74s/it]shape_color:   9%|▉         | 73/800 [02:11<21:30,  1.78s/it]shape_color:   9%|▉         | 74/800 [02:13<21:20,  1.76s/it]shape_color:   9%|▉         | 75/800 [02:15<21:44,  1.80s/it]shape_color:  10%|▉         | 76/800 [02:17<21:30,  1.78s/it]shape_color:  10%|▉         | 77/800 [02:18<21:38,  1.80s/it]shape_color:  10%|▉         | 78/800 [02:20<21:40,  1.80s/it]shape_color:  10%|▉         | 79/800 [02:22<21:29,  1.79s/it]shape_color:  10%|█         | 80/800 [02:24<21:21,  1.78s/it]shape_color:  10%|█         | 81/800 [02:26<21:19,  1.78s/it]shape_color:  10%|█         | 82/800 [02:27<21:28,  1.79s/it]shape_color:  10%|█         | 83/800 [02:29<21:14,  1.78s/it]shape_color:  10%|█         | 84/800 [02:31<21:31,  1.80s/it]shape_color:  11%|█         | 85/800 [02:33<21:21,  1.79s/it]shape_color:  11%|█         | 86/800 [02:35<21:37,  1.82s/it]shape_color:  11%|█         | 87/800 [02:36<21:06,  1.78s/it]shape_color:  11%|█         | 88/800 [02:38<21:23,  1.80s/it]shape_color:  11%|█         | 89/800 [02:40<21:15,  1.79s/it]shape_color:  11%|█▏        | 90/800 [02:42<21:12,  1.79s/it]shape_color:  11%|█▏        | 91/800 [02:44<21:23,  1.81s/it]shape_color:  12%|█▏        | 92/800 [02:45<21:08,  1.79s/it]shape_color:  12%|█▏        | 93/800 [02:47<21:25,  1.82s/it]shape_color:  12%|█▏        | 94/800 [02:49<20:43,  1.76s/it]shape_color:  12%|█▏        | 95/800 [02:51<21:06,  1.80s/it]shape_color:  12%|█▏        | 96/800 [02:52<20:52,  1.78s/it]shape_color:  12%|█▏        | 97/800 [02:54<21:11,  1.81s/it]shape_color:  12%|█▏        | 98/800 [02:56<20:54,  1.79s/it]shape_color:  12%|█▏        | 99/800 [02:58<20:53,  1.79s/it]shape_color:  12%|█▎        | 100/800 [03:00<21:00,  1.80s/it]shape_color:  13%|█▎        | 101/800 [03:01<20:37,  1.77s/it]shape_color:  13%|█▎        | 102/800 [03:03<20:49,  1.79s/it]shape_color:  13%|█▎        | 103/800 [03:05<20:36,  1.77s/it]shape_color:  13%|█▎        | 104/800 [03:07<20:54,  1.80s/it]shape_color:  13%|█▎        | 105/800 [03:09<20:45,  1.79s/it]shape_color:  13%|█▎        | 106/800 [03:10<21:01,  1.82s/it]shape_color:  13%|█▎        | 107/800 [03:12<20:48,  1.80s/it]shape_color:  14%|█▎        | 108/800 [03:14<20:48,  1.80s/it]shape_color:  14%|█▎        | 109/800 [03:16<20:34,  1.79s/it]shape_color:  14%|█▍        | 110/800 [03:18<20:33,  1.79s/it]shape_color:  14%|█▍        | 111/800 [03:19<20:40,  1.80s/it]shape_color:  14%|█▍        | 112/800 [03:21<20:24,  1.78s/it]shape_color:  14%|█▍        | 113/800 [03:23<20:43,  1.81s/it]shape_color:  14%|█▍        | 114/800 [03:25<20:31,  1.79s/it]shape_color:  14%|█▍        | 115/800 [03:27<20:46,  1.82s/it]shape_color:  14%|█▍        | 116/800 [03:28<20:14,  1.77s/it]shape_color:  15%|█▍        | 117/800 [03:30<20:33,  1.81s/it]shape_color:  15%|█▍        | 118/800 [03:32<20:19,  1.79s/it]shape_color:  15%|█▍        | 119/800 [03:34<20:18,  1.79s/it]shape_color:  15%|█▌        | 120/800 [03:36<20:28,  1.81s/it]shape_color:  15%|█▌        | 121/800 [03:37<20:12,  1.79s/it]shape_color:  15%|█▌        | 122/800 [03:39<20:29,  1.81s/it]shape_color:  15%|█▌        | 123/800 [03:41<19:43,  1.75s/it]shape_color:  16%|█▌        | 124/800 [03:43<20:02,  1.78s/it]shape_color:  16%|█▌        | 125/800 [03:44<19:45,  1.76s/it]shape_color:  16%|█▌        | 126/800 [03:46<20:08,  1.79s/it]shape_color:  16%|█▌        | 127/800 [03:48<19:55,  1.78s/it]shape_color:  16%|█▌        | 128/800 [03:50<20:14,  1.81s/it]shape_color:  16%|█▌        | 129/800 [03:52<20:02,  1.79s/it]shape_color:  16%|█▋        | 130/800 [03:53<19:51,  1.78s/it]shape_color:  16%|█▋        | 131/800 [03:55<19:55,  1.79s/it]shape_color:  16%|█▋        | 132/800 [03:57<19:52,  1.78s/it]shape_color:  17%|█▋        | 133/800 [03:59<20:05,  1.81s/it]shape_color:  17%|█▋        | 134/800 [04:01<19:52,  1.79s/it]shape_color:  17%|█▋        | 135/800 [04:02<20:08,  1.82s/it]shape_color:  17%|█▋        | 136/800 [04:04<19:53,  1.80s/it]shape_color:  17%|█▋        | 137/800 [04:06<20:07,  1.82s/it]shape_color:  17%|█▋        | 138/800 [04:08<19:36,  1.78s/it]shape_color:  17%|█▋        | 139/800 [04:10<19:55,  1.81s/it]shape_color:  18%|█▊        | 140/800 [04:11<19:42,  1.79s/it]shape_color:  18%|█▊        | 141/800 [04:13<19:39,  1.79s/it]shape_color:  18%|█▊        | 142/800 [04:15<19:48,  1.81s/it]shape_color:  18%|█▊        | 143/800 [04:17<19:35,  1.79s/it]shape_color:  18%|█▊        | 144/800 [04:19<19:51,  1.82s/it]shape_color:  18%|█▊        | 145/800 [04:20<19:18,  1.77s/it]shape_color:  18%|█▊        | 146/800 [04:22<19:35,  1.80s/it]shape_color:  18%|█▊        | 147/800 [04:24<19:26,  1.79s/it]shape_color:  18%|█▊        | 148/800 [04:26<19:42,  1.81s/it]shape_color:  19%|█▊        | 149/800 [04:28<19:30,  1.80s/it]shape_color:  19%|█▉        | 150/800 [04:29<19:30,  1.80s/it]shape_color:  19%|█▉        | 151/800 [04:31<19:32,  1.81s/it]shape_color:  19%|█▉        | 152/800 [04:33<19:13,  1.78s/it]shape_color:  19%|█▉        | 153/800 [04:35<19:20,  1.79s/it]shape_color:  19%|█▉        | 154/800 [04:36<19:13,  1.79s/it]shape_color:  19%|█▉        | 155/800 [04:38<19:27,  1.81s/it]shape_color:  20%|█▉        | 156/800 [04:40<19:16,  1.80s/it]shape_color:  20%|█▉        | 157/800 [04:42<19:31,  1.82s/it]shape_color:  20%|█▉        | 158/800 [04:44<19:15,  1.80s/it]shape_color:  20%|█▉        | 159/800 [04:46<19:27,  1.82s/it]shape_color:  20%|██        | 160/800 [04:47<18:54,  1.77s/it]shape_color:  20%|██        | 161/800 [04:49<19:13,  1.81s/it]shape_color:  20%|██        | 162/800 [04:51<19:05,  1.80s/it]shape_color:  20%|██        | 163/800 [04:53<19:03,  1.80s/it]shape_color:  20%|██        | 164/800 [04:55<19:08,  1.81s/it]shape_color:  21%|██        | 165/800 [04:56<18:59,  1.80s/it]shape_color:  21%|██        | 166/800 [04:58<19:12,  1.82s/it]shape_color:  21%|██        | 167/800 [05:00<18:37,  1.77s/it]shape_color:  21%|██        | 168/800 [05:02<18:53,  1.79s/it]shape_color:  21%|██        | 169/800 [05:03<18:42,  1.78s/it]shape_color:  21%|██▏       | 170/800 [05:05<18:58,  1.81s/it]shape_color:  21%|██▏       | 171/800 [05:07<18:48,  1.79s/it]shape_color:  22%|██▏       | 172/800 [05:09<18:54,  1.81s/it]shape_color:  22%|██▏       | 173/800 [05:11<18:52,  1.81s/it]shape_color:  22%|██▏       | 174/800 [05:12<18:35,  1.78s/it]shape_color:  22%|██▏       | 175/800 [05:14<18:39,  1.79s/it]shape_color:  22%|██▏       | 176/800 [05:16<18:32,  1.78s/it]shape_color:  22%|██▏       | 177/800 [05:18<18:45,  1.81s/it]shape_color:  22%|██▏       | 178/800 [05:20<18:35,  1.79s/it]shape_color:  22%|██▏       | 179/800 [05:22<18:49,  1.82s/it]shape_color:  22%|██▎       | 180/800 [05:23<18:36,  1.80s/it]shape_color:  23%|██▎       | 181/800 [05:25<18:47,  1.82s/it]shape_color:  23%|██▎       | 182/800 [05:27<18:21,  1.78s/it]shape_color:  23%|██▎       | 183/800 [05:29<18:28,  1.80s/it]shape_color:  23%|██▎       | 184/800 [05:30<18:29,  1.80s/it]shape_color:  23%|██▎       | 185/800 [05:32<18:24,  1.80s/it]shape_color:  23%|██▎       | 186/800 [05:34<18:29,  1.81s/it]shape_color:  23%|██▎       | 187/800 [05:36<18:17,  1.79s/it]shape_color:  24%|██▎       | 188/800 [05:38<18:32,  1.82s/it]shape_color:  24%|██▎       | 189/800 [05:39<18:05,  1.78s/it]shape_color:  24%|██▍       | 190/800 [05:41<18:22,  1.81s/it]shape_color:  24%|██▍       | 191/800 [05:43<18:14,  1.80s/it]shape_color:  24%|██▍       | 192/800 [05:45<18:18,  1.81s/it]shape_color:  24%|██▍       | 193/800 [05:47<18:20,  1.81s/it]shape_color:  24%|██▍       | 194/800 [05:48<18:09,  1.80s/it]shape_color:  24%|██▍       | 195/800 [05:50<18:18,  1.82s/it]shape_color:  24%|██▍       | 196/800 [05:52<17:53,  1.78s/it]shape_color:  25%|██▍       | 197/800 [05:54<18:06,  1.80s/it]shape_color:  25%|██▍       | 198/800 [05:56<17:56,  1.79s/it]shape_color:  25%|██▍       | 199/800 [05:58<18:11,  1.82s/it]shape_color:  25%|██▌       | 200/800 [05:59<17:58,  1.80s/it]shape_color:  25%|██▌       | 201/800 [06:01<18:00,  1.80s/it]shape_color:  25%|██▌       | 202/800 [06:03<18:03,  1.81s/it]shape_color:  25%|██▌       | 203/800 [06:05<17:50,  1.79s/it]shape_color:  26%|██▌       | 204/800 [06:06<17:49,  1.79s/it]shape_color:  26%|██▌       | 205/800 [06:08<17:42,  1.79s/it]shape_color:  26%|██▌       | 206/800 [06:10<17:53,  1.81s/it]shape_color:  26%|██▌       | 207/800 [06:12<17:43,  1.79s/it]shape_color:  26%|██▌       | 208/800 [06:14<17:56,  1.82s/it]shape_color:  26%|██▌       | 209/800 [06:15<17:46,  1.80s/it]shape_color:  26%|██▋       | 210/800 [06:17<17:56,  1.82s/it]shape_color:  26%|██▋       | 211/800 [06:19<17:26,  1.78s/it]shape_color:  26%|██▋       | 212/800 [06:21<17:42,  1.81s/it]shape_color:  27%|██▋       | 213/800 [06:23<17:30,  1.79s/it]shape_color:  27%|██▋       | 214/800 [06:24<17:29,  1.79s/it]shape_color:  27%|██▋       | 215/800 [06:26<17:35,  1.80s/it]shape_color:  27%|██▋       | 216/800 [06:28<17:23,  1.79s/it]shape_color:  27%|██▋       | 217/800 [06:30<17:36,  1.81s/it]shape_color:  27%|██▋       | 218/800 [06:32<17:08,  1.77s/it]shape_color:  27%|██▋       | 219/800 [06:33<17:26,  1.80s/it]shape_color:  28%|██▊       | 220/800 [06:35<17:17,  1.79s/it]shape_color:  28%|██▊       | 221/800 [06:37<17:30,  1.81s/it]shape_color:  28%|██▊       | 222/800 [06:39<17:19,  1.80s/it]shape_color:  28%|██▊       | 223/800 [06:41<17:15,  1.79s/it]shape_color:  28%|██▊       | 224/800 [06:42<17:20,  1.81s/it]shape_color:  28%|██▊       | 225/800 [06:44<17:03,  1.78s/it]shape_color:  28%|██▊       | 226/800 [06:46<17:06,  1.79s/it]shape_color:  28%|██▊       | 227/800 [06:48<17:01,  1.78s/it]shape_color:  28%|██▊       | 228/800 [06:50<17:10,  1.80s/it]shape_color:  29%|██▊       | 229/800 [06:51<16:59,  1.78s/it]shape_color:  29%|██▉       | 230/800 [06:53<17:13,  1.81s/it]shape_color:  29%|██▉       | 231/800 [06:55<17:03,  1.80s/it]shape_color:  29%|██▉       | 232/800 [06:57<17:15,  1.82s/it]shape_color:  29%|██▉       | 233/800 [06:59<16:48,  1.78s/it]shape_color:  29%|██▉       | 234/800 [07:00<16:51,  1.79s/it]shape_color:  29%|██▉       | 235/800 [07:02<16:53,  1.79s/it]shape_color:  30%|██▉       | 236/800 [07:04<16:46,  1.79s/it]shape_color:  30%|██▉       | 237/800 [07:06<16:53,  1.80s/it]shape_color:  30%|██▉       | 238/800 [07:08<16:44,  1.79s/it]shape_color:  30%|██▉       | 239/800 [07:09<16:58,  1.82s/it]shape_color:  30%|███       | 240/800 [07:11<16:29,  1.77s/it]shape_color:  30%|███       | 241/800 [07:13<16:47,  1.80s/it]shape_color:  30%|███       | 242/800 [07:15<16:35,  1.78s/it]shape_color:  30%|███       | 243/800 [07:16<16:38,  1.79s/it]shape_color:  30%|███       | 244/800 [07:18<16:41,  1.80s/it]shape_color:  31%|███       | 245/800 [07:20<16:36,  1.80s/it]shape_color:  31%|███       | 246/800 [07:22<16:46,  1.82s/it]shape_color:  31%|███       | 247/800 [07:24<16:23,  1.78s/it]shape_color:  31%|███       | 248/800 [07:26<16:35,  1.80s/it]shape_color:  31%|███       | 249/800 [07:27<16:23,  1.78s/it]shape_color:  31%|███▏      | 250/800 [07:29<16:37,  1.81s/it]shape_color:  31%|███▏      | 251/800 [07:31<16:22,  1.79s/it]shape_color:  32%|███▏      | 252/800 [07:33<16:22,  1.79s/it]shape_color:  32%|███▏      | 253/800 [07:34<16:24,  1.80s/it]shape_color:  32%|███▏      | 254/800 [07:36<16:06,  1.77s/it]shape_color:  32%|███▏      | 255/800 [07:38<16:07,  1.78s/it]shape_color:  32%|███▏      | 256/800 [07:40<15:50,  1.75s/it]shape_color:  32%|███▏      | 257/800 [07:41<15:17,  1.69s/it]shape_color:  32%|███▏      | 258/800 [07:43<15:32,  1.72s/it]shape_color:  32%|███▏      | 259/800 [07:45<15:49,  1.76s/it]shape_color:  32%|███▎      | 260/800 [07:47<15:46,  1.75s/it]shape_color:  33%|███▎      | 261/800 [07:48<16:05,  1.79s/it]shape_color:  33%|███▎      | 262/800 [07:50<15:46,  1.76s/it]shape_color:  33%|███▎      | 263/800 [07:52<16:05,  1.80s/it]shape_color:  33%|███▎      | 264/800 [07:54<15:58,  1.79s/it]shape_color:  33%|███▎      | 265/800 [07:56<16:11,  1.82s/it]shape_color:  33%|███▎      | 266/800 [07:57<16:00,  1.80s/it]shape_color:  33%|███▎      | 267/800 [07:59<15:57,  1.80s/it]shape_color:  34%|███▎      | 268/800 [08:01<16:02,  1.81s/it]shape_color:  34%|███▎      | 269/800 [08:03<15:41,  1.77s/it]shape_color:  34%|███▍      | 270/800 [08:05<15:50,  1.79s/it]shape_color:  34%|███▍      | 271/800 [08:06<15:38,  1.77s/it]shape_color:  34%|███▍      | 272/800 [08:08<15:54,  1.81s/it]shape_color:  34%|███▍      | 273/800 [08:10<15:48,  1.80s/it]shape_color:  34%|███▍      | 274/800 [08:12<15:49,  1.80s/it]shape_color:  34%|███▍      | 275/800 [08:14<15:50,  1.81s/it]shape_color:  34%|███▍      | 276/800 [08:15<15:46,  1.81s/it]shape_color:  35%|███▍      | 277/800 [08:17<15:36,  1.79s/it]shape_color:  35%|███▍      | 278/800 [08:19<15:35,  1.79s/it]shape_color:  35%|███▍      | 279/800 [08:21<15:41,  1.81s/it]shape_color:  35%|███▌      | 280/800 [08:23<15:33,  1.80s/it]shape_color:  35%|███▌      | 281/800 [08:24<15:45,  1.82s/it]shape_color:  35%|███▌      | 282/800 [08:26<15:35,  1.81s/it]shape_color:  35%|███▌      | 283/800 [08:28<15:44,  1.83s/it]shape_color:  36%|███▌      | 284/800 [08:30<15:17,  1.78s/it]shape_color:  36%|███▌      | 285/800 [08:32<15:31,  1.81s/it]shape_color:  36%|███▌      | 286/800 [08:33<15:22,  1.79s/it]shape_color:  36%|███▌      | 287/800 [08:35<15:19,  1.79s/it]shape_color:  36%|███▌      | 288/800 [08:37<15:23,  1.80s/it]shape_color:  36%|███▌      | 289/800 [08:39<15:13,  1.79s/it]shape_color:  36%|███▋      | 290/800 [08:41<15:24,  1.81s/it]shape_color:  36%|███▋      | 291/800 [08:42<15:00,  1.77s/it]shape_color:  36%|███▋      | 292/800 [08:44<15:15,  1.80s/it]shape_color:  37%|███▋      | 293/800 [08:46<15:08,  1.79s/it]shape_color:  37%|███▋      | 294/800 [08:48<15:20,  1.82s/it]shape_color:  37%|███▋      | 295/800 [08:50<15:09,  1.80s/it]shape_color:  37%|███▋      | 296/800 [08:51<15:07,  1.80s/it]shape_color:  37%|███▋      | 297/800 [08:53<15:09,  1.81s/it]shape_color:  37%|███▋      | 298/800 [08:55<14:53,  1.78s/it]shape_color:  37%|███▋      | 299/800 [08:57<14:57,  1.79s/it]shape_color:  38%|███▊      | 300/800 [08:59<14:53,  1.79s/it]shape_color:  38%|███▊      | 301/800 [09:00<15:03,  1.81s/it]shape_color:  38%|███▊      | 302/800 [09:02<14:55,  1.80s/it]shape_color:  38%|███▊      | 303/800 [09:04<15:06,  1.82s/it]shape_color:  38%|███▊      | 304/800 [09:06<14:54,  1.80s/it]shape_color:  38%|███▊      | 305/800 [09:08<15:01,  1.82s/it]shape_color:  38%|███▊      | 306/800 [09:09<14:41,  1.78s/it]shape_color:  38%|███▊      | 307/800 [09:11<14:41,  1.79s/it]shape_color:  38%|███▊      | 308/800 [09:13<14:47,  1.80s/it]shape_color:  39%|███▊      | 309/800 [09:15<14:37,  1.79s/it]shape_color:  39%|███▉      | 310/800 [09:17<14:49,  1.82s/it]shape_color:  39%|███▉      | 311/800 [09:18<14:39,  1.80s/it]shape_color:  39%|███▉      | 312/800 [09:20<14:50,  1.82s/it]shape_color:  39%|███▉      | 313/800 [09:22<14:26,  1.78s/it]shape_color:  39%|███▉      | 314/800 [09:24<14:39,  1.81s/it]shape_color:  39%|███▉      | 315/800 [09:26<14:29,  1.79s/it]shape_color:  40%|███▉      | 316/800 [09:27<14:32,  1.80s/it]shape_color:  40%|███▉      | 317/800 [09:29<14:32,  1.81s/it]shape_color:  40%|███▉      | 318/800 [09:31<14:24,  1.79s/it]shape_color:  40%|███▉      | 319/800 [09:33<14:32,  1.81s/it]shape_color:  40%|████      | 320/800 [09:35<14:08,  1.77s/it]shape_color:  40%|████      | 321/800 [09:36<14:19,  1.80s/it]shape_color:  40%|████      | 322/800 [09:38<14:11,  1.78s/it]shape_color:  40%|████      | 323/800 [09:40<14:24,  1.81s/it]shape_color:  40%|████      | 324/800 [09:42<14:14,  1.80s/it]shape_color:  41%|████      | 325/800 [09:44<14:24,  1.82s/it]shape_color:  41%|████      | 326/800 [09:45<14:14,  1.80s/it]shape_color:  41%|████      | 327/800 [09:47<14:15,  1.81s/it]shape_color:  41%|████      | 328/800 [09:49<14:05,  1.79s/it]shape_color:  41%|████      | 329/800 [09:51<14:03,  1.79s/it]shape_color:  41%|████▏     | 330/800 [09:53<14:10,  1.81s/it]shape_color:  41%|████▏     | 331/800 [09:54<13:59,  1.79s/it]shape_color:  42%|████▏     | 332/800 [09:56<14:10,  1.82s/it]shape_color:  42%|████▏     | 333/800 [09:58<14:00,  1.80s/it]shape_color:  42%|████▏     | 334/800 [10:00<14:10,  1.82s/it]shape_color:  42%|████▏     | 335/800 [10:02<13:49,  1.78s/it]shape_color:  42%|████▏     | 336/800 [10:03<13:58,  1.81s/it]shape_color:  42%|████▏     | 337/800 [10:05<13:53,  1.80s/it]shape_color:  42%|████▏     | 338/800 [10:07<13:49,  1.79s/it]shape_color:  42%|████▏     | 339/800 [10:09<13:56,  1.82s/it]shape_color:  42%|████▎     | 340/800 [10:11<13:46,  1.80s/it]shape_color:  43%|████▎     | 341/800 [10:13<13:56,  1.82s/it]shape_color:  43%|████▎     | 342/800 [10:14<13:31,  1.77s/it]shape_color:  43%|████▎     | 343/800 [10:16<13:42,  1.80s/it]shape_color:  43%|████▎     | 344/800 [10:18<13:34,  1.79s/it]shape_color:  43%|████▎     | 345/800 [10:20<13:45,  1.81s/it]shape_color:  43%|████▎     | 346/800 [10:21<13:36,  1.80s/it]shape_color:  43%|████▎     | 347/800 [10:23<13:36,  1.80s/it]shape_color:  44%|████▎     | 348/800 [10:25<13:37,  1.81s/it]shape_color:  44%|████▎     | 349/800 [10:27<13:28,  1.79s/it]shape_color:  44%|████▍     | 350/800 [10:29<13:29,  1.80s/it]shape_color:  44%|████▍     | 351/800 [10:30<13:24,  1.79s/it]shape_color:  44%|████▍     | 352/800 [10:32<13:32,  1.81s/it]shape_color:  44%|████▍     | 353/800 [10:34<13:23,  1.80s/it]shape_color:  44%|████▍     | 354/800 [10:36<13:32,  1.82s/it]shape_color:  44%|████▍     | 355/800 [10:38<13:23,  1.81s/it]shape_color:  44%|████▍     | 356/800 [10:40<13:29,  1.82s/it]shape_color:  45%|████▍     | 357/800 [10:41<13:06,  1.78s/it]shape_color:  45%|████▍     | 358/800 [10:43<13:18,  1.81s/it]shape_color:  45%|████▍     | 359/800 [10:45<13:10,  1.79s/it]shape_color:  45%|████▌     | 360/800 [10:47<13:09,  1.80s/it]shape_color:  45%|████▌     | 361/800 [10:48<13:11,  1.80s/it]shape_color:  45%|████▌     | 362/800 [10:50<13:05,  1.79s/it]shape_color:  45%|████▌     | 363/800 [10:52<13:13,  1.82s/it]shape_color:  46%|████▌     | 364/800 [10:54<12:51,  1.77s/it]shape_color:  46%|████▌     | 365/800 [10:56<13:02,  1.80s/it]shape_color:  46%|████▌     | 366/800 [10:57<12:55,  1.79s/it]shape_color:  46%|████▌     | 367/800 [10:59<13:06,  1.82s/it]shape_color:  46%|████▌     | 368/800 [11:01<12:56,  1.80s/it]shape_color:  46%|████▌     | 369/800 [11:03<12:55,  1.80s/it]shape_color:  46%|████▋     | 370/800 [11:05<12:58,  1.81s/it]shape_color:  46%|████▋     | 371/800 [11:06<12:44,  1.78s/it]shape_color:  46%|████▋     | 372/800 [11:08<12:48,  1.79s/it]shape_color:  47%|████▋     | 373/800 [11:10<12:39,  1.78s/it]shape_color:  47%|████▋     | 374/800 [11:12<12:49,  1.81s/it]shape_color:  47%|████▋     | 375/800 [11:14<12:42,  1.79s/it]shape_color:  47%|████▋     | 376/800 [11:15<12:51,  1.82s/it]shape_color:  47%|████▋     | 377/800 [11:17<12:40,  1.80s/it]shape_color:  47%|████▋     | 378/800 [11:19<12:46,  1.82s/it]shape_color:  47%|████▋     | 379/800 [11:21<12:29,  1.78s/it]shape_color:  48%|████▊     | 380/800 [11:23<12:29,  1.78s/it]shape_color:  48%|████▊     | 381/800 [11:24<12:33,  1.80s/it]shape_color:  48%|████▊     | 382/800 [11:26<12:27,  1.79s/it]shape_color:  48%|████▊     | 383/800 [11:28<12:36,  1.81s/it]shape_color:  48%|████▊     | 384/800 [11:30<12:28,  1.80s/it]shape_color:  48%|████▊     | 385/800 [11:32<12:37,  1.83s/it]shape_color:  48%|████▊     | 386/800 [11:33<12:15,  1.78s/it]shape_color:  48%|████▊     | 387/800 [11:35<12:25,  1.81s/it]shape_color:  48%|████▊     | 388/800 [11:37<12:15,  1.78s/it]shape_color:  49%|████▊     | 389/800 [11:39<12:16,  1.79s/it]shape_color:  49%|████▉     | 390/800 [11:41<12:18,  1.80s/it]shape_color:  49%|████▉     | 391/800 [11:42<12:14,  1.80s/it]shape_color:  49%|████▉     | 392/800 [11:44<12:19,  1.81s/it]shape_color:  49%|████▉     | 393/800 [11:46<12:02,  1.78s/it]shape_color:  49%|████▉     | 394/800 [11:48<12:14,  1.81s/it]shape_color:  49%|████▉     | 395/800 [11:50<12:07,  1.80s/it]shape_color:  50%|████▉     | 396/800 [11:51<12:15,  1.82s/it]shape_color:  50%|████▉     | 397/800 [11:53<12:05,  1.80s/it]shape_color:  50%|████▉     | 398/800 [11:55<12:03,  1.80s/it]shape_color:  50%|████▉     | 399/800 [11:57<12:05,  1.81s/it]shape_color:  50%|█████     | 400/800 [11:59<11:52,  1.78s/it]shape_color:  50%|█████     | 401/800 [12:00<11:56,  1.80s/it]shape_color:  50%|█████     | 402/800 [12:02<11:47,  1.78s/it]shape_color:  50%|█████     | 403/800 [12:04<11:58,  1.81s/it]shape_color:  50%|█████     | 404/800 [12:06<11:52,  1.80s/it]shape_color:  51%|█████     | 405/800 [12:08<12:00,  1.82s/it]shape_color:  51%|█████     | 406/800 [12:09<11:51,  1.81s/it]shape_color:  51%|█████     | 407/800 [12:11<11:55,  1.82s/it]shape_color:  51%|█████     | 408/800 [12:13<11:37,  1.78s/it]shape_color:  51%|█████     | 409/800 [12:15<11:39,  1.79s/it]shape_color:  51%|█████▏    | 410/800 [12:17<11:41,  1.80s/it]shape_color:  51%|█████▏    | 411/800 [12:18<11:33,  1.78s/it]shape_color:  52%|█████▏    | 412/800 [12:20<11:41,  1.81s/it]shape_color:  52%|█████▏    | 413/800 [12:22<11:32,  1.79s/it]shape_color:  52%|█████▏    | 414/800 [12:24<11:41,  1.82s/it]shape_color:  52%|█████▏    | 415/800 [12:25<11:19,  1.76s/it]shape_color:  52%|█████▏    | 416/800 [12:27<11:31,  1.80s/it]shape_color:  52%|█████▏    | 417/800 [12:29<11:23,  1.78s/it]shape_color:  52%|█████▏    | 418/800 [12:31<11:32,  1.81s/it]shape_color:  52%|█████▏    | 419/800 [12:33<11:23,  1.79s/it]shape_color:  52%|█████▎    | 420/800 [12:35<11:19,  1.79s/it]shape_color:  53%|█████▎    | 421/800 [12:36<11:23,  1.80s/it]shape_color:  53%|█████▎    | 422/800 [12:38<11:10,  1.77s/it]shape_color:  53%|█████▎    | 423/800 [12:40<11:14,  1.79s/it]shape_color:  53%|█████▎    | 424/800 [12:42<11:10,  1.78s/it]shape_color:  53%|█████▎    | 425/800 [12:44<11:18,  1.81s/it]shape_color:  53%|█████▎    | 426/800 [12:45<11:11,  1.80s/it]shape_color:  53%|█████▎    | 427/800 [12:47<11:19,  1.82s/it]shape_color:  54%|█████▎    | 428/800 [12:49<11:10,  1.80s/it]shape_color:  54%|█████▎    | 429/800 [12:51<11:12,  1.81s/it]shape_color:  54%|█████▍    | 430/800 [12:52<11:02,  1.79s/it]shape_color:  54%|█████▍    | 431/800 [12:54<11:01,  1.79s/it]shape_color:  54%|█████▍    | 432/800 [12:56<11:04,  1.81s/it]shape_color:  54%|█████▍    | 433/800 [12:58<10:55,  1.79s/it]shape_color:  54%|█████▍    | 434/800 [13:00<11:04,  1.82s/it]shape_color:  54%|█████▍    | 435/800 [13:02<10:56,  1.80s/it]shape_color:  55%|█████▍    | 436/800 [13:03<11:03,  1.82s/it]shape_color:  55%|█████▍    | 437/800 [13:05<10:45,  1.78s/it]shape_color:  55%|█████▍    | 438/800 [13:07<10:55,  1.81s/it]shape_color:  55%|█████▍    | 439/800 [13:09<10:48,  1.80s/it]shape_color:  55%|█████▌    | 440/800 [13:11<10:46,  1.79s/it]shape_color:  55%|█████▌    | 441/800 [13:12<10:48,  1.81s/it]shape_color:  55%|█████▌    | 442/800 [13:14<10:40,  1.79s/it]shape_color:  55%|█████▌    | 443/800 [13:16<10:48,  1.82s/it]shape_color:  56%|█████▌    | 444/800 [13:17<10:11,  1.72s/it]shape_color:  56%|█████▌    | 445/800 [13:19<10:00,  1.69s/it]shape_color:  56%|█████▌    | 446/800 [13:21<10:08,  1.72s/it]shape_color:  56%|█████▌    | 447/800 [13:23<10:20,  1.76s/it]shape_color:  56%|█████▌    | 448/800 [13:24<10:18,  1.76s/it]shape_color:  56%|█████▌    | 449/800 [13:26<10:29,  1.79s/it]shape_color:  56%|█████▋    | 450/800 [13:28<10:24,  1.79s/it]shape_color:  56%|█████▋    | 451/800 [13:30<10:28,  1.80s/it]shape_color:  56%|█████▋    | 452/800 [13:32<10:21,  1.79s/it]shape_color:  57%|█████▋    | 453/800 [13:33<10:19,  1.79s/it]shape_color:  57%|█████▋    | 454/800 [13:35<10:24,  1.81s/it]shape_color:  57%|█████▋    | 455/800 [13:37<10:16,  1.79s/it]shape_color:  57%|█████▋    | 456/800 [13:39<10:24,  1.82s/it]shape_color:  57%|█████▋    | 457/800 [13:41<10:17,  1.80s/it]shape_color:  57%|█████▋    | 458/800 [13:43<10:24,  1.83s/it]shape_color:  57%|█████▋    | 459/800 [13:44<10:07,  1.78s/it]shape_color:  57%|█████▊    | 460/800 [13:46<10:10,  1.80s/it]shape_color:  58%|█████▊    | 461/800 [13:48<10:10,  1.80s/it]shape_color:  58%|█████▊    | 462/800 [13:50<10:07,  1.80s/it]shape_color:  58%|█████▊    | 463/800 [13:52<10:11,  1.81s/it]shape_color:  58%|█████▊    | 464/800 [13:53<10:04,  1.80s/it]shape_color:  58%|█████▊    | 465/800 [13:55<10:11,  1.83s/it]shape_color:  58%|█████▊    | 466/800 [13:57<09:55,  1.78s/it]shape_color:  58%|█████▊    | 467/800 [13:59<10:03,  1.81s/it]shape_color:  58%|█████▊    | 468/800 [14:01<09:57,  1.80s/it]shape_color:  59%|█████▊    | 469/800 [14:02<09:56,  1.80s/it]shape_color:  59%|█████▉    | 470/800 [14:04<09:57,  1.81s/it]shape_color:  59%|█████▉    | 471/800 [14:06<09:49,  1.79s/it]shape_color:  59%|█████▉    | 472/800 [14:08<09:55,  1.82s/it]shape_color:  59%|█████▉    | 473/800 [14:09<09:39,  1.77s/it]shape_color:  59%|█████▉    | 474/800 [14:11<09:45,  1.80s/it]shape_color:  59%|█████▉    | 475/800 [14:13<09:38,  1.78s/it]shape_color:  60%|█████▉    | 476/800 [14:15<09:47,  1.81s/it]shape_color:  60%|█████▉    | 477/800 [14:17<09:40,  1.80s/it]shape_color:  60%|█████▉    | 478/800 [14:19<09:40,  1.80s/it]shape_color:  60%|█████▉    | 479/800 [14:20<09:39,  1.81s/it]shape_color:  60%|██████    | 480/800 [14:22<09:37,  1.80s/it]shape_color:  60%|██████    | 481/800 [14:24<09:30,  1.79s/it]shape_color:  60%|██████    | 482/800 [14:26<09:28,  1.79s/it]shape_color:  60%|██████    | 483/800 [14:28<09:32,  1.80s/it]shape_color:  60%|██████    | 484/800 [14:29<09:24,  1.79s/it]shape_color:  61%|██████    | 485/800 [14:31<09:31,  1.81s/it]shape_color:  61%|██████    | 486/800 [14:33<09:25,  1.80s/it]shape_color:  61%|██████    | 487/800 [14:35<09:31,  1.82s/it]shape_color:  61%|██████    | 488/800 [14:37<09:17,  1.79s/it]shape_color:  61%|██████    | 489/800 [14:38<09:24,  1.82s/it]shape_color:  61%|██████▏   | 490/800 [14:40<09:18,  1.80s/it]shape_color:  61%|██████▏   | 491/800 [14:42<09:15,  1.80s/it]shape_color:  62%|██████▏   | 492/800 [14:44<09:17,  1.81s/it]shape_color:  62%|██████▏   | 493/800 [14:46<09:09,  1.79s/it]shape_color:  62%|██████▏   | 494/800 [14:47<09:16,  1.82s/it]shape_color:  62%|██████▏   | 495/800 [14:49<09:01,  1.77s/it]shape_color:  62%|██████▏   | 496/800 [14:51<09:09,  1.81s/it]shape_color:  62%|██████▏   | 497/800 [14:53<09:03,  1.79s/it]shape_color:  62%|██████▏   | 498/800 [14:55<09:09,  1.82s/it]shape_color:  62%|██████▏   | 499/800 [14:56<09:02,  1.80s/it]shape_color:  62%|██████▎   | 500/800 [14:58<08:58,  1.80s/it]shape_color:  63%|██████▎   | 501/800 [15:00<09:02,  1.81s/it]shape_color:  63%|██████▎   | 502/800 [15:02<08:52,  1.79s/it]shape_color:  63%|██████▎   | 503/800 [15:04<08:53,  1.80s/it]shape_color:  63%|██████▎   | 504/800 [15:05<08:47,  1.78s/it]shape_color:  63%|██████▎   | 505/800 [15:07<08:54,  1.81s/it]shape_color:  63%|██████▎   | 506/800 [15:09<08:48,  1.80s/it]shape_color:  63%|██████▎   | 507/800 [15:11<08:54,  1.83s/it]shape_color:  64%|██████▎   | 508/800 [15:13<08:47,  1.81s/it]shape_color:  64%|██████▎   | 509/800 [15:14<08:51,  1.83s/it]shape_color:  64%|██████▍   | 510/800 [15:16<08:37,  1.78s/it]shape_color:  64%|██████▍   | 511/800 [15:18<08:36,  1.79s/it]shape_color:  64%|██████▍   | 512/800 [15:20<08:39,  1.81s/it]shape_color:  64%|██████▍   | 513/800 [15:22<08:33,  1.79s/it]shape_color:  64%|██████▍   | 514/800 [15:23<08:39,  1.82s/it]shape_color:  64%|██████▍   | 515/800 [15:25<08:33,  1.80s/it]shape_color:  64%|██████▍   | 516/800 [15:27<08:38,  1.82s/it]shape_color:  65%|██████▍   | 517/800 [15:29<08:22,  1.78s/it]shape_color:  65%|██████▍   | 518/800 [15:31<08:29,  1.81s/it]shape_color:  65%|██████▍   | 519/800 [15:32<08:24,  1.79s/it]shape_color:  65%|██████▌   | 520/800 [15:34<08:25,  1.81s/it]shape_color:  65%|██████▌   | 521/800 [15:36<08:25,  1.81s/it]shape_color:  65%|██████▌   | 522/800 [15:38<08:19,  1.80s/it]shape_color:  65%|██████▌   | 523/800 [15:40<08:23,  1.82s/it]shape_color:  66%|██████▌   | 524/800 [15:41<08:09,  1.77s/it]shape_color:  66%|██████▌   | 525/800 [15:43<08:14,  1.80s/it]shape_color:  66%|██████▌   | 526/800 [15:45<08:07,  1.78s/it]shape_color:  66%|██████▌   | 527/800 [15:47<08:14,  1.81s/it]shape_color:  66%|██████▌   | 528/800 [15:49<08:08,  1.79s/it]shape_color:  66%|██████▌   | 529/800 [15:50<08:13,  1.82s/it]shape_color:  66%|██████▋   | 530/800 [15:52<08:08,  1.81s/it]shape_color:  66%|██████▋   | 531/800 [15:54<08:11,  1.83s/it]shape_color:  66%|██████▋   | 532/800 [15:56<07:55,  1.77s/it]shape_color:  67%|██████▋   | 533/800 [15:58<08:02,  1.81s/it]shape_color:  67%|██████▋   | 534/800 [15:59<07:57,  1.79s/it]shape_color:  67%|██████▋   | 535/800 [16:01<07:55,  1.80s/it]shape_color:  67%|██████▋   | 536/800 [16:03<07:59,  1.82s/it]shape_color:  67%|██████▋   | 537/800 [16:05<07:53,  1.80s/it]shape_color:  67%|██████▋   | 538/800 [16:07<07:59,  1.83s/it]shape_color:  67%|██████▋   | 539/800 [16:08<07:46,  1.79s/it]shape_color:  68%|██████▊   | 540/800 [16:10<07:53,  1.82s/it]shape_color:  68%|██████▊   | 541/800 [16:12<07:48,  1.81s/it]shape_color:  68%|██████▊   | 542/800 [16:14<07:49,  1.82s/it]shape_color:  68%|██████▊   | 543/800 [16:16<07:50,  1.83s/it]shape_color:  68%|██████▊   | 544/800 [16:18<07:46,  1.82s/it]shape_color:  68%|██████▊   | 545/800 [16:19<07:49,  1.84s/it]shape_color:  68%|██████▊   | 546/800 [16:21<07:37,  1.80s/it]shape_color:  68%|██████▊   | 547/800 [16:23<07:42,  1.83s/it]shape_color:  68%|██████▊   | 548/800 [16:25<07:37,  1.81s/it]shape_color:  69%|██████▊   | 549/800 [16:27<07:42,  1.84s/it]shape_color:  69%|██████▉   | 550/800 [16:29<07:36,  1.83s/it]shape_color:  69%|██████▉   | 551/800 [16:30<07:35,  1.83s/it]shape_color:  69%|██████▉   | 552/800 [16:32<07:35,  1.84s/it]shape_color:  69%|██████▉   | 553/800 [16:34<07:28,  1.82s/it]shape_color:  69%|██████▉   | 554/800 [16:36<07:27,  1.82s/it]shape_color:  69%|██████▉   | 555/800 [16:38<07:23,  1.81s/it]shape_color:  70%|██████▉   | 556/800 [16:40<07:26,  1.83s/it]shape_color:  70%|██████▉   | 557/800 [16:41<07:20,  1.81s/it]shape_color:  70%|██████▉   | 558/800 [16:43<07:25,  1.84s/it]shape_color:  70%|██████▉   | 559/800 [16:45<07:19,  1.82s/it]shape_color:  70%|███████   | 560/800 [16:47<07:22,  1.85s/it]shape_color:  70%|███████   | 561/800 [16:49<07:10,  1.80s/it]shape_color:  70%|███████   | 562/800 [16:50<07:16,  1.83s/it]shape_color:  70%|███████   | 563/800 [16:52<07:11,  1.82s/it]shape_color:  70%|███████   | 564/800 [16:54<07:09,  1.82s/it]shape_color:  71%|███████   | 565/800 [16:56<07:10,  1.83s/it]shape_color:  71%|███████   | 566/800 [16:58<07:04,  1.82s/it]shape_color:  71%|███████   | 567/800 [17:00<07:09,  1.84s/it]shape_color:  71%|███████   | 568/800 [17:01<06:57,  1.80s/it]shape_color:  71%|███████   | 569/800 [17:03<07:03,  1.83s/it]shape_color:  71%|███████▏  | 570/800 [17:05<06:59,  1.82s/it]shape_color:  71%|███████▏  | 571/800 [17:07<06:59,  1.83s/it]shape_color:  72%|███████▏  | 572/800 [17:09<06:59,  1.84s/it]shape_color:  72%|███████▏  | 573/800 [17:11<06:53,  1.82s/it]shape_color:  72%|███████▏  | 574/800 [17:12<06:56,  1.84s/it]shape_color:  72%|███████▏  | 575/800 [17:14<06:43,  1.79s/it]shape_color:  72%|███████▏  | 576/800 [17:16<06:46,  1.81s/it]shape_color:  72%|███████▏  | 577/800 [17:18<06:41,  1.80s/it]shape_color:  72%|███████▏  | 578/800 [17:20<06:47,  1.83s/it]shape_color:  72%|███████▏  | 579/800 [17:21<06:42,  1.82s/it]shape_color:  72%|███████▎  | 580/800 [17:23<06:46,  1.85s/it]shape_color:  73%|███████▎  | 581/800 [17:25<06:40,  1.83s/it]shape_color:  73%|███████▎  | 582/800 [17:27<06:41,  1.84s/it]shape_color:  73%|███████▎  | 583/800 [17:29<06:32,  1.81s/it]shape_color:  73%|███████▎  | 584/800 [17:31<06:31,  1.81s/it]shape_color:  73%|███████▎  | 585/800 [17:32<06:33,  1.83s/it]shape_color:  73%|███████▎  | 586/800 [17:34<06:28,  1.81s/it]shape_color:  73%|███████▎  | 587/800 [17:36<06:32,  1.84s/it]shape_color:  74%|███████▎  | 588/800 [17:38<06:28,  1.83s/it]shape_color:  74%|███████▎  | 589/800 [17:40<06:30,  1.85s/it]shape_color:  74%|███████▍  | 590/800 [17:42<06:20,  1.81s/it]shape_color:  74%|███████▍  | 591/800 [17:43<06:20,  1.82s/it]shape_color:  74%|███████▍  | 592/800 [17:45<06:21,  1.83s/it]shape_color:  74%|███████▍  | 593/800 [17:47<06:17,  1.83s/it]shape_color:  74%|███████▍  | 594/800 [17:49<06:20,  1.85s/it]shape_color:  74%|███████▍  | 595/800 [17:51<06:15,  1.83s/it]shape_color:  74%|███████▍  | 596/800 [17:53<06:18,  1.86s/it]shape_color:  75%|███████▍  | 597/800 [17:54<06:08,  1.81s/it]shape_color:  75%|███████▍  | 598/800 [17:56<06:12,  1.84s/it]shape_color:  75%|███████▍  | 599/800 [17:58<06:07,  1.83s/it]shape_color:  75%|███████▌  | 600/800 [18:00<06:05,  1.83s/it]shape_color:  75%|███████▌  | 601/800 [18:02<06:06,  1.84s/it]shape_color:  75%|███████▌  | 602/800 [18:04<06:00,  1.82s/it]shape_color:  75%|███████▌  | 603/800 [18:05<06:04,  1.85s/it]shape_color:  76%|███████▌  | 604/800 [18:07<05:53,  1.81s/it]shape_color:  76%|███████▌  | 605/800 [18:09<05:57,  1.83s/it]shape_color:  76%|███████▌  | 606/800 [18:11<05:53,  1.82s/it]shape_color:  76%|███████▌  | 607/800 [18:13<05:56,  1.85s/it]shape_color:  76%|███████▌  | 608/800 [18:15<05:50,  1.83s/it]shape_color:  76%|███████▌  | 609/800 [18:16<05:50,  1.83s/it]shape_color:  76%|███████▋  | 610/800 [18:18<05:49,  1.84s/it]shape_color:  76%|███████▋  | 611/800 [18:20<05:41,  1.81s/it]shape_color:  76%|███████▋  | 612/800 [18:22<05:41,  1.82s/it]shape_color:  77%|███████▋  | 613/800 [18:24<05:39,  1.81s/it]shape_color:  77%|███████▋  | 614/800 [18:26<05:41,  1.84s/it]shape_color:  77%|███████▋  | 615/800 [18:27<05:37,  1.82s/it]shape_color:  77%|███████▋  | 616/800 [18:29<05:40,  1.85s/it]shape_color:  77%|███████▋  | 617/800 [18:31<05:35,  1.83s/it]shape_color:  77%|███████▋  | 618/800 [18:33<05:37,  1.85s/it]shape_color:  77%|███████▋  | 619/800 [18:35<05:26,  1.80s/it]shape_color:  78%|███████▊  | 620/800 [18:36<05:25,  1.81s/it]shape_color:  78%|███████▊  | 621/800 [18:38<05:26,  1.82s/it]shape_color:  78%|███████▊  | 622/800 [18:40<05:23,  1.82s/it]shape_color:  78%|███████▊  | 623/800 [18:42<05:25,  1.84s/it]shape_color:  78%|███████▊  | 624/800 [18:44<05:21,  1.83s/it]shape_color:  78%|███████▊  | 625/800 [18:46<05:23,  1.85s/it]shape_color:  78%|███████▊  | 626/800 [18:47<05:14,  1.81s/it]shape_color:  78%|███████▊  | 627/800 [18:49<05:18,  1.84s/it]shape_color:  78%|███████▊  | 628/800 [18:51<05:13,  1.82s/it]shape_color:  79%|███████▊  | 629/800 [18:53<05:11,  1.82s/it]shape_color:  79%|███████▉  | 630/800 [18:55<05:06,  1.80s/it]shape_color:  79%|███████▉  | 631/800 [18:56<05:04,  1.80s/it]shape_color:  79%|███████▉  | 632/800 [18:58<05:07,  1.83s/it]shape_color:  79%|███████▉  | 633/800 [19:00<04:59,  1.79s/it]shape_color:  79%|███████▉  | 634/800 [19:02<05:02,  1.82s/it]shape_color:  79%|███████▉  | 635/800 [19:04<04:58,  1.81s/it]shape_color:  80%|███████▉  | 636/800 [19:06<05:01,  1.84s/it]shape_color:  80%|███████▉  | 637/800 [19:07<04:58,  1.83s/it]shape_color:  80%|███████▉  | 638/800 [19:09<04:56,  1.83s/it]shape_color:  80%|███████▉  | 639/800 [19:11<04:55,  1.83s/it]shape_color:  80%|████████  | 640/800 [19:13<04:49,  1.81s/it]shape_color:  80%|████████  | 641/800 [19:15<04:49,  1.82s/it]shape_color:  80%|████████  | 642/800 [19:17<04:45,  1.81s/it]shape_color:  80%|████████  | 643/800 [19:18<04:47,  1.83s/it]shape_color:  80%|████████  | 644/800 [19:20<04:43,  1.82s/it]shape_color:  81%|████████  | 645/800 [19:22<04:45,  1.84s/it]shape_color:  81%|████████  | 646/800 [19:24<04:40,  1.82s/it]shape_color:  81%|████████  | 647/800 [19:26<04:41,  1.84s/it]shape_color:  81%|████████  | 648/800 [19:27<04:34,  1.81s/it]shape_color:  81%|████████  | 649/800 [19:29<04:33,  1.81s/it]shape_color:  81%|████████▏ | 650/800 [19:31<04:33,  1.82s/it]shape_color:  81%|████████▏ | 651/800 [19:33<04:29,  1.81s/it]shape_color:  82%|████████▏ | 652/800 [19:35<04:31,  1.83s/it]shape_color:  82%|████████▏ | 653/800 [19:37<04:26,  1.82s/it]shape_color:  82%|████████▏ | 654/800 [19:38<04:28,  1.84s/it]shape_color:  82%|████████▏ | 655/800 [19:40<04:19,  1.79s/it]shape_color:  82%|████████▏ | 656/800 [19:42<04:22,  1.82s/it]shape_color:  82%|████████▏ | 657/800 [19:44<04:19,  1.81s/it]shape_color:  82%|████████▏ | 658/800 [19:46<04:17,  1.82s/it]shape_color:  82%|████████▏ | 659/800 [19:48<04:16,  1.82s/it]shape_color:  82%|████████▎ | 660/800 [19:49<04:13,  1.81s/it]shape_color:  83%|████████▎ | 661/800 [19:51<04:14,  1.83s/it]shape_color:  83%|████████▎ | 662/800 [19:53<04:07,  1.79s/it]shape_color:  83%|████████▎ | 663/800 [19:55<04:09,  1.82s/it]shape_color:  83%|████████▎ | 664/800 [19:57<04:05,  1.81s/it]shape_color:  83%|████████▎ | 665/800 [19:58<04:07,  1.83s/it]shape_color:  83%|████████▎ | 666/800 [20:00<04:03,  1.81s/it]shape_color:  83%|████████▎ | 667/800 [20:02<04:00,  1.81s/it]shape_color:  84%|████████▎ | 668/800 [20:04<04:00,  1.82s/it]shape_color:  84%|████████▎ | 669/800 [20:06<03:55,  1.80s/it]shape_color:  84%|████████▍ | 670/800 [20:07<03:55,  1.81s/it]shape_color:  84%|████████▍ | 671/800 [20:09<03:51,  1.79s/it]shape_color:  84%|████████▍ | 672/800 [20:11<03:52,  1.82s/it]shape_color:  84%|████████▍ | 673/800 [20:13<03:48,  1.80s/it]shape_color:  84%|████████▍ | 674/800 [20:15<03:50,  1.83s/it]shape_color:  84%|████████▍ | 675/800 [20:16<03:47,  1.82s/it]shape_color:  84%|████████▍ | 676/800 [20:18<03:46,  1.83s/it]shape_color:  85%|████████▍ | 677/800 [20:20<03:40,  1.80s/it]shape_color:  85%|████████▍ | 678/800 [20:22<03:39,  1.80s/it]shape_color:  85%|████████▍ | 679/800 [20:24<03:39,  1.81s/it]shape_color:  85%|████████▌ | 680/800 [20:25<03:35,  1.80s/it]shape_color:  85%|████████▌ | 681/800 [20:27<03:37,  1.82s/it]shape_color:  85%|████████▌ | 682/800 [20:29<03:33,  1.81s/it]shape_color:  85%|████████▌ | 683/800 [20:31<03:34,  1.83s/it]shape_color:  86%|████████▌ | 684/800 [20:33<03:26,  1.78s/it]shape_color:  86%|████████▌ | 685/800 [20:35<03:27,  1.81s/it]shape_color:  86%|████████▌ | 686/800 [20:36<03:26,  1.81s/it]shape_color:  86%|████████▌ | 687/800 [20:38<03:23,  1.80s/it]shape_color:  86%|████████▌ | 688/800 [20:40<03:24,  1.82s/it]shape_color:  86%|████████▌ | 689/800 [20:42<03:20,  1.81s/it]shape_color:  86%|████████▋ | 690/800 [20:44<03:21,  1.83s/it]shape_color:  86%|████████▋ | 691/800 [20:45<03:14,  1.78s/it]shape_color:  86%|████████▋ | 692/800 [20:47<03:15,  1.81s/it]shape_color:  87%|████████▋ | 693/800 [20:49<03:12,  1.80s/it]shape_color:  87%|████████▋ | 694/800 [20:51<03:13,  1.82s/it]shape_color:  87%|████████▋ | 695/800 [20:53<03:09,  1.81s/it]shape_color:  87%|████████▋ | 696/800 [20:54<03:07,  1.80s/it]shape_color:  87%|████████▋ | 697/800 [20:56<03:06,  1.81s/it]shape_color:  87%|████████▋ | 698/800 [20:58<03:02,  1.79s/it]shape_color:  87%|████████▋ | 699/800 [21:00<03:02,  1.81s/it]shape_color:  88%|████████▊ | 700/800 [21:02<02:59,  1.79s/it]shape_color:  88%|████████▊ | 701/800 [21:04<02:59,  1.82s/it]shape_color:  88%|████████▊ | 702/800 [21:05<02:56,  1.80s/it]shape_color:  88%|████████▊ | 703/800 [21:07<02:57,  1.83s/it]shape_color:  88%|████████▊ | 704/800 [21:09<02:53,  1.81s/it]shape_color:  88%|████████▊ | 705/800 [21:11<02:53,  1.82s/it]shape_color:  88%|████████▊ | 706/800 [21:12<02:47,  1.78s/it]shape_color:  88%|████████▊ | 707/800 [21:14<02:46,  1.79s/it]shape_color:  88%|████████▊ | 708/800 [21:16<02:45,  1.80s/it]shape_color:  89%|████████▊ | 709/800 [21:18<02:43,  1.80s/it]shape_color:  89%|████████▉ | 710/800 [21:20<02:43,  1.82s/it]shape_color:  89%|████████▉ | 711/800 [21:22<02:40,  1.80s/it]shape_color:  89%|████████▉ | 712/800 [21:23<02:40,  1.83s/it]shape_color:  89%|████████▉ | 713/800 [21:25<02:34,  1.77s/it]shape_color:  89%|████████▉ | 714/800 [21:27<02:35,  1.81s/it]shape_color:  89%|████████▉ | 715/800 [21:29<02:32,  1.80s/it]shape_color:  90%|████████▉ | 716/800 [21:31<02:33,  1.82s/it]shape_color:  90%|████████▉ | 717/800 [21:32<02:29,  1.80s/it]shape_color:  90%|████████▉ | 718/800 [21:34<02:27,  1.80s/it]shape_color:  90%|████████▉ | 719/800 [21:36<02:26,  1.81s/it]shape_color:  90%|█████████ | 720/800 [21:38<02:22,  1.78s/it]shape_color:  90%|█████████ | 721/800 [21:40<02:21,  1.80s/it]shape_color:  90%|█████████ | 722/800 [21:41<02:18,  1.78s/it]shape_color:  90%|█████████ | 723/800 [21:43<02:19,  1.81s/it]shape_color:  90%|█████████ | 724/800 [21:45<02:16,  1.80s/it]shape_color:  91%|█████████ | 725/800 [21:47<02:16,  1.82s/it]shape_color:  91%|█████████ | 726/800 [21:49<02:14,  1.81s/it]shape_color:  91%|█████████ | 727/800 [21:50<02:12,  1.82s/it]shape_color:  91%|█████████ | 728/800 [21:52<02:09,  1.80s/it]shape_color:  91%|█████████ | 729/800 [21:54<02:07,  1.80s/it]shape_color:  91%|█████████▏| 730/800 [21:56<02:06,  1.81s/it]shape_color:  91%|█████████▏| 731/800 [21:58<02:03,  1.79s/it]shape_color:  92%|█████████▏| 732/800 [21:59<02:03,  1.82s/it]shape_color:  92%|█████████▏| 733/800 [22:01<02:00,  1.80s/it]shape_color:  92%|█████████▏| 734/800 [22:03<02:00,  1.83s/it]shape_color:  92%|█████████▏| 735/800 [22:05<01:56,  1.79s/it]shape_color:  92%|█████████▏| 736/800 [22:07<01:56,  1.81s/it]shape_color:  92%|█████████▏| 737/800 [22:08<01:53,  1.80s/it]shape_color:  92%|█████████▏| 738/800 [22:10<01:51,  1.79s/it]shape_color:  92%|█████████▏| 739/800 [22:12<01:50,  1.81s/it]shape_color:  92%|█████████▎| 740/800 [22:14<01:47,  1.79s/it]shape_color:  93%|█████████▎| 741/800 [22:16<01:47,  1.82s/it]shape_color:  93%|█████████▎| 742/800 [22:17<01:42,  1.77s/it]shape_color:  93%|█████████▎| 743/800 [22:19<01:42,  1.80s/it]shape_color:  93%|█████████▎| 744/800 [22:21<01:39,  1.78s/it]shape_color:  93%|█████████▎| 745/800 [22:23<01:39,  1.81s/it]shape_color:  93%|█████████▎| 746/800 [22:25<01:36,  1.79s/it]shape_color:  93%|█████████▎| 747/800 [22:26<01:35,  1.80s/it]shape_color:  94%|█████████▎| 748/800 [22:28<01:34,  1.81s/it]shape_color:  94%|█████████▎| 749/800 [22:30<01:27,  1.72s/it]shape_color:  94%|█████████▍| 750/800 [22:31<01:13,  1.46s/it]shape_color:  94%|█████████▍| 751/800 [22:31<01:03,  1.29s/it]shape_color:  94%|█████████▍| 752/800 [22:33<01:09,  1.45s/it]shape_color:  94%|█████████▍| 753/800 [22:35<01:12,  1.55s/it]shape_color:  94%|█████████▍| 754/800 [22:37<01:15,  1.64s/it]shape_color:  94%|█████████▍| 755/800 [22:39<01:15,  1.68s/it]shape_color:  94%|█████████▍| 756/800 [22:41<01:16,  1.74s/it]shape_color:  95%|█████████▍| 757/800 [22:42<01:15,  1.75s/it]shape_color:  95%|█████████▍| 758/800 [22:44<01:14,  1.78s/it]shape_color:  95%|█████████▍| 759/800 [22:46<01:12,  1.76s/it]shape_color:  95%|█████████▌| 760/800 [22:48<01:10,  1.77s/it]shape_color:  95%|█████████▌| 761/800 [22:50<01:09,  1.79s/it]shape_color:  95%|█████████▌| 762/800 [22:51<01:07,  1.79s/it]shape_color:  95%|█████████▌| 763/800 [22:53<01:06,  1.81s/it]shape_color:  96%|█████████▌| 764/800 [22:55<01:04,  1.80s/it]shape_color:  96%|█████████▌| 765/800 [22:57<01:03,  1.82s/it]shape_color:  96%|█████████▌| 766/800 [22:58<01:00,  1.77s/it]shape_color:  96%|█████████▌| 767/800 [23:00<00:59,  1.81s/it]shape_color:  96%|█████████▌| 768/800 [23:02<00:57,  1.79s/it]shape_color:  96%|█████████▌| 769/800 [23:04<00:56,  1.82s/it]shape_color:  96%|█████████▋| 770/800 [23:06<00:54,  1.80s/it]shape_color:  96%|█████████▋| 771/800 [23:08<00:52,  1.80s/it]shape_color:  96%|█████████▋| 772/800 [23:09<00:50,  1.81s/it]shape_color:  97%|█████████▋| 773/800 [23:11<00:48,  1.78s/it]shape_color:  97%|█████████▋| 774/800 [23:13<00:46,  1.80s/it]shape_color:  97%|█████████▋| 775/800 [23:15<00:44,  1.78s/it]shape_color:  97%|█████████▋| 776/800 [23:17<00:43,  1.81s/it]shape_color:  97%|█████████▋| 777/800 [23:18<00:41,  1.80s/it]shape_color:  97%|█████████▋| 778/800 [23:20<00:40,  1.82s/it]shape_color:  97%|█████████▋| 779/800 [23:22<00:37,  1.80s/it]shape_color:  98%|█████████▊| 780/800 [23:24<00:35,  1.79s/it]shape_color:  98%|█████████▊| 781/800 [23:26<00:34,  1.80s/it]shape_color:  98%|█████████▊| 782/800 [23:27<00:32,  1.79s/it]shape_color:  98%|█████████▊| 783/800 [23:29<00:30,  1.82s/it]shape_color:  98%|█████████▊| 784/800 [23:31<00:28,  1.80s/it]shape_color:  98%|█████████▊| 785/800 [23:33<00:27,  1.82s/it]shape_color:  98%|█████████▊| 786/800 [23:35<00:25,  1.81s/it]shape_color:  98%|█████████▊| 787/800 [23:37<00:23,  1.83s/it]shape_color:  98%|█████████▊| 788/800 [23:38<00:21,  1.79s/it]shape_color:  99%|█████████▊| 789/800 [23:40<00:19,  1.81s/it]shape_color:  99%|█████████▉| 790/800 [23:42<00:18,  1.80s/it]shape_color:  99%|█████████▉| 791/800 [23:44<00:16,  1.80s/it]shape_color:  99%|█████████▉| 792/800 [23:45<00:14,  1.81s/it]shape_color:  99%|█████████▉| 793/800 [23:47<00:12,  1.79s/it]shape_color:  99%|█████████▉| 794/800 [23:49<00:10,  1.82s/it]shape_color:  99%|█████████▉| 795/800 [23:51<00:08,  1.78s/it]shape_color: 100%|█████████▉| 796/800 [23:53<00:07,  1.81s/it]shape_color: 100%|█████████▉| 797/800 [23:54<00:05,  1.79s/it]shape_color: 100%|█████████▉| 798/800 [23:56<00:03,  1.80s/it]shape_color: 100%|█████████▉| 799/800 [23:58<00:01,  1.81s/it]shape_color: 100%|██████████| 800/800 [24:00<00:00,  1.80s/it]shape_color: 100%|██████████| 800/800 [24:00<00:00,  1.80s/it]

[SAVED] /data/takhyun03/project/2026/vlm_direction/cross-modal-info/analysis/swap_intervention/steering_results/baseline_shape_color.json
  orig_acc          : 99.4%
  flip→target_rate  : 71.4%   (chance 25%)
  flip unchanged    : 0.2%
  flip→other        : 28.4%
