Special tokens have been added in the vocabulary, make sure the associated word embeddings are fine-tuned or trained.
You are using a model of type llava to instantiate a model of type llava_qwen. This is not supported for all configurations of models and can yield errors.
You are using a model of type llava to instantiate a model of type llava_qwen. This is not supported for all configurations of models and can yield errors.
Special tokens have been added in the vocabulary, make sure the associated word embeddings are fine-tuned or trained.
/data/takhyun03/anaconda3/envs/lmms_llavavideo/lib/python3.11/site-packages/torch/nn/modules/module.py:2025: UserWarning: for vision_model.embeddings.patch_embedding.weight: copying from a non-meta parameter in the checkpoint to a meta parameter in the current model, which is a no-op. (Did you mean to pass `assign=True` to assign items in the state dictionary to their corresponding key in the module instead of copying them in place?)
  warnings.warn(f'for {key}: copying from a non-meta parameter in the checkpoint to a meta '
/data/takhyun03/anaconda3/envs/lmms_llavavideo/lib/python3.11/site-packages/torch/nn/modules/module.py:2025: UserWarning: for vision_model.embeddings.patch_embedding.bias: copying from a non-meta parameter in the checkpoint to a meta parameter in the current model, which is a no-op. (Did you mean to pass `assign=True` to assign items in the state dictionary to their corresponding key in the module instead of copying them in place?)
  warnings.warn(f'for {key}: copying from a non-meta parameter in the checkpoint to a meta '
/data/takhyun03/anaconda3/envs/lmms_llavavideo/lib/python3.11/site-packages/torch/nn/modules/module.py:2025: UserWarning: for vision_model.embeddings.position_embedding.weight: copying from a non-meta parameter in the checkpoint to a meta parameter in the current model, which is a no-op. (Did you mean to pass `assign=True` to assign items in the state dictionary to their corresponding key in the module instead of copying them in place?)
  warnings.warn(f'for {key}: copying from a non-meta parameter in the checkpoint to a meta '
/data/takhyun03/anaconda3/envs/lmms_llavavideo/lib/python3.11/site-packages/torch/nn/modules/module.py:2025: UserWarning: for vision_model.encoder.layers.0.self_attn.k_proj.weight: copying from a non-meta parameter in the checkpoint to a meta parameter in the current model, which is a no-op. (Did you mean to pass `assign=True` to assign items in the state dictionary to their corresponding key in the module instead of copying them in place?)
  warnings.warn(f'for {key}: copying from a non-meta parameter in the checkpoint to a meta '
/data/takhyun03/anaconda3/envs/lmms_llavavideo/lib/python3.11/site-packages/torch/nn/modules/module.py:2025: UserWarning: for vision_model.encoder.layers.0.self_attn.k_proj.bias: copying from a non-meta parameter in the checkpoint to a meta parameter in the current model, which is a no-op. (Did you mean to pass `assign=True` to assign items in the state dictionary to their corresponding key in the module instead of copying them in place?)
  warnings.warn(f'for {key}: copying from a non-meta parameter in the checkpoint to a meta '
/data/takhyun03/anaconda3/envs/lmms_llavavideo/lib/python3.11/site-packages/torch/nn/modules/module.py:2025: UserWarning: for vision_model.encoder.layers.0.self_attn.v_proj.weight: copying from a non-meta parameter in the checkpoint to a meta parameter in the current model, which is a no-op. (Did you mean to pass `assign=True` to assign items in the state dictionary to their corresponding key in the module instead of copying them in place?)
  warnings.warn(f'for {key}: copying from a non-meta parameter in the checkpoint to a meta '
/data/takhyun03/anaconda3/envs/lmms_llavavideo/lib/python3.11/site-packages/torch/nn/modules/module.py:2025: UserWarning: for vision_model.encoder.layers.0.self_attn.v_proj.bias: copying from a non-meta parameter in the checkpoint to a meta parameter in the current model, which is a no-op. (Did you mean to pass `assign=True` to assign items in the state dictionary to their corresponding key in the module instead of copying them in place?)
  warnings.warn(f'for {key}: copying from a non-meta parameter in the checkpoint to a meta '
/data/takhyun03/anaconda3/envs/lmms_llavavideo/lib/python3.11/site-packages/torch/nn/modules/module.py:2025: UserWarning: for vision_model.encoder.layers.0.self_attn.q_proj.weight: copying from a non-meta parameter in the checkpoint to a meta parameter in the current model, which is a no-op. (Did you mean to pass `assign=True` to assign items in the state dictionary to their corresponding key in the module instead of copying them in place?)
  warnings.warn(f'for {key}: copying from a non-meta parameter in the checkpoint to a meta '
/data/takhyun03/anaconda3/envs/lmms_llavavideo/lib/python3.11/site-packages/torch/nn/modules/module.py:2025: UserWarning: for vision_model.encoder.layers.0.self_attn.q_proj.bias: copying from a non-meta parameter in the checkpoint to a meta parameter in the current model, which is a no-op. (Did you mean to pass `assign=True` to assign items in the state dictionary to their corresponding key in the module instead of copying them in place?)
  warnings.warn(f'for {key}: copying from a non-meta parameter in the checkpoint to a meta '
/data/takhyun03/anaconda3/envs/lmms_llavavideo/lib/python3.11/site-packages/torch/nn/modules/module.py:2025: UserWarning: for vision_model.encoder.layers.0.self_attn.out_proj.weight: copying from a non-meta parameter in the checkpoint to a meta parameter in the current model, which is a no-op. (Did you mean to pass `assign=True` to assign items in the state dictionary to their corresponding key in the module instead of copying them in place?)
  warnings.warn(f'for {key}: copying from a non-meta parameter in the checkpoint to a meta '
/data/takhyun03/anaconda3/envs/lmms_llavavideo/lib/python3.11/site-packages/torch/nn/modules/module.py:2025: UserWarning: for vision_model.encoder.layers.0.self_attn.out_proj.bias: copying from a non-meta parameter in the checkpoint to a meta parameter in the current model, which is a no-op. (Did you mean to pass `assign=True` to assign items in the state dictionary to their corresponding key in the module instead of copying them in place?)
  warnings.warn(f'for {key}: copying from a non-meta parameter in the checkpoint to a meta '
/data/takhyun03/anaconda3/envs/lmms_llavavideo/lib/python3.11/site-packages/torch/nn/modules/module.py:2025: UserWarning: for vision_model.encoder.layers.0.layer_norm1.weight: copying from a non-meta parameter in the checkpoint to a meta parameter in the current model, which is a no-op. (Did you mean to pass `assign=True` to assign items in the state dictionary to their corresponding key in the module instead of copying them in place?)
  warnings.warn(f'for {key}: copying from a non-meta parameter in the checkpoint to a meta '
/data/takhyun03/anaconda3/envs/lmms_llavavideo/lib/python3.11/site-packages/torch/nn/modules/module.py:2025: UserWarning: for vision_model.encoder.layers.0.layer_norm1.bias: copying from a non-meta parameter in the checkpoint to a meta parameter in the current model, which is a no-op. (Did you mean to pass `assign=True` to assign items in the state dictionary to their corresponding key in the module instead of copying them in place?)
  warnings.warn(f'for {key}: copying from a non-meta parameter in the checkpoint to a meta '
/data/takhyun03/anaconda3/envs/lmms_llavavideo/lib/python3.11/site-packages/torch/nn/modules/module.py:2025: UserWarning: for vision_model.encoder.layers.0.mlp.fc1.weight: copying from a non-meta parameter in the checkpoint to a meta parameter in the current model, which is a no-op. (Did you mean to pass `assign=True` to assign items in the state dictionary to their corresponding key in the module instead of copying them in place?)
  warnings.warn(f'for {key}: copying from a non-meta parameter in the checkpoint to a meta '
/data/takhyun03/anaconda3/envs/lmms_llavavideo/lib/python3.11/site-packages/torch/nn/modules/module.py:2025: UserWarning: for vision_model.encoder.layers.0.mlp.fc1.bias: copying from a non-meta parameter in the checkpoint to a meta parameter in the current model, which is a no-op. (Did you mean to pass `assign=True` to assign items in the state dictionary to their corresponding key in the module instead of copying them in place?)
  warnings.warn(f'for {key}: copying from a non-meta parameter in the checkpoint to a meta '
/data/takhyun03/anaconda3/envs/lmms_llavavideo/lib/python3.11/site-packages/torch/nn/modules/module.py:2025: UserWarning: for vision_model.encoder.layers.0.mlp.fc2.weight: copying from a non-meta parameter in the checkpoint to a meta parameter in the current model, which is a no-op. (Did you mean to pass `assign=True` to assign items in the state dictionary to their corresponding key in the module instead of copying them in place?)
  warnings.warn(f'for {key}: copying from a non-meta parameter in the checkpoint to a meta '
/data/takhyun03/anaconda3/envs/lmms_llavavideo/lib/python3.11/site-packages/torch/nn/modules/module.py:2025: UserWarning: for vision_model.encoder.layers.0.mlp.fc2.bias: copying from a non-meta parameter in the checkpoint to a meta parameter in the current model, which is a no-op. (Did you mean to pass `assign=True` to assign items in the state dictionary to their corresponding key in the module instead of copying them in place?)
  warnings.warn(f'for {key}: copying from a non-meta parameter in the checkpoint to a meta '
/data/takhyun03/anaconda3/envs/lmms_llavavideo/lib/python3.11/site-packages/torch/nn/modules/module.py:2025: UserWarning: for vision_model.encoder.layers.0.layer_norm2.weight: copying from a non-meta parameter in the checkpoint to a meta parameter in the current model, which is a no-op. (Did you mean to pass `assign=True` to assign items in the state dictionary to their corresponding key in the module instead of copying them in place?)
  warnings.warn(f'for {key}: copying from a non-meta parameter in the checkpoint to a meta '
/data/takhyun03/anaconda3/envs/lmms_llavavideo/lib/python3.11/site-packages/torch/nn/modules/module.py:2025: UserWarning: for vision_model.encoder.layers.0.layer_norm2.bias: copying from a non-meta parameter in the checkpoint to a meta parameter in the current model, which is a no-op. (Did you mean to pass `assign=True` to assign items in the state dictionary to their corresponding key in the module instead of copying them in place?)
  warnings.warn(f'for {key}: copying from a non-meta parameter in the checkpoint to a meta '
/data/takhyun03/anaconda3/envs/lmms_llavavideo/lib/python3.11/site-packages/torch/nn/modules/module.py:2025: UserWarning: for vision_model.encoder.layers.1.self_attn.k_proj.weight: copying from a non-meta parameter in the checkpoint to a meta parameter in the current model, which is a no-op. (Did you mean to pass `assign=True` to assign items in the state dictionary to their corresponding key in the module instead of copying them in place?)
  warnings.warn(f'for {key}: copying from a non-meta parameter in the checkpoint to a meta '
/data/takhyun03/anaconda3/envs/lmms_llavavideo/lib/python3.11/site-packages/torch/nn/modules/module.py:2025: UserWarning: for vision_model.encoder.layers.1.self_attn.k_proj.bias: copying from a non-meta parameter in the checkpoint to a meta parameter in the current model, which is a no-op. (Did you mean to pass `assign=True` to assign items in the state dictionary to their corresponding key in the module instead of copying them in place?)
  warnings.warn(f'for {key}: copying from a non-meta parameter in the checkpoint to a meta '
/data/takhyun03/anaconda3/envs/lmms_llavavideo/lib/python3.11/site-packages/torch/nn/modules/module.py:2025: UserWarning: for vision_model.encoder.layers.1.self_attn.v_proj.weight: copying from a non-meta parameter in the checkpoint to a meta parameter in the current model, which is a no-op. (Did you mean to pass `assign=True` to assign items in the state dictionary to their corresponding key in the module instead of copying them in place?)
  warnings.warn(f'for {key}: copying from a non-meta parameter in the checkpoint to a meta '
/data/takhyun03/anaconda3/envs/lmms_llavavideo/lib/python3.11/site-packages/torch/nn/modules/module.py:2025: UserWarning: for vision_model.encoder.layers.1.self_attn.v_proj.bias: copying from a non-meta parameter in the checkpoint to a meta parameter in the current model, which is a no-op. (Did you mean to pass `assign=True` to assign items in the state dictionary to their corresponding key in the module instead of copying them in place?)
  warnings.warn(f'for {key}: copying from a non-meta parameter in the checkpoint to a meta '
/data/takhyun03/anaconda3/envs/lmms_llavavideo/lib/python3.11/site-packages/torch/nn/modules/module.py:2025: UserWarning: for vision_model.encoder.layers.1.self_attn.q_proj.weight: copying from a non-meta parameter in the checkpoint to a meta parameter in the current model, which is a no-op. (Did you mean to pass `assign=True` to assign items in the state dictionary to their corresponding key in the module instead of copying them in place?)
  warnings.warn(f'for {key}: copying from a non-meta parameter in the checkpoint to a meta '
/data/takhyun03/anaconda3/envs/lmms_llavavideo/lib/python3.11/site-packages/torch/nn/modules/module.py:2025: UserWarning: for vision_model.encoder.layers.1.self_attn.q_proj.bias: copying from a non-meta parameter in the checkpoint to a meta parameter in the current model, which is a no-op. (Did you mean to pass `assign=True` to assign items in the state dictionary to their corresponding key in the module instead of copying them in place?)
  warnings.warn(f'for {key}: copying from a non-meta parameter in the checkpoint to a meta '
/data/takhyun03/anaconda3/envs/lmms_llavavideo/lib/python3.11/site-packages/torch/nn/modules/module.py:2025: UserWarning: for vision_model.encoder.layers.1.self_attn.out_proj.weight: copying from a non-meta parameter in the checkpoint to a meta parameter in the current model, which is a no-op. (Did you mean to pass `assign=True` to assign items in the state dictionary to their corresponding key in the module instead of copying them in place?)
  warnings.warn(f'for {key}: copying from a non-meta parameter in the checkpoint to a meta '
/data/takhyun03/anaconda3/envs/lmms_llavavideo/lib/python3.11/site-packages/torch/nn/modules/module.py:2025: UserWarning: for vision_model.encoder.layers.1.self_attn.out_proj.bias: copying from a non-meta parameter in the checkpoint to a meta parameter in the current model, which is a no-op. (Did you mean to pass `assign=True` to assign items in the state dictionary to their corresponding key in the module instead of copying them in place?)
  warnings.warn(f'for {key}: copying from a non-meta parameter in the checkpoint to a meta '
/data/takhyun03/anaconda3/envs/lmms_llavavideo/lib/python3.11/site-packages/torch/nn/modules/module.py:2025: UserWarning: for vision_model.encoder.layers.1.layer_norm1.weight: copying from a non-meta parameter in the checkpoint to a meta parameter in the current model, which is a no-op. (Did you mean to pass `assign=True` to assign items in the state dictionary to their corresponding key in the module instead of copying them in place?)
  warnings.warn(f'for {key}: copying from a non-meta parameter in the checkpoint to a meta '
/data/takhyun03/anaconda3/envs/lmms_llavavideo/lib/python3.11/site-packages/torch/nn/modules/module.py:2025: UserWarning: for vision_model.encoder.layers.1.layer_norm1.bias: copying from a non-meta parameter in the checkpoint to a meta parameter in the current model, which is a no-op. (Did you mean to pass `assign=True` to assign items in the state dictionary to their corresponding key in the module instead of copying them in place?)
  warnings.warn(f'for {key}: copying from a non-meta parameter in the checkpoint to a meta '
/data/takhyun03/anaconda3/envs/lmms_llavavideo/lib/python3.11/site-packages/torch/nn/modules/module.py:2025: UserWarning: for vision_model.encoder.layers.1.mlp.fc1.weight: copying from a non-meta parameter in the checkpoint to a meta parameter in the current model, which is a no-op. (Did you mean to pass `assign=True` to assign items in the state dictionary to their corresponding key in the module instead of copying them in place?)
  warnings.warn(f'for {key}: copying from a non-meta parameter in the checkpoint to a meta '
/data/takhyun03/anaconda3/envs/lmms_llavavideo/lib/python3.11/site-packages/torch/nn/modules/module.py:2025: UserWarning: for vision_model.encoder.layers.1.mlp.fc1.bias: copying from a non-meta parameter in the checkpoint to a meta parameter in the current model, which is a no-op. (Did you mean to pass `assign=True` to assign items in the state dictionary to their corresponding key in the module instead of copying them in place?)
  warnings.warn(f'for {key}: copying from a non-meta parameter in the checkpoint to a meta '
/data/takhyun03/anaconda3/envs/lmms_llavavideo/lib/python3.11/site-packages/torch/nn/modules/module.py:2025: UserWarning: for vision_model.encoder.layers.1.mlp.fc2.weight: copying from a non-meta parameter in the checkpoint to a meta parameter in the current model, which is a no-op. (Did you mean to pass `assign=True` to assign items in the state dictionary to their corresponding key in the module instead of copying them in place?)
  warnings.warn(f'for {key}: copying from a non-meta parameter in the checkpoint to a meta '
/data/takhyun03/anaconda3/envs/lmms_llavavideo/lib/python3.11/site-packages/torch/nn/modules/module.py:2025: UserWarning: for vision_model.encoder.layers.1.mlp.fc2.bias: copying from a non-meta parameter in the checkpoint to a meta parameter in the current model, which is a no-op. (Did you mean to pass `assign=True` to assign items in the state dictionary to their corresponding key in the module instead of copying them in place?)
  warnings.warn(f'for {key}: copying from a non-meta parameter in the checkpoint to a meta '
/data/takhyun03/anaconda3/envs/lmms_llavavideo/lib/python3.11/site-packages/torch/nn/modules/module.py:2025: UserWarning: for vision_model.encoder.layers.1.layer_norm2.weight: copying from a non-meta parameter in the checkpoint to a meta parameter in the current model, which is a no-op. (Did you mean to pass `assign=True` to assign items in the state dictionary to their corresponding key in the module instead of copying them in place?)
  warnings.warn(f'for {key}: copying from a non-meta parameter in the checkpoint to a meta '
/data/takhyun03/anaconda3/envs/lmms_llavavideo/lib/python3.11/site-packages/torch/nn/modules/module.py:2025: UserWarning: for vision_model.encoder.layers.1.layer_norm2.bias: copying from a non-meta parameter in the checkpoint to a meta parameter in the current model, which is a no-op. (Did you mean to pass `assign=True` to assign items in the state dictionary to their corresponding key in the module instead of copying them in place?)
  warnings.warn(f'for {key}: copying from a non-meta parameter in the checkpoint to a meta '
/data/takhyun03/anaconda3/envs/lmms_llavavideo/lib/python3.11/site-packages/torch/nn/modules/module.py:2025: UserWarning: for vision_model.encoder.layers.2.self_attn.k_proj.weight: copying from a non-meta parameter in the checkpoint to a meta parameter in the current model, which is a no-op. (Did you mean to pass `assign=True` to assign items in the state dictionary to their corresponding key in the module instead of copying them in place?)
  warnings.warn(f'for {key}: copying from a non-meta parameter in the checkpoint to a meta '
/data/takhyun03/anaconda3/envs/lmms_llavavideo/lib/python3.11/site-packages/torch/nn/modules/module.py:2025: UserWarning: for vision_model.encoder.layers.2.self_attn.k_proj.bias: copying from a non-meta parameter in the checkpoint to a meta parameter in the current model, which is a no-op. (Did you mean to pass `assign=True` to assign items in the state dictionary to their corresponding key in the module instead of copying them in place?)
  warnings.warn(f'for {key}: copying from a non-meta parameter in the checkpoint to a meta '
/data/takhyun03/anaconda3/envs/lmms_llavavideo/lib/python3.11/site-packages/torch/nn/modules/module.py:2025: UserWarning: for vision_model.encoder.layers.2.self_attn.v_proj.weight: copying from a non-meta parameter in the checkpoint to a meta parameter in the current model, which is a no-op. (Did you mean to pass `assign=True` to assign items in the state dictionary to their corresponding key in the module instead of copying them in place?)
  warnings.warn(f'for {key}: copying from a non-meta parameter in the checkpoint to a meta '
/data/takhyun03/anaconda3/envs/lmms_llavavideo/lib/python3.11/site-packages/torch/nn/modules/module.py:2025: UserWarning: for vision_model.encoder.layers.2.self_attn.v_proj.bias: copying from a non-meta parameter in the checkpoint to a meta parameter in the current model, which is a no-op. (Did you mean to pass `assign=True` to assign items in the state dictionary to their corresponding key in the module instead of copying them in place?)
  warnings.warn(f'for {key}: copying from a non-meta parameter in the checkpoint to a meta '
/data/takhyun03/anaconda3/envs/lmms_llavavideo/lib/python3.11/site-packages/torch/nn/modules/module.py:2025: UserWarning: for vision_model.encoder.layers.2.self_attn.q_proj.weight: copying from a non-meta parameter in the checkpoint to a meta parameter in the current model, which is a no-op. (Did you mean to pass `assign=True` to assign items in the state dictionary to their corresponding key in the module instead of copying them in place?)
  warnings.warn(f'for {key}: copying from a non-meta parameter in the checkpoint to a meta '
/data/takhyun03/anaconda3/envs/lmms_llavavideo/lib/python3.11/site-packages/torch/nn/modules/module.py:2025: UserWarning: for vision_model.encoder.layers.2.self_attn.q_proj.bias: copying from a non-meta parameter in the checkpoint to a meta parameter in the current model, which is a no-op. (Did you mean to pass `assign=True` to assign items in the state dictionary to their corresponding key in the module instead of copying them in place?)
  warnings.warn(f'for {key}: copying from a non-meta parameter in the checkpoint to a meta '
/data/takhyun03/anaconda3/envs/lmms_llavavideo/lib/python3.11/site-packages/torch/nn/modules/module.py:2025: UserWarning: for vision_model.encoder.layers.2.self_attn.out_proj.weight: copying from a non-meta parameter in the checkpoint to a meta parameter in the current model, which is a no-op. (Did you mean to pass `assign=True` to assign items in the state dictionary to their corresponding key in the module instead of copying them in place?)
  warnings.warn(f'for {key}: copying from a non-meta parameter in the checkpoint to a meta '
/data/takhyun03/anaconda3/envs/lmms_llavavideo/lib/python3.11/site-packages/torch/nn/modules/module.py:2025: UserWarning: for vision_model.encoder.layers.2.self_attn.out_proj.bias: copying from a non-meta parameter in the checkpoint to a meta parameter in the current model, which is a no-op. (Did you mean to pass `assign=True` to assign items in the state dictionary to their corresponding key in the module instead of copying them in place?)
  warnings.warn(f'for {key}: copying from a non-meta parameter in the checkpoint to a meta '
/data/takhyun03/anaconda3/envs/lmms_llavavideo/lib/python3.11/site-packages/torch/nn/modules/module.py:2025: UserWarning: for vision_model.encoder.layers.2.layer_norm1.weight: copying from a non-meta parameter in the checkpoint to a meta parameter in the current model, which is a no-op. (Did you mean to pass `assign=True` to assign items in the state dictionary to their corresponding key in the module instead of copying them in place?)
  warnings.warn(f'for {key}: copying from a non-meta parameter in the checkpoint to a meta '
/data/takhyun03/anaconda3/envs/lmms_llavavideo/lib/python3.11/site-packages/torch/nn/modules/module.py:2025: UserWarning: for vision_model.encoder.layers.2.layer_norm1.bias: copying from a non-meta parameter in the checkpoint to a meta parameter in the current model, which is a no-op. (Did you mean to pass `assign=True` to assign items in the state dictionary to their corresponding key in the module instead of copying them in place?)
  warnings.warn(f'for {key}: copying from a non-meta parameter in the checkpoint to a meta '
/data/takhyun03/anaconda3/envs/lmms_llavavideo/lib/python3.11/site-packages/torch/nn/modules/module.py:2025: UserWarning: for vision_model.encoder.layers.2.mlp.fc1.weight: copying from a non-meta parameter in the checkpoint to a meta parameter in the current model, which is a no-op. (Did you mean to pass `assign=True` to assign items in the state dictionary to their corresponding key in the module instead of copying them in place?)
  warnings.warn(f'for {key}: copying from a non-meta parameter in the checkpoint to a meta '
/data/takhyun03/anaconda3/envs/lmms_llavavideo/lib/python3.11/site-packages/torch/nn/modules/module.py:2025: UserWarning: for vision_model.encoder.layers.2.mlp.fc1.bias: copying from a non-meta parameter in the checkpoint to a meta parameter in the current model, which is a no-op. (Did you mean to pass `assign=True` to assign items in the state dictionary to their corresponding key in the module instead of copying them in place?)
  warnings.warn(f'for {key}: copying from a non-meta parameter in the checkpoint to a meta '
/data/takhyun03/anaconda3/envs/lmms_llavavideo/lib/python3.11/site-packages/torch/nn/modules/module.py:2025: UserWarning: for vision_model.encoder.layers.2.mlp.fc2.weight: copying from a non-meta parameter in the checkpoint to a meta parameter in the current model, which is a no-op. (Did you mean to pass `assign=True` to assign items in the state dictionary to their corresponding key in the module instead of copying them in place?)
  warnings.warn(f'for {key}: copying from a non-meta parameter in the checkpoint to a meta '
/data/takhyun03/anaconda3/envs/lmms_llavavideo/lib/python3.11/site-packages/torch/nn/modules/module.py:2025: UserWarning: for vision_model.encoder.layers.2.mlp.fc2.bias: copying from a non-meta parameter in the checkpoint to a meta parameter in the current model, which is a no-op. (Did you mean to pass `assign=True` to assign items in the state dictionary to their corresponding key in the module instead of copying them in place?)
  warnings.warn(f'for {key}: copying from a non-meta parameter in the checkpoint to a meta '
/data/takhyun03/anaconda3/envs/lmms_llavavideo/lib/python3.11/site-packages/torch/nn/modules/module.py:2025: UserWarning: for vision_model.encoder.layers.2.layer_norm2.weight: copying from a non-meta parameter in the checkpoint to a meta parameter in the current model, which is a no-op. (Did you mean to pass `assign=True` to assign items in the state dictionary to their corresponding key in the module instead of copying them in place?)
  warnings.warn(f'for {key}: copying from a non-meta parameter in the checkpoint to a meta '
/data/takhyun03/anaconda3/envs/lmms_llavavideo/lib/python3.11/site-packages/torch/nn/modules/module.py:2025: UserWarning: for vision_model.encoder.layers.2.layer_norm2.bias: copying from a non-meta parameter in the checkpoint to a meta parameter in the current model, which is a no-op. (Did you mean to pass `assign=True` to assign items in the state dictionary to their corresponding key in the module instead of copying them in place?)
  warnings.warn(f'for {key}: copying from a non-meta parameter in the checkpoint to a meta '
/data/takhyun03/anaconda3/envs/lmms_llavavideo/lib/python3.11/site-packages/torch/nn/modules/module.py:2025: UserWarning: for vision_model.encoder.layers.3.self_attn.k_proj.weight: copying from a non-meta parameter in the checkpoint to a meta parameter in the current model, which is a no-op. (Did you mean to pass `assign=True` to assign items in the state dictionary to their corresponding key in the module instead of copying them in place?)
  warnings.warn(f'for {key}: copying from a non-meta parameter in the checkpoint to a meta '
/data/takhyun03/anaconda3/envs/lmms_llavavideo/lib/python3.11/site-packages/torch/nn/modules/module.py:2025: UserWarning: for vision_model.encoder.layers.3.self_attn.k_proj.bias: copying from a non-meta parameter in the checkpoint to a meta parameter in the current model, which is a no-op. (Did you mean to pass `assign=True` to assign items in the state dictionary to their corresponding key in the module instead of copying them in place?)
  warnings.warn(f'for {key}: copying from a non-meta parameter in the checkpoint to a meta '
/data/takhyun03/anaconda3/envs/lmms_llavavideo/lib/python3.11/site-packages/torch/nn/modules/module.py:2025: UserWarning: for vision_model.encoder.layers.3.self_attn.v_proj.weight: copying from a non-meta parameter in the checkpoint to a meta parameter in the current model, which is a no-op. (Did you mean to pass `assign=True` to assign items in the state dictionary to their corresponding key in the module instead of copying them in place?)
  warnings.warn(f'for {key}: copying from a non-meta parameter in the checkpoint to a meta '
/data/takhyun03/anaconda3/envs/lmms_llavavideo/lib/python3.11/site-packages/torch/nn/modules/module.py:2025: UserWarning: for vision_model.encoder.layers.3.self_attn.v_proj.bias: copying from a non-meta parameter in the checkpoint to a meta parameter in the current model, which is a no-op. (Did you mean to pass `assign=True` to assign items in the state dictionary to their corresponding key in the module instead of copying them in place?)
  warnings.warn(f'for {key}: copying from a non-meta parameter in the checkpoint to a meta '
/data/takhyun03/anaconda3/envs/lmms_llavavideo/lib/python3.11/site-packages/torch/nn/modules/module.py:2025: UserWarning: for vision_model.encoder.layers.3.self_attn.q_proj.weight: copying from a non-meta parameter in the checkpoint to a meta parameter in the current model, which is a no-op. (Did you mean to pass `assign=True` to assign items in the state dictionary to their corresponding key in the module instead of copying them in place?)
  warnings.warn(f'for {key}: copying from a non-meta parameter in the checkpoint to a meta '
/data/takhyun03/anaconda3/envs/lmms_llavavideo/lib/python3.11/site-packages/torch/nn/modules/module.py:2025: UserWarning: for vision_model.encoder.layers.3.self_attn.q_proj.bias: copying from a non-meta parameter in the checkpoint to a meta parameter in the current model, which is a no-op. (Did you mean to pass `assign=True` to assign items in the state dictionary to their corresponding key in the module instead of copying them in place?)
  warnings.warn(f'for {key}: copying from a non-meta parameter in the checkpoint to a meta '
/data/takhyun03/anaconda3/envs/lmms_llavavideo/lib/python3.11/site-packages/torch/nn/modules/module.py:2025: UserWarning: for vision_model.encoder.layers.3.self_attn.out_proj.weight: copying from a non-meta parameter in the checkpoint to a meta parameter in the current model, which is a no-op. (Did you mean to pass `assign=True` to assign items in the state dictionary to their corresponding key in the module instead of copying them in place?)
  warnings.warn(f'for {key}: copying from a non-meta parameter in the checkpoint to a meta '
/data/takhyun03/anaconda3/envs/lmms_llavavideo/lib/python3.11/site-packages/torch/nn/modules/module.py:2025: UserWarning: for vision_model.encoder.layers.3.self_attn.out_proj.bias: copying from a non-meta parameter in the checkpoint to a meta parameter in the current model, which is a no-op. (Did you mean to pass `assign=True` to assign items in the state dictionary to their corresponding key in the module instead of copying them in place?)
  warnings.warn(f'for {key}: copying from a non-meta parameter in the checkpoint to a meta '
/data/takhyun03/anaconda3/envs/lmms_llavavideo/lib/python3.11/site-packages/torch/nn/modules/module.py:2025: UserWarning: for vision_model.encoder.layers.3.layer_norm1.weight: copying from a non-meta parameter in the checkpoint to a meta parameter in the current model, which is a no-op. (Did you mean to pass `assign=True` to assign items in the state dictionary to their corresponding key in the module instead of copying them in place?)
  warnings.warn(f'for {key}: copying from a non-meta parameter in the checkpoint to a meta '
/data/takhyun03/anaconda3/envs/lmms_llavavideo/lib/python3.11/site-packages/torch/nn/modules/module.py:2025: UserWarning: for vision_model.encoder.layers.3.layer_norm1.bias: copying from a non-meta parameter in the checkpoint to a meta parameter in the current model, which is a no-op. (Did you mean to pass `assign=True` to assign items in the state dictionary to their corresponding key in the module instead of copying them in place?)
  warnings.warn(f'for {key}: copying from a non-meta parameter in the checkpoint to a meta '
/data/takhyun03/anaconda3/envs/lmms_llavavideo/lib/python3.11/site-packages/torch/nn/modules/module.py:2025: UserWarning: for vision_model.encoder.layers.3.mlp.fc1.weight: copying from a non-meta parameter in the checkpoint to a meta parameter in the current model, which is a no-op. (Did you mean to pass `assign=True` to assign items in the state dictionary to their corresponding key in the module instead of copying them in place?)
  warnings.warn(f'for {key}: copying from a non-meta parameter in the checkpoint to a meta '
/data/takhyun03/anaconda3/envs/lmms_llavavideo/lib/python3.11/site-packages/torch/nn/modules/module.py:2025: UserWarning: for vision_model.encoder.layers.3.mlp.fc1.bias: copying from a non-meta parameter in the checkpoint to a meta parameter in the current model, which is a no-op. (Did you mean to pass `assign=True` to assign items in the state dictionary to their corresponding key in the module instead of copying them in place?)
  warnings.warn(f'for {key}: copying from a non-meta parameter in the checkpoint to a meta '
/data/takhyun03/anaconda3/envs/lmms_llavavideo/lib/python3.11/site-packages/torch/nn/modules/module.py:2025: UserWarning: for vision_model.encoder.layers.3.mlp.fc2.weight: copying from a non-meta parameter in the checkpoint to a meta parameter in the current model, which is a no-op. (Did you mean to pass `assign=True` to assign items in the state dictionary to their corresponding key in the module instead of copying them in place?)
  warnings.warn(f'for {key}: copying from a non-meta parameter in the checkpoint to a meta '
/data/takhyun03/anaconda3/envs/lmms_llavavideo/lib/python3.11/site-packages/torch/nn/modules/module.py:2025: UserWarning: for vision_model.encoder.layers.3.mlp.fc2.bias: copying from a non-meta parameter in the checkpoint to a meta parameter in the current model, which is a no-op. (Did you mean to pass `assign=True` to assign items in the state dictionary to their corresponding key in the module instead of copying them in place?)
  warnings.warn(f'for {key}: copying from a non-meta parameter in the checkpoint to a meta '
/data/takhyun03/anaconda3/envs/lmms_llavavideo/lib/python3.11/site-packages/torch/nn/modules/module.py:2025: UserWarning: for vision_model.encoder.layers.3.layer_norm2.weight: copying from a non-meta parameter in the checkpoint to a meta parameter in the current model, which is a no-op. (Did you mean to pass `assign=True` to assign items in the state dictionary to their corresponding key in the module instead of copying them in place?)
  warnings.warn(f'for {key}: copying from a non-meta parameter in the checkpoint to a meta '
/data/takhyun03/anaconda3/envs/lmms_llavavideo/lib/python3.11/site-packages/torch/nn/modules/module.py:2025: UserWarning: for vision_model.encoder.layers.3.layer_norm2.bias: copying from a non-meta parameter in the checkpoint to a meta parameter in the current model, which is a no-op. (Did you mean to pass `assign=True` to assign items in the state dictionary to their corresponding key in the module instead of copying them in place?)
  warnings.warn(f'for {key}: copying from a non-meta parameter in the checkpoint to a meta '
/data/takhyun03/anaconda3/envs/lmms_llavavideo/lib/python3.11/site-packages/torch/nn/modules/module.py:2025: UserWarning: for vision_model.encoder.layers.4.self_attn.k_proj.weight: copying from a non-meta parameter in the checkpoint to a meta parameter in the current model, which is a no-op. (Did you mean to pass `assign=True` to assign items in the state dictionary to their corresponding key in the module instead of copying them in place?)
  warnings.warn(f'for {key}: copying from a non-meta parameter in the checkpoint to a meta '
/data/takhyun03/anaconda3/envs/lmms_llavavideo/lib/python3.11/site-packages/torch/nn/modules/module.py:2025: UserWarning: for vision_model.encoder.layers.4.self_attn.k_proj.bias: copying from a non-meta parameter in the checkpoint to a meta parameter in the current model, which is a no-op. (Did you mean to pass `assign=True` to assign items in the state dictionary to their corresponding key in the module instead of copying them in place?)
  warnings.warn(f'for {key}: copying from a non-meta parameter in the checkpoint to a meta '
/data/takhyun03/anaconda3/envs/lmms_llavavideo/lib/python3.11/site-packages/torch/nn/modules/module.py:2025: UserWarning: for vision_model.encoder.layers.4.self_attn.v_proj.weight: copying from a non-meta parameter in the checkpoint to a meta parameter in the current model, which is a no-op. (Did you mean to pass `assign=True` to assign items in the state dictionary to their corresponding key in the module instead of copying them in place?)
  warnings.warn(f'for {key}: copying from a non-meta parameter in the checkpoint to a meta '
/data/takhyun03/anaconda3/envs/lmms_llavavideo/lib/python3.11/site-packages/torch/nn/modules/module.py:2025: UserWarning: for vision_model.encoder.layers.4.self_attn.v_proj.bias: copying from a non-meta parameter in the checkpoint to a meta parameter in the current model, which is a no-op. (Did you mean to pass `assign=True` to assign items in the state dictionary to their corresponding key in the module instead of copying them in place?)
  warnings.warn(f'for {key}: copying from a non-meta parameter in the checkpoint to a meta '
/data/takhyun03/anaconda3/envs/lmms_llavavideo/lib/python3.11/site-packages/torch/nn/modules/module.py:2025: UserWarning: for vision_model.encoder.layers.4.self_attn.q_proj.weight: copying from a non-meta parameter in the checkpoint to a meta parameter in the current model, which is a no-op. (Did you mean to pass `assign=True` to assign items in the state dictionary to their corresponding key in the module instead of copying them in place?)
  warnings.warn(f'for {key}: copying from a non-meta parameter in the checkpoint to a meta '
/data/takhyun03/anaconda3/envs/lmms_llavavideo/lib/python3.11/site-packages/torch/nn/modules/module.py:2025: UserWarning: for vision_model.encoder.layers.4.self_attn.q_proj.bias: copying from a non-meta parameter in the checkpoint to a meta parameter in the current model, which is a no-op. (Did you mean to pass `assign=True` to assign items in the state dictionary to their corresponding key in the module instead of copying them in place?)
  warnings.warn(f'for {key}: copying from a non-meta parameter in the checkpoint to a meta '
/data/takhyun03/anaconda3/envs/lmms_llavavideo/lib/python3.11/site-packages/torch/nn/modules/module.py:2025: UserWarning: for vision_model.encoder.layers.4.self_attn.out_proj.weight: copying from a non-meta parameter in the checkpoint to a meta parameter in the current model, which is a no-op. (Did you mean to pass `assign=True` to assign items in the state dictionary to their corresponding key in the module instead of copying them in place?)
  warnings.warn(f'for {key}: copying from a non-meta parameter in the checkpoint to a meta '
/data/takhyun03/anaconda3/envs/lmms_llavavideo/lib/python3.11/site-packages/torch/nn/modules/module.py:2025: UserWarning: for vision_model.encoder.layers.4.self_attn.out_proj.bias: copying from a non-meta parameter in the checkpoint to a meta parameter in the current model, which is a no-op. (Did you mean to pass `assign=True` to assign items in the state dictionary to their corresponding key in the module instead of copying them in place?)
  warnings.warn(f'for {key}: copying from a non-meta parameter in the checkpoint to a meta '
/data/takhyun03/anaconda3/envs/lmms_llavavideo/lib/python3.11/site-packages/torch/nn/modules/module.py:2025: UserWarning: for vision_model.encoder.layers.4.layer_norm1.weight: copying from a non-meta parameter in the checkpoint to a meta parameter in the current model, which is a no-op. (Did you mean to pass `assign=True` to assign items in the state dictionary to their corresponding key in the module instead of copying them in place?)
  warnings.warn(f'for {key}: copying from a non-meta parameter in the checkpoint to a meta '
/data/takhyun03/anaconda3/envs/lmms_llavavideo/lib/python3.11/site-packages/torch/nn/modules/module.py:2025: UserWarning: for vision_model.encoder.layers.4.layer_norm1.bias: copying from a non-meta parameter in the checkpoint to a meta parameter in the current model, which is a no-op. (Did you mean to pass `assign=True` to assign items in the state dictionary to their corresponding key in the module instead of copying them in place?)
  warnings.warn(f'for {key}: copying from a non-meta parameter in the checkpoint to a meta '
/data/takhyun03/anaconda3/envs/lmms_llavavideo/lib/python3.11/site-packages/torch/nn/modules/module.py:2025: UserWarning: for vision_model.encoder.layers.4.mlp.fc1.weight: copying from a non-meta parameter in the checkpoint to a meta parameter in the current model, which is a no-op. (Did you mean to pass `assign=True` to assign items in the state dictionary to their corresponding key in the module instead of copying them in place?)
  warnings.warn(f'for {key}: copying from a non-meta parameter in the checkpoint to a meta '
/data/takhyun03/anaconda3/envs/lmms_llavavideo/lib/python3.11/site-packages/torch/nn/modules/module.py:2025: UserWarning: for vision_model.encoder.layers.4.mlp.fc1.bias: copying from a non-meta parameter in the checkpoint to a meta parameter in the current model, which is a no-op. (Did you mean to pass `assign=True` to assign items in the state dictionary to their corresponding key in the module instead of copying them in place?)
  warnings.warn(f'for {key}: copying from a non-meta parameter in the checkpoint to a meta '
/data/takhyun03/anaconda3/envs/lmms_llavavideo/lib/python3.11/site-packages/torch/nn/modules/module.py:2025: UserWarning: for vision_model.encoder.layers.4.mlp.fc2.weight: copying from a non-meta parameter in the checkpoint to a meta parameter in the current model, which is a no-op. (Did you mean to pass `assign=True` to assign items in the state dictionary to their corresponding key in the module instead of copying them in place?)
  warnings.warn(f'for {key}: copying from a non-meta parameter in the checkpoint to a meta '
/data/takhyun03/anaconda3/envs/lmms_llavavideo/lib/python3.11/site-packages/torch/nn/modules/module.py:2025: UserWarning: for vision_model.encoder.layers.4.mlp.fc2.bias: copying from a non-meta parameter in the checkpoint to a meta parameter in the current model, which is a no-op. (Did you mean to pass `assign=True` to assign items in the state dictionary to their corresponding key in the module instead of copying them in place?)
  warnings.warn(f'for {key}: copying from a non-meta parameter in the checkpoint to a meta '
/data/takhyun03/anaconda3/envs/lmms_llavavideo/lib/python3.11/site-packages/torch/nn/modules/module.py:2025: UserWarning: for vision_model.encoder.layers.4.layer_norm2.weight: copying from a non-meta parameter in the checkpoint to a meta parameter in the current model, which is a no-op. (Did you mean to pass `assign=True` to assign items in the state dictionary to their corresponding key in the module instead of copying them in place?)
  warnings.warn(f'for {key}: copying from a non-meta parameter in the checkpoint to a meta '
/data/takhyun03/anaconda3/envs/lmms_llavavideo/lib/python3.11/site-packages/torch/nn/modules/module.py:2025: UserWarning: for vision_model.encoder.layers.4.layer_norm2.bias: copying from a non-meta parameter in the checkpoint to a meta parameter in the current model, which is a no-op. (Did you mean to pass `assign=True` to assign items in the state dictionary to their corresponding key in the module instead of copying them in place?)
  warnings.warn(f'for {key}: copying from a non-meta parameter in the checkpoint to a meta '
/data/takhyun03/anaconda3/envs/lmms_llavavideo/lib/python3.11/site-packages/torch/nn/modules/module.py:2025: UserWarning: for vision_model.encoder.layers.5.self_attn.k_proj.weight: copying from a non-meta parameter in the checkpoint to a meta parameter in the current model, which is a no-op. (Did you mean to pass `assign=True` to assign items in the state dictionary to their corresponding key in the module instead of copying them in place?)
  warnings.warn(f'for {key}: copying from a non-meta parameter in the checkpoint to a meta '
/data/takhyun03/anaconda3/envs/lmms_llavavideo/lib/python3.11/site-packages/torch/nn/modules/module.py:2025: UserWarning: for vision_model.encoder.layers.5.self_attn.k_proj.bias: copying from a non-meta parameter in the checkpoint to a meta parameter in the current model, which is a no-op. (Did you mean to pass `assign=True` to assign items in the state dictionary to their corresponding key in the module instead of copying them in place?)
  warnings.warn(f'for {key}: copying from a non-meta parameter in the checkpoint to a meta '
/data/takhyun03/anaconda3/envs/lmms_llavavideo/lib/python3.11/site-packages/torch/nn/modules/module.py:2025: UserWarning: for vision_model.encoder.layers.5.self_attn.v_proj.weight: copying from a non-meta parameter in the checkpoint to a meta parameter in the current model, which is a no-op. (Did you mean to pass `assign=True` to assign items in the state dictionary to their corresponding key in the module instead of copying them in place?)
  warnings.warn(f'for {key}: copying from a non-meta parameter in the checkpoint to a meta '
/data/takhyun03/anaconda3/envs/lmms_llavavideo/lib/python3.11/site-packages/torch/nn/modules/module.py:2025: UserWarning: for vision_model.encoder.layers.5.self_attn.v_proj.bias: copying from a non-meta parameter in the checkpoint to a meta parameter in the current model, which is a no-op. (Did you mean to pass `assign=True` to assign items in the state dictionary to their corresponding key in the module instead of copying them in place?)
  warnings.warn(f'for {key}: copying from a non-meta parameter in the checkpoint to a meta '
/data/takhyun03/anaconda3/envs/lmms_llavavideo/lib/python3.11/site-packages/torch/nn/modules/module.py:2025: UserWarning: for vision_model.encoder.layers.5.self_attn.q_proj.weight: copying from a non-meta parameter in the checkpoint to a meta parameter in the current model, which is a no-op. (Did you mean to pass `assign=True` to assign items in the state dictionary to their corresponding key in the module instead of copying them in place?)
  warnings.warn(f'for {key}: copying from a non-meta parameter in the checkpoint to a meta '
/data/takhyun03/anaconda3/envs/lmms_llavavideo/lib/python3.11/site-packages/torch/nn/modules/module.py:2025: UserWarning: for vision_model.encoder.layers.5.self_attn.q_proj.bias: copying from a non-meta parameter in the checkpoint to a meta parameter in the current model, which is a no-op. (Did you mean to pass `assign=True` to assign items in the state dictionary to their corresponding key in the module instead of copying them in place?)
  warnings.warn(f'for {key}: copying from a non-meta parameter in the checkpoint to a meta '
/data/takhyun03/anaconda3/envs/lmms_llavavideo/lib/python3.11/site-packages/torch/nn/modules/module.py:2025: UserWarning: for vision_model.encoder.layers.5.self_attn.out_proj.weight: copying from a non-meta parameter in the checkpoint to a meta parameter in the current model, which is a no-op. (Did you mean to pass `assign=True` to assign items in the state dictionary to their corresponding key in the module instead of copying them in place?)
  warnings.warn(f'for {key}: copying from a non-meta parameter in the checkpoint to a meta '
/data/takhyun03/anaconda3/envs/lmms_llavavideo/lib/python3.11/site-packages/torch/nn/modules/module.py:2025: UserWarning: for vision_model.encoder.layers.5.self_attn.out_proj.bias: copying from a non-meta parameter in the checkpoint to a meta parameter in the current model, which is a no-op. (Did you mean to pass `assign=True` to assign items in the state dictionary to their corresponding key in the module instead of copying them in place?)
  warnings.warn(f'for {key}: copying from a non-meta parameter in the checkpoint to a meta '
/data/takhyun03/anaconda3/envs/lmms_llavavideo/lib/python3.11/site-packages/torch/nn/modules/module.py:2025: UserWarning: for vision_model.encoder.layers.5.layer_norm1.weight: copying from a non-meta parameter in the checkpoint to a meta parameter in the current model, which is a no-op. (Did you mean to pass `assign=True` to assign items in the state dictionary to their corresponding key in the module instead of copying them in place?)
  warnings.warn(f'for {key}: copying from a non-meta parameter in the checkpoint to a meta '
/data/takhyun03/anaconda3/envs/lmms_llavavideo/lib/python3.11/site-packages/torch/nn/modules/module.py:2025: UserWarning: for vision_model.encoder.layers.5.layer_norm1.bias: copying from a non-meta parameter in the checkpoint to a meta parameter in the current model, which is a no-op. (Did you mean to pass `assign=True` to assign items in the state dictionary to their corresponding key in the module instead of copying them in place?)
  warnings.warn(f'for {key}: copying from a non-meta parameter in the checkpoint to a meta '
/data/takhyun03/anaconda3/envs/lmms_llavavideo/lib/python3.11/site-packages/torch/nn/modules/module.py:2025: UserWarning: for vision_model.encoder.layers.5.mlp.fc1.weight: copying from a non-meta parameter in the checkpoint to a meta parameter in the current model, which is a no-op. (Did you mean to pass `assign=True` to assign items in the state dictionary to their corresponding key in the module instead of copying them in place?)
  warnings.warn(f'for {key}: copying from a non-meta parameter in the checkpoint to a meta '
/data/takhyun03/anaconda3/envs/lmms_llavavideo/lib/python3.11/site-packages/torch/nn/modules/module.py:2025: UserWarning: for vision_model.encoder.layers.5.mlp.fc1.bias: copying from a non-meta parameter in the checkpoint to a meta parameter in the current model, which is a no-op. (Did you mean to pass `assign=True` to assign items in the state dictionary to their corresponding key in the module instead of copying them in place?)
  warnings.warn(f'for {key}: copying from a non-meta parameter in the checkpoint to a meta '
/data/takhyun03/anaconda3/envs/lmms_llavavideo/lib/python3.11/site-packages/torch/nn/modules/module.py:2025: UserWarning: for vision_model.encoder.layers.5.mlp.fc2.weight: copying from a non-meta parameter in the checkpoint to a meta parameter in the current model, which is a no-op. (Did you mean to pass `assign=True` to assign items in the state dictionary to their corresponding key in the module instead of copying them in place?)
  warnings.warn(f'for {key}: copying from a non-meta parameter in the checkpoint to a meta '
/data/takhyun03/anaconda3/envs/lmms_llavavideo/lib/python3.11/site-packages/torch/nn/modules/module.py:2025: UserWarning: for vision_model.encoder.layers.5.mlp.fc2.bias: copying from a non-meta parameter in the checkpoint to a meta parameter in the current model, which is a no-op. (Did you mean to pass `assign=True` to assign items in the state dictionary to their corresponding key in the module instead of copying them in place?)
  warnings.warn(f'for {key}: copying from a non-meta parameter in the checkpoint to a meta '
/data/takhyun03/anaconda3/envs/lmms_llavavideo/lib/python3.11/site-packages/torch/nn/modules/module.py:2025: UserWarning: for vision_model.encoder.layers.5.layer_norm2.weight: copying from a non-meta parameter in the checkpoint to a meta parameter in the current model, which is a no-op. (Did you mean to pass `assign=True` to assign items in the state dictionary to their corresponding key in the module instead of copying them in place?)
  warnings.warn(f'for {key}: copying from a non-meta parameter in the checkpoint to a meta '
/data/takhyun03/anaconda3/envs/lmms_llavavideo/lib/python3.11/site-packages/torch/nn/modules/module.py:2025: UserWarning: for vision_model.encoder.layers.5.layer_norm2.bias: copying from a non-meta parameter in the checkpoint to a meta parameter in the current model, which is a no-op. (Did you mean to pass `assign=True` to assign items in the state dictionary to their corresponding key in the module instead of copying them in place?)
  warnings.warn(f'for {key}: copying from a non-meta parameter in the checkpoint to a meta '
/data/takhyun03/anaconda3/envs/lmms_llavavideo/lib/python3.11/site-packages/torch/nn/modules/module.py:2025: UserWarning: for vision_model.encoder.layers.6.self_attn.k_proj.weight: copying from a non-meta parameter in the checkpoint to a meta parameter in the current model, which is a no-op. (Did you mean to pass `assign=True` to assign items in the state dictionary to their corresponding key in the module instead of copying them in place?)
  warnings.warn(f'for {key}: copying from a non-meta parameter in the checkpoint to a meta '
/data/takhyun03/anaconda3/envs/lmms_llavavideo/lib/python3.11/site-packages/torch/nn/modules/module.py:2025: UserWarning: for vision_model.encoder.layers.6.self_attn.k_proj.bias: copying from a non-meta parameter in the checkpoint to a meta parameter in the current model, which is a no-op. (Did you mean to pass `assign=True` to assign items in the state dictionary to their corresponding key in the module instead of copying them in place?)
  warnings.warn(f'for {key}: copying from a non-meta parameter in the checkpoint to a meta '
/data/takhyun03/anaconda3/envs/lmms_llavavideo/lib/python3.11/site-packages/torch/nn/modules/module.py:2025: UserWarning: for vision_model.encoder.layers.6.self_attn.v_proj.weight: copying from a non-meta parameter in the checkpoint to a meta parameter in the current model, which is a no-op. (Did you mean to pass `assign=True` to assign items in the state dictionary to their corresponding key in the module instead of copying them in place?)
  warnings.warn(f'for {key}: copying from a non-meta parameter in the checkpoint to a meta '
/data/takhyun03/anaconda3/envs/lmms_llavavideo/lib/python3.11/site-packages/torch/nn/modules/module.py:2025: UserWarning: for vision_model.encoder.layers.6.self_attn.v_proj.bias: copying from a non-meta parameter in the checkpoint to a meta parameter in the current model, which is a no-op. (Did you mean to pass `assign=True` to assign items in the state dictionary to their corresponding key in the module instead of copying them in place?)
  warnings.warn(f'for {key}: copying from a non-meta parameter in the checkpoint to a meta '
/data/takhyun03/anaconda3/envs/lmms_llavavideo/lib/python3.11/site-packages/torch/nn/modules/module.py:2025: UserWarning: for vision_model.encoder.layers.6.self_attn.q_proj.weight: copying from a non-meta parameter in the checkpoint to a meta parameter in the current model, which is a no-op. (Did you mean to pass `assign=True` to assign items in the state dictionary to their corresponding key in the module instead of copying them in place?)
  warnings.warn(f'for {key}: copying from a non-meta parameter in the checkpoint to a meta '
/data/takhyun03/anaconda3/envs/lmms_llavavideo/lib/python3.11/site-packages/torch/nn/modules/module.py:2025: UserWarning: for vision_model.encoder.layers.6.self_attn.q_proj.bias: copying from a non-meta parameter in the checkpoint to a meta parameter in the current model, which is a no-op. (Did you mean to pass `assign=True` to assign items in the state dictionary to their corresponding key in the module instead of copying them in place?)
  warnings.warn(f'for {key}: copying from a non-meta parameter in the checkpoint to a meta '
/data/takhyun03/anaconda3/envs/lmms_llavavideo/lib/python3.11/site-packages/torch/nn/modules/module.py:2025: UserWarning: for vision_model.encoder.layers.6.self_attn.out_proj.weight: copying from a non-meta parameter in the checkpoint to a meta parameter in the current model, which is a no-op. (Did you mean to pass `assign=True` to assign items in the state dictionary to their corresponding key in the module instead of copying them in place?)
  warnings.warn(f'for {key}: copying from a non-meta parameter in the checkpoint to a meta '
/data/takhyun03/anaconda3/envs/lmms_llavavideo/lib/python3.11/site-packages/torch/nn/modules/module.py:2025: UserWarning: for vision_model.encoder.layers.6.self_attn.out_proj.bias: copying from a non-meta parameter in the checkpoint to a meta parameter in the current model, which is a no-op. (Did you mean to pass `assign=True` to assign items in the state dictionary to their corresponding key in the module instead of copying them in place?)
  warnings.warn(f'for {key}: copying from a non-meta parameter in the checkpoint to a meta '
/data/takhyun03/anaconda3/envs/lmms_llavavideo/lib/python3.11/site-packages/torch/nn/modules/module.py:2025: UserWarning: for vision_model.encoder.layers.6.layer_norm1.weight: copying from a non-meta parameter in the checkpoint to a meta parameter in the current model, which is a no-op. (Did you mean to pass `assign=True` to assign items in the state dictionary to their corresponding key in the module instead of copying them in place?)
  warnings.warn(f'for {key}: copying from a non-meta parameter in the checkpoint to a meta '
/data/takhyun03/anaconda3/envs/lmms_llavavideo/lib/python3.11/site-packages/torch/nn/modules/module.py:2025: UserWarning: for vision_model.encoder.layers.6.layer_norm1.bias: copying from a non-meta parameter in the checkpoint to a meta parameter in the current model, which is a no-op. (Did you mean to pass `assign=True` to assign items in the state dictionary to their corresponding key in the module instead of copying them in place?)
  warnings.warn(f'for {key}: copying from a non-meta parameter in the checkpoint to a meta '
/data/takhyun03/anaconda3/envs/lmms_llavavideo/lib/python3.11/site-packages/torch/nn/modules/module.py:2025: UserWarning: for vision_model.encoder.layers.6.mlp.fc1.weight: copying from a non-meta parameter in the checkpoint to a meta parameter in the current model, which is a no-op. (Did you mean to pass `assign=True` to assign items in the state dictionary to their corresponding key in the module instead of copying them in place?)
  warnings.warn(f'for {key}: copying from a non-meta parameter in the checkpoint to a meta '
/data/takhyun03/anaconda3/envs/lmms_llavavideo/lib/python3.11/site-packages/torch/nn/modules/module.py:2025: UserWarning: for vision_model.encoder.layers.6.mlp.fc1.bias: copying from a non-meta parameter in the checkpoint to a meta parameter in the current model, which is a no-op. (Did you mean to pass `assign=True` to assign items in the state dictionary to their corresponding key in the module instead of copying them in place?)
  warnings.warn(f'for {key}: copying from a non-meta parameter in the checkpoint to a meta '
/data/takhyun03/anaconda3/envs/lmms_llavavideo/lib/python3.11/site-packages/torch/nn/modules/module.py:2025: UserWarning: for vision_model.encoder.layers.6.mlp.fc2.weight: copying from a non-meta parameter in the checkpoint to a meta parameter in the current model, which is a no-op. (Did you mean to pass `assign=True` to assign items in the state dictionary to their corresponding key in the module instead of copying them in place?)
  warnings.warn(f'for {key}: copying from a non-meta parameter in the checkpoint to a meta '
/data/takhyun03/anaconda3/envs/lmms_llavavideo/lib/python3.11/site-packages/torch/nn/modules/module.py:2025: UserWarning: for vision_model.encoder.layers.6.mlp.fc2.bias: copying from a non-meta parameter in the checkpoint to a meta parameter in the current model, which is a no-op. (Did you mean to pass `assign=True` to assign items in the state dictionary to their corresponding key in the module instead of copying them in place?)
  warnings.warn(f'for {key}: copying from a non-meta parameter in the checkpoint to a meta '
/data/takhyun03/anaconda3/envs/lmms_llavavideo/lib/python3.11/site-packages/torch/nn/modules/module.py:2025: UserWarning: for vision_model.encoder.layers.6.layer_norm2.weight: copying from a non-meta parameter in the checkpoint to a meta parameter in the current model, which is a no-op. (Did you mean to pass `assign=True` to assign items in the state dictionary to their corresponding key in the module instead of copying them in place?)
  warnings.warn(f'for {key}: copying from a non-meta parameter in the checkpoint to a meta '
/data/takhyun03/anaconda3/envs/lmms_llavavideo/lib/python3.11/site-packages/torch/nn/modules/module.py:2025: UserWarning: for vision_model.encoder.layers.6.layer_norm2.bias: copying from a non-meta parameter in the checkpoint to a meta parameter in the current model, which is a no-op. (Did you mean to pass `assign=True` to assign items in the state dictionary to their corresponding key in the module instead of copying them in place?)
  warnings.warn(f'for {key}: copying from a non-meta parameter in the checkpoint to a meta '
/data/takhyun03/anaconda3/envs/lmms_llavavideo/lib/python3.11/site-packages/torch/nn/modules/module.py:2025: UserWarning: for vision_model.encoder.layers.7.self_attn.k_proj.weight: copying from a non-meta parameter in the checkpoint to a meta parameter in the current model, which is a no-op. (Did you mean to pass `assign=True` to assign items in the state dictionary to their corresponding key in the module instead of copying them in place?)
  warnings.warn(f'for {key}: copying from a non-meta parameter in the checkpoint to a meta '
/data/takhyun03/anaconda3/envs/lmms_llavavideo/lib/python3.11/site-packages/torch/nn/modules/module.py:2025: UserWarning: for vision_model.encoder.layers.7.self_attn.k_proj.bias: copying from a non-meta parameter in the checkpoint to a meta parameter in the current model, which is a no-op. (Did you mean to pass `assign=True` to assign items in the state dictionary to their corresponding key in the module instead of copying them in place?)
  warnings.warn(f'for {key}: copying from a non-meta parameter in the checkpoint to a meta '
/data/takhyun03/anaconda3/envs/lmms_llavavideo/lib/python3.11/site-packages/torch/nn/modules/module.py:2025: UserWarning: for vision_model.encoder.layers.7.self_attn.v_proj.weight: copying from a non-meta parameter in the checkpoint to a meta parameter in the current model, which is a no-op. (Did you mean to pass `assign=True` to assign items in the state dictionary to their corresponding key in the module instead of copying them in place?)
  warnings.warn(f'for {key}: copying from a non-meta parameter in the checkpoint to a meta '
/data/takhyun03/anaconda3/envs/lmms_llavavideo/lib/python3.11/site-packages/torch/nn/modules/module.py:2025: UserWarning: for vision_model.encoder.layers.7.self_attn.v_proj.bias: copying from a non-meta parameter in the checkpoint to a meta parameter in the current model, which is a no-op. (Did you mean to pass `assign=True` to assign items in the state dictionary to their corresponding key in the module instead of copying them in place?)
  warnings.warn(f'for {key}: copying from a non-meta parameter in the checkpoint to a meta '
/data/takhyun03/anaconda3/envs/lmms_llavavideo/lib/python3.11/site-packages/torch/nn/modules/module.py:2025: UserWarning: for vision_model.encoder.layers.7.self_attn.q_proj.weight: copying from a non-meta parameter in the checkpoint to a meta parameter in the current model, which is a no-op. (Did you mean to pass `assign=True` to assign items in the state dictionary to their corresponding key in the module instead of copying them in place?)
  warnings.warn(f'for {key}: copying from a non-meta parameter in the checkpoint to a meta '
/data/takhyun03/anaconda3/envs/lmms_llavavideo/lib/python3.11/site-packages/torch/nn/modules/module.py:2025: UserWarning: for vision_model.encoder.layers.7.self_attn.q_proj.bias: copying from a non-meta parameter in the checkpoint to a meta parameter in the current model, which is a no-op. (Did you mean to pass `assign=True` to assign items in the state dictionary to their corresponding key in the module instead of copying them in place?)
  warnings.warn(f'for {key}: copying from a non-meta parameter in the checkpoint to a meta '
/data/takhyun03/anaconda3/envs/lmms_llavavideo/lib/python3.11/site-packages/torch/nn/modules/module.py:2025: UserWarning: for vision_model.encoder.layers.7.self_attn.out_proj.weight: copying from a non-meta parameter in the checkpoint to a meta parameter in the current model, which is a no-op. (Did you mean to pass `assign=True` to assign items in the state dictionary to their corresponding key in the module instead of copying them in place?)
  warnings.warn(f'for {key}: copying from a non-meta parameter in the checkpoint to a meta '
/data/takhyun03/anaconda3/envs/lmms_llavavideo/lib/python3.11/site-packages/torch/nn/modules/module.py:2025: UserWarning: for vision_model.encoder.layers.7.self_attn.out_proj.bias: copying from a non-meta parameter in the checkpoint to a meta parameter in the current model, which is a no-op. (Did you mean to pass `assign=True` to assign items in the state dictionary to their corresponding key in the module instead of copying them in place?)
  warnings.warn(f'for {key}: copying from a non-meta parameter in the checkpoint to a meta '
/data/takhyun03/anaconda3/envs/lmms_llavavideo/lib/python3.11/site-packages/torch/nn/modules/module.py:2025: UserWarning: for vision_model.encoder.layers.7.layer_norm1.weight: copying from a non-meta parameter in the checkpoint to a meta parameter in the current model, which is a no-op. (Did you mean to pass `assign=True` to assign items in the state dictionary to their corresponding key in the module instead of copying them in place?)
  warnings.warn(f'for {key}: copying from a non-meta parameter in the checkpoint to a meta '
/data/takhyun03/anaconda3/envs/lmms_llavavideo/lib/python3.11/site-packages/torch/nn/modules/module.py:2025: UserWarning: for vision_model.encoder.layers.7.layer_norm1.bias: copying from a non-meta parameter in the checkpoint to a meta parameter in the current model, which is a no-op. (Did you mean to pass `assign=True` to assign items in the state dictionary to their corresponding key in the module instead of copying them in place?)
  warnings.warn(f'for {key}: copying from a non-meta parameter in the checkpoint to a meta '
/data/takhyun03/anaconda3/envs/lmms_llavavideo/lib/python3.11/site-packages/torch/nn/modules/module.py:2025: UserWarning: for vision_model.encoder.layers.7.mlp.fc1.weight: copying from a non-meta parameter in the checkpoint to a meta parameter in the current model, which is a no-op. (Did you mean to pass `assign=True` to assign items in the state dictionary to their corresponding key in the module instead of copying them in place?)
  warnings.warn(f'for {key}: copying from a non-meta parameter in the checkpoint to a meta '
/data/takhyun03/anaconda3/envs/lmms_llavavideo/lib/python3.11/site-packages/torch/nn/modules/module.py:2025: UserWarning: for vision_model.encoder.layers.7.mlp.fc1.bias: copying from a non-meta parameter in the checkpoint to a meta parameter in the current model, which is a no-op. (Did you mean to pass `assign=True` to assign items in the state dictionary to their corresponding key in the module instead of copying them in place?)
  warnings.warn(f'for {key}: copying from a non-meta parameter in the checkpoint to a meta '
/data/takhyun03/anaconda3/envs/lmms_llavavideo/lib/python3.11/site-packages/torch/nn/modules/module.py:2025: UserWarning: for vision_model.encoder.layers.7.mlp.fc2.weight: copying from a non-meta parameter in the checkpoint to a meta parameter in the current model, which is a no-op. (Did you mean to pass `assign=True` to assign items in the state dictionary to their corresponding key in the module instead of copying them in place?)
  warnings.warn(f'for {key}: copying from a non-meta parameter in the checkpoint to a meta '
/data/takhyun03/anaconda3/envs/lmms_llavavideo/lib/python3.11/site-packages/torch/nn/modules/module.py:2025: UserWarning: for vision_model.encoder.layers.7.mlp.fc2.bias: copying from a non-meta parameter in the checkpoint to a meta parameter in the current model, which is a no-op. (Did you mean to pass `assign=True` to assign items in the state dictionary to their corresponding key in the module instead of copying them in place?)
  warnings.warn(f'for {key}: copying from a non-meta parameter in the checkpoint to a meta '
/data/takhyun03/anaconda3/envs/lmms_llavavideo/lib/python3.11/site-packages/torch/nn/modules/module.py:2025: UserWarning: for vision_model.encoder.layers.7.layer_norm2.weight: copying from a non-meta parameter in the checkpoint to a meta parameter in the current model, which is a no-op. (Did you mean to pass `assign=True` to assign items in the state dictionary to their corresponding key in the module instead of copying them in place?)
  warnings.warn(f'for {key}: copying from a non-meta parameter in the checkpoint to a meta '
/data/takhyun03/anaconda3/envs/lmms_llavavideo/lib/python3.11/site-packages/torch/nn/modules/module.py:2025: UserWarning: for vision_model.encoder.layers.7.layer_norm2.bias: copying from a non-meta parameter in the checkpoint to a meta parameter in the current model, which is a no-op. (Did you mean to pass `assign=True` to assign items in the state dictionary to their corresponding key in the module instead of copying them in place?)
  warnings.warn(f'for {key}: copying from a non-meta parameter in the checkpoint to a meta '
/data/takhyun03/anaconda3/envs/lmms_llavavideo/lib/python3.11/site-packages/torch/nn/modules/module.py:2025: UserWarning: for vision_model.encoder.layers.8.self_attn.k_proj.weight: copying from a non-meta parameter in the checkpoint to a meta parameter in the current model, which is a no-op. (Did you mean to pass `assign=True` to assign items in the state dictionary to their corresponding key in the module instead of copying them in place?)
  warnings.warn(f'for {key}: copying from a non-meta parameter in the checkpoint to a meta '
/data/takhyun03/anaconda3/envs/lmms_llavavideo/lib/python3.11/site-packages/torch/nn/modules/module.py:2025: UserWarning: for vision_model.encoder.layers.8.self_attn.k_proj.bias: copying from a non-meta parameter in the checkpoint to a meta parameter in the current model, which is a no-op. (Did you mean to pass `assign=True` to assign items in the state dictionary to their corresponding key in the module instead of copying them in place?)
  warnings.warn(f'for {key}: copying from a non-meta parameter in the checkpoint to a meta '
/data/takhyun03/anaconda3/envs/lmms_llavavideo/lib/python3.11/site-packages/torch/nn/modules/module.py:2025: UserWarning: for vision_model.encoder.layers.8.self_attn.v_proj.weight: copying from a non-meta parameter in the checkpoint to a meta parameter in the current model, which is a no-op. (Did you mean to pass `assign=True` to assign items in the state dictionary to their corresponding key in the module instead of copying them in place?)
  warnings.warn(f'for {key}: copying from a non-meta parameter in the checkpoint to a meta '
/data/takhyun03/anaconda3/envs/lmms_llavavideo/lib/python3.11/site-packages/torch/nn/modules/module.py:2025: UserWarning: for vision_model.encoder.layers.8.self_attn.v_proj.bias: copying from a non-meta parameter in the checkpoint to a meta parameter in the current model, which is a no-op. (Did you mean to pass `assign=True` to assign items in the state dictionary to their corresponding key in the module instead of copying them in place?)
  warnings.warn(f'for {key}: copying from a non-meta parameter in the checkpoint to a meta '
/data/takhyun03/anaconda3/envs/lmms_llavavideo/lib/python3.11/site-packages/torch/nn/modules/module.py:2025: UserWarning: for vision_model.encoder.layers.8.self_attn.q_proj.weight: copying from a non-meta parameter in the checkpoint to a meta parameter in the current model, which is a no-op. (Did you mean to pass `assign=True` to assign items in the state dictionary to their corresponding key in the module instead of copying them in place?)
  warnings.warn(f'for {key}: copying from a non-meta parameter in the checkpoint to a meta '
/data/takhyun03/anaconda3/envs/lmms_llavavideo/lib/python3.11/site-packages/torch/nn/modules/module.py:2025: UserWarning: for vision_model.encoder.layers.8.self_attn.q_proj.bias: copying from a non-meta parameter in the checkpoint to a meta parameter in the current model, which is a no-op. (Did you mean to pass `assign=True` to assign items in the state dictionary to their corresponding key in the module instead of copying them in place?)
  warnings.warn(f'for {key}: copying from a non-meta parameter in the checkpoint to a meta '
/data/takhyun03/anaconda3/envs/lmms_llavavideo/lib/python3.11/site-packages/torch/nn/modules/module.py:2025: UserWarning: for vision_model.encoder.layers.8.self_attn.out_proj.weight: copying from a non-meta parameter in the checkpoint to a meta parameter in the current model, which is a no-op. (Did you mean to pass `assign=True` to assign items in the state dictionary to their corresponding key in the module instead of copying them in place?)
  warnings.warn(f'for {key}: copying from a non-meta parameter in the checkpoint to a meta '
/data/takhyun03/anaconda3/envs/lmms_llavavideo/lib/python3.11/site-packages/torch/nn/modules/module.py:2025: UserWarning: for vision_model.encoder.layers.8.self_attn.out_proj.bias: copying from a non-meta parameter in the checkpoint to a meta parameter in the current model, which is a no-op. (Did you mean to pass `assign=True` to assign items in the state dictionary to their corresponding key in the module instead of copying them in place?)
  warnings.warn(f'for {key}: copying from a non-meta parameter in the checkpoint to a meta '
/data/takhyun03/anaconda3/envs/lmms_llavavideo/lib/python3.11/site-packages/torch/nn/modules/module.py:2025: UserWarning: for vision_model.encoder.layers.8.layer_norm1.weight: copying from a non-meta parameter in the checkpoint to a meta parameter in the current model, which is a no-op. (Did you mean to pass `assign=True` to assign items in the state dictionary to their corresponding key in the module instead of copying them in place?)
  warnings.warn(f'for {key}: copying from a non-meta parameter in the checkpoint to a meta '
/data/takhyun03/anaconda3/envs/lmms_llavavideo/lib/python3.11/site-packages/torch/nn/modules/module.py:2025: UserWarning: for vision_model.encoder.layers.8.layer_norm1.bias: copying from a non-meta parameter in the checkpoint to a meta parameter in the current model, which is a no-op. (Did you mean to pass `assign=True` to assign items in the state dictionary to their corresponding key in the module instead of copying them in place?)
  warnings.warn(f'for {key}: copying from a non-meta parameter in the checkpoint to a meta '
/data/takhyun03/anaconda3/envs/lmms_llavavideo/lib/python3.11/site-packages/torch/nn/modules/module.py:2025: UserWarning: for vision_model.encoder.layers.8.mlp.fc1.weight: copying from a non-meta parameter in the checkpoint to a meta parameter in the current model, which is a no-op. (Did you mean to pass `assign=True` to assign items in the state dictionary to their corresponding key in the module instead of copying them in place?)
  warnings.warn(f'for {key}: copying from a non-meta parameter in the checkpoint to a meta '
/data/takhyun03/anaconda3/envs/lmms_llavavideo/lib/python3.11/site-packages/torch/nn/modules/module.py:2025: UserWarning: for vision_model.encoder.layers.8.mlp.fc1.bias: copying from a non-meta parameter in the checkpoint to a meta parameter in the current model, which is a no-op. (Did you mean to pass `assign=True` to assign items in the state dictionary to their corresponding key in the module instead of copying them in place?)
  warnings.warn(f'for {key}: copying from a non-meta parameter in the checkpoint to a meta '
/data/takhyun03/anaconda3/envs/lmms_llavavideo/lib/python3.11/site-packages/torch/nn/modules/module.py:2025: UserWarning: for vision_model.encoder.layers.8.mlp.fc2.weight: copying from a non-meta parameter in the checkpoint to a meta parameter in the current model, which is a no-op. (Did you mean to pass `assign=True` to assign items in the state dictionary to their corresponding key in the module instead of copying them in place?)
  warnings.warn(f'for {key}: copying from a non-meta parameter in the checkpoint to a meta '
/data/takhyun03/anaconda3/envs/lmms_llavavideo/lib/python3.11/site-packages/torch/nn/modules/module.py:2025: UserWarning: for vision_model.encoder.layers.8.mlp.fc2.bias: copying from a non-meta parameter in the checkpoint to a meta parameter in the current model, which is a no-op. (Did you mean to pass `assign=True` to assign items in the state dictionary to their corresponding key in the module instead of copying them in place?)
  warnings.warn(f'for {key}: copying from a non-meta parameter in the checkpoint to a meta '
/data/takhyun03/anaconda3/envs/lmms_llavavideo/lib/python3.11/site-packages/torch/nn/modules/module.py:2025: UserWarning: for vision_model.encoder.layers.8.layer_norm2.weight: copying from a non-meta parameter in the checkpoint to a meta parameter in the current model, which is a no-op. (Did you mean to pass `assign=True` to assign items in the state dictionary to their corresponding key in the module instead of copying them in place?)
  warnings.warn(f'for {key}: copying from a non-meta parameter in the checkpoint to a meta '
/data/takhyun03/anaconda3/envs/lmms_llavavideo/lib/python3.11/site-packages/torch/nn/modules/module.py:2025: UserWarning: for vision_model.encoder.layers.8.layer_norm2.bias: copying from a non-meta parameter in the checkpoint to a meta parameter in the current model, which is a no-op. (Did you mean to pass `assign=True` to assign items in the state dictionary to their corresponding key in the module instead of copying them in place?)
  warnings.warn(f'for {key}: copying from a non-meta parameter in the checkpoint to a meta '
/data/takhyun03/anaconda3/envs/lmms_llavavideo/lib/python3.11/site-packages/torch/nn/modules/module.py:2025: UserWarning: for vision_model.encoder.layers.9.self_attn.k_proj.weight: copying from a non-meta parameter in the checkpoint to a meta parameter in the current model, which is a no-op. (Did you mean to pass `assign=True` to assign items in the state dictionary to their corresponding key in the module instead of copying them in place?)
  warnings.warn(f'for {key}: copying from a non-meta parameter in the checkpoint to a meta '
/data/takhyun03/anaconda3/envs/lmms_llavavideo/lib/python3.11/site-packages/torch/nn/modules/module.py:2025: UserWarning: for vision_model.encoder.layers.9.self_attn.k_proj.bias: copying from a non-meta parameter in the checkpoint to a meta parameter in the current model, which is a no-op. (Did you mean to pass `assign=True` to assign items in the state dictionary to their corresponding key in the module instead of copying them in place?)
  warnings.warn(f'for {key}: copying from a non-meta parameter in the checkpoint to a meta '
/data/takhyun03/anaconda3/envs/lmms_llavavideo/lib/python3.11/site-packages/torch/nn/modules/module.py:2025: UserWarning: for vision_model.encoder.layers.9.self_attn.v_proj.weight: copying from a non-meta parameter in the checkpoint to a meta parameter in the current model, which is a no-op. (Did you mean to pass `assign=True` to assign items in the state dictionary to their corresponding key in the module instead of copying them in place?)
  warnings.warn(f'for {key}: copying from a non-meta parameter in the checkpoint to a meta '
/data/takhyun03/anaconda3/envs/lmms_llavavideo/lib/python3.11/site-packages/torch/nn/modules/module.py:2025: UserWarning: for vision_model.encoder.layers.9.self_attn.v_proj.bias: copying from a non-meta parameter in the checkpoint to a meta parameter in the current model, which is a no-op. (Did you mean to pass `assign=True` to assign items in the state dictionary to their corresponding key in the module instead of copying them in place?)
  warnings.warn(f'for {key}: copying from a non-meta parameter in the checkpoint to a meta '
/data/takhyun03/anaconda3/envs/lmms_llavavideo/lib/python3.11/site-packages/torch/nn/modules/module.py:2025: UserWarning: for vision_model.encoder.layers.9.self_attn.q_proj.weight: copying from a non-meta parameter in the checkpoint to a meta parameter in the current model, which is a no-op. (Did you mean to pass `assign=True` to assign items in the state dictionary to their corresponding key in the module instead of copying them in place?)
  warnings.warn(f'for {key}: copying from a non-meta parameter in the checkpoint to a meta '
/data/takhyun03/anaconda3/envs/lmms_llavavideo/lib/python3.11/site-packages/torch/nn/modules/module.py:2025: UserWarning: for vision_model.encoder.layers.9.self_attn.q_proj.bias: copying from a non-meta parameter in the checkpoint to a meta parameter in the current model, which is a no-op. (Did you mean to pass `assign=True` to assign items in the state dictionary to their corresponding key in the module instead of copying them in place?)
  warnings.warn(f'for {key}: copying from a non-meta parameter in the checkpoint to a meta '
/data/takhyun03/anaconda3/envs/lmms_llavavideo/lib/python3.11/site-packages/torch/nn/modules/module.py:2025: UserWarning: for vision_model.encoder.layers.9.self_attn.out_proj.weight: copying from a non-meta parameter in the checkpoint to a meta parameter in the current model, which is a no-op. (Did you mean to pass `assign=True` to assign items in the state dictionary to their corresponding key in the module instead of copying them in place?)
  warnings.warn(f'for {key}: copying from a non-meta parameter in the checkpoint to a meta '
/data/takhyun03/anaconda3/envs/lmms_llavavideo/lib/python3.11/site-packages/torch/nn/modules/module.py:2025: UserWarning: for vision_model.encoder.layers.9.self_attn.out_proj.bias: copying from a non-meta parameter in the checkpoint to a meta parameter in the current model, which is a no-op. (Did you mean to pass `assign=True` to assign items in the state dictionary to their corresponding key in the module instead of copying them in place?)
  warnings.warn(f'for {key}: copying from a non-meta parameter in the checkpoint to a meta '
/data/takhyun03/anaconda3/envs/lmms_llavavideo/lib/python3.11/site-packages/torch/nn/modules/module.py:2025: UserWarning: for vision_model.encoder.layers.9.layer_norm1.weight: copying from a non-meta parameter in the checkpoint to a meta parameter in the current model, which is a no-op. (Did you mean to pass `assign=True` to assign items in the state dictionary to their corresponding key in the module instead of copying them in place?)
  warnings.warn(f'for {key}: copying from a non-meta parameter in the checkpoint to a meta '
/data/takhyun03/anaconda3/envs/lmms_llavavideo/lib/python3.11/site-packages/torch/nn/modules/module.py:2025: UserWarning: for vision_model.encoder.layers.9.layer_norm1.bias: copying from a non-meta parameter in the checkpoint to a meta parameter in the current model, which is a no-op. (Did you mean to pass `assign=True` to assign items in the state dictionary to their corresponding key in the module instead of copying them in place?)
  warnings.warn(f'for {key}: copying from a non-meta parameter in the checkpoint to a meta '
/data/takhyun03/anaconda3/envs/lmms_llavavideo/lib/python3.11/site-packages/torch/nn/modules/module.py:2025: UserWarning: for vision_model.encoder.layers.9.mlp.fc1.weight: copying from a non-meta parameter in the checkpoint to a meta parameter in the current model, which is a no-op. (Did you mean to pass `assign=True` to assign items in the state dictionary to their corresponding key in the module instead of copying them in place?)
  warnings.warn(f'for {key}: copying from a non-meta parameter in the checkpoint to a meta '
/data/takhyun03/anaconda3/envs/lmms_llavavideo/lib/python3.11/site-packages/torch/nn/modules/module.py:2025: UserWarning: for vision_model.encoder.layers.9.mlp.fc1.bias: copying from a non-meta parameter in the checkpoint to a meta parameter in the current model, which is a no-op. (Did you mean to pass `assign=True` to assign items in the state dictionary to their corresponding key in the module instead of copying them in place?)
  warnings.warn(f'for {key}: copying from a non-meta parameter in the checkpoint to a meta '
/data/takhyun03/anaconda3/envs/lmms_llavavideo/lib/python3.11/site-packages/torch/nn/modules/module.py:2025: UserWarning: for vision_model.encoder.layers.9.mlp.fc2.weight: copying from a non-meta parameter in the checkpoint to a meta parameter in the current model, which is a no-op. (Did you mean to pass `assign=True` to assign items in the state dictionary to their corresponding key in the module instead of copying them in place?)
  warnings.warn(f'for {key}: copying from a non-meta parameter in the checkpoint to a meta '
/data/takhyun03/anaconda3/envs/lmms_llavavideo/lib/python3.11/site-packages/torch/nn/modules/module.py:2025: UserWarning: for vision_model.encoder.layers.9.mlp.fc2.bias: copying from a non-meta parameter in the checkpoint to a meta parameter in the current model, which is a no-op. (Did you mean to pass `assign=True` to assign items in the state dictionary to their corresponding key in the module instead of copying them in place?)
  warnings.warn(f'for {key}: copying from a non-meta parameter in the checkpoint to a meta '
/data/takhyun03/anaconda3/envs/lmms_llavavideo/lib/python3.11/site-packages/torch/nn/modules/module.py:2025: UserWarning: for vision_model.encoder.layers.9.layer_norm2.weight: copying from a non-meta parameter in the checkpoint to a meta parameter in the current model, which is a no-op. (Did you mean to pass `assign=True` to assign items in the state dictionary to their corresponding key in the module instead of copying them in place?)
  warnings.warn(f'for {key}: copying from a non-meta parameter in the checkpoint to a meta '
/data/takhyun03/anaconda3/envs/lmms_llavavideo/lib/python3.11/site-packages/torch/nn/modules/module.py:2025: UserWarning: for vision_model.encoder.layers.9.layer_norm2.bias: copying from a non-meta parameter in the checkpoint to a meta parameter in the current model, which is a no-op. (Did you mean to pass `assign=True` to assign items in the state dictionary to their corresponding key in the module instead of copying them in place?)
  warnings.warn(f'for {key}: copying from a non-meta parameter in the checkpoint to a meta '
/data/takhyun03/anaconda3/envs/lmms_llavavideo/lib/python3.11/site-packages/torch/nn/modules/module.py:2025: UserWarning: for vision_model.encoder.layers.10.self_attn.k_proj.weight: copying from a non-meta parameter in the checkpoint to a meta parameter in the current model, which is a no-op. (Did you mean to pass `assign=True` to assign items in the state dictionary to their corresponding key in the module instead of copying them in place?)
  warnings.warn(f'for {key}: copying from a non-meta parameter in the checkpoint to a meta '
/data/takhyun03/anaconda3/envs/lmms_llavavideo/lib/python3.11/site-packages/torch/nn/modules/module.py:2025: UserWarning: for vision_model.encoder.layers.10.self_attn.k_proj.bias: copying from a non-meta parameter in the checkpoint to a meta parameter in the current model, which is a no-op. (Did you mean to pass `assign=True` to assign items in the state dictionary to their corresponding key in the module instead of copying them in place?)
  warnings.warn(f'for {key}: copying from a non-meta parameter in the checkpoint to a meta '
/data/takhyun03/anaconda3/envs/lmms_llavavideo/lib/python3.11/site-packages/torch/nn/modules/module.py:2025: UserWarning: for vision_model.encoder.layers.10.self_attn.v_proj.weight: copying from a non-meta parameter in the checkpoint to a meta parameter in the current model, which is a no-op. (Did you mean to pass `assign=True` to assign items in the state dictionary to their corresponding key in the module instead of copying them in place?)
  warnings.warn(f'for {key}: copying from a non-meta parameter in the checkpoint to a meta '
/data/takhyun03/anaconda3/envs/lmms_llavavideo/lib/python3.11/site-packages/torch/nn/modules/module.py:2025: UserWarning: for vision_model.encoder.layers.10.self_attn.v_proj.bias: copying from a non-meta parameter in the checkpoint to a meta parameter in the current model, which is a no-op. (Did you mean to pass `assign=True` to assign items in the state dictionary to their corresponding key in the module instead of copying them in place?)
  warnings.warn(f'for {key}: copying from a non-meta parameter in the checkpoint to a meta '
/data/takhyun03/anaconda3/envs/lmms_llavavideo/lib/python3.11/site-packages/torch/nn/modules/module.py:2025: UserWarning: for vision_model.encoder.layers.10.self_attn.q_proj.weight: copying from a non-meta parameter in the checkpoint to a meta parameter in the current model, which is a no-op. (Did you mean to pass `assign=True` to assign items in the state dictionary to their corresponding key in the module instead of copying them in place?)
  warnings.warn(f'for {key}: copying from a non-meta parameter in the checkpoint to a meta '
/data/takhyun03/anaconda3/envs/lmms_llavavideo/lib/python3.11/site-packages/torch/nn/modules/module.py:2025: UserWarning: for vision_model.encoder.layers.10.self_attn.q_proj.bias: copying from a non-meta parameter in the checkpoint to a meta parameter in the current model, which is a no-op. (Did you mean to pass `assign=True` to assign items in the state dictionary to their corresponding key in the module instead of copying them in place?)
  warnings.warn(f'for {key}: copying from a non-meta parameter in the checkpoint to a meta '
/data/takhyun03/anaconda3/envs/lmms_llavavideo/lib/python3.11/site-packages/torch/nn/modules/module.py:2025: UserWarning: for vision_model.encoder.layers.10.self_attn.out_proj.weight: copying from a non-meta parameter in the checkpoint to a meta parameter in the current model, which is a no-op. (Did you mean to pass `assign=True` to assign items in the state dictionary to their corresponding key in the module instead of copying them in place?)
  warnings.warn(f'for {key}: copying from a non-meta parameter in the checkpoint to a meta '
/data/takhyun03/anaconda3/envs/lmms_llavavideo/lib/python3.11/site-packages/torch/nn/modules/module.py:2025: UserWarning: for vision_model.encoder.layers.10.self_attn.out_proj.bias: copying from a non-meta parameter in the checkpoint to a meta parameter in the current model, which is a no-op. (Did you mean to pass `assign=True` to assign items in the state dictionary to their corresponding key in the module instead of copying them in place?)
  warnings.warn(f'for {key}: copying from a non-meta parameter in the checkpoint to a meta '
/data/takhyun03/anaconda3/envs/lmms_llavavideo/lib/python3.11/site-packages/torch/nn/modules/module.py:2025: UserWarning: for vision_model.encoder.layers.10.layer_norm1.weight: copying from a non-meta parameter in the checkpoint to a meta parameter in the current model, which is a no-op. (Did you mean to pass `assign=True` to assign items in the state dictionary to their corresponding key in the module instead of copying them in place?)
  warnings.warn(f'for {key}: copying from a non-meta parameter in the checkpoint to a meta '
/data/takhyun03/anaconda3/envs/lmms_llavavideo/lib/python3.11/site-packages/torch/nn/modules/module.py:2025: UserWarning: for vision_model.encoder.layers.10.layer_norm1.bias: copying from a non-meta parameter in the checkpoint to a meta parameter in the current model, which is a no-op. (Did you mean to pass `assign=True` to assign items in the state dictionary to their corresponding key in the module instead of copying them in place?)
  warnings.warn(f'for {key}: copying from a non-meta parameter in the checkpoint to a meta '
/data/takhyun03/anaconda3/envs/lmms_llavavideo/lib/python3.11/site-packages/torch/nn/modules/module.py:2025: UserWarning: for vision_model.encoder.layers.10.mlp.fc1.weight: copying from a non-meta parameter in the checkpoint to a meta parameter in the current model, which is a no-op. (Did you mean to pass `assign=True` to assign items in the state dictionary to their corresponding key in the module instead of copying them in place?)
  warnings.warn(f'for {key}: copying from a non-meta parameter in the checkpoint to a meta '
/data/takhyun03/anaconda3/envs/lmms_llavavideo/lib/python3.11/site-packages/torch/nn/modules/module.py:2025: UserWarning: for vision_model.encoder.layers.10.mlp.fc1.bias: copying from a non-meta parameter in the checkpoint to a meta parameter in the current model, which is a no-op. (Did you mean to pass `assign=True` to assign items in the state dictionary to their corresponding key in the module instead of copying them in place?)
  warnings.warn(f'for {key}: copying from a non-meta parameter in the checkpoint to a meta '
/data/takhyun03/anaconda3/envs/lmms_llavavideo/lib/python3.11/site-packages/torch/nn/modules/module.py:2025: UserWarning: for vision_model.encoder.layers.10.mlp.fc2.weight: copying from a non-meta parameter in the checkpoint to a meta parameter in the current model, which is a no-op. (Did you mean to pass `assign=True` to assign items in the state dictionary to their corresponding key in the module instead of copying them in place?)
  warnings.warn(f'for {key}: copying from a non-meta parameter in the checkpoint to a meta '
/data/takhyun03/anaconda3/envs/lmms_llavavideo/lib/python3.11/site-packages/torch/nn/modules/module.py:2025: UserWarning: for vision_model.encoder.layers.10.mlp.fc2.bias: copying from a non-meta parameter in the checkpoint to a meta parameter in the current model, which is a no-op. (Did you mean to pass `assign=True` to assign items in the state dictionary to their corresponding key in the module instead of copying them in place?)
  warnings.warn(f'for {key}: copying from a non-meta parameter in the checkpoint to a meta '
/data/takhyun03/anaconda3/envs/lmms_llavavideo/lib/python3.11/site-packages/torch/nn/modules/module.py:2025: UserWarning: for vision_model.encoder.layers.10.layer_norm2.weight: copying from a non-meta parameter in the checkpoint to a meta parameter in the current model, which is a no-op. (Did you mean to pass `assign=True` to assign items in the state dictionary to their corresponding key in the module instead of copying them in place?)
  warnings.warn(f'for {key}: copying from a non-meta parameter in the checkpoint to a meta '
/data/takhyun03/anaconda3/envs/lmms_llavavideo/lib/python3.11/site-packages/torch/nn/modules/module.py:2025: UserWarning: for vision_model.encoder.layers.10.layer_norm2.bias: copying from a non-meta parameter in the checkpoint to a meta parameter in the current model, which is a no-op. (Did you mean to pass `assign=True` to assign items in the state dictionary to their corresponding key in the module instead of copying them in place?)
  warnings.warn(f'for {key}: copying from a non-meta parameter in the checkpoint to a meta '
/data/takhyun03/anaconda3/envs/lmms_llavavideo/lib/python3.11/site-packages/torch/nn/modules/module.py:2025: UserWarning: for vision_model.encoder.layers.11.self_attn.k_proj.weight: copying from a non-meta parameter in the checkpoint to a meta parameter in the current model, which is a no-op. (Did you mean to pass `assign=True` to assign items in the state dictionary to their corresponding key in the module instead of copying them in place?)
  warnings.warn(f'for {key}: copying from a non-meta parameter in the checkpoint to a meta '
/data/takhyun03/anaconda3/envs/lmms_llavavideo/lib/python3.11/site-packages/torch/nn/modules/module.py:2025: UserWarning: for vision_model.encoder.layers.11.self_attn.k_proj.bias: copying from a non-meta parameter in the checkpoint to a meta parameter in the current model, which is a no-op. (Did you mean to pass `assign=True` to assign items in the state dictionary to their corresponding key in the module instead of copying them in place?)
  warnings.warn(f'for {key}: copying from a non-meta parameter in the checkpoint to a meta '
/data/takhyun03/anaconda3/envs/lmms_llavavideo/lib/python3.11/site-packages/torch/nn/modules/module.py:2025: UserWarning: for vision_model.encoder.layers.11.self_attn.v_proj.weight: copying from a non-meta parameter in the checkpoint to a meta parameter in the current model, which is a no-op. (Did you mean to pass `assign=True` to assign items in the state dictionary to their corresponding key in the module instead of copying them in place?)
  warnings.warn(f'for {key}: copying from a non-meta parameter in the checkpoint to a meta '
/data/takhyun03/anaconda3/envs/lmms_llavavideo/lib/python3.11/site-packages/torch/nn/modules/module.py:2025: UserWarning: for vision_model.encoder.layers.11.self_attn.v_proj.bias: copying from a non-meta parameter in the checkpoint to a meta parameter in the current model, which is a no-op. (Did you mean to pass `assign=True` to assign items in the state dictionary to their corresponding key in the module instead of copying them in place?)
  warnings.warn(f'for {key}: copying from a non-meta parameter in the checkpoint to a meta '
/data/takhyun03/anaconda3/envs/lmms_llavavideo/lib/python3.11/site-packages/torch/nn/modules/module.py:2025: UserWarning: for vision_model.encoder.layers.11.self_attn.q_proj.weight: copying from a non-meta parameter in the checkpoint to a meta parameter in the current model, which is a no-op. (Did you mean to pass `assign=True` to assign items in the state dictionary to their corresponding key in the module instead of copying them in place?)
  warnings.warn(f'for {key}: copying from a non-meta parameter in the checkpoint to a meta '
/data/takhyun03/anaconda3/envs/lmms_llavavideo/lib/python3.11/site-packages/torch/nn/modules/module.py:2025: UserWarning: for vision_model.encoder.layers.11.self_attn.q_proj.bias: copying from a non-meta parameter in the checkpoint to a meta parameter in the current model, which is a no-op. (Did you mean to pass `assign=True` to assign items in the state dictionary to their corresponding key in the module instead of copying them in place?)
  warnings.warn(f'for {key}: copying from a non-meta parameter in the checkpoint to a meta '
/data/takhyun03/anaconda3/envs/lmms_llavavideo/lib/python3.11/site-packages/torch/nn/modules/module.py:2025: UserWarning: for vision_model.encoder.layers.11.self_attn.out_proj.weight: copying from a non-meta parameter in the checkpoint to a meta parameter in the current model, which is a no-op. (Did you mean to pass `assign=True` to assign items in the state dictionary to their corresponding key in the module instead of copying them in place?)
  warnings.warn(f'for {key}: copying from a non-meta parameter in the checkpoint to a meta '
/data/takhyun03/anaconda3/envs/lmms_llavavideo/lib/python3.11/site-packages/torch/nn/modules/module.py:2025: UserWarning: for vision_model.encoder.layers.11.self_attn.out_proj.bias: copying from a non-meta parameter in the checkpoint to a meta parameter in the current model, which is a no-op. (Did you mean to pass `assign=True` to assign items in the state dictionary to their corresponding key in the module instead of copying them in place?)
  warnings.warn(f'for {key}: copying from a non-meta parameter in the checkpoint to a meta '
/data/takhyun03/anaconda3/envs/lmms_llavavideo/lib/python3.11/site-packages/torch/nn/modules/module.py:2025: UserWarning: for vision_model.encoder.layers.11.layer_norm1.weight: copying from a non-meta parameter in the checkpoint to a meta parameter in the current model, which is a no-op. (Did you mean to pass `assign=True` to assign items in the state dictionary to their corresponding key in the module instead of copying them in place?)
  warnings.warn(f'for {key}: copying from a non-meta parameter in the checkpoint to a meta '
/data/takhyun03/anaconda3/envs/lmms_llavavideo/lib/python3.11/site-packages/torch/nn/modules/module.py:2025: UserWarning: for vision_model.encoder.layers.11.layer_norm1.bias: copying from a non-meta parameter in the checkpoint to a meta parameter in the current model, which is a no-op. (Did you mean to pass `assign=True` to assign items in the state dictionary to their corresponding key in the module instead of copying them in place?)
  warnings.warn(f'for {key}: copying from a non-meta parameter in the checkpoint to a meta '
/data/takhyun03/anaconda3/envs/lmms_llavavideo/lib/python3.11/site-packages/torch/nn/modules/module.py:2025: UserWarning: for vision_model.encoder.layers.11.mlp.fc1.weight: copying from a non-meta parameter in the checkpoint to a meta parameter in the current model, which is a no-op. (Did you mean to pass `assign=True` to assign items in the state dictionary to their corresponding key in the module instead of copying them in place?)
  warnings.warn(f'for {key}: copying from a non-meta parameter in the checkpoint to a meta '
/data/takhyun03/anaconda3/envs/lmms_llavavideo/lib/python3.11/site-packages/torch/nn/modules/module.py:2025: UserWarning: for vision_model.encoder.layers.11.mlp.fc1.bias: copying from a non-meta parameter in the checkpoint to a meta parameter in the current model, which is a no-op. (Did you mean to pass `assign=True` to assign items in the state dictionary to their corresponding key in the module instead of copying them in place?)
  warnings.warn(f'for {key}: copying from a non-meta parameter in the checkpoint to a meta '
/data/takhyun03/anaconda3/envs/lmms_llavavideo/lib/python3.11/site-packages/torch/nn/modules/module.py:2025: UserWarning: for vision_model.encoder.layers.11.mlp.fc2.weight: copying from a non-meta parameter in the checkpoint to a meta parameter in the current model, which is a no-op. (Did you mean to pass `assign=True` to assign items in the state dictionary to their corresponding key in the module instead of copying them in place?)
  warnings.warn(f'for {key}: copying from a non-meta parameter in the checkpoint to a meta '
/data/takhyun03/anaconda3/envs/lmms_llavavideo/lib/python3.11/site-packages/torch/nn/modules/module.py:2025: UserWarning: for vision_model.encoder.layers.11.mlp.fc2.bias: copying from a non-meta parameter in the checkpoint to a meta parameter in the current model, which is a no-op. (Did you mean to pass `assign=True` to assign items in the state dictionary to their corresponding key in the module instead of copying them in place?)
  warnings.warn(f'for {key}: copying from a non-meta parameter in the checkpoint to a meta '
/data/takhyun03/anaconda3/envs/lmms_llavavideo/lib/python3.11/site-packages/torch/nn/modules/module.py:2025: UserWarning: for vision_model.encoder.layers.11.layer_norm2.weight: copying from a non-meta parameter in the checkpoint to a meta parameter in the current model, which is a no-op. (Did you mean to pass `assign=True` to assign items in the state dictionary to their corresponding key in the module instead of copying them in place?)
  warnings.warn(f'for {key}: copying from a non-meta parameter in the checkpoint to a meta '
/data/takhyun03/anaconda3/envs/lmms_llavavideo/lib/python3.11/site-packages/torch/nn/modules/module.py:2025: UserWarning: for vision_model.encoder.layers.11.layer_norm2.bias: copying from a non-meta parameter in the checkpoint to a meta parameter in the current model, which is a no-op. (Did you mean to pass `assign=True` to assign items in the state dictionary to their corresponding key in the module instead of copying them in place?)
  warnings.warn(f'for {key}: copying from a non-meta parameter in the checkpoint to a meta '
/data/takhyun03/anaconda3/envs/lmms_llavavideo/lib/python3.11/site-packages/torch/nn/modules/module.py:2025: UserWarning: for vision_model.encoder.layers.12.self_attn.k_proj.weight: copying from a non-meta parameter in the checkpoint to a meta parameter in the current model, which is a no-op. (Did you mean to pass `assign=True` to assign items in the state dictionary to their corresponding key in the module instead of copying them in place?)
  warnings.warn(f'for {key}: copying from a non-meta parameter in the checkpoint to a meta '
/data/takhyun03/anaconda3/envs/lmms_llavavideo/lib/python3.11/site-packages/torch/nn/modules/module.py:2025: UserWarning: for vision_model.encoder.layers.12.self_attn.k_proj.bias: copying from a non-meta parameter in the checkpoint to a meta parameter in the current model, which is a no-op. (Did you mean to pass `assign=True` to assign items in the state dictionary to their corresponding key in the module instead of copying them in place?)
  warnings.warn(f'for {key}: copying from a non-meta parameter in the checkpoint to a meta '
/data/takhyun03/anaconda3/envs/lmms_llavavideo/lib/python3.11/site-packages/torch/nn/modules/module.py:2025: UserWarning: for vision_model.encoder.layers.12.self_attn.v_proj.weight: copying from a non-meta parameter in the checkpoint to a meta parameter in the current model, which is a no-op. (Did you mean to pass `assign=True` to assign items in the state dictionary to their corresponding key in the module instead of copying them in place?)
  warnings.warn(f'for {key}: copying from a non-meta parameter in the checkpoint to a meta '
/data/takhyun03/anaconda3/envs/lmms_llavavideo/lib/python3.11/site-packages/torch/nn/modules/module.py:2025: UserWarning: for vision_model.encoder.layers.12.self_attn.v_proj.bias: copying from a non-meta parameter in the checkpoint to a meta parameter in the current model, which is a no-op. (Did you mean to pass `assign=True` to assign items in the state dictionary to their corresponding key in the module instead of copying them in place?)
  warnings.warn(f'for {key}: copying from a non-meta parameter in the checkpoint to a meta '
/data/takhyun03/anaconda3/envs/lmms_llavavideo/lib/python3.11/site-packages/torch/nn/modules/module.py:2025: UserWarning: for vision_model.encoder.layers.12.self_attn.q_proj.weight: copying from a non-meta parameter in the checkpoint to a meta parameter in the current model, which is a no-op. (Did you mean to pass `assign=True` to assign items in the state dictionary to their corresponding key in the module instead of copying them in place?)
  warnings.warn(f'for {key}: copying from a non-meta parameter in the checkpoint to a meta '
/data/takhyun03/anaconda3/envs/lmms_llavavideo/lib/python3.11/site-packages/torch/nn/modules/module.py:2025: UserWarning: for vision_model.encoder.layers.12.self_attn.q_proj.bias: copying from a non-meta parameter in the checkpoint to a meta parameter in the current model, which is a no-op. (Did you mean to pass `assign=True` to assign items in the state dictionary to their corresponding key in the module instead of copying them in place?)
  warnings.warn(f'for {key}: copying from a non-meta parameter in the checkpoint to a meta '
/data/takhyun03/anaconda3/envs/lmms_llavavideo/lib/python3.11/site-packages/torch/nn/modules/module.py:2025: UserWarning: for vision_model.encoder.layers.12.self_attn.out_proj.weight: copying from a non-meta parameter in the checkpoint to a meta parameter in the current model, which is a no-op. (Did you mean to pass `assign=True` to assign items in the state dictionary to their corresponding key in the module instead of copying them in place?)
  warnings.warn(f'for {key}: copying from a non-meta parameter in the checkpoint to a meta '
/data/takhyun03/anaconda3/envs/lmms_llavavideo/lib/python3.11/site-packages/torch/nn/modules/module.py:2025: UserWarning: for vision_model.encoder.layers.12.self_attn.out_proj.bias: copying from a non-meta parameter in the checkpoint to a meta parameter in the current model, which is a no-op. (Did you mean to pass `assign=True` to assign items in the state dictionary to their corresponding key in the module instead of copying them in place?)
  warnings.warn(f'for {key}: copying from a non-meta parameter in the checkpoint to a meta '
/data/takhyun03/anaconda3/envs/lmms_llavavideo/lib/python3.11/site-packages/torch/nn/modules/module.py:2025: UserWarning: for vision_model.encoder.layers.12.layer_norm1.weight: copying from a non-meta parameter in the checkpoint to a meta parameter in the current model, which is a no-op. (Did you mean to pass `assign=True` to assign items in the state dictionary to their corresponding key in the module instead of copying them in place?)
  warnings.warn(f'for {key}: copying from a non-meta parameter in the checkpoint to a meta '
/data/takhyun03/anaconda3/envs/lmms_llavavideo/lib/python3.11/site-packages/torch/nn/modules/module.py:2025: UserWarning: for vision_model.encoder.layers.12.layer_norm1.bias: copying from a non-meta parameter in the checkpoint to a meta parameter in the current model, which is a no-op. (Did you mean to pass `assign=True` to assign items in the state dictionary to their corresponding key in the module instead of copying them in place?)
  warnings.warn(f'for {key}: copying from a non-meta parameter in the checkpoint to a meta '
/data/takhyun03/anaconda3/envs/lmms_llavavideo/lib/python3.11/site-packages/torch/nn/modules/module.py:2025: UserWarning: for vision_model.encoder.layers.12.mlp.fc1.weight: copying from a non-meta parameter in the checkpoint to a meta parameter in the current model, which is a no-op. (Did you mean to pass `assign=True` to assign items in the state dictionary to their corresponding key in the module instead of copying them in place?)
  warnings.warn(f'for {key}: copying from a non-meta parameter in the checkpoint to a meta '
/data/takhyun03/anaconda3/envs/lmms_llavavideo/lib/python3.11/site-packages/torch/nn/modules/module.py:2025: UserWarning: for vision_model.encoder.layers.12.mlp.fc1.bias: copying from a non-meta parameter in the checkpoint to a meta parameter in the current model, which is a no-op. (Did you mean to pass `assign=True` to assign items in the state dictionary to their corresponding key in the module instead of copying them in place?)
  warnings.warn(f'for {key}: copying from a non-meta parameter in the checkpoint to a meta '
/data/takhyun03/anaconda3/envs/lmms_llavavideo/lib/python3.11/site-packages/torch/nn/modules/module.py:2025: UserWarning: for vision_model.encoder.layers.12.mlp.fc2.weight: copying from a non-meta parameter in the checkpoint to a meta parameter in the current model, which is a no-op. (Did you mean to pass `assign=True` to assign items in the state dictionary to their corresponding key in the module instead of copying them in place?)
  warnings.warn(f'for {key}: copying from a non-meta parameter in the checkpoint to a meta '
/data/takhyun03/anaconda3/envs/lmms_llavavideo/lib/python3.11/site-packages/torch/nn/modules/module.py:2025: UserWarning: for vision_model.encoder.layers.12.mlp.fc2.bias: copying from a non-meta parameter in the checkpoint to a meta parameter in the current model, which is a no-op. (Did you mean to pass `assign=True` to assign items in the state dictionary to their corresponding key in the module instead of copying them in place?)
  warnings.warn(f'for {key}: copying from a non-meta parameter in the checkpoint to a meta '
/data/takhyun03/anaconda3/envs/lmms_llavavideo/lib/python3.11/site-packages/torch/nn/modules/module.py:2025: UserWarning: for vision_model.encoder.layers.12.layer_norm2.weight: copying from a non-meta parameter in the checkpoint to a meta parameter in the current model, which is a no-op. (Did you mean to pass `assign=True` to assign items in the state dictionary to their corresponding key in the module instead of copying them in place?)
  warnings.warn(f'for {key}: copying from a non-meta parameter in the checkpoint to a meta '
/data/takhyun03/anaconda3/envs/lmms_llavavideo/lib/python3.11/site-packages/torch/nn/modules/module.py:2025: UserWarning: for vision_model.encoder.layers.12.layer_norm2.bias: copying from a non-meta parameter in the checkpoint to a meta parameter in the current model, which is a no-op. (Did you mean to pass `assign=True` to assign items in the state dictionary to their corresponding key in the module instead of copying them in place?)
  warnings.warn(f'for {key}: copying from a non-meta parameter in the checkpoint to a meta '
/data/takhyun03/anaconda3/envs/lmms_llavavideo/lib/python3.11/site-packages/torch/nn/modules/module.py:2025: UserWarning: for vision_model.encoder.layers.13.self_attn.k_proj.weight: copying from a non-meta parameter in the checkpoint to a meta parameter in the current model, which is a no-op. (Did you mean to pass `assign=True` to assign items in the state dictionary to their corresponding key in the module instead of copying them in place?)
  warnings.warn(f'for {key}: copying from a non-meta parameter in the checkpoint to a meta '
/data/takhyun03/anaconda3/envs/lmms_llavavideo/lib/python3.11/site-packages/torch/nn/modules/module.py:2025: UserWarning: for vision_model.encoder.layers.13.self_attn.k_proj.bias: copying from a non-meta parameter in the checkpoint to a meta parameter in the current model, which is a no-op. (Did you mean to pass `assign=True` to assign items in the state dictionary to their corresponding key in the module instead of copying them in place?)
  warnings.warn(f'for {key}: copying from a non-meta parameter in the checkpoint to a meta '
/data/takhyun03/anaconda3/envs/lmms_llavavideo/lib/python3.11/site-packages/torch/nn/modules/module.py:2025: UserWarning: for vision_model.encoder.layers.13.self_attn.v_proj.weight: copying from a non-meta parameter in the checkpoint to a meta parameter in the current model, which is a no-op. (Did you mean to pass `assign=True` to assign items in the state dictionary to their corresponding key in the module instead of copying them in place?)
  warnings.warn(f'for {key}: copying from a non-meta parameter in the checkpoint to a meta '
/data/takhyun03/anaconda3/envs/lmms_llavavideo/lib/python3.11/site-packages/torch/nn/modules/module.py:2025: UserWarning: for vision_model.encoder.layers.13.self_attn.v_proj.bias: copying from a non-meta parameter in the checkpoint to a meta parameter in the current model, which is a no-op. (Did you mean to pass `assign=True` to assign items in the state dictionary to their corresponding key in the module instead of copying them in place?)
  warnings.warn(f'for {key}: copying from a non-meta parameter in the checkpoint to a meta '
/data/takhyun03/anaconda3/envs/lmms_llavavideo/lib/python3.11/site-packages/torch/nn/modules/module.py:2025: UserWarning: for vision_model.encoder.layers.13.self_attn.q_proj.weight: copying from a non-meta parameter in the checkpoint to a meta parameter in the current model, which is a no-op. (Did you mean to pass `assign=True` to assign items in the state dictionary to their corresponding key in the module instead of copying them in place?)
  warnings.warn(f'for {key}: copying from a non-meta parameter in the checkpoint to a meta '
/data/takhyun03/anaconda3/envs/lmms_llavavideo/lib/python3.11/site-packages/torch/nn/modules/module.py:2025: UserWarning: for vision_model.encoder.layers.13.self_attn.q_proj.bias: copying from a non-meta parameter in the checkpoint to a meta parameter in the current model, which is a no-op. (Did you mean to pass `assign=True` to assign items in the state dictionary to their corresponding key in the module instead of copying them in place?)
  warnings.warn(f'for {key}: copying from a non-meta parameter in the checkpoint to a meta '
/data/takhyun03/anaconda3/envs/lmms_llavavideo/lib/python3.11/site-packages/torch/nn/modules/module.py:2025: UserWarning: for vision_model.encoder.layers.13.self_attn.out_proj.weight: copying from a non-meta parameter in the checkpoint to a meta parameter in the current model, which is a no-op. (Did you mean to pass `assign=True` to assign items in the state dictionary to their corresponding key in the module instead of copying them in place?)
  warnings.warn(f'for {key}: copying from a non-meta parameter in the checkpoint to a meta '
/data/takhyun03/anaconda3/envs/lmms_llavavideo/lib/python3.11/site-packages/torch/nn/modules/module.py:2025: UserWarning: for vision_model.encoder.layers.13.self_attn.out_proj.bias: copying from a non-meta parameter in the checkpoint to a meta parameter in the current model, which is a no-op. (Did you mean to pass `assign=True` to assign items in the state dictionary to their corresponding key in the module instead of copying them in place?)
  warnings.warn(f'for {key}: copying from a non-meta parameter in the checkpoint to a meta '
/data/takhyun03/anaconda3/envs/lmms_llavavideo/lib/python3.11/site-packages/torch/nn/modules/module.py:2025: UserWarning: for vision_model.encoder.layers.13.layer_norm1.weight: copying from a non-meta parameter in the checkpoint to a meta parameter in the current model, which is a no-op. (Did you mean to pass `assign=True` to assign items in the state dictionary to their corresponding key in the module instead of copying them in place?)
  warnings.warn(f'for {key}: copying from a non-meta parameter in the checkpoint to a meta '
/data/takhyun03/anaconda3/envs/lmms_llavavideo/lib/python3.11/site-packages/torch/nn/modules/module.py:2025: UserWarning: for vision_model.encoder.layers.13.layer_norm1.bias: copying from a non-meta parameter in the checkpoint to a meta parameter in the current model, which is a no-op. (Did you mean to pass `assign=True` to assign items in the state dictionary to their corresponding key in the module instead of copying them in place?)
  warnings.warn(f'for {key}: copying from a non-meta parameter in the checkpoint to a meta '
/data/takhyun03/anaconda3/envs/lmms_llavavideo/lib/python3.11/site-packages/torch/nn/modules/module.py:2025: UserWarning: for vision_model.encoder.layers.13.mlp.fc1.weight: copying from a non-meta parameter in the checkpoint to a meta parameter in the current model, which is a no-op. (Did you mean to pass `assign=True` to assign items in the state dictionary to their corresponding key in the module instead of copying them in place?)
  warnings.warn(f'for {key}: copying from a non-meta parameter in the checkpoint to a meta '
/data/takhyun03/anaconda3/envs/lmms_llavavideo/lib/python3.11/site-packages/torch/nn/modules/module.py:2025: UserWarning: for vision_model.encoder.layers.13.mlp.fc1.bias: copying from a non-meta parameter in the checkpoint to a meta parameter in the current model, which is a no-op. (Did you mean to pass `assign=True` to assign items in the state dictionary to their corresponding key in the module instead of copying them in place?)
  warnings.warn(f'for {key}: copying from a non-meta parameter in the checkpoint to a meta '
/data/takhyun03/anaconda3/envs/lmms_llavavideo/lib/python3.11/site-packages/torch/nn/modules/module.py:2025: UserWarning: for vision_model.encoder.layers.13.mlp.fc2.weight: copying from a non-meta parameter in the checkpoint to a meta parameter in the current model, which is a no-op. (Did you mean to pass `assign=True` to assign items in the state dictionary to their corresponding key in the module instead of copying them in place?)
  warnings.warn(f'for {key}: copying from a non-meta parameter in the checkpoint to a meta '
/data/takhyun03/anaconda3/envs/lmms_llavavideo/lib/python3.11/site-packages/torch/nn/modules/module.py:2025: UserWarning: for vision_model.encoder.layers.13.mlp.fc2.bias: copying from a non-meta parameter in the checkpoint to a meta parameter in the current model, which is a no-op. (Did you mean to pass `assign=True` to assign items in the state dictionary to their corresponding key in the module instead of copying them in place?)
  warnings.warn(f'for {key}: copying from a non-meta parameter in the checkpoint to a meta '
/data/takhyun03/anaconda3/envs/lmms_llavavideo/lib/python3.11/site-packages/torch/nn/modules/module.py:2025: UserWarning: for vision_model.encoder.layers.13.layer_norm2.weight: copying from a non-meta parameter in the checkpoint to a meta parameter in the current model, which is a no-op. (Did you mean to pass `assign=True` to assign items in the state dictionary to their corresponding key in the module instead of copying them in place?)
  warnings.warn(f'for {key}: copying from a non-meta parameter in the checkpoint to a meta '
/data/takhyun03/anaconda3/envs/lmms_llavavideo/lib/python3.11/site-packages/torch/nn/modules/module.py:2025: UserWarning: for vision_model.encoder.layers.13.layer_norm2.bias: copying from a non-meta parameter in the checkpoint to a meta parameter in the current model, which is a no-op. (Did you mean to pass `assign=True` to assign items in the state dictionary to their corresponding key in the module instead of copying them in place?)
  warnings.warn(f'for {key}: copying from a non-meta parameter in the checkpoint to a meta '
/data/takhyun03/anaconda3/envs/lmms_llavavideo/lib/python3.11/site-packages/torch/nn/modules/module.py:2025: UserWarning: for vision_model.encoder.layers.14.self_attn.k_proj.weight: copying from a non-meta parameter in the checkpoint to a meta parameter in the current model, which is a no-op. (Did you mean to pass `assign=True` to assign items in the state dictionary to their corresponding key in the module instead of copying them in place?)
  warnings.warn(f'for {key}: copying from a non-meta parameter in the checkpoint to a meta '
/data/takhyun03/anaconda3/envs/lmms_llavavideo/lib/python3.11/site-packages/torch/nn/modules/module.py:2025: UserWarning: for vision_model.encoder.layers.14.self_attn.k_proj.bias: copying from a non-meta parameter in the checkpoint to a meta parameter in the current model, which is a no-op. (Did you mean to pass `assign=True` to assign items in the state dictionary to their corresponding key in the module instead of copying them in place?)
  warnings.warn(f'for {key}: copying from a non-meta parameter in the checkpoint to a meta '
/data/takhyun03/anaconda3/envs/lmms_llavavideo/lib/python3.11/site-packages/torch/nn/modules/module.py:2025: UserWarning: for vision_model.encoder.layers.14.self_attn.v_proj.weight: copying from a non-meta parameter in the checkpoint to a meta parameter in the current model, which is a no-op. (Did you mean to pass `assign=True` to assign items in the state dictionary to their corresponding key in the module instead of copying them in place?)
  warnings.warn(f'for {key}: copying from a non-meta parameter in the checkpoint to a meta '
/data/takhyun03/anaconda3/envs/lmms_llavavideo/lib/python3.11/site-packages/torch/nn/modules/module.py:2025: UserWarning: for vision_model.encoder.layers.14.self_attn.v_proj.bias: copying from a non-meta parameter in the checkpoint to a meta parameter in the current model, which is a no-op. (Did you mean to pass `assign=True` to assign items in the state dictionary to their corresponding key in the module instead of copying them in place?)
  warnings.warn(f'for {key}: copying from a non-meta parameter in the checkpoint to a meta '
/data/takhyun03/anaconda3/envs/lmms_llavavideo/lib/python3.11/site-packages/torch/nn/modules/module.py:2025: UserWarning: for vision_model.encoder.layers.14.self_attn.q_proj.weight: copying from a non-meta parameter in the checkpoint to a meta parameter in the current model, which is a no-op. (Did you mean to pass `assign=True` to assign items in the state dictionary to their corresponding key in the module instead of copying them in place?)
  warnings.warn(f'for {key}: copying from a non-meta parameter in the checkpoint to a meta '
/data/takhyun03/anaconda3/envs/lmms_llavavideo/lib/python3.11/site-packages/torch/nn/modules/module.py:2025: UserWarning: for vision_model.encoder.layers.14.self_attn.q_proj.bias: copying from a non-meta parameter in the checkpoint to a meta parameter in the current model, which is a no-op. (Did you mean to pass `assign=True` to assign items in the state dictionary to their corresponding key in the module instead of copying them in place?)
  warnings.warn(f'for {key}: copying from a non-meta parameter in the checkpoint to a meta '
/data/takhyun03/anaconda3/envs/lmms_llavavideo/lib/python3.11/site-packages/torch/nn/modules/module.py:2025: UserWarning: for vision_model.encoder.layers.14.self_attn.out_proj.weight: copying from a non-meta parameter in the checkpoint to a meta parameter in the current model, which is a no-op. (Did you mean to pass `assign=True` to assign items in the state dictionary to their corresponding key in the module instead of copying them in place?)
  warnings.warn(f'for {key}: copying from a non-meta parameter in the checkpoint to a meta '
/data/takhyun03/anaconda3/envs/lmms_llavavideo/lib/python3.11/site-packages/torch/nn/modules/module.py:2025: UserWarning: for vision_model.encoder.layers.14.self_attn.out_proj.bias: copying from a non-meta parameter in the checkpoint to a meta parameter in the current model, which is a no-op. (Did you mean to pass `assign=True` to assign items in the state dictionary to their corresponding key in the module instead of copying them in place?)
  warnings.warn(f'for {key}: copying from a non-meta parameter in the checkpoint to a meta '
/data/takhyun03/anaconda3/envs/lmms_llavavideo/lib/python3.11/site-packages/torch/nn/modules/module.py:2025: UserWarning: for vision_model.encoder.layers.14.layer_norm1.weight: copying from a non-meta parameter in the checkpoint to a meta parameter in the current model, which is a no-op. (Did you mean to pass `assign=True` to assign items in the state dictionary to their corresponding key in the module instead of copying them in place?)
  warnings.warn(f'for {key}: copying from a non-meta parameter in the checkpoint to a meta '
/data/takhyun03/anaconda3/envs/lmms_llavavideo/lib/python3.11/site-packages/torch/nn/modules/module.py:2025: UserWarning: for vision_model.encoder.layers.14.layer_norm1.bias: copying from a non-meta parameter in the checkpoint to a meta parameter in the current model, which is a no-op. (Did you mean to pass `assign=True` to assign items in the state dictionary to their corresponding key in the module instead of copying them in place?)
  warnings.warn(f'for {key}: copying from a non-meta parameter in the checkpoint to a meta '
/data/takhyun03/anaconda3/envs/lmms_llavavideo/lib/python3.11/site-packages/torch/nn/modules/module.py:2025: UserWarning: for vision_model.encoder.layers.14.mlp.fc1.weight: copying from a non-meta parameter in the checkpoint to a meta parameter in the current model, which is a no-op. (Did you mean to pass `assign=True` to assign items in the state dictionary to their corresponding key in the module instead of copying them in place?)
  warnings.warn(f'for {key}: copying from a non-meta parameter in the checkpoint to a meta '
/data/takhyun03/anaconda3/envs/lmms_llavavideo/lib/python3.11/site-packages/torch/nn/modules/module.py:2025: UserWarning: for vision_model.encoder.layers.14.mlp.fc1.bias: copying from a non-meta parameter in the checkpoint to a meta parameter in the current model, which is a no-op. (Did you mean to pass `assign=True` to assign items in the state dictionary to their corresponding key in the module instead of copying them in place?)
  warnings.warn(f'for {key}: copying from a non-meta parameter in the checkpoint to a meta '
/data/takhyun03/anaconda3/envs/lmms_llavavideo/lib/python3.11/site-packages/torch/nn/modules/module.py:2025: UserWarning: for vision_model.encoder.layers.14.mlp.fc2.weight: copying from a non-meta parameter in the checkpoint to a meta parameter in the current model, which is a no-op. (Did you mean to pass `assign=True` to assign items in the state dictionary to their corresponding key in the module instead of copying them in place?)
  warnings.warn(f'for {key}: copying from a non-meta parameter in the checkpoint to a meta '
/data/takhyun03/anaconda3/envs/lmms_llavavideo/lib/python3.11/site-packages/torch/nn/modules/module.py:2025: UserWarning: for vision_model.encoder.layers.14.mlp.fc2.bias: copying from a non-meta parameter in the checkpoint to a meta parameter in the current model, which is a no-op. (Did you mean to pass `assign=True` to assign items in the state dictionary to their corresponding key in the module instead of copying them in place?)
  warnings.warn(f'for {key}: copying from a non-meta parameter in the checkpoint to a meta '
/data/takhyun03/anaconda3/envs/lmms_llavavideo/lib/python3.11/site-packages/torch/nn/modules/module.py:2025: UserWarning: for vision_model.encoder.layers.14.layer_norm2.weight: copying from a non-meta parameter in the checkpoint to a meta parameter in the current model, which is a no-op. (Did you mean to pass `assign=True` to assign items in the state dictionary to their corresponding key in the module instead of copying them in place?)
  warnings.warn(f'for {key}: copying from a non-meta parameter in the checkpoint to a meta '
/data/takhyun03/anaconda3/envs/lmms_llavavideo/lib/python3.11/site-packages/torch/nn/modules/module.py:2025: UserWarning: for vision_model.encoder.layers.14.layer_norm2.bias: copying from a non-meta parameter in the checkpoint to a meta parameter in the current model, which is a no-op. (Did you mean to pass `assign=True` to assign items in the state dictionary to their corresponding key in the module instead of copying them in place?)
  warnings.warn(f'for {key}: copying from a non-meta parameter in the checkpoint to a meta '
/data/takhyun03/anaconda3/envs/lmms_llavavideo/lib/python3.11/site-packages/torch/nn/modules/module.py:2025: UserWarning: for vision_model.encoder.layers.15.self_attn.k_proj.weight: copying from a non-meta parameter in the checkpoint to a meta parameter in the current model, which is a no-op. (Did you mean to pass `assign=True` to assign items in the state dictionary to their corresponding key in the module instead of copying them in place?)
  warnings.warn(f'for {key}: copying from a non-meta parameter in the checkpoint to a meta '
/data/takhyun03/anaconda3/envs/lmms_llavavideo/lib/python3.11/site-packages/torch/nn/modules/module.py:2025: UserWarning: for vision_model.encoder.layers.15.self_attn.k_proj.bias: copying from a non-meta parameter in the checkpoint to a meta parameter in the current model, which is a no-op. (Did you mean to pass `assign=True` to assign items in the state dictionary to their corresponding key in the module instead of copying them in place?)
  warnings.warn(f'for {key}: copying from a non-meta parameter in the checkpoint to a meta '
/data/takhyun03/anaconda3/envs/lmms_llavavideo/lib/python3.11/site-packages/torch/nn/modules/module.py:2025: UserWarning: for vision_model.encoder.layers.15.self_attn.v_proj.weight: copying from a non-meta parameter in the checkpoint to a meta parameter in the current model, which is a no-op. (Did you mean to pass `assign=True` to assign items in the state dictionary to their corresponding key in the module instead of copying them in place?)
  warnings.warn(f'for {key}: copying from a non-meta parameter in the checkpoint to a meta '
/data/takhyun03/anaconda3/envs/lmms_llavavideo/lib/python3.11/site-packages/torch/nn/modules/module.py:2025: UserWarning: for vision_model.encoder.layers.15.self_attn.v_proj.bias: copying from a non-meta parameter in the checkpoint to a meta parameter in the current model, which is a no-op. (Did you mean to pass `assign=True` to assign items in the state dictionary to their corresponding key in the module instead of copying them in place?)
  warnings.warn(f'for {key}: copying from a non-meta parameter in the checkpoint to a meta '
/data/takhyun03/anaconda3/envs/lmms_llavavideo/lib/python3.11/site-packages/torch/nn/modules/module.py:2025: UserWarning: for vision_model.encoder.layers.15.self_attn.q_proj.weight: copying from a non-meta parameter in the checkpoint to a meta parameter in the current model, which is a no-op. (Did you mean to pass `assign=True` to assign items in the state dictionary to their corresponding key in the module instead of copying them in place?)
  warnings.warn(f'for {key}: copying from a non-meta parameter in the checkpoint to a meta '
/data/takhyun03/anaconda3/envs/lmms_llavavideo/lib/python3.11/site-packages/torch/nn/modules/module.py:2025: UserWarning: for vision_model.encoder.layers.15.self_attn.q_proj.bias: copying from a non-meta parameter in the checkpoint to a meta parameter in the current model, which is a no-op. (Did you mean to pass `assign=True` to assign items in the state dictionary to their corresponding key in the module instead of copying them in place?)
  warnings.warn(f'for {key}: copying from a non-meta parameter in the checkpoint to a meta '
/data/takhyun03/anaconda3/envs/lmms_llavavideo/lib/python3.11/site-packages/torch/nn/modules/module.py:2025: UserWarning: for vision_model.encoder.layers.15.self_attn.out_proj.weight: copying from a non-meta parameter in the checkpoint to a meta parameter in the current model, which is a no-op. (Did you mean to pass `assign=True` to assign items in the state dictionary to their corresponding key in the module instead of copying them in place?)
  warnings.warn(f'for {key}: copying from a non-meta parameter in the checkpoint to a meta '
/data/takhyun03/anaconda3/envs/lmms_llavavideo/lib/python3.11/site-packages/torch/nn/modules/module.py:2025: UserWarning: for vision_model.encoder.layers.15.self_attn.out_proj.bias: copying from a non-meta parameter in the checkpoint to a meta parameter in the current model, which is a no-op. (Did you mean to pass `assign=True` to assign items in the state dictionary to their corresponding key in the module instead of copying them in place?)
  warnings.warn(f'for {key}: copying from a non-meta parameter in the checkpoint to a meta '
/data/takhyun03/anaconda3/envs/lmms_llavavideo/lib/python3.11/site-packages/torch/nn/modules/module.py:2025: UserWarning: for vision_model.encoder.layers.15.layer_norm1.weight: copying from a non-meta parameter in the checkpoint to a meta parameter in the current model, which is a no-op. (Did you mean to pass `assign=True` to assign items in the state dictionary to their corresponding key in the module instead of copying them in place?)
  warnings.warn(f'for {key}: copying from a non-meta parameter in the checkpoint to a meta '
/data/takhyun03/anaconda3/envs/lmms_llavavideo/lib/python3.11/site-packages/torch/nn/modules/module.py:2025: UserWarning: for vision_model.encoder.layers.15.layer_norm1.bias: copying from a non-meta parameter in the checkpoint to a meta parameter in the current model, which is a no-op. (Did you mean to pass `assign=True` to assign items in the state dictionary to their corresponding key in the module instead of copying them in place?)
  warnings.warn(f'for {key}: copying from a non-meta parameter in the checkpoint to a meta '
/data/takhyun03/anaconda3/envs/lmms_llavavideo/lib/python3.11/site-packages/torch/nn/modules/module.py:2025: UserWarning: for vision_model.encoder.layers.15.mlp.fc1.weight: copying from a non-meta parameter in the checkpoint to a meta parameter in the current model, which is a no-op. (Did you mean to pass `assign=True` to assign items in the state dictionary to their corresponding key in the module instead of copying them in place?)
  warnings.warn(f'for {key}: copying from a non-meta parameter in the checkpoint to a meta '
/data/takhyun03/anaconda3/envs/lmms_llavavideo/lib/python3.11/site-packages/torch/nn/modules/module.py:2025: UserWarning: for vision_model.encoder.layers.15.mlp.fc1.bias: copying from a non-meta parameter in the checkpoint to a meta parameter in the current model, which is a no-op. (Did you mean to pass `assign=True` to assign items in the state dictionary to their corresponding key in the module instead of copying them in place?)
  warnings.warn(f'for {key}: copying from a non-meta parameter in the checkpoint to a meta '
/data/takhyun03/anaconda3/envs/lmms_llavavideo/lib/python3.11/site-packages/torch/nn/modules/module.py:2025: UserWarning: for vision_model.encoder.layers.15.mlp.fc2.weight: copying from a non-meta parameter in the checkpoint to a meta parameter in the current model, which is a no-op. (Did you mean to pass `assign=True` to assign items in the state dictionary to their corresponding key in the module instead of copying them in place?)
  warnings.warn(f'for {key}: copying from a non-meta parameter in the checkpoint to a meta '
/data/takhyun03/anaconda3/envs/lmms_llavavideo/lib/python3.11/site-packages/torch/nn/modules/module.py:2025: UserWarning: for vision_model.encoder.layers.15.mlp.fc2.bias: copying from a non-meta parameter in the checkpoint to a meta parameter in the current model, which is a no-op. (Did you mean to pass `assign=True` to assign items in the state dictionary to their corresponding key in the module instead of copying them in place?)
  warnings.warn(f'for {key}: copying from a non-meta parameter in the checkpoint to a meta '
/data/takhyun03/anaconda3/envs/lmms_llavavideo/lib/python3.11/site-packages/torch/nn/modules/module.py:2025: UserWarning: for vision_model.encoder.layers.15.layer_norm2.weight: copying from a non-meta parameter in the checkpoint to a meta parameter in the current model, which is a no-op. (Did you mean to pass `assign=True` to assign items in the state dictionary to their corresponding key in the module instead of copying them in place?)
  warnings.warn(f'for {key}: copying from a non-meta parameter in the checkpoint to a meta '
/data/takhyun03/anaconda3/envs/lmms_llavavideo/lib/python3.11/site-packages/torch/nn/modules/module.py:2025: UserWarning: for vision_model.encoder.layers.15.layer_norm2.bias: copying from a non-meta parameter in the checkpoint to a meta parameter in the current model, which is a no-op. (Did you mean to pass `assign=True` to assign items in the state dictionary to their corresponding key in the module instead of copying them in place?)
  warnings.warn(f'for {key}: copying from a non-meta parameter in the checkpoint to a meta '
/data/takhyun03/anaconda3/envs/lmms_llavavideo/lib/python3.11/site-packages/torch/nn/modules/module.py:2025: UserWarning: for vision_model.encoder.layers.16.self_attn.k_proj.weight: copying from a non-meta parameter in the checkpoint to a meta parameter in the current model, which is a no-op. (Did you mean to pass `assign=True` to assign items in the state dictionary to their corresponding key in the module instead of copying them in place?)
  warnings.warn(f'for {key}: copying from a non-meta parameter in the checkpoint to a meta '
/data/takhyun03/anaconda3/envs/lmms_llavavideo/lib/python3.11/site-packages/torch/nn/modules/module.py:2025: UserWarning: for vision_model.encoder.layers.16.self_attn.k_proj.bias: copying from a non-meta parameter in the checkpoint to a meta parameter in the current model, which is a no-op. (Did you mean to pass `assign=True` to assign items in the state dictionary to their corresponding key in the module instead of copying them in place?)
  warnings.warn(f'for {key}: copying from a non-meta parameter in the checkpoint to a meta '
/data/takhyun03/anaconda3/envs/lmms_llavavideo/lib/python3.11/site-packages/torch/nn/modules/module.py:2025: UserWarning: for vision_model.encoder.layers.16.self_attn.v_proj.weight: copying from a non-meta parameter in the checkpoint to a meta parameter in the current model, which is a no-op. (Did you mean to pass `assign=True` to assign items in the state dictionary to their corresponding key in the module instead of copying them in place?)
  warnings.warn(f'for {key}: copying from a non-meta parameter in the checkpoint to a meta '
/data/takhyun03/anaconda3/envs/lmms_llavavideo/lib/python3.11/site-packages/torch/nn/modules/module.py:2025: UserWarning: for vision_model.encoder.layers.16.self_attn.v_proj.bias: copying from a non-meta parameter in the checkpoint to a meta parameter in the current model, which is a no-op. (Did you mean to pass `assign=True` to assign items in the state dictionary to their corresponding key in the module instead of copying them in place?)
  warnings.warn(f'for {key}: copying from a non-meta parameter in the checkpoint to a meta '
/data/takhyun03/anaconda3/envs/lmms_llavavideo/lib/python3.11/site-packages/torch/nn/modules/module.py:2025: UserWarning: for vision_model.encoder.layers.16.self_attn.q_proj.weight: copying from a non-meta parameter in the checkpoint to a meta parameter in the current model, which is a no-op. (Did you mean to pass `assign=True` to assign items in the state dictionary to their corresponding key in the module instead of copying them in place?)
  warnings.warn(f'for {key}: copying from a non-meta parameter in the checkpoint to a meta '
/data/takhyun03/anaconda3/envs/lmms_llavavideo/lib/python3.11/site-packages/torch/nn/modules/module.py:2025: UserWarning: for vision_model.encoder.layers.16.self_attn.q_proj.bias: copying from a non-meta parameter in the checkpoint to a meta parameter in the current model, which is a no-op. (Did you mean to pass `assign=True` to assign items in the state dictionary to their corresponding key in the module instead of copying them in place?)
  warnings.warn(f'for {key}: copying from a non-meta parameter in the checkpoint to a meta '
/data/takhyun03/anaconda3/envs/lmms_llavavideo/lib/python3.11/site-packages/torch/nn/modules/module.py:2025: UserWarning: for vision_model.encoder.layers.16.self_attn.out_proj.weight: copying from a non-meta parameter in the checkpoint to a meta parameter in the current model, which is a no-op. (Did you mean to pass `assign=True` to assign items in the state dictionary to their corresponding key in the module instead of copying them in place?)
  warnings.warn(f'for {key}: copying from a non-meta parameter in the checkpoint to a meta '
/data/takhyun03/anaconda3/envs/lmms_llavavideo/lib/python3.11/site-packages/torch/nn/modules/module.py:2025: UserWarning: for vision_model.encoder.layers.16.self_attn.out_proj.bias: copying from a non-meta parameter in the checkpoint to a meta parameter in the current model, which is a no-op. (Did you mean to pass `assign=True` to assign items in the state dictionary to their corresponding key in the module instead of copying them in place?)
  warnings.warn(f'for {key}: copying from a non-meta parameter in the checkpoint to a meta '
/data/takhyun03/anaconda3/envs/lmms_llavavideo/lib/python3.11/site-packages/torch/nn/modules/module.py:2025: UserWarning: for vision_model.encoder.layers.16.layer_norm1.weight: copying from a non-meta parameter in the checkpoint to a meta parameter in the current model, which is a no-op. (Did you mean to pass `assign=True` to assign items in the state dictionary to their corresponding key in the module instead of copying them in place?)
  warnings.warn(f'for {key}: copying from a non-meta parameter in the checkpoint to a meta '
/data/takhyun03/anaconda3/envs/lmms_llavavideo/lib/python3.11/site-packages/torch/nn/modules/module.py:2025: UserWarning: for vision_model.encoder.layers.16.layer_norm1.bias: copying from a non-meta parameter in the checkpoint to a meta parameter in the current model, which is a no-op. (Did you mean to pass `assign=True` to assign items in the state dictionary to their corresponding key in the module instead of copying them in place?)
  warnings.warn(f'for {key}: copying from a non-meta parameter in the checkpoint to a meta '
/data/takhyun03/anaconda3/envs/lmms_llavavideo/lib/python3.11/site-packages/torch/nn/modules/module.py:2025: UserWarning: for vision_model.encoder.layers.16.mlp.fc1.weight: copying from a non-meta parameter in the checkpoint to a meta parameter in the current model, which is a no-op. (Did you mean to pass `assign=True` to assign items in the state dictionary to their corresponding key in the module instead of copying them in place?)
  warnings.warn(f'for {key}: copying from a non-meta parameter in the checkpoint to a meta '
/data/takhyun03/anaconda3/envs/lmms_llavavideo/lib/python3.11/site-packages/torch/nn/modules/module.py:2025: UserWarning: for vision_model.encoder.layers.16.mlp.fc1.bias: copying from a non-meta parameter in the checkpoint to a meta parameter in the current model, which is a no-op. (Did you mean to pass `assign=True` to assign items in the state dictionary to their corresponding key in the module instead of copying them in place?)
  warnings.warn(f'for {key}: copying from a non-meta parameter in the checkpoint to a meta '
/data/takhyun03/anaconda3/envs/lmms_llavavideo/lib/python3.11/site-packages/torch/nn/modules/module.py:2025: UserWarning: for vision_model.encoder.layers.16.mlp.fc2.weight: copying from a non-meta parameter in the checkpoint to a meta parameter in the current model, which is a no-op. (Did you mean to pass `assign=True` to assign items in the state dictionary to their corresponding key in the module instead of copying them in place?)
  warnings.warn(f'for {key}: copying from a non-meta parameter in the checkpoint to a meta '
/data/takhyun03/anaconda3/envs/lmms_llavavideo/lib/python3.11/site-packages/torch/nn/modules/module.py:2025: UserWarning: for vision_model.encoder.layers.16.mlp.fc2.bias: copying from a non-meta parameter in the checkpoint to a meta parameter in the current model, which is a no-op. (Did you mean to pass `assign=True` to assign items in the state dictionary to their corresponding key in the module instead of copying them in place?)
  warnings.warn(f'for {key}: copying from a non-meta parameter in the checkpoint to a meta '
/data/takhyun03/anaconda3/envs/lmms_llavavideo/lib/python3.11/site-packages/torch/nn/modules/module.py:2025: UserWarning: for vision_model.encoder.layers.16.layer_norm2.weight: copying from a non-meta parameter in the checkpoint to a meta parameter in the current model, which is a no-op. (Did you mean to pass `assign=True` to assign items in the state dictionary to their corresponding key in the module instead of copying them in place?)
  warnings.warn(f'for {key}: copying from a non-meta parameter in the checkpoint to a meta '
/data/takhyun03/anaconda3/envs/lmms_llavavideo/lib/python3.11/site-packages/torch/nn/modules/module.py:2025: UserWarning: for vision_model.encoder.layers.16.layer_norm2.bias: copying from a non-meta parameter in the checkpoint to a meta parameter in the current model, which is a no-op. (Did you mean to pass `assign=True` to assign items in the state dictionary to their corresponding key in the module instead of copying them in place?)
  warnings.warn(f'for {key}: copying from a non-meta parameter in the checkpoint to a meta '
/data/takhyun03/anaconda3/envs/lmms_llavavideo/lib/python3.11/site-packages/torch/nn/modules/module.py:2025: UserWarning: for vision_model.encoder.layers.17.self_attn.k_proj.weight: copying from a non-meta parameter in the checkpoint to a meta parameter in the current model, which is a no-op. (Did you mean to pass `assign=True` to assign items in the state dictionary to their corresponding key in the module instead of copying them in place?)
  warnings.warn(f'for {key}: copying from a non-meta parameter in the checkpoint to a meta '
/data/takhyun03/anaconda3/envs/lmms_llavavideo/lib/python3.11/site-packages/torch/nn/modules/module.py:2025: UserWarning: for vision_model.encoder.layers.17.self_attn.k_proj.bias: copying from a non-meta parameter in the checkpoint to a meta parameter in the current model, which is a no-op. (Did you mean to pass `assign=True` to assign items in the state dictionary to their corresponding key in the module instead of copying them in place?)
  warnings.warn(f'for {key}: copying from a non-meta parameter in the checkpoint to a meta '
/data/takhyun03/anaconda3/envs/lmms_llavavideo/lib/python3.11/site-packages/torch/nn/modules/module.py:2025: UserWarning: for vision_model.encoder.layers.17.self_attn.v_proj.weight: copying from a non-meta parameter in the checkpoint to a meta parameter in the current model, which is a no-op. (Did you mean to pass `assign=True` to assign items in the state dictionary to their corresponding key in the module instead of copying them in place?)
  warnings.warn(f'for {key}: copying from a non-meta parameter in the checkpoint to a meta '
/data/takhyun03/anaconda3/envs/lmms_llavavideo/lib/python3.11/site-packages/torch/nn/modules/module.py:2025: UserWarning: for vision_model.encoder.layers.17.self_attn.v_proj.bias: copying from a non-meta parameter in the checkpoint to a meta parameter in the current model, which is a no-op. (Did you mean to pass `assign=True` to assign items in the state dictionary to their corresponding key in the module instead of copying them in place?)
  warnings.warn(f'for {key}: copying from a non-meta parameter in the checkpoint to a meta '
/data/takhyun03/anaconda3/envs/lmms_llavavideo/lib/python3.11/site-packages/torch/nn/modules/module.py:2025: UserWarning: for vision_model.encoder.layers.17.self_attn.q_proj.weight: copying from a non-meta parameter in the checkpoint to a meta parameter in the current model, which is a no-op. (Did you mean to pass `assign=True` to assign items in the state dictionary to their corresponding key in the module instead of copying them in place?)
  warnings.warn(f'for {key}: copying from a non-meta parameter in the checkpoint to a meta '
/data/takhyun03/anaconda3/envs/lmms_llavavideo/lib/python3.11/site-packages/torch/nn/modules/module.py:2025: UserWarning: for vision_model.encoder.layers.17.self_attn.q_proj.bias: copying from a non-meta parameter in the checkpoint to a meta parameter in the current model, which is a no-op. (Did you mean to pass `assign=True` to assign items in the state dictionary to their corresponding key in the module instead of copying them in place?)
  warnings.warn(f'for {key}: copying from a non-meta parameter in the checkpoint to a meta '
/data/takhyun03/anaconda3/envs/lmms_llavavideo/lib/python3.11/site-packages/torch/nn/modules/module.py:2025: UserWarning: for vision_model.encoder.layers.17.self_attn.out_proj.weight: copying from a non-meta parameter in the checkpoint to a meta parameter in the current model, which is a no-op. (Did you mean to pass `assign=True` to assign items in the state dictionary to their corresponding key in the module instead of copying them in place?)
  warnings.warn(f'for {key}: copying from a non-meta parameter in the checkpoint to a meta '
/data/takhyun03/anaconda3/envs/lmms_llavavideo/lib/python3.11/site-packages/torch/nn/modules/module.py:2025: UserWarning: for vision_model.encoder.layers.17.self_attn.out_proj.bias: copying from a non-meta parameter in the checkpoint to a meta parameter in the current model, which is a no-op. (Did you mean to pass `assign=True` to assign items in the state dictionary to their corresponding key in the module instead of copying them in place?)
  warnings.warn(f'for {key}: copying from a non-meta parameter in the checkpoint to a meta '
/data/takhyun03/anaconda3/envs/lmms_llavavideo/lib/python3.11/site-packages/torch/nn/modules/module.py:2025: UserWarning: for vision_model.encoder.layers.17.layer_norm1.weight: copying from a non-meta parameter in the checkpoint to a meta parameter in the current model, which is a no-op. (Did you mean to pass `assign=True` to assign items in the state dictionary to their corresponding key in the module instead of copying them in place?)
  warnings.warn(f'for {key}: copying from a non-meta parameter in the checkpoint to a meta '
/data/takhyun03/anaconda3/envs/lmms_llavavideo/lib/python3.11/site-packages/torch/nn/modules/module.py:2025: UserWarning: for vision_model.encoder.layers.17.layer_norm1.bias: copying from a non-meta parameter in the checkpoint to a meta parameter in the current model, which is a no-op. (Did you mean to pass `assign=True` to assign items in the state dictionary to their corresponding key in the module instead of copying them in place?)
  warnings.warn(f'for {key}: copying from a non-meta parameter in the checkpoint to a meta '
/data/takhyun03/anaconda3/envs/lmms_llavavideo/lib/python3.11/site-packages/torch/nn/modules/module.py:2025: UserWarning: for vision_model.encoder.layers.17.mlp.fc1.weight: copying from a non-meta parameter in the checkpoint to a meta parameter in the current model, which is a no-op. (Did you mean to pass `assign=True` to assign items in the state dictionary to their corresponding key in the module instead of copying them in place?)
  warnings.warn(f'for {key}: copying from a non-meta parameter in the checkpoint to a meta '
/data/takhyun03/anaconda3/envs/lmms_llavavideo/lib/python3.11/site-packages/torch/nn/modules/module.py:2025: UserWarning: for vision_model.encoder.layers.17.mlp.fc1.bias: copying from a non-meta parameter in the checkpoint to a meta parameter in the current model, which is a no-op. (Did you mean to pass `assign=True` to assign items in the state dictionary to their corresponding key in the module instead of copying them in place?)
  warnings.warn(f'for {key}: copying from a non-meta parameter in the checkpoint to a meta '
/data/takhyun03/anaconda3/envs/lmms_llavavideo/lib/python3.11/site-packages/torch/nn/modules/module.py:2025: UserWarning: for vision_model.encoder.layers.17.mlp.fc2.weight: copying from a non-meta parameter in the checkpoint to a meta parameter in the current model, which is a no-op. (Did you mean to pass `assign=True` to assign items in the state dictionary to their corresponding key in the module instead of copying them in place?)
  warnings.warn(f'for {key}: copying from a non-meta parameter in the checkpoint to a meta '
/data/takhyun03/anaconda3/envs/lmms_llavavideo/lib/python3.11/site-packages/torch/nn/modules/module.py:2025: UserWarning: for vision_model.encoder.layers.17.mlp.fc2.bias: copying from a non-meta parameter in the checkpoint to a meta parameter in the current model, which is a no-op. (Did you mean to pass `assign=True` to assign items in the state dictionary to their corresponding key in the module instead of copying them in place?)
  warnings.warn(f'for {key}: copying from a non-meta parameter in the checkpoint to a meta '
/data/takhyun03/anaconda3/envs/lmms_llavavideo/lib/python3.11/site-packages/torch/nn/modules/module.py:2025: UserWarning: for vision_model.encoder.layers.17.layer_norm2.weight: copying from a non-meta parameter in the checkpoint to a meta parameter in the current model, which is a no-op. (Did you mean to pass `assign=True` to assign items in the state dictionary to their corresponding key in the module instead of copying them in place?)
  warnings.warn(f'for {key}: copying from a non-meta parameter in the checkpoint to a meta '
/data/takhyun03/anaconda3/envs/lmms_llavavideo/lib/python3.11/site-packages/torch/nn/modules/module.py:2025: UserWarning: for vision_model.encoder.layers.17.layer_norm2.bias: copying from a non-meta parameter in the checkpoint to a meta parameter in the current model, which is a no-op. (Did you mean to pass `assign=True` to assign items in the state dictionary to their corresponding key in the module instead of copying them in place?)
  warnings.warn(f'for {key}: copying from a non-meta parameter in the checkpoint to a meta '
/data/takhyun03/anaconda3/envs/lmms_llavavideo/lib/python3.11/site-packages/torch/nn/modules/module.py:2025: UserWarning: for vision_model.encoder.layers.18.self_attn.k_proj.weight: copying from a non-meta parameter in the checkpoint to a meta parameter in the current model, which is a no-op. (Did you mean to pass `assign=True` to assign items in the state dictionary to their corresponding key in the module instead of copying them in place?)
  warnings.warn(f'for {key}: copying from a non-meta parameter in the checkpoint to a meta '
/data/takhyun03/anaconda3/envs/lmms_llavavideo/lib/python3.11/site-packages/torch/nn/modules/module.py:2025: UserWarning: for vision_model.encoder.layers.18.self_attn.k_proj.bias: copying from a non-meta parameter in the checkpoint to a meta parameter in the current model, which is a no-op. (Did you mean to pass `assign=True` to assign items in the state dictionary to their corresponding key in the module instead of copying them in place?)
  warnings.warn(f'for {key}: copying from a non-meta parameter in the checkpoint to a meta '
/data/takhyun03/anaconda3/envs/lmms_llavavideo/lib/python3.11/site-packages/torch/nn/modules/module.py:2025: UserWarning: for vision_model.encoder.layers.18.self_attn.v_proj.weight: copying from a non-meta parameter in the checkpoint to a meta parameter in the current model, which is a no-op. (Did you mean to pass `assign=True` to assign items in the state dictionary to their corresponding key in the module instead of copying them in place?)
  warnings.warn(f'for {key}: copying from a non-meta parameter in the checkpoint to a meta '
/data/takhyun03/anaconda3/envs/lmms_llavavideo/lib/python3.11/site-packages/torch/nn/modules/module.py:2025: UserWarning: for vision_model.encoder.layers.18.self_attn.v_proj.bias: copying from a non-meta parameter in the checkpoint to a meta parameter in the current model, which is a no-op. (Did you mean to pass `assign=True` to assign items in the state dictionary to their corresponding key in the module instead of copying them in place?)
  warnings.warn(f'for {key}: copying from a non-meta parameter in the checkpoint to a meta '
/data/takhyun03/anaconda3/envs/lmms_llavavideo/lib/python3.11/site-packages/torch/nn/modules/module.py:2025: UserWarning: for vision_model.encoder.layers.18.self_attn.q_proj.weight: copying from a non-meta parameter in the checkpoint to a meta parameter in the current model, which is a no-op. (Did you mean to pass `assign=True` to assign items in the state dictionary to their corresponding key in the module instead of copying them in place?)
  warnings.warn(f'for {key}: copying from a non-meta parameter in the checkpoint to a meta '
/data/takhyun03/anaconda3/envs/lmms_llavavideo/lib/python3.11/site-packages/torch/nn/modules/module.py:2025: UserWarning: for vision_model.encoder.layers.18.self_attn.q_proj.bias: copying from a non-meta parameter in the checkpoint to a meta parameter in the current model, which is a no-op. (Did you mean to pass `assign=True` to assign items in the state dictionary to their corresponding key in the module instead of copying them in place?)
  warnings.warn(f'for {key}: copying from a non-meta parameter in the checkpoint to a meta '
/data/takhyun03/anaconda3/envs/lmms_llavavideo/lib/python3.11/site-packages/torch/nn/modules/module.py:2025: UserWarning: for vision_model.encoder.layers.18.self_attn.out_proj.weight: copying from a non-meta parameter in the checkpoint to a meta parameter in the current model, which is a no-op. (Did you mean to pass `assign=True` to assign items in the state dictionary to their corresponding key in the module instead of copying them in place?)
  warnings.warn(f'for {key}: copying from a non-meta parameter in the checkpoint to a meta '
/data/takhyun03/anaconda3/envs/lmms_llavavideo/lib/python3.11/site-packages/torch/nn/modules/module.py:2025: UserWarning: for vision_model.encoder.layers.18.self_attn.out_proj.bias: copying from a non-meta parameter in the checkpoint to a meta parameter in the current model, which is a no-op. (Did you mean to pass `assign=True` to assign items in the state dictionary to their corresponding key in the module instead of copying them in place?)
  warnings.warn(f'for {key}: copying from a non-meta parameter in the checkpoint to a meta '
/data/takhyun03/anaconda3/envs/lmms_llavavideo/lib/python3.11/site-packages/torch/nn/modules/module.py:2025: UserWarning: for vision_model.encoder.layers.18.layer_norm1.weight: copying from a non-meta parameter in the checkpoint to a meta parameter in the current model, which is a no-op. (Did you mean to pass `assign=True` to assign items in the state dictionary to their corresponding key in the module instead of copying them in place?)
  warnings.warn(f'for {key}: copying from a non-meta parameter in the checkpoint to a meta '
/data/takhyun03/anaconda3/envs/lmms_llavavideo/lib/python3.11/site-packages/torch/nn/modules/module.py:2025: UserWarning: for vision_model.encoder.layers.18.layer_norm1.bias: copying from a non-meta parameter in the checkpoint to a meta parameter in the current model, which is a no-op. (Did you mean to pass `assign=True` to assign items in the state dictionary to their corresponding key in the module instead of copying them in place?)
  warnings.warn(f'for {key}: copying from a non-meta parameter in the checkpoint to a meta '
/data/takhyun03/anaconda3/envs/lmms_llavavideo/lib/python3.11/site-packages/torch/nn/modules/module.py:2025: UserWarning: for vision_model.encoder.layers.18.mlp.fc1.weight: copying from a non-meta parameter in the checkpoint to a meta parameter in the current model, which is a no-op. (Did you mean to pass `assign=True` to assign items in the state dictionary to their corresponding key in the module instead of copying them in place?)
  warnings.warn(f'for {key}: copying from a non-meta parameter in the checkpoint to a meta '
/data/takhyun03/anaconda3/envs/lmms_llavavideo/lib/python3.11/site-packages/torch/nn/modules/module.py:2025: UserWarning: for vision_model.encoder.layers.18.mlp.fc1.bias: copying from a non-meta parameter in the checkpoint to a meta parameter in the current model, which is a no-op. (Did you mean to pass `assign=True` to assign items in the state dictionary to their corresponding key in the module instead of copying them in place?)
  warnings.warn(f'for {key}: copying from a non-meta parameter in the checkpoint to a meta '
/data/takhyun03/anaconda3/envs/lmms_llavavideo/lib/python3.11/site-packages/torch/nn/modules/module.py:2025: UserWarning: for vision_model.encoder.layers.18.mlp.fc2.weight: copying from a non-meta parameter in the checkpoint to a meta parameter in the current model, which is a no-op. (Did you mean to pass `assign=True` to assign items in the state dictionary to their corresponding key in the module instead of copying them in place?)
  warnings.warn(f'for {key}: copying from a non-meta parameter in the checkpoint to a meta '
/data/takhyun03/anaconda3/envs/lmms_llavavideo/lib/python3.11/site-packages/torch/nn/modules/module.py:2025: UserWarning: for vision_model.encoder.layers.18.mlp.fc2.bias: copying from a non-meta parameter in the checkpoint to a meta parameter in the current model, which is a no-op. (Did you mean to pass `assign=True` to assign items in the state dictionary to their corresponding key in the module instead of copying them in place?)
  warnings.warn(f'for {key}: copying from a non-meta parameter in the checkpoint to a meta '
/data/takhyun03/anaconda3/envs/lmms_llavavideo/lib/python3.11/site-packages/torch/nn/modules/module.py:2025: UserWarning: for vision_model.encoder.layers.18.layer_norm2.weight: copying from a non-meta parameter in the checkpoint to a meta parameter in the current model, which is a no-op. (Did you mean to pass `assign=True` to assign items in the state dictionary to their corresponding key in the module instead of copying them in place?)
  warnings.warn(f'for {key}: copying from a non-meta parameter in the checkpoint to a meta '
/data/takhyun03/anaconda3/envs/lmms_llavavideo/lib/python3.11/site-packages/torch/nn/modules/module.py:2025: UserWarning: for vision_model.encoder.layers.18.layer_norm2.bias: copying from a non-meta parameter in the checkpoint to a meta parameter in the current model, which is a no-op. (Did you mean to pass `assign=True` to assign items in the state dictionary to their corresponding key in the module instead of copying them in place?)
  warnings.warn(f'for {key}: copying from a non-meta parameter in the checkpoint to a meta '
/data/takhyun03/anaconda3/envs/lmms_llavavideo/lib/python3.11/site-packages/torch/nn/modules/module.py:2025: UserWarning: for vision_model.encoder.layers.19.self_attn.k_proj.weight: copying from a non-meta parameter in the checkpoint to a meta parameter in the current model, which is a no-op. (Did you mean to pass `assign=True` to assign items in the state dictionary to their corresponding key in the module instead of copying them in place?)
  warnings.warn(f'for {key}: copying from a non-meta parameter in the checkpoint to a meta '
/data/takhyun03/anaconda3/envs/lmms_llavavideo/lib/python3.11/site-packages/torch/nn/modules/module.py:2025: UserWarning: for vision_model.encoder.layers.19.self_attn.k_proj.bias: copying from a non-meta parameter in the checkpoint to a meta parameter in the current model, which is a no-op. (Did you mean to pass `assign=True` to assign items in the state dictionary to their corresponding key in the module instead of copying them in place?)
  warnings.warn(f'for {key}: copying from a non-meta parameter in the checkpoint to a meta '
/data/takhyun03/anaconda3/envs/lmms_llavavideo/lib/python3.11/site-packages/torch/nn/modules/module.py:2025: UserWarning: for vision_model.encoder.layers.19.self_attn.v_proj.weight: copying from a non-meta parameter in the checkpoint to a meta parameter in the current model, which is a no-op. (Did you mean to pass `assign=True` to assign items in the state dictionary to their corresponding key in the module instead of copying them in place?)
  warnings.warn(f'for {key}: copying from a non-meta parameter in the checkpoint to a meta '
/data/takhyun03/anaconda3/envs/lmms_llavavideo/lib/python3.11/site-packages/torch/nn/modules/module.py:2025: UserWarning: for vision_model.encoder.layers.19.self_attn.v_proj.bias: copying from a non-meta parameter in the checkpoint to a meta parameter in the current model, which is a no-op. (Did you mean to pass `assign=True` to assign items in the state dictionary to their corresponding key in the module instead of copying them in place?)
  warnings.warn(f'for {key}: copying from a non-meta parameter in the checkpoint to a meta '
/data/takhyun03/anaconda3/envs/lmms_llavavideo/lib/python3.11/site-packages/torch/nn/modules/module.py:2025: UserWarning: for vision_model.encoder.layers.19.self_attn.q_proj.weight: copying from a non-meta parameter in the checkpoint to a meta parameter in the current model, which is a no-op. (Did you mean to pass `assign=True` to assign items in the state dictionary to their corresponding key in the module instead of copying them in place?)
  warnings.warn(f'for {key}: copying from a non-meta parameter in the checkpoint to a meta '
/data/takhyun03/anaconda3/envs/lmms_llavavideo/lib/python3.11/site-packages/torch/nn/modules/module.py:2025: UserWarning: for vision_model.encoder.layers.19.self_attn.q_proj.bias: copying from a non-meta parameter in the checkpoint to a meta parameter in the current model, which is a no-op. (Did you mean to pass `assign=True` to assign items in the state dictionary to their corresponding key in the module instead of copying them in place?)
  warnings.warn(f'for {key}: copying from a non-meta parameter in the checkpoint to a meta '
/data/takhyun03/anaconda3/envs/lmms_llavavideo/lib/python3.11/site-packages/torch/nn/modules/module.py:2025: UserWarning: for vision_model.encoder.layers.19.self_attn.out_proj.weight: copying from a non-meta parameter in the checkpoint to a meta parameter in the current model, which is a no-op. (Did you mean to pass `assign=True` to assign items in the state dictionary to their corresponding key in the module instead of copying them in place?)
  warnings.warn(f'for {key}: copying from a non-meta parameter in the checkpoint to a meta '
/data/takhyun03/anaconda3/envs/lmms_llavavideo/lib/python3.11/site-packages/torch/nn/modules/module.py:2025: UserWarning: for vision_model.encoder.layers.19.self_attn.out_proj.bias: copying from a non-meta parameter in the checkpoint to a meta parameter in the current model, which is a no-op. (Did you mean to pass `assign=True` to assign items in the state dictionary to their corresponding key in the module instead of copying them in place?)
  warnings.warn(f'for {key}: copying from a non-meta parameter in the checkpoint to a meta '
/data/takhyun03/anaconda3/envs/lmms_llavavideo/lib/python3.11/site-packages/torch/nn/modules/module.py:2025: UserWarning: for vision_model.encoder.layers.19.layer_norm1.weight: copying from a non-meta parameter in the checkpoint to a meta parameter in the current model, which is a no-op. (Did you mean to pass `assign=True` to assign items in the state dictionary to their corresponding key in the module instead of copying them in place?)
  warnings.warn(f'for {key}: copying from a non-meta parameter in the checkpoint to a meta '
/data/takhyun03/anaconda3/envs/lmms_llavavideo/lib/python3.11/site-packages/torch/nn/modules/module.py:2025: UserWarning: for vision_model.encoder.layers.19.layer_norm1.bias: copying from a non-meta parameter in the checkpoint to a meta parameter in the current model, which is a no-op. (Did you mean to pass `assign=True` to assign items in the state dictionary to their corresponding key in the module instead of copying them in place?)
  warnings.warn(f'for {key}: copying from a non-meta parameter in the checkpoint to a meta '
/data/takhyun03/anaconda3/envs/lmms_llavavideo/lib/python3.11/site-packages/torch/nn/modules/module.py:2025: UserWarning: for vision_model.encoder.layers.19.mlp.fc1.weight: copying from a non-meta parameter in the checkpoint to a meta parameter in the current model, which is a no-op. (Did you mean to pass `assign=True` to assign items in the state dictionary to their corresponding key in the module instead of copying them in place?)
  warnings.warn(f'for {key}: copying from a non-meta parameter in the checkpoint to a meta '
/data/takhyun03/anaconda3/envs/lmms_llavavideo/lib/python3.11/site-packages/torch/nn/modules/module.py:2025: UserWarning: for vision_model.encoder.layers.19.mlp.fc1.bias: copying from a non-meta parameter in the checkpoint to a meta parameter in the current model, which is a no-op. (Did you mean to pass `assign=True` to assign items in the state dictionary to their corresponding key in the module instead of copying them in place?)
  warnings.warn(f'for {key}: copying from a non-meta parameter in the checkpoint to a meta '
/data/takhyun03/anaconda3/envs/lmms_llavavideo/lib/python3.11/site-packages/torch/nn/modules/module.py:2025: UserWarning: for vision_model.encoder.layers.19.mlp.fc2.weight: copying from a non-meta parameter in the checkpoint to a meta parameter in the current model, which is a no-op. (Did you mean to pass `assign=True` to assign items in the state dictionary to their corresponding key in the module instead of copying them in place?)
  warnings.warn(f'for {key}: copying from a non-meta parameter in the checkpoint to a meta '
/data/takhyun03/anaconda3/envs/lmms_llavavideo/lib/python3.11/site-packages/torch/nn/modules/module.py:2025: UserWarning: for vision_model.encoder.layers.19.mlp.fc2.bias: copying from a non-meta parameter in the checkpoint to a meta parameter in the current model, which is a no-op. (Did you mean to pass `assign=True` to assign items in the state dictionary to their corresponding key in the module instead of copying them in place?)
  warnings.warn(f'for {key}: copying from a non-meta parameter in the checkpoint to a meta '
/data/takhyun03/anaconda3/envs/lmms_llavavideo/lib/python3.11/site-packages/torch/nn/modules/module.py:2025: UserWarning: for vision_model.encoder.layers.19.layer_norm2.weight: copying from a non-meta parameter in the checkpoint to a meta parameter in the current model, which is a no-op. (Did you mean to pass `assign=True` to assign items in the state dictionary to their corresponding key in the module instead of copying them in place?)
  warnings.warn(f'for {key}: copying from a non-meta parameter in the checkpoint to a meta '
/data/takhyun03/anaconda3/envs/lmms_llavavideo/lib/python3.11/site-packages/torch/nn/modules/module.py:2025: UserWarning: for vision_model.encoder.layers.19.layer_norm2.bias: copying from a non-meta parameter in the checkpoint to a meta parameter in the current model, which is a no-op. (Did you mean to pass `assign=True` to assign items in the state dictionary to their corresponding key in the module instead of copying them in place?)
  warnings.warn(f'for {key}: copying from a non-meta parameter in the checkpoint to a meta '
/data/takhyun03/anaconda3/envs/lmms_llavavideo/lib/python3.11/site-packages/torch/nn/modules/module.py:2025: UserWarning: for vision_model.encoder.layers.20.self_attn.k_proj.weight: copying from a non-meta parameter in the checkpoint to a meta parameter in the current model, which is a no-op. (Did you mean to pass `assign=True` to assign items in the state dictionary to their corresponding key in the module instead of copying them in place?)
  warnings.warn(f'for {key}: copying from a non-meta parameter in the checkpoint to a meta '
/data/takhyun03/anaconda3/envs/lmms_llavavideo/lib/python3.11/site-packages/torch/nn/modules/module.py:2025: UserWarning: for vision_model.encoder.layers.20.self_attn.k_proj.bias: copying from a non-meta parameter in the checkpoint to a meta parameter in the current model, which is a no-op. (Did you mean to pass `assign=True` to assign items in the state dictionary to their corresponding key in the module instead of copying them in place?)
  warnings.warn(f'for {key}: copying from a non-meta parameter in the checkpoint to a meta '
/data/takhyun03/anaconda3/envs/lmms_llavavideo/lib/python3.11/site-packages/torch/nn/modules/module.py:2025: UserWarning: for vision_model.encoder.layers.20.self_attn.v_proj.weight: copying from a non-meta parameter in the checkpoint to a meta parameter in the current model, which is a no-op. (Did you mean to pass `assign=True` to assign items in the state dictionary to their corresponding key in the module instead of copying them in place?)
  warnings.warn(f'for {key}: copying from a non-meta parameter in the checkpoint to a meta '
/data/takhyun03/anaconda3/envs/lmms_llavavideo/lib/python3.11/site-packages/torch/nn/modules/module.py:2025: UserWarning: for vision_model.encoder.layers.20.self_attn.v_proj.bias: copying from a non-meta parameter in the checkpoint to a meta parameter in the current model, which is a no-op. (Did you mean to pass `assign=True` to assign items in the state dictionary to their corresponding key in the module instead of copying them in place?)
  warnings.warn(f'for {key}: copying from a non-meta parameter in the checkpoint to a meta '
/data/takhyun03/anaconda3/envs/lmms_llavavideo/lib/python3.11/site-packages/torch/nn/modules/module.py:2025: UserWarning: for vision_model.encoder.layers.20.self_attn.q_proj.weight: copying from a non-meta parameter in the checkpoint to a meta parameter in the current model, which is a no-op. (Did you mean to pass `assign=True` to assign items in the state dictionary to their corresponding key in the module instead of copying them in place?)
  warnings.warn(f'for {key}: copying from a non-meta parameter in the checkpoint to a meta '
/data/takhyun03/anaconda3/envs/lmms_llavavideo/lib/python3.11/site-packages/torch/nn/modules/module.py:2025: UserWarning: for vision_model.encoder.layers.20.self_attn.q_proj.bias: copying from a non-meta parameter in the checkpoint to a meta parameter in the current model, which is a no-op. (Did you mean to pass `assign=True` to assign items in the state dictionary to their corresponding key in the module instead of copying them in place?)
  warnings.warn(f'for {key}: copying from a non-meta parameter in the checkpoint to a meta '
/data/takhyun03/anaconda3/envs/lmms_llavavideo/lib/python3.11/site-packages/torch/nn/modules/module.py:2025: UserWarning: for vision_model.encoder.layers.20.self_attn.out_proj.weight: copying from a non-meta parameter in the checkpoint to a meta parameter in the current model, which is a no-op. (Did you mean to pass `assign=True` to assign items in the state dictionary to their corresponding key in the module instead of copying them in place?)
  warnings.warn(f'for {key}: copying from a non-meta parameter in the checkpoint to a meta '
/data/takhyun03/anaconda3/envs/lmms_llavavideo/lib/python3.11/site-packages/torch/nn/modules/module.py:2025: UserWarning: for vision_model.encoder.layers.20.self_attn.out_proj.bias: copying from a non-meta parameter in the checkpoint to a meta parameter in the current model, which is a no-op. (Did you mean to pass `assign=True` to assign items in the state dictionary to their corresponding key in the module instead of copying them in place?)
  warnings.warn(f'for {key}: copying from a non-meta parameter in the checkpoint to a meta '
/data/takhyun03/anaconda3/envs/lmms_llavavideo/lib/python3.11/site-packages/torch/nn/modules/module.py:2025: UserWarning: for vision_model.encoder.layers.20.layer_norm1.weight: copying from a non-meta parameter in the checkpoint to a meta parameter in the current model, which is a no-op. (Did you mean to pass `assign=True` to assign items in the state dictionary to their corresponding key in the module instead of copying them in place?)
  warnings.warn(f'for {key}: copying from a non-meta parameter in the checkpoint to a meta '
/data/takhyun03/anaconda3/envs/lmms_llavavideo/lib/python3.11/site-packages/torch/nn/modules/module.py:2025: UserWarning: for vision_model.encoder.layers.20.layer_norm1.bias: copying from a non-meta parameter in the checkpoint to a meta parameter in the current model, which is a no-op. (Did you mean to pass `assign=True` to assign items in the state dictionary to their corresponding key in the module instead of copying them in place?)
  warnings.warn(f'for {key}: copying from a non-meta parameter in the checkpoint to a meta '
/data/takhyun03/anaconda3/envs/lmms_llavavideo/lib/python3.11/site-packages/torch/nn/modules/module.py:2025: UserWarning: for vision_model.encoder.layers.20.mlp.fc1.weight: copying from a non-meta parameter in the checkpoint to a meta parameter in the current model, which is a no-op. (Did you mean to pass `assign=True` to assign items in the state dictionary to their corresponding key in the module instead of copying them in place?)
  warnings.warn(f'for {key}: copying from a non-meta parameter in the checkpoint to a meta '
/data/takhyun03/anaconda3/envs/lmms_llavavideo/lib/python3.11/site-packages/torch/nn/modules/module.py:2025: UserWarning: for vision_model.encoder.layers.20.mlp.fc1.bias: copying from a non-meta parameter in the checkpoint to a meta parameter in the current model, which is a no-op. (Did you mean to pass `assign=True` to assign items in the state dictionary to their corresponding key in the module instead of copying them in place?)
  warnings.warn(f'for {key}: copying from a non-meta parameter in the checkpoint to a meta '
/data/takhyun03/anaconda3/envs/lmms_llavavideo/lib/python3.11/site-packages/torch/nn/modules/module.py:2025: UserWarning: for vision_model.encoder.layers.20.mlp.fc2.weight: copying from a non-meta parameter in the checkpoint to a meta parameter in the current model, which is a no-op. (Did you mean to pass `assign=True` to assign items in the state dictionary to their corresponding key in the module instead of copying them in place?)
  warnings.warn(f'for {key}: copying from a non-meta parameter in the checkpoint to a meta '
/data/takhyun03/anaconda3/envs/lmms_llavavideo/lib/python3.11/site-packages/torch/nn/modules/module.py:2025: UserWarning: for vision_model.encoder.layers.20.mlp.fc2.bias: copying from a non-meta parameter in the checkpoint to a meta parameter in the current model, which is a no-op. (Did you mean to pass `assign=True` to assign items in the state dictionary to their corresponding key in the module instead of copying them in place?)
  warnings.warn(f'for {key}: copying from a non-meta parameter in the checkpoint to a meta '
/data/takhyun03/anaconda3/envs/lmms_llavavideo/lib/python3.11/site-packages/torch/nn/modules/module.py:2025: UserWarning: for vision_model.encoder.layers.20.layer_norm2.weight: copying from a non-meta parameter in the checkpoint to a meta parameter in the current model, which is a no-op. (Did you mean to pass `assign=True` to assign items in the state dictionary to their corresponding key in the module instead of copying them in place?)
  warnings.warn(f'for {key}: copying from a non-meta parameter in the checkpoint to a meta '
/data/takhyun03/anaconda3/envs/lmms_llavavideo/lib/python3.11/site-packages/torch/nn/modules/module.py:2025: UserWarning: for vision_model.encoder.layers.20.layer_norm2.bias: copying from a non-meta parameter in the checkpoint to a meta parameter in the current model, which is a no-op. (Did you mean to pass `assign=True` to assign items in the state dictionary to their corresponding key in the module instead of copying them in place?)
  warnings.warn(f'for {key}: copying from a non-meta parameter in the checkpoint to a meta '
/data/takhyun03/anaconda3/envs/lmms_llavavideo/lib/python3.11/site-packages/torch/nn/modules/module.py:2025: UserWarning: for vision_model.encoder.layers.21.self_attn.k_proj.weight: copying from a non-meta parameter in the checkpoint to a meta parameter in the current model, which is a no-op. (Did you mean to pass `assign=True` to assign items in the state dictionary to their corresponding key in the module instead of copying them in place?)
  warnings.warn(f'for {key}: copying from a non-meta parameter in the checkpoint to a meta '
/data/takhyun03/anaconda3/envs/lmms_llavavideo/lib/python3.11/site-packages/torch/nn/modules/module.py:2025: UserWarning: for vision_model.encoder.layers.21.self_attn.k_proj.bias: copying from a non-meta parameter in the checkpoint to a meta parameter in the current model, which is a no-op. (Did you mean to pass `assign=True` to assign items in the state dictionary to their corresponding key in the module instead of copying them in place?)
  warnings.warn(f'for {key}: copying from a non-meta parameter in the checkpoint to a meta '
/data/takhyun03/anaconda3/envs/lmms_llavavideo/lib/python3.11/site-packages/torch/nn/modules/module.py:2025: UserWarning: for vision_model.encoder.layers.21.self_attn.v_proj.weight: copying from a non-meta parameter in the checkpoint to a meta parameter in the current model, which is a no-op. (Did you mean to pass `assign=True` to assign items in the state dictionary to their corresponding key in the module instead of copying them in place?)
  warnings.warn(f'for {key}: copying from a non-meta parameter in the checkpoint to a meta '
/data/takhyun03/anaconda3/envs/lmms_llavavideo/lib/python3.11/site-packages/torch/nn/modules/module.py:2025: UserWarning: for vision_model.encoder.layers.21.self_attn.v_proj.bias: copying from a non-meta parameter in the checkpoint to a meta parameter in the current model, which is a no-op. (Did you mean to pass `assign=True` to assign items in the state dictionary to their corresponding key in the module instead of copying them in place?)
  warnings.warn(f'for {key}: copying from a non-meta parameter in the checkpoint to a meta '
/data/takhyun03/anaconda3/envs/lmms_llavavideo/lib/python3.11/site-packages/torch/nn/modules/module.py:2025: UserWarning: for vision_model.encoder.layers.21.self_attn.q_proj.weight: copying from a non-meta parameter in the checkpoint to a meta parameter in the current model, which is a no-op. (Did you mean to pass `assign=True` to assign items in the state dictionary to their corresponding key in the module instead of copying them in place?)
  warnings.warn(f'for {key}: copying from a non-meta parameter in the checkpoint to a meta '
/data/takhyun03/anaconda3/envs/lmms_llavavideo/lib/python3.11/site-packages/torch/nn/modules/module.py:2025: UserWarning: for vision_model.encoder.layers.21.self_attn.q_proj.bias: copying from a non-meta parameter in the checkpoint to a meta parameter in the current model, which is a no-op. (Did you mean to pass `assign=True` to assign items in the state dictionary to their corresponding key in the module instead of copying them in place?)
  warnings.warn(f'for {key}: copying from a non-meta parameter in the checkpoint to a meta '
/data/takhyun03/anaconda3/envs/lmms_llavavideo/lib/python3.11/site-packages/torch/nn/modules/module.py:2025: UserWarning: for vision_model.encoder.layers.21.self_attn.out_proj.weight: copying from a non-meta parameter in the checkpoint to a meta parameter in the current model, which is a no-op. (Did you mean to pass `assign=True` to assign items in the state dictionary to their corresponding key in the module instead of copying them in place?)
  warnings.warn(f'for {key}: copying from a non-meta parameter in the checkpoint to a meta '
/data/takhyun03/anaconda3/envs/lmms_llavavideo/lib/python3.11/site-packages/torch/nn/modules/module.py:2025: UserWarning: for vision_model.encoder.layers.21.self_attn.out_proj.bias: copying from a non-meta parameter in the checkpoint to a meta parameter in the current model, which is a no-op. (Did you mean to pass `assign=True` to assign items in the state dictionary to their corresponding key in the module instead of copying them in place?)
  warnings.warn(f'for {key}: copying from a non-meta parameter in the checkpoint to a meta '
/data/takhyun03/anaconda3/envs/lmms_llavavideo/lib/python3.11/site-packages/torch/nn/modules/module.py:2025: UserWarning: for vision_model.encoder.layers.21.layer_norm1.weight: copying from a non-meta parameter in the checkpoint to a meta parameter in the current model, which is a no-op. (Did you mean to pass `assign=True` to assign items in the state dictionary to their corresponding key in the module instead of copying them in place?)
  warnings.warn(f'for {key}: copying from a non-meta parameter in the checkpoint to a meta '
/data/takhyun03/anaconda3/envs/lmms_llavavideo/lib/python3.11/site-packages/torch/nn/modules/module.py:2025: UserWarning: for vision_model.encoder.layers.21.layer_norm1.bias: copying from a non-meta parameter in the checkpoint to a meta parameter in the current model, which is a no-op. (Did you mean to pass `assign=True` to assign items in the state dictionary to their corresponding key in the module instead of copying them in place?)
  warnings.warn(f'for {key}: copying from a non-meta parameter in the checkpoint to a meta '
/data/takhyun03/anaconda3/envs/lmms_llavavideo/lib/python3.11/site-packages/torch/nn/modules/module.py:2025: UserWarning: for vision_model.encoder.layers.21.mlp.fc1.weight: copying from a non-meta parameter in the checkpoint to a meta parameter in the current model, which is a no-op. (Did you mean to pass `assign=True` to assign items in the state dictionary to their corresponding key in the module instead of copying them in place?)
  warnings.warn(f'for {key}: copying from a non-meta parameter in the checkpoint to a meta '
/data/takhyun03/anaconda3/envs/lmms_llavavideo/lib/python3.11/site-packages/torch/nn/modules/module.py:2025: UserWarning: for vision_model.encoder.layers.21.mlp.fc1.bias: copying from a non-meta parameter in the checkpoint to a meta parameter in the current model, which is a no-op. (Did you mean to pass `assign=True` to assign items in the state dictionary to their corresponding key in the module instead of copying them in place?)
  warnings.warn(f'for {key}: copying from a non-meta parameter in the checkpoint to a meta '
/data/takhyun03/anaconda3/envs/lmms_llavavideo/lib/python3.11/site-packages/torch/nn/modules/module.py:2025: UserWarning: for vision_model.encoder.layers.21.mlp.fc2.weight: copying from a non-meta parameter in the checkpoint to a meta parameter in the current model, which is a no-op. (Did you mean to pass `assign=True` to assign items in the state dictionary to their corresponding key in the module instead of copying them in place?)
  warnings.warn(f'for {key}: copying from a non-meta parameter in the checkpoint to a meta '
/data/takhyun03/anaconda3/envs/lmms_llavavideo/lib/python3.11/site-packages/torch/nn/modules/module.py:2025: UserWarning: for vision_model.encoder.layers.21.mlp.fc2.bias: copying from a non-meta parameter in the checkpoint to a meta parameter in the current model, which is a no-op. (Did you mean to pass `assign=True` to assign items in the state dictionary to their corresponding key in the module instead of copying them in place?)
  warnings.warn(f'for {key}: copying from a non-meta parameter in the checkpoint to a meta '
/data/takhyun03/anaconda3/envs/lmms_llavavideo/lib/python3.11/site-packages/torch/nn/modules/module.py:2025: UserWarning: for vision_model.encoder.layers.21.layer_norm2.weight: copying from a non-meta parameter in the checkpoint to a meta parameter in the current model, which is a no-op. (Did you mean to pass `assign=True` to assign items in the state dictionary to their corresponding key in the module instead of copying them in place?)
  warnings.warn(f'for {key}: copying from a non-meta parameter in the checkpoint to a meta '
/data/takhyun03/anaconda3/envs/lmms_llavavideo/lib/python3.11/site-packages/torch/nn/modules/module.py:2025: UserWarning: for vision_model.encoder.layers.21.layer_norm2.bias: copying from a non-meta parameter in the checkpoint to a meta parameter in the current model, which is a no-op. (Did you mean to pass `assign=True` to assign items in the state dictionary to their corresponding key in the module instead of copying them in place?)
  warnings.warn(f'for {key}: copying from a non-meta parameter in the checkpoint to a meta '
/data/takhyun03/anaconda3/envs/lmms_llavavideo/lib/python3.11/site-packages/torch/nn/modules/module.py:2025: UserWarning: for vision_model.encoder.layers.22.self_attn.k_proj.weight: copying from a non-meta parameter in the checkpoint to a meta parameter in the current model, which is a no-op. (Did you mean to pass `assign=True` to assign items in the state dictionary to their corresponding key in the module instead of copying them in place?)
  warnings.warn(f'for {key}: copying from a non-meta parameter in the checkpoint to a meta '
/data/takhyun03/anaconda3/envs/lmms_llavavideo/lib/python3.11/site-packages/torch/nn/modules/module.py:2025: UserWarning: for vision_model.encoder.layers.22.self_attn.k_proj.bias: copying from a non-meta parameter in the checkpoint to a meta parameter in the current model, which is a no-op. (Did you mean to pass `assign=True` to assign items in the state dictionary to their corresponding key in the module instead of copying them in place?)
  warnings.warn(f'for {key}: copying from a non-meta parameter in the checkpoint to a meta '
/data/takhyun03/anaconda3/envs/lmms_llavavideo/lib/python3.11/site-packages/torch/nn/modules/module.py:2025: UserWarning: for vision_model.encoder.layers.22.self_attn.v_proj.weight: copying from a non-meta parameter in the checkpoint to a meta parameter in the current model, which is a no-op. (Did you mean to pass `assign=True` to assign items in the state dictionary to their corresponding key in the module instead of copying them in place?)
  warnings.warn(f'for {key}: copying from a non-meta parameter in the checkpoint to a meta '
/data/takhyun03/anaconda3/envs/lmms_llavavideo/lib/python3.11/site-packages/torch/nn/modules/module.py:2025: UserWarning: for vision_model.encoder.layers.22.self_attn.v_proj.bias: copying from a non-meta parameter in the checkpoint to a meta parameter in the current model, which is a no-op. (Did you mean to pass `assign=True` to assign items in the state dictionary to their corresponding key in the module instead of copying them in place?)
  warnings.warn(f'for {key}: copying from a non-meta parameter in the checkpoint to a meta '
/data/takhyun03/anaconda3/envs/lmms_llavavideo/lib/python3.11/site-packages/torch/nn/modules/module.py:2025: UserWarning: for vision_model.encoder.layers.22.self_attn.q_proj.weight: copying from a non-meta parameter in the checkpoint to a meta parameter in the current model, which is a no-op. (Did you mean to pass `assign=True` to assign items in the state dictionary to their corresponding key in the module instead of copying them in place?)
  warnings.warn(f'for {key}: copying from a non-meta parameter in the checkpoint to a meta '
/data/takhyun03/anaconda3/envs/lmms_llavavideo/lib/python3.11/site-packages/torch/nn/modules/module.py:2025: UserWarning: for vision_model.encoder.layers.22.self_attn.q_proj.bias: copying from a non-meta parameter in the checkpoint to a meta parameter in the current model, which is a no-op. (Did you mean to pass `assign=True` to assign items in the state dictionary to their corresponding key in the module instead of copying them in place?)
  warnings.warn(f'for {key}: copying from a non-meta parameter in the checkpoint to a meta '
/data/takhyun03/anaconda3/envs/lmms_llavavideo/lib/python3.11/site-packages/torch/nn/modules/module.py:2025: UserWarning: for vision_model.encoder.layers.22.self_attn.out_proj.weight: copying from a non-meta parameter in the checkpoint to a meta parameter in the current model, which is a no-op. (Did you mean to pass `assign=True` to assign items in the state dictionary to their corresponding key in the module instead of copying them in place?)
  warnings.warn(f'for {key}: copying from a non-meta parameter in the checkpoint to a meta '
/data/takhyun03/anaconda3/envs/lmms_llavavideo/lib/python3.11/site-packages/torch/nn/modules/module.py:2025: UserWarning: for vision_model.encoder.layers.22.self_attn.out_proj.bias: copying from a non-meta parameter in the checkpoint to a meta parameter in the current model, which is a no-op. (Did you mean to pass `assign=True` to assign items in the state dictionary to their corresponding key in the module instead of copying them in place?)
  warnings.warn(f'for {key}: copying from a non-meta parameter in the checkpoint to a meta '
/data/takhyun03/anaconda3/envs/lmms_llavavideo/lib/python3.11/site-packages/torch/nn/modules/module.py:2025: UserWarning: for vision_model.encoder.layers.22.layer_norm1.weight: copying from a non-meta parameter in the checkpoint to a meta parameter in the current model, which is a no-op. (Did you mean to pass `assign=True` to assign items in the state dictionary to their corresponding key in the module instead of copying them in place?)
  warnings.warn(f'for {key}: copying from a non-meta parameter in the checkpoint to a meta '
/data/takhyun03/anaconda3/envs/lmms_llavavideo/lib/python3.11/site-packages/torch/nn/modules/module.py:2025: UserWarning: for vision_model.encoder.layers.22.layer_norm1.bias: copying from a non-meta parameter in the checkpoint to a meta parameter in the current model, which is a no-op. (Did you mean to pass `assign=True` to assign items in the state dictionary to their corresponding key in the module instead of copying them in place?)
  warnings.warn(f'for {key}: copying from a non-meta parameter in the checkpoint to a meta '
/data/takhyun03/anaconda3/envs/lmms_llavavideo/lib/python3.11/site-packages/torch/nn/modules/module.py:2025: UserWarning: for vision_model.encoder.layers.22.mlp.fc1.weight: copying from a non-meta parameter in the checkpoint to a meta parameter in the current model, which is a no-op. (Did you mean to pass `assign=True` to assign items in the state dictionary to their corresponding key in the module instead of copying them in place?)
  warnings.warn(f'for {key}: copying from a non-meta parameter in the checkpoint to a meta '
/data/takhyun03/anaconda3/envs/lmms_llavavideo/lib/python3.11/site-packages/torch/nn/modules/module.py:2025: UserWarning: for vision_model.encoder.layers.22.mlp.fc1.bias: copying from a non-meta parameter in the checkpoint to a meta parameter in the current model, which is a no-op. (Did you mean to pass `assign=True` to assign items in the state dictionary to their corresponding key in the module instead of copying them in place?)
  warnings.warn(f'for {key}: copying from a non-meta parameter in the checkpoint to a meta '
/data/takhyun03/anaconda3/envs/lmms_llavavideo/lib/python3.11/site-packages/torch/nn/modules/module.py:2025: UserWarning: for vision_model.encoder.layers.22.mlp.fc2.weight: copying from a non-meta parameter in the checkpoint to a meta parameter in the current model, which is a no-op. (Did you mean to pass `assign=True` to assign items in the state dictionary to their corresponding key in the module instead of copying them in place?)
  warnings.warn(f'for {key}: copying from a non-meta parameter in the checkpoint to a meta '
/data/takhyun03/anaconda3/envs/lmms_llavavideo/lib/python3.11/site-packages/torch/nn/modules/module.py:2025: UserWarning: for vision_model.encoder.layers.22.mlp.fc2.bias: copying from a non-meta parameter in the checkpoint to a meta parameter in the current model, which is a no-op. (Did you mean to pass `assign=True` to assign items in the state dictionary to their corresponding key in the module instead of copying them in place?)
  warnings.warn(f'for {key}: copying from a non-meta parameter in the checkpoint to a meta '
/data/takhyun03/anaconda3/envs/lmms_llavavideo/lib/python3.11/site-packages/torch/nn/modules/module.py:2025: UserWarning: for vision_model.encoder.layers.22.layer_norm2.weight: copying from a non-meta parameter in the checkpoint to a meta parameter in the current model, which is a no-op. (Did you mean to pass `assign=True` to assign items in the state dictionary to their corresponding key in the module instead of copying them in place?)
  warnings.warn(f'for {key}: copying from a non-meta parameter in the checkpoint to a meta '
/data/takhyun03/anaconda3/envs/lmms_llavavideo/lib/python3.11/site-packages/torch/nn/modules/module.py:2025: UserWarning: for vision_model.encoder.layers.22.layer_norm2.bias: copying from a non-meta parameter in the checkpoint to a meta parameter in the current model, which is a no-op. (Did you mean to pass `assign=True` to assign items in the state dictionary to their corresponding key in the module instead of copying them in place?)
  warnings.warn(f'for {key}: copying from a non-meta parameter in the checkpoint to a meta '
/data/takhyun03/anaconda3/envs/lmms_llavavideo/lib/python3.11/site-packages/torch/nn/modules/module.py:2025: UserWarning: for vision_model.encoder.layers.23.self_attn.k_proj.weight: copying from a non-meta parameter in the checkpoint to a meta parameter in the current model, which is a no-op. (Did you mean to pass `assign=True` to assign items in the state dictionary to their corresponding key in the module instead of copying them in place?)
  warnings.warn(f'for {key}: copying from a non-meta parameter in the checkpoint to a meta '
/data/takhyun03/anaconda3/envs/lmms_llavavideo/lib/python3.11/site-packages/torch/nn/modules/module.py:2025: UserWarning: for vision_model.encoder.layers.23.self_attn.k_proj.bias: copying from a non-meta parameter in the checkpoint to a meta parameter in the current model, which is a no-op. (Did you mean to pass `assign=True` to assign items in the state dictionary to their corresponding key in the module instead of copying them in place?)
  warnings.warn(f'for {key}: copying from a non-meta parameter in the checkpoint to a meta '
/data/takhyun03/anaconda3/envs/lmms_llavavideo/lib/python3.11/site-packages/torch/nn/modules/module.py:2025: UserWarning: for vision_model.encoder.layers.23.self_attn.v_proj.weight: copying from a non-meta parameter in the checkpoint to a meta parameter in the current model, which is a no-op. (Did you mean to pass `assign=True` to assign items in the state dictionary to their corresponding key in the module instead of copying them in place?)
  warnings.warn(f'for {key}: copying from a non-meta parameter in the checkpoint to a meta '
/data/takhyun03/anaconda3/envs/lmms_llavavideo/lib/python3.11/site-packages/torch/nn/modules/module.py:2025: UserWarning: for vision_model.encoder.layers.23.self_attn.v_proj.bias: copying from a non-meta parameter in the checkpoint to a meta parameter in the current model, which is a no-op. (Did you mean to pass `assign=True` to assign items in the state dictionary to their corresponding key in the module instead of copying them in place?)
  warnings.warn(f'for {key}: copying from a non-meta parameter in the checkpoint to a meta '
/data/takhyun03/anaconda3/envs/lmms_llavavideo/lib/python3.11/site-packages/torch/nn/modules/module.py:2025: UserWarning: for vision_model.encoder.layers.23.self_attn.q_proj.weight: copying from a non-meta parameter in the checkpoint to a meta parameter in the current model, which is a no-op. (Did you mean to pass `assign=True` to assign items in the state dictionary to their corresponding key in the module instead of copying them in place?)
  warnings.warn(f'for {key}: copying from a non-meta parameter in the checkpoint to a meta '
/data/takhyun03/anaconda3/envs/lmms_llavavideo/lib/python3.11/site-packages/torch/nn/modules/module.py:2025: UserWarning: for vision_model.encoder.layers.23.self_attn.q_proj.bias: copying from a non-meta parameter in the checkpoint to a meta parameter in the current model, which is a no-op. (Did you mean to pass `assign=True` to assign items in the state dictionary to their corresponding key in the module instead of copying them in place?)
  warnings.warn(f'for {key}: copying from a non-meta parameter in the checkpoint to a meta '
/data/takhyun03/anaconda3/envs/lmms_llavavideo/lib/python3.11/site-packages/torch/nn/modules/module.py:2025: UserWarning: for vision_model.encoder.layers.23.self_attn.out_proj.weight: copying from a non-meta parameter in the checkpoint to a meta parameter in the current model, which is a no-op. (Did you mean to pass `assign=True` to assign items in the state dictionary to their corresponding key in the module instead of copying them in place?)
  warnings.warn(f'for {key}: copying from a non-meta parameter in the checkpoint to a meta '
/data/takhyun03/anaconda3/envs/lmms_llavavideo/lib/python3.11/site-packages/torch/nn/modules/module.py:2025: UserWarning: for vision_model.encoder.layers.23.self_attn.out_proj.bias: copying from a non-meta parameter in the checkpoint to a meta parameter in the current model, which is a no-op. (Did you mean to pass `assign=True` to assign items in the state dictionary to their corresponding key in the module instead of copying them in place?)
  warnings.warn(f'for {key}: copying from a non-meta parameter in the checkpoint to a meta '
/data/takhyun03/anaconda3/envs/lmms_llavavideo/lib/python3.11/site-packages/torch/nn/modules/module.py:2025: UserWarning: for vision_model.encoder.layers.23.layer_norm1.weight: copying from a non-meta parameter in the checkpoint to a meta parameter in the current model, which is a no-op. (Did you mean to pass `assign=True` to assign items in the state dictionary to their corresponding key in the module instead of copying them in place?)
  warnings.warn(f'for {key}: copying from a non-meta parameter in the checkpoint to a meta '
/data/takhyun03/anaconda3/envs/lmms_llavavideo/lib/python3.11/site-packages/torch/nn/modules/module.py:2025: UserWarning: for vision_model.encoder.layers.23.layer_norm1.bias: copying from a non-meta parameter in the checkpoint to a meta parameter in the current model, which is a no-op. (Did you mean to pass `assign=True` to assign items in the state dictionary to their corresponding key in the module instead of copying them in place?)
  warnings.warn(f'for {key}: copying from a non-meta parameter in the checkpoint to a meta '
/data/takhyun03/anaconda3/envs/lmms_llavavideo/lib/python3.11/site-packages/torch/nn/modules/module.py:2025: UserWarning: for vision_model.encoder.layers.23.mlp.fc1.weight: copying from a non-meta parameter in the checkpoint to a meta parameter in the current model, which is a no-op. (Did you mean to pass `assign=True` to assign items in the state dictionary to their corresponding key in the module instead of copying them in place?)
  warnings.warn(f'for {key}: copying from a non-meta parameter in the checkpoint to a meta '
/data/takhyun03/anaconda3/envs/lmms_llavavideo/lib/python3.11/site-packages/torch/nn/modules/module.py:2025: UserWarning: for vision_model.encoder.layers.23.mlp.fc1.bias: copying from a non-meta parameter in the checkpoint to a meta parameter in the current model, which is a no-op. (Did you mean to pass `assign=True` to assign items in the state dictionary to their corresponding key in the module instead of copying them in place?)
  warnings.warn(f'for {key}: copying from a non-meta parameter in the checkpoint to a meta '
/data/takhyun03/anaconda3/envs/lmms_llavavideo/lib/python3.11/site-packages/torch/nn/modules/module.py:2025: UserWarning: for vision_model.encoder.layers.23.mlp.fc2.weight: copying from a non-meta parameter in the checkpoint to a meta parameter in the current model, which is a no-op. (Did you mean to pass `assign=True` to assign items in the state dictionary to their corresponding key in the module instead of copying them in place?)
  warnings.warn(f'for {key}: copying from a non-meta parameter in the checkpoint to a meta '
/data/takhyun03/anaconda3/envs/lmms_llavavideo/lib/python3.11/site-packages/torch/nn/modules/module.py:2025: UserWarning: for vision_model.encoder.layers.23.mlp.fc2.bias: copying from a non-meta parameter in the checkpoint to a meta parameter in the current model, which is a no-op. (Did you mean to pass `assign=True` to assign items in the state dictionary to their corresponding key in the module instead of copying them in place?)
  warnings.warn(f'for {key}: copying from a non-meta parameter in the checkpoint to a meta '
/data/takhyun03/anaconda3/envs/lmms_llavavideo/lib/python3.11/site-packages/torch/nn/modules/module.py:2025: UserWarning: for vision_model.encoder.layers.23.layer_norm2.weight: copying from a non-meta parameter in the checkpoint to a meta parameter in the current model, which is a no-op. (Did you mean to pass `assign=True` to assign items in the state dictionary to their corresponding key in the module instead of copying them in place?)
  warnings.warn(f'for {key}: copying from a non-meta parameter in the checkpoint to a meta '
/data/takhyun03/anaconda3/envs/lmms_llavavideo/lib/python3.11/site-packages/torch/nn/modules/module.py:2025: UserWarning: for vision_model.encoder.layers.23.layer_norm2.bias: copying from a non-meta parameter in the checkpoint to a meta parameter in the current model, which is a no-op. (Did you mean to pass `assign=True` to assign items in the state dictionary to their corresponding key in the module instead of copying them in place?)
  warnings.warn(f'for {key}: copying from a non-meta parameter in the checkpoint to a meta '
/data/takhyun03/anaconda3/envs/lmms_llavavideo/lib/python3.11/site-packages/torch/nn/modules/module.py:2025: UserWarning: for vision_model.encoder.layers.24.self_attn.k_proj.weight: copying from a non-meta parameter in the checkpoint to a meta parameter in the current model, which is a no-op. (Did you mean to pass `assign=True` to assign items in the state dictionary to their corresponding key in the module instead of copying them in place?)
  warnings.warn(f'for {key}: copying from a non-meta parameter in the checkpoint to a meta '
/data/takhyun03/anaconda3/envs/lmms_llavavideo/lib/python3.11/site-packages/torch/nn/modules/module.py:2025: UserWarning: for vision_model.encoder.layers.24.self_attn.k_proj.bias: copying from a non-meta parameter in the checkpoint to a meta parameter in the current model, which is a no-op. (Did you mean to pass `assign=True` to assign items in the state dictionary to their corresponding key in the module instead of copying them in place?)
  warnings.warn(f'for {key}: copying from a non-meta parameter in the checkpoint to a meta '
/data/takhyun03/anaconda3/envs/lmms_llavavideo/lib/python3.11/site-packages/torch/nn/modules/module.py:2025: UserWarning: for vision_model.encoder.layers.24.self_attn.v_proj.weight: copying from a non-meta parameter in the checkpoint to a meta parameter in the current model, which is a no-op. (Did you mean to pass `assign=True` to assign items in the state dictionary to their corresponding key in the module instead of copying them in place?)
  warnings.warn(f'for {key}: copying from a non-meta parameter in the checkpoint to a meta '
/data/takhyun03/anaconda3/envs/lmms_llavavideo/lib/python3.11/site-packages/torch/nn/modules/module.py:2025: UserWarning: for vision_model.encoder.layers.24.self_attn.v_proj.bias: copying from a non-meta parameter in the checkpoint to a meta parameter in the current model, which is a no-op. (Did you mean to pass `assign=True` to assign items in the state dictionary to their corresponding key in the module instead of copying them in place?)
  warnings.warn(f'for {key}: copying from a non-meta parameter in the checkpoint to a meta '
/data/takhyun03/anaconda3/envs/lmms_llavavideo/lib/python3.11/site-packages/torch/nn/modules/module.py:2025: UserWarning: for vision_model.encoder.layers.24.self_attn.q_proj.weight: copying from a non-meta parameter in the checkpoint to a meta parameter in the current model, which is a no-op. (Did you mean to pass `assign=True` to assign items in the state dictionary to their corresponding key in the module instead of copying them in place?)
  warnings.warn(f'for {key}: copying from a non-meta parameter in the checkpoint to a meta '
/data/takhyun03/anaconda3/envs/lmms_llavavideo/lib/python3.11/site-packages/torch/nn/modules/module.py:2025: UserWarning: for vision_model.encoder.layers.24.self_attn.q_proj.bias: copying from a non-meta parameter in the checkpoint to a meta parameter in the current model, which is a no-op. (Did you mean to pass `assign=True` to assign items in the state dictionary to their corresponding key in the module instead of copying them in place?)
  warnings.warn(f'for {key}: copying from a non-meta parameter in the checkpoint to a meta '
/data/takhyun03/anaconda3/envs/lmms_llavavideo/lib/python3.11/site-packages/torch/nn/modules/module.py:2025: UserWarning: for vision_model.encoder.layers.24.self_attn.out_proj.weight: copying from a non-meta parameter in the checkpoint to a meta parameter in the current model, which is a no-op. (Did you mean to pass `assign=True` to assign items in the state dictionary to their corresponding key in the module instead of copying them in place?)
  warnings.warn(f'for {key}: copying from a non-meta parameter in the checkpoint to a meta '
/data/takhyun03/anaconda3/envs/lmms_llavavideo/lib/python3.11/site-packages/torch/nn/modules/module.py:2025: UserWarning: for vision_model.encoder.layers.24.self_attn.out_proj.bias: copying from a non-meta parameter in the checkpoint to a meta parameter in the current model, which is a no-op. (Did you mean to pass `assign=True` to assign items in the state dictionary to their corresponding key in the module instead of copying them in place?)
  warnings.warn(f'for {key}: copying from a non-meta parameter in the checkpoint to a meta '
/data/takhyun03/anaconda3/envs/lmms_llavavideo/lib/python3.11/site-packages/torch/nn/modules/module.py:2025: UserWarning: for vision_model.encoder.layers.24.layer_norm1.weight: copying from a non-meta parameter in the checkpoint to a meta parameter in the current model, which is a no-op. (Did you mean to pass `assign=True` to assign items in the state dictionary to their corresponding key in the module instead of copying them in place?)
  warnings.warn(f'for {key}: copying from a non-meta parameter in the checkpoint to a meta '
/data/takhyun03/anaconda3/envs/lmms_llavavideo/lib/python3.11/site-packages/torch/nn/modules/module.py:2025: UserWarning: for vision_model.encoder.layers.24.layer_norm1.bias: copying from a non-meta parameter in the checkpoint to a meta parameter in the current model, which is a no-op. (Did you mean to pass `assign=True` to assign items in the state dictionary to their corresponding key in the module instead of copying them in place?)
  warnings.warn(f'for {key}: copying from a non-meta parameter in the checkpoint to a meta '
/data/takhyun03/anaconda3/envs/lmms_llavavideo/lib/python3.11/site-packages/torch/nn/modules/module.py:2025: UserWarning: for vision_model.encoder.layers.24.mlp.fc1.weight: copying from a non-meta parameter in the checkpoint to a meta parameter in the current model, which is a no-op. (Did you mean to pass `assign=True` to assign items in the state dictionary to their corresponding key in the module instead of copying them in place?)
  warnings.warn(f'for {key}: copying from a non-meta parameter in the checkpoint to a meta '
/data/takhyun03/anaconda3/envs/lmms_llavavideo/lib/python3.11/site-packages/torch/nn/modules/module.py:2025: UserWarning: for vision_model.encoder.layers.24.mlp.fc1.bias: copying from a non-meta parameter in the checkpoint to a meta parameter in the current model, which is a no-op. (Did you mean to pass `assign=True` to assign items in the state dictionary to their corresponding key in the module instead of copying them in place?)
  warnings.warn(f'for {key}: copying from a non-meta parameter in the checkpoint to a meta '
/data/takhyun03/anaconda3/envs/lmms_llavavideo/lib/python3.11/site-packages/torch/nn/modules/module.py:2025: UserWarning: for vision_model.encoder.layers.24.mlp.fc2.weight: copying from a non-meta parameter in the checkpoint to a meta parameter in the current model, which is a no-op. (Did you mean to pass `assign=True` to assign items in the state dictionary to their corresponding key in the module instead of copying them in place?)
  warnings.warn(f'for {key}: copying from a non-meta parameter in the checkpoint to a meta '
/data/takhyun03/anaconda3/envs/lmms_llavavideo/lib/python3.11/site-packages/torch/nn/modules/module.py:2025: UserWarning: for vision_model.encoder.layers.24.mlp.fc2.bias: copying from a non-meta parameter in the checkpoint to a meta parameter in the current model, which is a no-op. (Did you mean to pass `assign=True` to assign items in the state dictionary to their corresponding key in the module instead of copying them in place?)
  warnings.warn(f'for {key}: copying from a non-meta parameter in the checkpoint to a meta '
/data/takhyun03/anaconda3/envs/lmms_llavavideo/lib/python3.11/site-packages/torch/nn/modules/module.py:2025: UserWarning: for vision_model.encoder.layers.24.layer_norm2.weight: copying from a non-meta parameter in the checkpoint to a meta parameter in the current model, which is a no-op. (Did you mean to pass `assign=True` to assign items in the state dictionary to their corresponding key in the module instead of copying them in place?)
  warnings.warn(f'for {key}: copying from a non-meta parameter in the checkpoint to a meta '
/data/takhyun03/anaconda3/envs/lmms_llavavideo/lib/python3.11/site-packages/torch/nn/modules/module.py:2025: UserWarning: for vision_model.encoder.layers.24.layer_norm2.bias: copying from a non-meta parameter in the checkpoint to a meta parameter in the current model, which is a no-op. (Did you mean to pass `assign=True` to assign items in the state dictionary to their corresponding key in the module instead of copying them in place?)
  warnings.warn(f'for {key}: copying from a non-meta parameter in the checkpoint to a meta '
/data/takhyun03/anaconda3/envs/lmms_llavavideo/lib/python3.11/site-packages/torch/nn/modules/module.py:2025: UserWarning: for vision_model.encoder.layers.25.self_attn.k_proj.weight: copying from a non-meta parameter in the checkpoint to a meta parameter in the current model, which is a no-op. (Did you mean to pass `assign=True` to assign items in the state dictionary to their corresponding key in the module instead of copying them in place?)
  warnings.warn(f'for {key}: copying from a non-meta parameter in the checkpoint to a meta '
/data/takhyun03/anaconda3/envs/lmms_llavavideo/lib/python3.11/site-packages/torch/nn/modules/module.py:2025: UserWarning: for vision_model.encoder.layers.25.self_attn.k_proj.bias: copying from a non-meta parameter in the checkpoint to a meta parameter in the current model, which is a no-op. (Did you mean to pass `assign=True` to assign items in the state dictionary to their corresponding key in the module instead of copying them in place?)
  warnings.warn(f'for {key}: copying from a non-meta parameter in the checkpoint to a meta '
/data/takhyun03/anaconda3/envs/lmms_llavavideo/lib/python3.11/site-packages/torch/nn/modules/module.py:2025: UserWarning: for vision_model.encoder.layers.25.self_attn.v_proj.weight: copying from a non-meta parameter in the checkpoint to a meta parameter in the current model, which is a no-op. (Did you mean to pass `assign=True` to assign items in the state dictionary to their corresponding key in the module instead of copying them in place?)
  warnings.warn(f'for {key}: copying from a non-meta parameter in the checkpoint to a meta '
/data/takhyun03/anaconda3/envs/lmms_llavavideo/lib/python3.11/site-packages/torch/nn/modules/module.py:2025: UserWarning: for vision_model.encoder.layers.25.self_attn.v_proj.bias: copying from a non-meta parameter in the checkpoint to a meta parameter in the current model, which is a no-op. (Did you mean to pass `assign=True` to assign items in the state dictionary to their corresponding key in the module instead of copying them in place?)
  warnings.warn(f'for {key}: copying from a non-meta parameter in the checkpoint to a meta '
/data/takhyun03/anaconda3/envs/lmms_llavavideo/lib/python3.11/site-packages/torch/nn/modules/module.py:2025: UserWarning: for vision_model.encoder.layers.25.self_attn.q_proj.weight: copying from a non-meta parameter in the checkpoint to a meta parameter in the current model, which is a no-op. (Did you mean to pass `assign=True` to assign items in the state dictionary to their corresponding key in the module instead of copying them in place?)
  warnings.warn(f'for {key}: copying from a non-meta parameter in the checkpoint to a meta '
/data/takhyun03/anaconda3/envs/lmms_llavavideo/lib/python3.11/site-packages/torch/nn/modules/module.py:2025: UserWarning: for vision_model.encoder.layers.25.self_attn.q_proj.bias: copying from a non-meta parameter in the checkpoint to a meta parameter in the current model, which is a no-op. (Did you mean to pass `assign=True` to assign items in the state dictionary to their corresponding key in the module instead of copying them in place?)
  warnings.warn(f'for {key}: copying from a non-meta parameter in the checkpoint to a meta '
/data/takhyun03/anaconda3/envs/lmms_llavavideo/lib/python3.11/site-packages/torch/nn/modules/module.py:2025: UserWarning: for vision_model.encoder.layers.25.self_attn.out_proj.weight: copying from a non-meta parameter in the checkpoint to a meta parameter in the current model, which is a no-op. (Did you mean to pass `assign=True` to assign items in the state dictionary to their corresponding key in the module instead of copying them in place?)
  warnings.warn(f'for {key}: copying from a non-meta parameter in the checkpoint to a meta '
/data/takhyun03/anaconda3/envs/lmms_llavavideo/lib/python3.11/site-packages/torch/nn/modules/module.py:2025: UserWarning: for vision_model.encoder.layers.25.self_attn.out_proj.bias: copying from a non-meta parameter in the checkpoint to a meta parameter in the current model, which is a no-op. (Did you mean to pass `assign=True` to assign items in the state dictionary to their corresponding key in the module instead of copying them in place?)
  warnings.warn(f'for {key}: copying from a non-meta parameter in the checkpoint to a meta '
/data/takhyun03/anaconda3/envs/lmms_llavavideo/lib/python3.11/site-packages/torch/nn/modules/module.py:2025: UserWarning: for vision_model.encoder.layers.25.layer_norm1.weight: copying from a non-meta parameter in the checkpoint to a meta parameter in the current model, which is a no-op. (Did you mean to pass `assign=True` to assign items in the state dictionary to their corresponding key in the module instead of copying them in place?)
  warnings.warn(f'for {key}: copying from a non-meta parameter in the checkpoint to a meta '
/data/takhyun03/anaconda3/envs/lmms_llavavideo/lib/python3.11/site-packages/torch/nn/modules/module.py:2025: UserWarning: for vision_model.encoder.layers.25.layer_norm1.bias: copying from a non-meta parameter in the checkpoint to a meta parameter in the current model, which is a no-op. (Did you mean to pass `assign=True` to assign items in the state dictionary to their corresponding key in the module instead of copying them in place?)
  warnings.warn(f'for {key}: copying from a non-meta parameter in the checkpoint to a meta '
/data/takhyun03/anaconda3/envs/lmms_llavavideo/lib/python3.11/site-packages/torch/nn/modules/module.py:2025: UserWarning: for vision_model.encoder.layers.25.mlp.fc1.weight: copying from a non-meta parameter in the checkpoint to a meta parameter in the current model, which is a no-op. (Did you mean to pass `assign=True` to assign items in the state dictionary to their corresponding key in the module instead of copying them in place?)
  warnings.warn(f'for {key}: copying from a non-meta parameter in the checkpoint to a meta '
/data/takhyun03/anaconda3/envs/lmms_llavavideo/lib/python3.11/site-packages/torch/nn/modules/module.py:2025: UserWarning: for vision_model.encoder.layers.25.mlp.fc1.bias: copying from a non-meta parameter in the checkpoint to a meta parameter in the current model, which is a no-op. (Did you mean to pass `assign=True` to assign items in the state dictionary to their corresponding key in the module instead of copying them in place?)
  warnings.warn(f'for {key}: copying from a non-meta parameter in the checkpoint to a meta '
/data/takhyun03/anaconda3/envs/lmms_llavavideo/lib/python3.11/site-packages/torch/nn/modules/module.py:2025: UserWarning: for vision_model.encoder.layers.25.mlp.fc2.weight: copying from a non-meta parameter in the checkpoint to a meta parameter in the current model, which is a no-op. (Did you mean to pass `assign=True` to assign items in the state dictionary to their corresponding key in the module instead of copying them in place?)
  warnings.warn(f'for {key}: copying from a non-meta parameter in the checkpoint to a meta '
/data/takhyun03/anaconda3/envs/lmms_llavavideo/lib/python3.11/site-packages/torch/nn/modules/module.py:2025: UserWarning: for vision_model.encoder.layers.25.mlp.fc2.bias: copying from a non-meta parameter in the checkpoint to a meta parameter in the current model, which is a no-op. (Did you mean to pass `assign=True` to assign items in the state dictionary to their corresponding key in the module instead of copying them in place?)
  warnings.warn(f'for {key}: copying from a non-meta parameter in the checkpoint to a meta '
/data/takhyun03/anaconda3/envs/lmms_llavavideo/lib/python3.11/site-packages/torch/nn/modules/module.py:2025: UserWarning: for vision_model.encoder.layers.25.layer_norm2.weight: copying from a non-meta parameter in the checkpoint to a meta parameter in the current model, which is a no-op. (Did you mean to pass `assign=True` to assign items in the state dictionary to their corresponding key in the module instead of copying them in place?)
  warnings.warn(f'for {key}: copying from a non-meta parameter in the checkpoint to a meta '
/data/takhyun03/anaconda3/envs/lmms_llavavideo/lib/python3.11/site-packages/torch/nn/modules/module.py:2025: UserWarning: for vision_model.encoder.layers.25.layer_norm2.bias: copying from a non-meta parameter in the checkpoint to a meta parameter in the current model, which is a no-op. (Did you mean to pass `assign=True` to assign items in the state dictionary to their corresponding key in the module instead of copying them in place?)
  warnings.warn(f'for {key}: copying from a non-meta parameter in the checkpoint to a meta '
/data/takhyun03/anaconda3/envs/lmms_llavavideo/lib/python3.11/site-packages/torch/nn/modules/module.py:2025: UserWarning: for vision_model.encoder.layers.26.self_attn.k_proj.weight: copying from a non-meta parameter in the checkpoint to a meta parameter in the current model, which is a no-op. (Did you mean to pass `assign=True` to assign items in the state dictionary to their corresponding key in the module instead of copying them in place?)
  warnings.warn(f'for {key}: copying from a non-meta parameter in the checkpoint to a meta '
/data/takhyun03/anaconda3/envs/lmms_llavavideo/lib/python3.11/site-packages/torch/nn/modules/module.py:2025: UserWarning: for vision_model.encoder.layers.26.self_attn.k_proj.bias: copying from a non-meta parameter in the checkpoint to a meta parameter in the current model, which is a no-op. (Did you mean to pass `assign=True` to assign items in the state dictionary to their corresponding key in the module instead of copying them in place?)
  warnings.warn(f'for {key}: copying from a non-meta parameter in the checkpoint to a meta '
/data/takhyun03/anaconda3/envs/lmms_llavavideo/lib/python3.11/site-packages/torch/nn/modules/module.py:2025: UserWarning: for vision_model.encoder.layers.26.self_attn.v_proj.weight: copying from a non-meta parameter in the checkpoint to a meta parameter in the current model, which is a no-op. (Did you mean to pass `assign=True` to assign items in the state dictionary to their corresponding key in the module instead of copying them in place?)
  warnings.warn(f'for {key}: copying from a non-meta parameter in the checkpoint to a meta '
/data/takhyun03/anaconda3/envs/lmms_llavavideo/lib/python3.11/site-packages/torch/nn/modules/module.py:2025: UserWarning: for vision_model.encoder.layers.26.self_attn.v_proj.bias: copying from a non-meta parameter in the checkpoint to a meta parameter in the current model, which is a no-op. (Did you mean to pass `assign=True` to assign items in the state dictionary to their corresponding key in the module instead of copying them in place?)
  warnings.warn(f'for {key}: copying from a non-meta parameter in the checkpoint to a meta '
/data/takhyun03/anaconda3/envs/lmms_llavavideo/lib/python3.11/site-packages/torch/nn/modules/module.py:2025: UserWarning: for vision_model.encoder.layers.26.self_attn.q_proj.weight: copying from a non-meta parameter in the checkpoint to a meta parameter in the current model, which is a no-op. (Did you mean to pass `assign=True` to assign items in the state dictionary to their corresponding key in the module instead of copying them in place?)
  warnings.warn(f'for {key}: copying from a non-meta parameter in the checkpoint to a meta '
/data/takhyun03/anaconda3/envs/lmms_llavavideo/lib/python3.11/site-packages/torch/nn/modules/module.py:2025: UserWarning: for vision_model.encoder.layers.26.self_attn.q_proj.bias: copying from a non-meta parameter in the checkpoint to a meta parameter in the current model, which is a no-op. (Did you mean to pass `assign=True` to assign items in the state dictionary to their corresponding key in the module instead of copying them in place?)
  warnings.warn(f'for {key}: copying from a non-meta parameter in the checkpoint to a meta '
/data/takhyun03/anaconda3/envs/lmms_llavavideo/lib/python3.11/site-packages/torch/nn/modules/module.py:2025: UserWarning: for vision_model.encoder.layers.26.self_attn.out_proj.weight: copying from a non-meta parameter in the checkpoint to a meta parameter in the current model, which is a no-op. (Did you mean to pass `assign=True` to assign items in the state dictionary to their corresponding key in the module instead of copying them in place?)
  warnings.warn(f'for {key}: copying from a non-meta parameter in the checkpoint to a meta '
/data/takhyun03/anaconda3/envs/lmms_llavavideo/lib/python3.11/site-packages/torch/nn/modules/module.py:2025: UserWarning: for vision_model.encoder.layers.26.self_attn.out_proj.bias: copying from a non-meta parameter in the checkpoint to a meta parameter in the current model, which is a no-op. (Did you mean to pass `assign=True` to assign items in the state dictionary to their corresponding key in the module instead of copying them in place?)
  warnings.warn(f'for {key}: copying from a non-meta parameter in the checkpoint to a meta '
/data/takhyun03/anaconda3/envs/lmms_llavavideo/lib/python3.11/site-packages/torch/nn/modules/module.py:2025: UserWarning: for vision_model.encoder.layers.26.layer_norm1.weight: copying from a non-meta parameter in the checkpoint to a meta parameter in the current model, which is a no-op. (Did you mean to pass `assign=True` to assign items in the state dictionary to their corresponding key in the module instead of copying them in place?)
  warnings.warn(f'for {key}: copying from a non-meta parameter in the checkpoint to a meta '
/data/takhyun03/anaconda3/envs/lmms_llavavideo/lib/python3.11/site-packages/torch/nn/modules/module.py:2025: UserWarning: for vision_model.encoder.layers.26.layer_norm1.bias: copying from a non-meta parameter in the checkpoint to a meta parameter in the current model, which is a no-op. (Did you mean to pass `assign=True` to assign items in the state dictionary to their corresponding key in the module instead of copying them in place?)
  warnings.warn(f'for {key}: copying from a non-meta parameter in the checkpoint to a meta '
/data/takhyun03/anaconda3/envs/lmms_llavavideo/lib/python3.11/site-packages/torch/nn/modules/module.py:2025: UserWarning: for vision_model.encoder.layers.26.mlp.fc1.weight: copying from a non-meta parameter in the checkpoint to a meta parameter in the current model, which is a no-op. (Did you mean to pass `assign=True` to assign items in the state dictionary to their corresponding key in the module instead of copying them in place?)
  warnings.warn(f'for {key}: copying from a non-meta parameter in the checkpoint to a meta '
/data/takhyun03/anaconda3/envs/lmms_llavavideo/lib/python3.11/site-packages/torch/nn/modules/module.py:2025: UserWarning: for vision_model.encoder.layers.26.mlp.fc1.bias: copying from a non-meta parameter in the checkpoint to a meta parameter in the current model, which is a no-op. (Did you mean to pass `assign=True` to assign items in the state dictionary to their corresponding key in the module instead of copying them in place?)
  warnings.warn(f'for {key}: copying from a non-meta parameter in the checkpoint to a meta '
/data/takhyun03/anaconda3/envs/lmms_llavavideo/lib/python3.11/site-packages/torch/nn/modules/module.py:2025: UserWarning: for vision_model.encoder.layers.26.mlp.fc2.weight: copying from a non-meta parameter in the checkpoint to a meta parameter in the current model, which is a no-op. (Did you mean to pass `assign=True` to assign items in the state dictionary to their corresponding key in the module instead of copying them in place?)
  warnings.warn(f'for {key}: copying from a non-meta parameter in the checkpoint to a meta '
/data/takhyun03/anaconda3/envs/lmms_llavavideo/lib/python3.11/site-packages/torch/nn/modules/module.py:2025: UserWarning: for vision_model.encoder.layers.26.mlp.fc2.bias: copying from a non-meta parameter in the checkpoint to a meta parameter in the current model, which is a no-op. (Did you mean to pass `assign=True` to assign items in the state dictionary to their corresponding key in the module instead of copying them in place?)
  warnings.warn(f'for {key}: copying from a non-meta parameter in the checkpoint to a meta '
/data/takhyun03/anaconda3/envs/lmms_llavavideo/lib/python3.11/site-packages/torch/nn/modules/module.py:2025: UserWarning: for vision_model.encoder.layers.26.layer_norm2.weight: copying from a non-meta parameter in the checkpoint to a meta parameter in the current model, which is a no-op. (Did you mean to pass `assign=True` to assign items in the state dictionary to their corresponding key in the module instead of copying them in place?)
  warnings.warn(f'for {key}: copying from a non-meta parameter in the checkpoint to a meta '
/data/takhyun03/anaconda3/envs/lmms_llavavideo/lib/python3.11/site-packages/torch/nn/modules/module.py:2025: UserWarning: for vision_model.encoder.layers.26.layer_norm2.bias: copying from a non-meta parameter in the checkpoint to a meta parameter in the current model, which is a no-op. (Did you mean to pass `assign=True` to assign items in the state dictionary to their corresponding key in the module instead of copying them in place?)
  warnings.warn(f'for {key}: copying from a non-meta parameter in the checkpoint to a meta '
/data/takhyun03/anaconda3/envs/lmms_llavavideo/lib/python3.11/site-packages/torch/nn/modules/module.py:2025: UserWarning: for vision_model.post_layernorm.weight: copying from a non-meta parameter in the checkpoint to a meta parameter in the current model, which is a no-op. (Did you mean to pass `assign=True` to assign items in the state dictionary to their corresponding key in the module instead of copying them in place?)
  warnings.warn(f'for {key}: copying from a non-meta parameter in the checkpoint to a meta '
/data/takhyun03/anaconda3/envs/lmms_llavavideo/lib/python3.11/site-packages/torch/nn/modules/module.py:2025: UserWarning: for vision_model.post_layernorm.bias: copying from a non-meta parameter in the checkpoint to a meta parameter in the current model, which is a no-op. (Did you mean to pass `assign=True` to assign items in the state dictionary to their corresponding key in the module instead of copying them in place?)
  warnings.warn(f'for {key}: copying from a non-meta parameter in the checkpoint to a meta '
/data/takhyun03/anaconda3/envs/lmms_llavavideo/lib/python3.11/site-packages/torch/nn/modules/module.py:2025: UserWarning: for vision_model.head.probe: copying from a non-meta parameter in the checkpoint to a meta parameter in the current model, which is a no-op. (Did you mean to pass `assign=True` to assign items in the state dictionary to their corresponding key in the module instead of copying them in place?)
  warnings.warn(f'for {key}: copying from a non-meta parameter in the checkpoint to a meta '
/data/takhyun03/anaconda3/envs/lmms_llavavideo/lib/python3.11/site-packages/torch/nn/modules/module.py:2025: UserWarning: for vision_model.head.attention.in_proj_weight: copying from a non-meta parameter in the checkpoint to a meta parameter in the current model, which is a no-op. (Did you mean to pass `assign=True` to assign items in the state dictionary to their corresponding key in the module instead of copying them in place?)
  warnings.warn(f'for {key}: copying from a non-meta parameter in the checkpoint to a meta '
/data/takhyun03/anaconda3/envs/lmms_llavavideo/lib/python3.11/site-packages/torch/nn/modules/module.py:2025: UserWarning: for vision_model.head.attention.in_proj_bias: copying from a non-meta parameter in the checkpoint to a meta parameter in the current model, which is a no-op. (Did you mean to pass `assign=True` to assign items in the state dictionary to their corresponding key in the module instead of copying them in place?)
  warnings.warn(f'for {key}: copying from a non-meta parameter in the checkpoint to a meta '
/data/takhyun03/anaconda3/envs/lmms_llavavideo/lib/python3.11/site-packages/torch/nn/modules/module.py:2025: UserWarning: for vision_model.head.attention.out_proj.weight: copying from a non-meta parameter in the checkpoint to a meta parameter in the current model, which is a no-op. (Did you mean to pass `assign=True` to assign items in the state dictionary to their corresponding key in the module instead of copying them in place?)
  warnings.warn(f'for {key}: copying from a non-meta parameter in the checkpoint to a meta '
/data/takhyun03/anaconda3/envs/lmms_llavavideo/lib/python3.11/site-packages/torch/nn/modules/module.py:2025: UserWarning: for vision_model.head.attention.out_proj.bias: copying from a non-meta parameter in the checkpoint to a meta parameter in the current model, which is a no-op. (Did you mean to pass `assign=True` to assign items in the state dictionary to their corresponding key in the module instead of copying them in place?)
  warnings.warn(f'for {key}: copying from a non-meta parameter in the checkpoint to a meta '
/data/takhyun03/anaconda3/envs/lmms_llavavideo/lib/python3.11/site-packages/torch/nn/modules/module.py:2025: UserWarning: for vision_model.head.layernorm.weight: copying from a non-meta parameter in the checkpoint to a meta parameter in the current model, which is a no-op. (Did you mean to pass `assign=True` to assign items in the state dictionary to their corresponding key in the module instead of copying them in place?)
  warnings.warn(f'for {key}: copying from a non-meta parameter in the checkpoint to a meta '
/data/takhyun03/anaconda3/envs/lmms_llavavideo/lib/python3.11/site-packages/torch/nn/modules/module.py:2025: UserWarning: for vision_model.head.layernorm.bias: copying from a non-meta parameter in the checkpoint to a meta parameter in the current model, which is a no-op. (Did you mean to pass `assign=True` to assign items in the state dictionary to their corresponding key in the module instead of copying them in place?)
  warnings.warn(f'for {key}: copying from a non-meta parameter in the checkpoint to a meta '
/data/takhyun03/anaconda3/envs/lmms_llavavideo/lib/python3.11/site-packages/torch/nn/modules/module.py:2025: UserWarning: for vision_model.head.mlp.fc1.weight: copying from a non-meta parameter in the checkpoint to a meta parameter in the current model, which is a no-op. (Did you mean to pass `assign=True` to assign items in the state dictionary to their corresponding key in the module instead of copying them in place?)
  warnings.warn(f'for {key}: copying from a non-meta parameter in the checkpoint to a meta '
/data/takhyun03/anaconda3/envs/lmms_llavavideo/lib/python3.11/site-packages/torch/nn/modules/module.py:2025: UserWarning: for vision_model.head.mlp.fc1.bias: copying from a non-meta parameter in the checkpoint to a meta parameter in the current model, which is a no-op. (Did you mean to pass `assign=True` to assign items in the state dictionary to their corresponding key in the module instead of copying them in place?)
  warnings.warn(f'for {key}: copying from a non-meta parameter in the checkpoint to a meta '
/data/takhyun03/anaconda3/envs/lmms_llavavideo/lib/python3.11/site-packages/torch/nn/modules/module.py:2025: UserWarning: for vision_model.head.mlp.fc2.weight: copying from a non-meta parameter in the checkpoint to a meta parameter in the current model, which is a no-op. (Did you mean to pass `assign=True` to assign items in the state dictionary to their corresponding key in the module instead of copying them in place?)
  warnings.warn(f'for {key}: copying from a non-meta parameter in the checkpoint to a meta '
/data/takhyun03/anaconda3/envs/lmms_llavavideo/lib/python3.11/site-packages/torch/nn/modules/module.py:2025: UserWarning: for vision_model.head.mlp.fc2.bias: copying from a non-meta parameter in the checkpoint to a meta parameter in the current model, which is a no-op. (Did you mean to pass `assign=True` to assign items in the state dictionary to their corresponding key in the module instead of copying them in place?)
  warnings.warn(f'for {key}: copying from a non-meta parameter in the checkpoint to a meta '
[load] 2 npz files: ['/local_datasets/vlm_direction/factorial_dataset/hiddens/baseline_shape_color_4variants_off0_lim4000.npz', '/local_datasets/vlm_direction/factorial_dataset/hiddens/baseline_shape_color_4variants_off4000_lim4000.npz']
[hiddens] n=8000
[target] 250 samples (variant_id=0)
[load model] baseline
OpenCLIP not installed
[MODEL] LoRA loading: base=lmms-lab/LLaVA-Video-7B-Qwen2, lora=/data/takhyun03/project/2026/vlm_direction/LLaVA-NeXT/work_dirs/llava-video-7b-qwen2_baseline_shape_simple_new_lora-r64_f8_ep1_lr1e-5
Loading LLaVA from base model...
Loading vision tower: google/siglip-so400m-patch14-384
Loading checkpoint shards:   0%|          | 0/4 [00:00<?, ?it/s]Loading checkpoint shards:  25%|██▌       | 1/4 [00:03<00:11,  3.95s/it]Loading checkpoint shards:  50%|█████     | 2/4 [00:08<00:08,  4.16s/it]Loading checkpoint shards:  75%|███████▌  | 3/4 [00:18<00:07,  7.12s/it]Loading checkpoint shards: 100%|██████████| 4/4 [00:20<00:00,  4.91s/it]Loading checkpoint shards: 100%|██████████| 4/4 [00:20<00:00,  5.11s/it]
/data/takhyun03/anaconda3/envs/lmms_llavavideo/lib/python3.11/site-packages/peft/config.py:162: UserWarning: Unexpected keyword arguments ['alora_invocation_tokens', 'arrow_config', 'corda_config', 'ensure_weight_tying', 'peft_version', 'qalora_group_size', 'target_parameters', 'trainable_token_indices', 'use_qalora'] for class LoraConfig, these are ignored. This probably means that you're loading a configuration file that was saved using a higher version of the library and additional parameters have been introduced since. It is highly recommended to upgrade the PEFT version before continuing (e.g. by running `pip install -U peft`).
  warnings.warn(
Loading additional LLaVA weights...
Loading LoRA weights...
Merging LoRA weights...
Model is loaded...
Model Class: LlavaQwenForCausalLM
sweep_shape_color:   0%|          | 0/250 [00:00<?, ?it/s]We detected that you are passing `past_key_values` as a tuple and this is deprecated and will be removed in v4.43. Please use an appropriate `Cache` class (https://huggingface.co/docs/transformers/v4.41.3/en/internal/generation_utils#transformers.Cache)
sweep_shape_color:   0%|          | 1/250 [00:12<52:40, 12.69s/it]sweep_shape_color:   1%|          | 2/250 [00:24<50:31, 12.22s/it]sweep_shape_color:   1%|          | 3/250 [00:36<49:26, 12.01s/it]sweep_shape_color:   2%|▏         | 4/250 [00:48<48:56, 11.94s/it]sweep_shape_color:   2%|▏         | 5/250 [00:59<48:31, 11.88s/it]sweep_shape_color:   2%|▏         | 6/250 [01:11<48:15, 11.87s/it]sweep_shape_color:   3%|▎         | 7/250 [01:23<47:56, 11.84s/it]sweep_shape_color:   3%|▎         | 8/250 [01:35<47:39, 11.82s/it]sweep_shape_color:   4%|▎         | 9/250 [01:47<47:35, 11.85s/it]sweep_shape_color:   4%|▍         | 10/250 [01:59<47:18, 11.83s/it]sweep_shape_color:   4%|▍         | 11/250 [02:10<47:11, 11.85s/it]sweep_shape_color:   5%|▍         | 12/250 [02:22<46:53, 11.82s/it]sweep_shape_color:   5%|▌         | 13/250 [02:34<46:47, 11.85s/it]sweep_shape_color:   6%|▌         | 14/250 [02:45<46:00, 11.70s/it]sweep_shape_color:   6%|▌         | 15/250 [02:57<46:04, 11.76s/it]sweep_shape_color:   6%|▋         | 16/250 [03:09<45:56, 11.78s/it]sweep_shape_color:   7%|▋         | 17/250 [03:21<45:51, 11.81s/it]sweep_shape_color:   7%|▋         | 18/250 [03:33<45:50, 11.86s/it]sweep_shape_color:   8%|▊         | 19/250 [03:45<45:34, 11.84s/it]sweep_shape_color:   8%|▊         | 20/250 [03:57<45:26, 11.86s/it]sweep_shape_color:   8%|▊         | 21/250 [04:09<45:10, 11.84s/it]sweep_shape_color:   9%|▉         | 22/250 [04:20<44:59, 11.84s/it]sweep_shape_color:   9%|▉         | 23/250 [04:32<44:48, 11.84s/it]sweep_shape_color:  10%|▉         | 24/250 [04:44<44:35, 11.84s/it]sweep_shape_color:  10%|█         | 25/250 [04:56<44:29, 11.87s/it]sweep_shape_color:  10%|█         | 26/250 [05:08<44:13, 11.85s/it]sweep_shape_color:  11%|█         | 27/250 [05:20<44:06, 11.87s/it]sweep_shape_color:  11%|█         | 28/250 [05:32<43:54, 11.87s/it]sweep_shape_color:  12%|█▏        | 29/250 [05:43<43:36, 11.84s/it]sweep_shape_color:  12%|█▏        | 30/250 [05:55<43:28, 11.86s/it]sweep_shape_color:  12%|█▏        | 31/250 [06:07<43:11, 11.83s/it]sweep_shape_color:  13%|█▎        | 32/250 [06:19<43:01, 11.84s/it]sweep_shape_color:  13%|█▎        | 33/250 [06:31<42:45, 11.82s/it]sweep_shape_color:  14%|█▎        | 34/250 [06:43<42:36, 11.84s/it]sweep_shape_color:  14%|█▍        | 35/250 [06:54<42:24, 11.84s/it]sweep_shape_color:  14%|█▍        | 36/250 [07:06<42:11, 11.83s/it]sweep_shape_color:  15%|█▍        | 37/250 [07:18<42:05, 11.86s/it]sweep_shape_color:  15%|█▌        | 38/250 [07:30<41:47, 11.83s/it]sweep_shape_color:  16%|█▌        | 39/250 [07:42<41:40, 11.85s/it]sweep_shape_color:  16%|█▌        | 40/250 [07:54<41:23, 11.83s/it]sweep_shape_color:  16%|█▋        | 41/250 [08:05<41:12, 11.83s/it]sweep_shape_color:  17%|█▋        | 42/250 [08:17<40:58, 11.82s/it]sweep_shape_color:  17%|█▋        | 43/250 [08:29<40:34, 11.76s/it]sweep_shape_color:  18%|█▊        | 44/250 [08:41<40:23, 11.76s/it]sweep_shape_color:  18%|█▊        | 45/250 [08:52<40:23, 11.82s/it]sweep_shape_color:  18%|█▊        | 46/250 [09:04<40:10, 11.82s/it]sweep_shape_color:  19%|█▉        | 47/250 [09:16<39:56, 11.80s/it]sweep_shape_color:  19%|█▉        | 48/250 [09:28<39:46, 11.81s/it]sweep_shape_color:  20%|█▉        | 49/250 [09:40<39:33, 11.81s/it]sweep_shape_color:  20%|██        | 50/250 [09:52<39:29, 11.85s/it]sweep_shape_color:  20%|██        | 51/250 [10:03<39:14, 11.83s/it]sweep_shape_color:  21%|██        | 52/250 [10:15<39:04, 11.84s/it]sweep_shape_color:  21%|██        | 53/250 [10:27<38:52, 11.84s/it]sweep_shape_color:  22%|██▏       | 54/250 [10:39<38:39, 11.83s/it]sweep_shape_color:  22%|██▏       | 55/250 [10:51<38:36, 11.88s/it]sweep_shape_color:  22%|██▏       | 56/250 [11:03<38:19, 11.85s/it]sweep_shape_color:  23%|██▎       | 57/250 [11:15<38:09, 11.86s/it]sweep_shape_color:  23%|██▎       | 58/250 [11:26<37:54, 11.85s/it]sweep_shape_color:  24%|██▎       | 59/250 [11:38<37:40, 11.84s/it]sweep_shape_color:  24%|██▍       | 60/250 [11:50<37:31, 11.85s/it]sweep_shape_color:  24%|██▍       | 61/250 [12:02<37:12, 11.81s/it]sweep_shape_color:  25%|██▍       | 62/250 [12:14<37:04, 11.83s/it]sweep_shape_color:  25%|██▌       | 63/250 [12:25<36:46, 11.80s/it]sweep_shape_color:  26%|██▌       | 64/250 [12:37<36:42, 11.84s/it]sweep_shape_color:  26%|██▌       | 65/250 [12:49<36:28, 11.83s/it]sweep_shape_color:  26%|██▋       | 66/250 [13:01<36:14, 11.82s/it]sweep_shape_color:  27%|██▋       | 67/250 [13:13<36:07, 11.84s/it]sweep_shape_color:  27%|██▋       | 68/250 [13:25<35:54, 11.84s/it]sweep_shape_color:  28%|██▊       | 69/250 [13:37<35:47, 11.86s/it]sweep_shape_color:  28%|██▊       | 70/250 [13:48<35:31, 11.84s/it]sweep_shape_color:  28%|██▊       | 71/250 [14:00<35:23, 11.86s/it]sweep_shape_color:  29%|██▉       | 72/250 [14:12<34:52, 11.76s/it]sweep_shape_color:  29%|██▉       | 73/250 [14:24<34:47, 11.79s/it]sweep_shape_color:  30%|██▉       | 74/250 [14:36<34:40, 11.82s/it]sweep_shape_color:  30%|███       | 75/250 [14:47<34:28, 11.82s/it]sweep_shape_color:  30%|███       | 76/250 [14:59<34:20, 11.84s/it]sweep_shape_color:  31%|███       | 77/250 [15:11<34:02, 11.81s/it]sweep_shape_color:  31%|███       | 78/250 [15:23<33:56, 11.84s/it]sweep_shape_color:  32%|███▏      | 79/250 [15:35<33:41, 11.82s/it]sweep_shape_color:  32%|███▏      | 80/250 [15:47<33:30, 11.83s/it]sweep_shape_color:  32%|███▏      | 81/250 [15:58<33:20, 11.84s/it]sweep_shape_color:  33%|███▎      | 82/250 [16:10<33:06, 11.83s/it]sweep_shape_color:  33%|███▎      | 83/250 [16:22<33:00, 11.86s/it]sweep_shape_color:  34%|███▎      | 84/250 [16:34<32:44, 11.83s/it]sweep_shape_color:  34%|███▍      | 85/250 [16:46<32:37, 11.86s/it]sweep_shape_color:  34%|███▍      | 86/250 [16:58<32:20, 11.83s/it]sweep_shape_color:  35%|███▍      | 87/250 [17:09<32:05, 11.81s/it]sweep_shape_color:  35%|███▌      | 88/250 [17:21<31:55, 11.82s/it]sweep_shape_color:  36%|███▌      | 89/250 [17:33<31:43, 11.82s/it]sweep_shape_color:  36%|███▌      | 90/250 [17:45<31:36, 11.85s/it]sweep_shape_color:  36%|███▋      | 91/250 [17:57<31:20, 11.83s/it]sweep_shape_color:  37%|███▋      | 92/250 [18:09<31:15, 11.87s/it]sweep_shape_color:  37%|███▋      | 93/250 [18:21<30:59, 11.85s/it]sweep_shape_color:  38%|███▊      | 94/250 [18:32<30:46, 11.84s/it]sweep_shape_color:  38%|███▊      | 95/250 [18:44<30:37, 11.85s/it]sweep_shape_color:  38%|███▊      | 96/250 [18:56<30:24, 11.85s/it]sweep_shape_color:  39%|███▉      | 97/250 [19:08<30:13, 11.85s/it]sweep_shape_color:  39%|███▉      | 98/250 [19:20<29:59, 11.84s/it]sweep_shape_color:  40%|███▉      | 99/250 [19:32<29:51, 11.86s/it]sweep_shape_color:  40%|████      | 100/250 [19:43<29:21, 11.74s/it]sweep_shape_color:  40%|████      | 101/250 [19:55<29:18, 11.80s/it]sweep_shape_color:  41%|████      | 102/250 [20:07<29:05, 11.80s/it]sweep_shape_color:  41%|████      | 103/250 [20:19<28:54, 11.80s/it]sweep_shape_color:  42%|████▏     | 104/250 [20:31<28:45, 11.82s/it]sweep_shape_color:  42%|████▏     | 105/250 [20:42<28:32, 11.81s/it]sweep_shape_color:  42%|████▏     | 106/250 [20:54<28:24, 11.84s/it]sweep_shape_color:  43%|████▎     | 107/250 [21:06<28:12, 11.84s/it]sweep_shape_color:  43%|████▎     | 108/250 [21:18<28:01, 11.84s/it]sweep_shape_color:  44%|████▎     | 109/250 [21:30<27:51, 11.85s/it]sweep_shape_color:  44%|████▍     | 110/250 [21:42<27:36, 11.83s/it]sweep_shape_color:  44%|████▍     | 111/250 [21:54<27:29, 11.87s/it]sweep_shape_color:  45%|████▍     | 112/250 [22:05<27:15, 11.85s/it]sweep_shape_color:  45%|████▌     | 113/250 [22:17<27:08, 11.88s/it]sweep_shape_color:  46%|████▌     | 114/250 [22:29<26:53, 11.87s/it]sweep_shape_color:  46%|████▌     | 115/250 [22:41<26:39, 11.85s/it]sweep_shape_color:  46%|████▋     | 116/250 [22:53<26:29, 11.86s/it]sweep_shape_color:  47%|████▋     | 117/250 [23:05<26:15, 11.85s/it]sweep_shape_color:  47%|████▋     | 118/250 [23:17<26:06, 11.87s/it]sweep_shape_color:  48%|████▊     | 119/250 [23:28<25:53, 11.86s/it]sweep_shape_color:  48%|████▊     | 120/250 [23:40<25:41, 11.86s/it]sweep_shape_color:  48%|████▊     | 121/250 [23:52<25:34, 11.89s/it]sweep_shape_color:  49%|████▉     | 122/250 [24:04<25:18, 11.86s/it]sweep_shape_color:  49%|████▉     | 123/250 [24:16<25:09, 11.88s/it]sweep_shape_color:  50%|████▉     | 124/250 [24:28<24:54, 11.86s/it]sweep_shape_color:  50%|█████     | 125/250 [24:40<24:43, 11.87s/it]sweep_shape_color:  50%|█████     | 126/250 [24:51<24:28, 11.84s/it]sweep_shape_color:  51%|█████     | 127/250 [25:03<24:15, 11.84s/it]sweep_shape_color:  51%|█████     | 128/250 [25:15<24:05, 11.85s/it]sweep_shape_color:  52%|█████▏    | 129/250 [25:27<23:40, 11.74s/it]sweep_shape_color:  52%|█████▏    | 130/250 [25:39<23:36, 11.80s/it]sweep_shape_color:  52%|█████▏    | 131/250 [25:50<23:22, 11.78s/it]sweep_shape_color:  53%|█████▎    | 132/250 [26:02<23:13, 11.81s/it]sweep_shape_color:  53%|█████▎    | 133/250 [26:14<23:02, 11.82s/it]sweep_shape_color:  54%|█████▎    | 134/250 [26:26<22:51, 11.83s/it]sweep_shape_color:  54%|█████▍    | 135/250 [26:38<22:40, 11.83s/it]sweep_shape_color:  54%|█████▍    | 136/250 [26:49<22:27, 11.82s/it]sweep_shape_color:  55%|█████▍    | 137/250 [27:01<22:18, 11.84s/it]sweep_shape_color:  55%|█████▌    | 138/250 [27:13<22:02, 11.81s/it]sweep_shape_color:  56%|█████▌    | 139/250 [27:25<21:55, 11.85s/it]sweep_shape_color:  56%|█████▌    | 140/250 [27:37<21:43, 11.85s/it]sweep_shape_color:  56%|█████▋    | 141/250 [27:49<21:30, 11.84s/it]sweep_shape_color:  57%|█████▋    | 142/250 [28:01<21:20, 11.86s/it]sweep_shape_color:  57%|█████▋    | 143/250 [28:12<21:06, 11.84s/it]sweep_shape_color:  58%|█████▊    | 144/250 [28:24<20:55, 11.84s/it]sweep_shape_color:  58%|█████▊    | 145/250 [28:36<20:41, 11.82s/it]sweep_shape_color:  58%|█████▊    | 146/250 [28:48<20:31, 11.84s/it]sweep_shape_color:  59%|█████▉    | 147/250 [29:00<20:19, 11.84s/it]sweep_shape_color:  59%|█████▉    | 148/250 [29:12<20:05, 11.82s/it]sweep_shape_color:  60%|█████▉    | 149/250 [29:24<19:58, 11.87s/it]sweep_shape_color:  60%|██████    | 150/250 [29:35<19:45, 11.85s/it]sweep_shape_color:  60%|██████    | 151/250 [29:47<19:33, 11.86s/it]sweep_shape_color:  61%|██████    | 152/250 [29:59<19:21, 11.85s/it]sweep_shape_color:  61%|██████    | 153/250 [30:11<19:09, 11.85s/it]sweep_shape_color:  62%|██████▏   | 154/250 [30:23<18:55, 11.83s/it]sweep_shape_color:  62%|██████▏   | 155/250 [30:35<18:44, 11.83s/it]sweep_shape_color:  62%|██████▏   | 156/250 [30:46<18:34, 11.85s/it]sweep_shape_color:  63%|██████▎   | 157/250 [30:58<18:14, 11.77s/it]sweep_shape_color:  63%|██████▎   | 158/250 [31:10<18:06, 11.81s/it]sweep_shape_color:  64%|██████▎   | 159/250 [31:22<17:55, 11.81s/it]sweep_shape_color:  64%|██████▍   | 160/250 [31:34<17:43, 11.81s/it]sweep_shape_color:  64%|██████▍   | 161/250 [31:45<17:33, 11.83s/it]sweep_shape_color:  65%|██████▍   | 162/250 [31:57<17:19, 11.82s/it]sweep_shape_color:  65%|██████▌   | 163/250 [32:09<17:10, 11.85s/it]sweep_shape_color:  66%|██████▌   | 164/250 [32:21<16:57, 11.83s/it]sweep_shape_color:  66%|██████▌   | 165/250 [32:33<16:46, 11.84s/it]sweep_shape_color:  66%|██████▋   | 166/250 [32:45<16:32, 11.81s/it]sweep_shape_color:  67%|██████▋   | 167/250 [32:56<16:20, 11.81s/it]sweep_shape_color:  67%|██████▋   | 168/250 [33:08<16:11, 11.85s/it]sweep_shape_color:  68%|██████▊   | 169/250 [33:20<15:57, 11.82s/it]sweep_shape_color:  68%|██████▊   | 170/250 [33:32<15:47, 11.84s/it]sweep_shape_color:  68%|██████▊   | 171/250 [33:44<15:33, 11.82s/it]sweep_shape_color:  69%|██████▉   | 172/250 [33:56<15:22, 11.83s/it]sweep_shape_color:  69%|██████▉   | 173/250 [34:07<15:11, 11.83s/it]sweep_shape_color:  70%|██████▉   | 174/250 [34:19<14:59, 11.83s/it]sweep_shape_color:  70%|███████   | 175/250 [34:31<14:48, 11.85s/it]sweep_shape_color:  70%|███████   | 176/250 [34:43<14:35, 11.84s/it]sweep_shape_color:  71%|███████   | 177/250 [34:55<14:26, 11.87s/it]sweep_shape_color:  71%|███████   | 178/250 [35:07<14:14, 11.86s/it]sweep_shape_color:  72%|███████▏  | 179/250 [35:18<14:00, 11.84s/it]sweep_shape_color:  72%|███████▏  | 180/250 [35:30<13:49, 11.85s/it]sweep_shape_color:  72%|███████▏  | 181/250 [35:42<13:35, 11.82s/it]sweep_shape_color:  73%|███████▎  | 182/250 [35:54<13:25, 11.85s/it]sweep_shape_color:  73%|███████▎  | 183/250 [36:06<13:12, 11.83s/it]sweep_shape_color:  74%|███████▎  | 184/250 [36:18<13:01, 11.83s/it]sweep_shape_color:  74%|███████▍  | 185/250 [36:30<12:50, 11.85s/it]sweep_shape_color:  74%|███████▍  | 186/250 [36:41<12:32, 11.75s/it]sweep_shape_color:  75%|███████▍  | 187/250 [36:53<12:23, 11.81s/it]sweep_shape_color:  75%|███████▌  | 188/250 [37:05<12:11, 11.80s/it]sweep_shape_color:  76%|███████▌  | 189/250 [37:17<12:01, 11.83s/it]sweep_shape_color:  76%|███████▌  | 190/250 [37:28<11:49, 11.83s/it]sweep_shape_color:  76%|███████▋  | 191/250 [37:40<11:38, 11.84s/it]sweep_shape_color:  77%|███████▋  | 192/250 [37:52<11:27, 11.85s/it]sweep_shape_color:  77%|███████▋  | 193/250 [38:04<11:14, 11.84s/it]sweep_shape_color:  78%|███████▊  | 194/250 [38:16<11:04, 11.86s/it]sweep_shape_color:  78%|███████▊  | 195/250 [38:28<10:50, 11.83s/it]sweep_shape_color:  78%|███████▊  | 196/250 [38:40<10:41, 11.88s/it]sweep_shape_color:  79%|███████▉  | 197/250 [38:52<10:28, 11.86s/it]sweep_shape_color:  79%|███████▉  | 198/250 [39:03<10:16, 11.85s/it]sweep_shape_color:  80%|███████▉  | 199/250 [39:15<10:04, 11.85s/it]sweep_shape_color:  80%|████████  | 200/250 [39:27<09:52, 11.84s/it]sweep_shape_color:  80%|████████  | 201/250 [39:39<09:40, 11.86s/it]sweep_shape_color:  81%|████████  | 202/250 [39:51<09:28, 11.83s/it]sweep_shape_color:  81%|████████  | 203/250 [40:03<09:16, 11.83s/it]sweep_shape_color:  82%|████████▏ | 204/250 [40:14<09:04, 11.84s/it]sweep_shape_color:  82%|████████▏ | 205/250 [40:26<08:52, 11.83s/it]sweep_shape_color:  82%|████████▏ | 206/250 [40:38<08:42, 11.87s/it]sweep_shape_color:  83%|████████▎ | 207/250 [40:50<08:29, 11.84s/it]sweep_shape_color:  83%|████████▎ | 208/250 [41:02<08:18, 11.86s/it]sweep_shape_color:  84%|████████▎ | 209/250 [41:14<08:04, 11.83s/it]sweep_shape_color:  84%|████████▍ | 210/250 [41:25<07:53, 11.85s/it]sweep_shape_color:  84%|████████▍ | 211/250 [41:37<07:41, 11.84s/it]sweep_shape_color:  85%|████████▍ | 212/250 [41:49<07:29, 11.84s/it]sweep_shape_color:  85%|████████▌ | 213/250 [42:01<07:18, 11.85s/it]sweep_shape_color:  86%|████████▌ | 214/250 [42:13<07:05, 11.83s/it]sweep_shape_color:  86%|████████▌ | 215/250 [42:24<06:52, 11.79s/it]sweep_shape_color:  86%|████████▋ | 216/250 [42:36<06:41, 11.80s/it]sweep_shape_color:  87%|████████▋ | 217/250 [42:48<06:29, 11.80s/it]sweep_shape_color:  87%|████████▋ | 218/250 [43:00<06:18, 11.81s/it]sweep_shape_color:  88%|████████▊ | 219/250 [43:12<06:06, 11.82s/it]sweep_shape_color:  88%|████████▊ | 220/250 [43:24<05:54, 11.83s/it]sweep_shape_color:  88%|████████▊ | 221/250 [43:35<05:42, 11.80s/it]sweep_shape_color:  89%|████████▉ | 222/250 [43:47<05:31, 11.84s/it]sweep_shape_color:  89%|████████▉ | 223/250 [43:59<05:19, 11.82s/it]sweep_shape_color:  90%|████████▉ | 224/250 [44:11<05:07, 11.83s/it]sweep_shape_color:  90%|█████████ | 225/250 [44:23<04:56, 11.87s/it]sweep_shape_color:  90%|█████████ | 226/250 [44:35<04:44, 11.85s/it]sweep_shape_color:  91%|█████████ | 227/250 [44:47<04:32, 11.87s/it]sweep_shape_color:  91%|█████████ | 228/250 [44:58<04:20, 11.84s/it]sweep_shape_color:  92%|█████████▏| 229/250 [45:10<04:08, 11.85s/it]sweep_shape_color:  92%|█████████▏| 230/250 [45:22<03:57, 11.85s/it]sweep_shape_color:  92%|█████████▏| 231/250 [45:34<03:44, 11.84s/it]sweep_shape_color:  93%|█████████▎| 232/250 [45:46<03:33, 11.86s/it]sweep_shape_color:  93%|█████████▎| 233/250 [45:58<03:21, 11.84s/it]sweep_shape_color:  94%|█████████▎| 234/250 [46:10<03:09, 11.86s/it]sweep_shape_color:  94%|█████████▍| 235/250 [46:21<02:58, 11.87s/it]sweep_shape_color:  94%|█████████▍| 236/250 [46:33<02:45, 11.83s/it]sweep_shape_color:  95%|█████████▍| 237/250 [46:45<02:34, 11.85s/it]sweep_shape_color:  95%|█████████▌| 238/250 [46:57<02:21, 11.83s/it]sweep_shape_color:  96%|█████████▌| 239/250 [47:09<02:10, 11.85s/it]sweep_shape_color:  96%|█████████▌| 240/250 [47:21<01:58, 11.84s/it]sweep_shape_color:  96%|█████████▋| 241/250 [47:32<01:46, 11.84s/it]sweep_shape_color:  97%|█████████▋| 242/250 [47:44<01:34, 11.84s/it]sweep_shape_color:  97%|█████████▋| 243/250 [47:56<01:22, 11.83s/it]sweep_shape_color:  98%|█████████▊| 244/250 [48:08<01:10, 11.79s/it]sweep_shape_color:  98%|█████████▊| 245/250 [48:20<00:58, 11.78s/it]sweep_shape_color:  98%|█████████▊| 246/250 [48:31<00:47, 11.83s/it]sweep_shape_color:  99%|█████████▉| 247/250 [48:43<00:35, 11.82s/it]sweep_shape_color:  99%|█████████▉| 248/250 [48:55<00:23, 11.83s/it]sweep_shape_color: 100%|█████████▉| 249/250 [49:07<00:11, 11.84s/it]sweep_shape_color: 100%|██████████| 250/250 [49:19<00:00, 11.84s/it]sweep_shape_color: 100%|██████████| 250/250 [49:19<00:00, 11.84s/it]

=== Layer sweep: shape_color ===
  Layer  no-swap=240/250 = 96.0%
  L 0: acc = 96.0%
  L 3: acc = 96.0%
  L 6: acc = 96.0%
  L 9: acc = 96.0%
  L12: acc = 96.0%
  L14: acc = 96.0%
  L16: acc = 95.6%
  L18: acc = 96.4%
  L20: acc = 100.0%
  L22: acc = 99.6%
  L24: acc = 84.4%
  L26: acc = 88.4%
[SAVED] /data/takhyun03/project/2026/vlm_direction/cross-modal-info/analysis/factorial_experiment/results/layer_sweep_shape_color.json
