Special tokens have been added in the vocabulary, make sure the associated word embeddings are fine-tuned or trained.
You are using a model of type llava to instantiate a model of type llava_qwen. This is not supported for all configurations of models and can yield errors.
You are using a model of type llava to instantiate a model of type llava_qwen. This is not supported for all configurations of models and can yield errors.
Special tokens have been added in the vocabulary, make sure the associated word embeddings are fine-tuned or trained.
/data/takhyun03/anaconda3/envs/lmms_llavavideo/lib/python3.11/site-packages/torch/nn/modules/module.py:2025: UserWarning: for vision_model.embeddings.patch_embedding.weight: copying from a non-meta parameter in the checkpoint to a meta parameter in the current model, which is a no-op. (Did you mean to pass `assign=True` to assign items in the state dictionary to their corresponding key in the module instead of copying them in place?)
  warnings.warn(f'for {key}: copying from a non-meta parameter in the checkpoint to a meta '
/data/takhyun03/anaconda3/envs/lmms_llavavideo/lib/python3.11/site-packages/torch/nn/modules/module.py:2025: UserWarning: for vision_model.embeddings.patch_embedding.bias: copying from a non-meta parameter in the checkpoint to a meta parameter in the current model, which is a no-op. (Did you mean to pass `assign=True` to assign items in the state dictionary to their corresponding key in the module instead of copying them in place?)
  warnings.warn(f'for {key}: copying from a non-meta parameter in the checkpoint to a meta '
/data/takhyun03/anaconda3/envs/lmms_llavavideo/lib/python3.11/site-packages/torch/nn/modules/module.py:2025: UserWarning: for vision_model.embeddings.position_embedding.weight: copying from a non-meta parameter in the checkpoint to a meta parameter in the current model, which is a no-op. (Did you mean to pass `assign=True` to assign items in the state dictionary to their corresponding key in the module instead of copying them in place?)
  warnings.warn(f'for {key}: copying from a non-meta parameter in the checkpoint to a meta '
/data/takhyun03/anaconda3/envs/lmms_llavavideo/lib/python3.11/site-packages/torch/nn/modules/module.py:2025: UserWarning: for vision_model.encoder.layers.0.self_attn.k_proj.weight: copying from a non-meta parameter in the checkpoint to a meta parameter in the current model, which is a no-op. (Did you mean to pass `assign=True` to assign items in the state dictionary to their corresponding key in the module instead of copying them in place?)
  warnings.warn(f'for {key}: copying from a non-meta parameter in the checkpoint to a meta '
/data/takhyun03/anaconda3/envs/lmms_llavavideo/lib/python3.11/site-packages/torch/nn/modules/module.py:2025: UserWarning: for vision_model.encoder.layers.0.self_attn.k_proj.bias: copying from a non-meta parameter in the checkpoint to a meta parameter in the current model, which is a no-op. (Did you mean to pass `assign=True` to assign items in the state dictionary to their corresponding key in the module instead of copying them in place?)
  warnings.warn(f'for {key}: copying from a non-meta parameter in the checkpoint to a meta '
/data/takhyun03/anaconda3/envs/lmms_llavavideo/lib/python3.11/site-packages/torch/nn/modules/module.py:2025: UserWarning: for vision_model.encoder.layers.0.self_attn.v_proj.weight: copying from a non-meta parameter in the checkpoint to a meta parameter in the current model, which is a no-op. (Did you mean to pass `assign=True` to assign items in the state dictionary to their corresponding key in the module instead of copying them in place?)
  warnings.warn(f'for {key}: copying from a non-meta parameter in the checkpoint to a meta '
/data/takhyun03/anaconda3/envs/lmms_llavavideo/lib/python3.11/site-packages/torch/nn/modules/module.py:2025: UserWarning: for vision_model.encoder.layers.0.self_attn.v_proj.bias: copying from a non-meta parameter in the checkpoint to a meta parameter in the current model, which is a no-op. (Did you mean to pass `assign=True` to assign items in the state dictionary to their corresponding key in the module instead of copying them in place?)
  warnings.warn(f'for {key}: copying from a non-meta parameter in the checkpoint to a meta '
/data/takhyun03/anaconda3/envs/lmms_llavavideo/lib/python3.11/site-packages/torch/nn/modules/module.py:2025: UserWarning: for vision_model.encoder.layers.0.self_attn.q_proj.weight: copying from a non-meta parameter in the checkpoint to a meta parameter in the current model, which is a no-op. (Did you mean to pass `assign=True` to assign items in the state dictionary to their corresponding key in the module instead of copying them in place?)
  warnings.warn(f'for {key}: copying from a non-meta parameter in the checkpoint to a meta '
/data/takhyun03/anaconda3/envs/lmms_llavavideo/lib/python3.11/site-packages/torch/nn/modules/module.py:2025: UserWarning: for vision_model.encoder.layers.0.self_attn.q_proj.bias: copying from a non-meta parameter in the checkpoint to a meta parameter in the current model, which is a no-op. (Did you mean to pass `assign=True` to assign items in the state dictionary to their corresponding key in the module instead of copying them in place?)
  warnings.warn(f'for {key}: copying from a non-meta parameter in the checkpoint to a meta '
/data/takhyun03/anaconda3/envs/lmms_llavavideo/lib/python3.11/site-packages/torch/nn/modules/module.py:2025: UserWarning: for vision_model.encoder.layers.0.self_attn.out_proj.weight: copying from a non-meta parameter in the checkpoint to a meta parameter in the current model, which is a no-op. (Did you mean to pass `assign=True` to assign items in the state dictionary to their corresponding key in the module instead of copying them in place?)
  warnings.warn(f'for {key}: copying from a non-meta parameter in the checkpoint to a meta '
/data/takhyun03/anaconda3/envs/lmms_llavavideo/lib/python3.11/site-packages/torch/nn/modules/module.py:2025: UserWarning: for vision_model.encoder.layers.0.self_attn.out_proj.bias: copying from a non-meta parameter in the checkpoint to a meta parameter in the current model, which is a no-op. (Did you mean to pass `assign=True` to assign items in the state dictionary to their corresponding key in the module instead of copying them in place?)
  warnings.warn(f'for {key}: copying from a non-meta parameter in the checkpoint to a meta '
/data/takhyun03/anaconda3/envs/lmms_llavavideo/lib/python3.11/site-packages/torch/nn/modules/module.py:2025: UserWarning: for vision_model.encoder.layers.0.layer_norm1.weight: copying from a non-meta parameter in the checkpoint to a meta parameter in the current model, which is a no-op. (Did you mean to pass `assign=True` to assign items in the state dictionary to their corresponding key in the module instead of copying them in place?)
  warnings.warn(f'for {key}: copying from a non-meta parameter in the checkpoint to a meta '
/data/takhyun03/anaconda3/envs/lmms_llavavideo/lib/python3.11/site-packages/torch/nn/modules/module.py:2025: UserWarning: for vision_model.encoder.layers.0.layer_norm1.bias: copying from a non-meta parameter in the checkpoint to a meta parameter in the current model, which is a no-op. (Did you mean to pass `assign=True` to assign items in the state dictionary to their corresponding key in the module instead of copying them in place?)
  warnings.warn(f'for {key}: copying from a non-meta parameter in the checkpoint to a meta '
/data/takhyun03/anaconda3/envs/lmms_llavavideo/lib/python3.11/site-packages/torch/nn/modules/module.py:2025: UserWarning: for vision_model.encoder.layers.0.mlp.fc1.weight: copying from a non-meta parameter in the checkpoint to a meta parameter in the current model, which is a no-op. (Did you mean to pass `assign=True` to assign items in the state dictionary to their corresponding key in the module instead of copying them in place?)
  warnings.warn(f'for {key}: copying from a non-meta parameter in the checkpoint to a meta '
/data/takhyun03/anaconda3/envs/lmms_llavavideo/lib/python3.11/site-packages/torch/nn/modules/module.py:2025: UserWarning: for vision_model.encoder.layers.0.mlp.fc1.bias: copying from a non-meta parameter in the checkpoint to a meta parameter in the current model, which is a no-op. (Did you mean to pass `assign=True` to assign items in the state dictionary to their corresponding key in the module instead of copying them in place?)
  warnings.warn(f'for {key}: copying from a non-meta parameter in the checkpoint to a meta '
/data/takhyun03/anaconda3/envs/lmms_llavavideo/lib/python3.11/site-packages/torch/nn/modules/module.py:2025: UserWarning: for vision_model.encoder.layers.0.mlp.fc2.weight: copying from a non-meta parameter in the checkpoint to a meta parameter in the current model, which is a no-op. (Did you mean to pass `assign=True` to assign items in the state dictionary to their corresponding key in the module instead of copying them in place?)
  warnings.warn(f'for {key}: copying from a non-meta parameter in the checkpoint to a meta '
/data/takhyun03/anaconda3/envs/lmms_llavavideo/lib/python3.11/site-packages/torch/nn/modules/module.py:2025: UserWarning: for vision_model.encoder.layers.0.mlp.fc2.bias: copying from a non-meta parameter in the checkpoint to a meta parameter in the current model, which is a no-op. (Did you mean to pass `assign=True` to assign items in the state dictionary to their corresponding key in the module instead of copying them in place?)
  warnings.warn(f'for {key}: copying from a non-meta parameter in the checkpoint to a meta '
/data/takhyun03/anaconda3/envs/lmms_llavavideo/lib/python3.11/site-packages/torch/nn/modules/module.py:2025: UserWarning: for vision_model.encoder.layers.0.layer_norm2.weight: copying from a non-meta parameter in the checkpoint to a meta parameter in the current model, which is a no-op. (Did you mean to pass `assign=True` to assign items in the state dictionary to their corresponding key in the module instead of copying them in place?)
  warnings.warn(f'for {key}: copying from a non-meta parameter in the checkpoint to a meta '
/data/takhyun03/anaconda3/envs/lmms_llavavideo/lib/python3.11/site-packages/torch/nn/modules/module.py:2025: UserWarning: for vision_model.encoder.layers.0.layer_norm2.bias: copying from a non-meta parameter in the checkpoint to a meta parameter in the current model, which is a no-op. (Did you mean to pass `assign=True` to assign items in the state dictionary to their corresponding key in the module instead of copying them in place?)
  warnings.warn(f'for {key}: copying from a non-meta parameter in the checkpoint to a meta '
/data/takhyun03/anaconda3/envs/lmms_llavavideo/lib/python3.11/site-packages/torch/nn/modules/module.py:2025: UserWarning: for vision_model.encoder.layers.1.self_attn.k_proj.weight: copying from a non-meta parameter in the checkpoint to a meta parameter in the current model, which is a no-op. (Did you mean to pass `assign=True` to assign items in the state dictionary to their corresponding key in the module instead of copying them in place?)
  warnings.warn(f'for {key}: copying from a non-meta parameter in the checkpoint to a meta '
/data/takhyun03/anaconda3/envs/lmms_llavavideo/lib/python3.11/site-packages/torch/nn/modules/module.py:2025: UserWarning: for vision_model.encoder.layers.1.self_attn.k_proj.bias: copying from a non-meta parameter in the checkpoint to a meta parameter in the current model, which is a no-op. (Did you mean to pass `assign=True` to assign items in the state dictionary to their corresponding key in the module instead of copying them in place?)
  warnings.warn(f'for {key}: copying from a non-meta parameter in the checkpoint to a meta '
/data/takhyun03/anaconda3/envs/lmms_llavavideo/lib/python3.11/site-packages/torch/nn/modules/module.py:2025: UserWarning: for vision_model.encoder.layers.1.self_attn.v_proj.weight: copying from a non-meta parameter in the checkpoint to a meta parameter in the current model, which is a no-op. (Did you mean to pass `assign=True` to assign items in the state dictionary to their corresponding key in the module instead of copying them in place?)
  warnings.warn(f'for {key}: copying from a non-meta parameter in the checkpoint to a meta '
/data/takhyun03/anaconda3/envs/lmms_llavavideo/lib/python3.11/site-packages/torch/nn/modules/module.py:2025: UserWarning: for vision_model.encoder.layers.1.self_attn.v_proj.bias: copying from a non-meta parameter in the checkpoint to a meta parameter in the current model, which is a no-op. (Did you mean to pass `assign=True` to assign items in the state dictionary to their corresponding key in the module instead of copying them in place?)
  warnings.warn(f'for {key}: copying from a non-meta parameter in the checkpoint to a meta '
/data/takhyun03/anaconda3/envs/lmms_llavavideo/lib/python3.11/site-packages/torch/nn/modules/module.py:2025: UserWarning: for vision_model.encoder.layers.1.self_attn.q_proj.weight: copying from a non-meta parameter in the checkpoint to a meta parameter in the current model, which is a no-op. (Did you mean to pass `assign=True` to assign items in the state dictionary to their corresponding key in the module instead of copying them in place?)
  warnings.warn(f'for {key}: copying from a non-meta parameter in the checkpoint to a meta '
/data/takhyun03/anaconda3/envs/lmms_llavavideo/lib/python3.11/site-packages/torch/nn/modules/module.py:2025: UserWarning: for vision_model.encoder.layers.1.self_attn.q_proj.bias: copying from a non-meta parameter in the checkpoint to a meta parameter in the current model, which is a no-op. (Did you mean to pass `assign=True` to assign items in the state dictionary to their corresponding key in the module instead of copying them in place?)
  warnings.warn(f'for {key}: copying from a non-meta parameter in the checkpoint to a meta '
/data/takhyun03/anaconda3/envs/lmms_llavavideo/lib/python3.11/site-packages/torch/nn/modules/module.py:2025: UserWarning: for vision_model.encoder.layers.1.self_attn.out_proj.weight: copying from a non-meta parameter in the checkpoint to a meta parameter in the current model, which is a no-op. (Did you mean to pass `assign=True` to assign items in the state dictionary to their corresponding key in the module instead of copying them in place?)
  warnings.warn(f'for {key}: copying from a non-meta parameter in the checkpoint to a meta '
/data/takhyun03/anaconda3/envs/lmms_llavavideo/lib/python3.11/site-packages/torch/nn/modules/module.py:2025: UserWarning: for vision_model.encoder.layers.1.self_attn.out_proj.bias: copying from a non-meta parameter in the checkpoint to a meta parameter in the current model, which is a no-op. (Did you mean to pass `assign=True` to assign items in the state dictionary to their corresponding key in the module instead of copying them in place?)
  warnings.warn(f'for {key}: copying from a non-meta parameter in the checkpoint to a meta '
/data/takhyun03/anaconda3/envs/lmms_llavavideo/lib/python3.11/site-packages/torch/nn/modules/module.py:2025: UserWarning: for vision_model.encoder.layers.1.layer_norm1.weight: copying from a non-meta parameter in the checkpoint to a meta parameter in the current model, which is a no-op. (Did you mean to pass `assign=True` to assign items in the state dictionary to their corresponding key in the module instead of copying them in place?)
  warnings.warn(f'for {key}: copying from a non-meta parameter in the checkpoint to a meta '
/data/takhyun03/anaconda3/envs/lmms_llavavideo/lib/python3.11/site-packages/torch/nn/modules/module.py:2025: UserWarning: for vision_model.encoder.layers.1.layer_norm1.bias: copying from a non-meta parameter in the checkpoint to a meta parameter in the current model, which is a no-op. (Did you mean to pass `assign=True` to assign items in the state dictionary to their corresponding key in the module instead of copying them in place?)
  warnings.warn(f'for {key}: copying from a non-meta parameter in the checkpoint to a meta '
/data/takhyun03/anaconda3/envs/lmms_llavavideo/lib/python3.11/site-packages/torch/nn/modules/module.py:2025: UserWarning: for vision_model.encoder.layers.1.mlp.fc1.weight: copying from a non-meta parameter in the checkpoint to a meta parameter in the current model, which is a no-op. (Did you mean to pass `assign=True` to assign items in the state dictionary to their corresponding key in the module instead of copying them in place?)
  warnings.warn(f'for {key}: copying from a non-meta parameter in the checkpoint to a meta '
/data/takhyun03/anaconda3/envs/lmms_llavavideo/lib/python3.11/site-packages/torch/nn/modules/module.py:2025: UserWarning: for vision_model.encoder.layers.1.mlp.fc1.bias: copying from a non-meta parameter in the checkpoint to a meta parameter in the current model, which is a no-op. (Did you mean to pass `assign=True` to assign items in the state dictionary to their corresponding key in the module instead of copying them in place?)
  warnings.warn(f'for {key}: copying from a non-meta parameter in the checkpoint to a meta '
/data/takhyun03/anaconda3/envs/lmms_llavavideo/lib/python3.11/site-packages/torch/nn/modules/module.py:2025: UserWarning: for vision_model.encoder.layers.1.mlp.fc2.weight: copying from a non-meta parameter in the checkpoint to a meta parameter in the current model, which is a no-op. (Did you mean to pass `assign=True` to assign items in the state dictionary to their corresponding key in the module instead of copying them in place?)
  warnings.warn(f'for {key}: copying from a non-meta parameter in the checkpoint to a meta '
/data/takhyun03/anaconda3/envs/lmms_llavavideo/lib/python3.11/site-packages/torch/nn/modules/module.py:2025: UserWarning: for vision_model.encoder.layers.1.mlp.fc2.bias: copying from a non-meta parameter in the checkpoint to a meta parameter in the current model, which is a no-op. (Did you mean to pass `assign=True` to assign items in the state dictionary to their corresponding key in the module instead of copying them in place?)
  warnings.warn(f'for {key}: copying from a non-meta parameter in the checkpoint to a meta '
/data/takhyun03/anaconda3/envs/lmms_llavavideo/lib/python3.11/site-packages/torch/nn/modules/module.py:2025: UserWarning: for vision_model.encoder.layers.1.layer_norm2.weight: copying from a non-meta parameter in the checkpoint to a meta parameter in the current model, which is a no-op. (Did you mean to pass `assign=True` to assign items in the state dictionary to their corresponding key in the module instead of copying them in place?)
  warnings.warn(f'for {key}: copying from a non-meta parameter in the checkpoint to a meta '
/data/takhyun03/anaconda3/envs/lmms_llavavideo/lib/python3.11/site-packages/torch/nn/modules/module.py:2025: UserWarning: for vision_model.encoder.layers.1.layer_norm2.bias: copying from a non-meta parameter in the checkpoint to a meta parameter in the current model, which is a no-op. (Did you mean to pass `assign=True` to assign items in the state dictionary to their corresponding key in the module instead of copying them in place?)
  warnings.warn(f'for {key}: copying from a non-meta parameter in the checkpoint to a meta '
/data/takhyun03/anaconda3/envs/lmms_llavavideo/lib/python3.11/site-packages/torch/nn/modules/module.py:2025: UserWarning: for vision_model.encoder.layers.2.self_attn.k_proj.weight: copying from a non-meta parameter in the checkpoint to a meta parameter in the current model, which is a no-op. (Did you mean to pass `assign=True` to assign items in the state dictionary to their corresponding key in the module instead of copying them in place?)
  warnings.warn(f'for {key}: copying from a non-meta parameter in the checkpoint to a meta '
/data/takhyun03/anaconda3/envs/lmms_llavavideo/lib/python3.11/site-packages/torch/nn/modules/module.py:2025: UserWarning: for vision_model.encoder.layers.2.self_attn.k_proj.bias: copying from a non-meta parameter in the checkpoint to a meta parameter in the current model, which is a no-op. (Did you mean to pass `assign=True` to assign items in the state dictionary to their corresponding key in the module instead of copying them in place?)
  warnings.warn(f'for {key}: copying from a non-meta parameter in the checkpoint to a meta '
/data/takhyun03/anaconda3/envs/lmms_llavavideo/lib/python3.11/site-packages/torch/nn/modules/module.py:2025: UserWarning: for vision_model.encoder.layers.2.self_attn.v_proj.weight: copying from a non-meta parameter in the checkpoint to a meta parameter in the current model, which is a no-op. (Did you mean to pass `assign=True` to assign items in the state dictionary to their corresponding key in the module instead of copying them in place?)
  warnings.warn(f'for {key}: copying from a non-meta parameter in the checkpoint to a meta '
/data/takhyun03/anaconda3/envs/lmms_llavavideo/lib/python3.11/site-packages/torch/nn/modules/module.py:2025: UserWarning: for vision_model.encoder.layers.2.self_attn.v_proj.bias: copying from a non-meta parameter in the checkpoint to a meta parameter in the current model, which is a no-op. (Did you mean to pass `assign=True` to assign items in the state dictionary to their corresponding key in the module instead of copying them in place?)
  warnings.warn(f'for {key}: copying from a non-meta parameter in the checkpoint to a meta '
/data/takhyun03/anaconda3/envs/lmms_llavavideo/lib/python3.11/site-packages/torch/nn/modules/module.py:2025: UserWarning: for vision_model.encoder.layers.2.self_attn.q_proj.weight: copying from a non-meta parameter in the checkpoint to a meta parameter in the current model, which is a no-op. (Did you mean to pass `assign=True` to assign items in the state dictionary to their corresponding key in the module instead of copying them in place?)
  warnings.warn(f'for {key}: copying from a non-meta parameter in the checkpoint to a meta '
/data/takhyun03/anaconda3/envs/lmms_llavavideo/lib/python3.11/site-packages/torch/nn/modules/module.py:2025: UserWarning: for vision_model.encoder.layers.2.self_attn.q_proj.bias: copying from a non-meta parameter in the checkpoint to a meta parameter in the current model, which is a no-op. (Did you mean to pass `assign=True` to assign items in the state dictionary to their corresponding key in the module instead of copying them in place?)
  warnings.warn(f'for {key}: copying from a non-meta parameter in the checkpoint to a meta '
/data/takhyun03/anaconda3/envs/lmms_llavavideo/lib/python3.11/site-packages/torch/nn/modules/module.py:2025: UserWarning: for vision_model.encoder.layers.2.self_attn.out_proj.weight: copying from a non-meta parameter in the checkpoint to a meta parameter in the current model, which is a no-op. (Did you mean to pass `assign=True` to assign items in the state dictionary to their corresponding key in the module instead of copying them in place?)
  warnings.warn(f'for {key}: copying from a non-meta parameter in the checkpoint to a meta '
/data/takhyun03/anaconda3/envs/lmms_llavavideo/lib/python3.11/site-packages/torch/nn/modules/module.py:2025: UserWarning: for vision_model.encoder.layers.2.self_attn.out_proj.bias: copying from a non-meta parameter in the checkpoint to a meta parameter in the current model, which is a no-op. (Did you mean to pass `assign=True` to assign items in the state dictionary to their corresponding key in the module instead of copying them in place?)
  warnings.warn(f'for {key}: copying from a non-meta parameter in the checkpoint to a meta '
/data/takhyun03/anaconda3/envs/lmms_llavavideo/lib/python3.11/site-packages/torch/nn/modules/module.py:2025: UserWarning: for vision_model.encoder.layers.2.layer_norm1.weight: copying from a non-meta parameter in the checkpoint to a meta parameter in the current model, which is a no-op. (Did you mean to pass `assign=True` to assign items in the state dictionary to their corresponding key in the module instead of copying them in place?)
  warnings.warn(f'for {key}: copying from a non-meta parameter in the checkpoint to a meta '
/data/takhyun03/anaconda3/envs/lmms_llavavideo/lib/python3.11/site-packages/torch/nn/modules/module.py:2025: UserWarning: for vision_model.encoder.layers.2.layer_norm1.bias: copying from a non-meta parameter in the checkpoint to a meta parameter in the current model, which is a no-op. (Did you mean to pass `assign=True` to assign items in the state dictionary to their corresponding key in the module instead of copying them in place?)
  warnings.warn(f'for {key}: copying from a non-meta parameter in the checkpoint to a meta '
/data/takhyun03/anaconda3/envs/lmms_llavavideo/lib/python3.11/site-packages/torch/nn/modules/module.py:2025: UserWarning: for vision_model.encoder.layers.2.mlp.fc1.weight: copying from a non-meta parameter in the checkpoint to a meta parameter in the current model, which is a no-op. (Did you mean to pass `assign=True` to assign items in the state dictionary to their corresponding key in the module instead of copying them in place?)
  warnings.warn(f'for {key}: copying from a non-meta parameter in the checkpoint to a meta '
/data/takhyun03/anaconda3/envs/lmms_llavavideo/lib/python3.11/site-packages/torch/nn/modules/module.py:2025: UserWarning: for vision_model.encoder.layers.2.mlp.fc1.bias: copying from a non-meta parameter in the checkpoint to a meta parameter in the current model, which is a no-op. (Did you mean to pass `assign=True` to assign items in the state dictionary to their corresponding key in the module instead of copying them in place?)
  warnings.warn(f'for {key}: copying from a non-meta parameter in the checkpoint to a meta '
/data/takhyun03/anaconda3/envs/lmms_llavavideo/lib/python3.11/site-packages/torch/nn/modules/module.py:2025: UserWarning: for vision_model.encoder.layers.2.mlp.fc2.weight: copying from a non-meta parameter in the checkpoint to a meta parameter in the current model, which is a no-op. (Did you mean to pass `assign=True` to assign items in the state dictionary to their corresponding key in the module instead of copying them in place?)
  warnings.warn(f'for {key}: copying from a non-meta parameter in the checkpoint to a meta '
/data/takhyun03/anaconda3/envs/lmms_llavavideo/lib/python3.11/site-packages/torch/nn/modules/module.py:2025: UserWarning: for vision_model.encoder.layers.2.mlp.fc2.bias: copying from a non-meta parameter in the checkpoint to a meta parameter in the current model, which is a no-op. (Did you mean to pass `assign=True` to assign items in the state dictionary to their corresponding key in the module instead of copying them in place?)
  warnings.warn(f'for {key}: copying from a non-meta parameter in the checkpoint to a meta '
/data/takhyun03/anaconda3/envs/lmms_llavavideo/lib/python3.11/site-packages/torch/nn/modules/module.py:2025: UserWarning: for vision_model.encoder.layers.2.layer_norm2.weight: copying from a non-meta parameter in the checkpoint to a meta parameter in the current model, which is a no-op. (Did you mean to pass `assign=True` to assign items in the state dictionary to their corresponding key in the module instead of copying them in place?)
  warnings.warn(f'for {key}: copying from a non-meta parameter in the checkpoint to a meta '
/data/takhyun03/anaconda3/envs/lmms_llavavideo/lib/python3.11/site-packages/torch/nn/modules/module.py:2025: UserWarning: for vision_model.encoder.layers.2.layer_norm2.bias: copying from a non-meta parameter in the checkpoint to a meta parameter in the current model, which is a no-op. (Did you mean to pass `assign=True` to assign items in the state dictionary to their corresponding key in the module instead of copying them in place?)
  warnings.warn(f'for {key}: copying from a non-meta parameter in the checkpoint to a meta '
/data/takhyun03/anaconda3/envs/lmms_llavavideo/lib/python3.11/site-packages/torch/nn/modules/module.py:2025: UserWarning: for vision_model.encoder.layers.3.self_attn.k_proj.weight: copying from a non-meta parameter in the checkpoint to a meta parameter in the current model, which is a no-op. (Did you mean to pass `assign=True` to assign items in the state dictionary to their corresponding key in the module instead of copying them in place?)
  warnings.warn(f'for {key}: copying from a non-meta parameter in the checkpoint to a meta '
/data/takhyun03/anaconda3/envs/lmms_llavavideo/lib/python3.11/site-packages/torch/nn/modules/module.py:2025: UserWarning: for vision_model.encoder.layers.3.self_attn.k_proj.bias: copying from a non-meta parameter in the checkpoint to a meta parameter in the current model, which is a no-op. (Did you mean to pass `assign=True` to assign items in the state dictionary to their corresponding key in the module instead of copying them in place?)
  warnings.warn(f'for {key}: copying from a non-meta parameter in the checkpoint to a meta '
/data/takhyun03/anaconda3/envs/lmms_llavavideo/lib/python3.11/site-packages/torch/nn/modules/module.py:2025: UserWarning: for vision_model.encoder.layers.3.self_attn.v_proj.weight: copying from a non-meta parameter in the checkpoint to a meta parameter in the current model, which is a no-op. (Did you mean to pass `assign=True` to assign items in the state dictionary to their corresponding key in the module instead of copying them in place?)
  warnings.warn(f'for {key}: copying from a non-meta parameter in the checkpoint to a meta '
/data/takhyun03/anaconda3/envs/lmms_llavavideo/lib/python3.11/site-packages/torch/nn/modules/module.py:2025: UserWarning: for vision_model.encoder.layers.3.self_attn.v_proj.bias: copying from a non-meta parameter in the checkpoint to a meta parameter in the current model, which is a no-op. (Did you mean to pass `assign=True` to assign items in the state dictionary to their corresponding key in the module instead of copying them in place?)
  warnings.warn(f'for {key}: copying from a non-meta parameter in the checkpoint to a meta '
/data/takhyun03/anaconda3/envs/lmms_llavavideo/lib/python3.11/site-packages/torch/nn/modules/module.py:2025: UserWarning: for vision_model.encoder.layers.3.self_attn.q_proj.weight: copying from a non-meta parameter in the checkpoint to a meta parameter in the current model, which is a no-op. (Did you mean to pass `assign=True` to assign items in the state dictionary to their corresponding key in the module instead of copying them in place?)
  warnings.warn(f'for {key}: copying from a non-meta parameter in the checkpoint to a meta '
/data/takhyun03/anaconda3/envs/lmms_llavavideo/lib/python3.11/site-packages/torch/nn/modules/module.py:2025: UserWarning: for vision_model.encoder.layers.3.self_attn.q_proj.bias: copying from a non-meta parameter in the checkpoint to a meta parameter in the current model, which is a no-op. (Did you mean to pass `assign=True` to assign items in the state dictionary to their corresponding key in the module instead of copying them in place?)
  warnings.warn(f'for {key}: copying from a non-meta parameter in the checkpoint to a meta '
/data/takhyun03/anaconda3/envs/lmms_llavavideo/lib/python3.11/site-packages/torch/nn/modules/module.py:2025: UserWarning: for vision_model.encoder.layers.3.self_attn.out_proj.weight: copying from a non-meta parameter in the checkpoint to a meta parameter in the current model, which is a no-op. (Did you mean to pass `assign=True` to assign items in the state dictionary to their corresponding key in the module instead of copying them in place?)
  warnings.warn(f'for {key}: copying from a non-meta parameter in the checkpoint to a meta '
/data/takhyun03/anaconda3/envs/lmms_llavavideo/lib/python3.11/site-packages/torch/nn/modules/module.py:2025: UserWarning: for vision_model.encoder.layers.3.self_attn.out_proj.bias: copying from a non-meta parameter in the checkpoint to a meta parameter in the current model, which is a no-op. (Did you mean to pass `assign=True` to assign items in the state dictionary to their corresponding key in the module instead of copying them in place?)
  warnings.warn(f'for {key}: copying from a non-meta parameter in the checkpoint to a meta '
/data/takhyun03/anaconda3/envs/lmms_llavavideo/lib/python3.11/site-packages/torch/nn/modules/module.py:2025: UserWarning: for vision_model.encoder.layers.3.layer_norm1.weight: copying from a non-meta parameter in the checkpoint to a meta parameter in the current model, which is a no-op. (Did you mean to pass `assign=True` to assign items in the state dictionary to their corresponding key in the module instead of copying them in place?)
  warnings.warn(f'for {key}: copying from a non-meta parameter in the checkpoint to a meta '
/data/takhyun03/anaconda3/envs/lmms_llavavideo/lib/python3.11/site-packages/torch/nn/modules/module.py:2025: UserWarning: for vision_model.encoder.layers.3.layer_norm1.bias: copying from a non-meta parameter in the checkpoint to a meta parameter in the current model, which is a no-op. (Did you mean to pass `assign=True` to assign items in the state dictionary to their corresponding key in the module instead of copying them in place?)
  warnings.warn(f'for {key}: copying from a non-meta parameter in the checkpoint to a meta '
/data/takhyun03/anaconda3/envs/lmms_llavavideo/lib/python3.11/site-packages/torch/nn/modules/module.py:2025: UserWarning: for vision_model.encoder.layers.3.mlp.fc1.weight: copying from a non-meta parameter in the checkpoint to a meta parameter in the current model, which is a no-op. (Did you mean to pass `assign=True` to assign items in the state dictionary to their corresponding key in the module instead of copying them in place?)
  warnings.warn(f'for {key}: copying from a non-meta parameter in the checkpoint to a meta '
/data/takhyun03/anaconda3/envs/lmms_llavavideo/lib/python3.11/site-packages/torch/nn/modules/module.py:2025: UserWarning: for vision_model.encoder.layers.3.mlp.fc1.bias: copying from a non-meta parameter in the checkpoint to a meta parameter in the current model, which is a no-op. (Did you mean to pass `assign=True` to assign items in the state dictionary to their corresponding key in the module instead of copying them in place?)
  warnings.warn(f'for {key}: copying from a non-meta parameter in the checkpoint to a meta '
/data/takhyun03/anaconda3/envs/lmms_llavavideo/lib/python3.11/site-packages/torch/nn/modules/module.py:2025: UserWarning: for vision_model.encoder.layers.3.mlp.fc2.weight: copying from a non-meta parameter in the checkpoint to a meta parameter in the current model, which is a no-op. (Did you mean to pass `assign=True` to assign items in the state dictionary to their corresponding key in the module instead of copying them in place?)
  warnings.warn(f'for {key}: copying from a non-meta parameter in the checkpoint to a meta '
/data/takhyun03/anaconda3/envs/lmms_llavavideo/lib/python3.11/site-packages/torch/nn/modules/module.py:2025: UserWarning: for vision_model.encoder.layers.3.mlp.fc2.bias: copying from a non-meta parameter in the checkpoint to a meta parameter in the current model, which is a no-op. (Did you mean to pass `assign=True` to assign items in the state dictionary to their corresponding key in the module instead of copying them in place?)
  warnings.warn(f'for {key}: copying from a non-meta parameter in the checkpoint to a meta '
/data/takhyun03/anaconda3/envs/lmms_llavavideo/lib/python3.11/site-packages/torch/nn/modules/module.py:2025: UserWarning: for vision_model.encoder.layers.3.layer_norm2.weight: copying from a non-meta parameter in the checkpoint to a meta parameter in the current model, which is a no-op. (Did you mean to pass `assign=True` to assign items in the state dictionary to their corresponding key in the module instead of copying them in place?)
  warnings.warn(f'for {key}: copying from a non-meta parameter in the checkpoint to a meta '
/data/takhyun03/anaconda3/envs/lmms_llavavideo/lib/python3.11/site-packages/torch/nn/modules/module.py:2025: UserWarning: for vision_model.encoder.layers.3.layer_norm2.bias: copying from a non-meta parameter in the checkpoint to a meta parameter in the current model, which is a no-op. (Did you mean to pass `assign=True` to assign items in the state dictionary to their corresponding key in the module instead of copying them in place?)
  warnings.warn(f'for {key}: copying from a non-meta parameter in the checkpoint to a meta '
/data/takhyun03/anaconda3/envs/lmms_llavavideo/lib/python3.11/site-packages/torch/nn/modules/module.py:2025: UserWarning: for vision_model.encoder.layers.4.self_attn.k_proj.weight: copying from a non-meta parameter in the checkpoint to a meta parameter in the current model, which is a no-op. (Did you mean to pass `assign=True` to assign items in the state dictionary to their corresponding key in the module instead of copying them in place?)
  warnings.warn(f'for {key}: copying from a non-meta parameter in the checkpoint to a meta '
/data/takhyun03/anaconda3/envs/lmms_llavavideo/lib/python3.11/site-packages/torch/nn/modules/module.py:2025: UserWarning: for vision_model.encoder.layers.4.self_attn.k_proj.bias: copying from a non-meta parameter in the checkpoint to a meta parameter in the current model, which is a no-op. (Did you mean to pass `assign=True` to assign items in the state dictionary to their corresponding key in the module instead of copying them in place?)
  warnings.warn(f'for {key}: copying from a non-meta parameter in the checkpoint to a meta '
/data/takhyun03/anaconda3/envs/lmms_llavavideo/lib/python3.11/site-packages/torch/nn/modules/module.py:2025: UserWarning: for vision_model.encoder.layers.4.self_attn.v_proj.weight: copying from a non-meta parameter in the checkpoint to a meta parameter in the current model, which is a no-op. (Did you mean to pass `assign=True` to assign items in the state dictionary to their corresponding key in the module instead of copying them in place?)
  warnings.warn(f'for {key}: copying from a non-meta parameter in the checkpoint to a meta '
/data/takhyun03/anaconda3/envs/lmms_llavavideo/lib/python3.11/site-packages/torch/nn/modules/module.py:2025: UserWarning: for vision_model.encoder.layers.4.self_attn.v_proj.bias: copying from a non-meta parameter in the checkpoint to a meta parameter in the current model, which is a no-op. (Did you mean to pass `assign=True` to assign items in the state dictionary to their corresponding key in the module instead of copying them in place?)
  warnings.warn(f'for {key}: copying from a non-meta parameter in the checkpoint to a meta '
/data/takhyun03/anaconda3/envs/lmms_llavavideo/lib/python3.11/site-packages/torch/nn/modules/module.py:2025: UserWarning: for vision_model.encoder.layers.4.self_attn.q_proj.weight: copying from a non-meta parameter in the checkpoint to a meta parameter in the current model, which is a no-op. (Did you mean to pass `assign=True` to assign items in the state dictionary to their corresponding key in the module instead of copying them in place?)
  warnings.warn(f'for {key}: copying from a non-meta parameter in the checkpoint to a meta '
/data/takhyun03/anaconda3/envs/lmms_llavavideo/lib/python3.11/site-packages/torch/nn/modules/module.py:2025: UserWarning: for vision_model.encoder.layers.4.self_attn.q_proj.bias: copying from a non-meta parameter in the checkpoint to a meta parameter in the current model, which is a no-op. (Did you mean to pass `assign=True` to assign items in the state dictionary to their corresponding key in the module instead of copying them in place?)
  warnings.warn(f'for {key}: copying from a non-meta parameter in the checkpoint to a meta '
/data/takhyun03/anaconda3/envs/lmms_llavavideo/lib/python3.11/site-packages/torch/nn/modules/module.py:2025: UserWarning: for vision_model.encoder.layers.4.self_attn.out_proj.weight: copying from a non-meta parameter in the checkpoint to a meta parameter in the current model, which is a no-op. (Did you mean to pass `assign=True` to assign items in the state dictionary to their corresponding key in the module instead of copying them in place?)
  warnings.warn(f'for {key}: copying from a non-meta parameter in the checkpoint to a meta '
/data/takhyun03/anaconda3/envs/lmms_llavavideo/lib/python3.11/site-packages/torch/nn/modules/module.py:2025: UserWarning: for vision_model.encoder.layers.4.self_attn.out_proj.bias: copying from a non-meta parameter in the checkpoint to a meta parameter in the current model, which is a no-op. (Did you mean to pass `assign=True` to assign items in the state dictionary to their corresponding key in the module instead of copying them in place?)
  warnings.warn(f'for {key}: copying from a non-meta parameter in the checkpoint to a meta '
/data/takhyun03/anaconda3/envs/lmms_llavavideo/lib/python3.11/site-packages/torch/nn/modules/module.py:2025: UserWarning: for vision_model.encoder.layers.4.layer_norm1.weight: copying from a non-meta parameter in the checkpoint to a meta parameter in the current model, which is a no-op. (Did you mean to pass `assign=True` to assign items in the state dictionary to their corresponding key in the module instead of copying them in place?)
  warnings.warn(f'for {key}: copying from a non-meta parameter in the checkpoint to a meta '
/data/takhyun03/anaconda3/envs/lmms_llavavideo/lib/python3.11/site-packages/torch/nn/modules/module.py:2025: UserWarning: for vision_model.encoder.layers.4.layer_norm1.bias: copying from a non-meta parameter in the checkpoint to a meta parameter in the current model, which is a no-op. (Did you mean to pass `assign=True` to assign items in the state dictionary to their corresponding key in the module instead of copying them in place?)
  warnings.warn(f'for {key}: copying from a non-meta parameter in the checkpoint to a meta '
/data/takhyun03/anaconda3/envs/lmms_llavavideo/lib/python3.11/site-packages/torch/nn/modules/module.py:2025: UserWarning: for vision_model.encoder.layers.4.mlp.fc1.weight: copying from a non-meta parameter in the checkpoint to a meta parameter in the current model, which is a no-op. (Did you mean to pass `assign=True` to assign items in the state dictionary to their corresponding key in the module instead of copying them in place?)
  warnings.warn(f'for {key}: copying from a non-meta parameter in the checkpoint to a meta '
/data/takhyun03/anaconda3/envs/lmms_llavavideo/lib/python3.11/site-packages/torch/nn/modules/module.py:2025: UserWarning: for vision_model.encoder.layers.4.mlp.fc1.bias: copying from a non-meta parameter in the checkpoint to a meta parameter in the current model, which is a no-op. (Did you mean to pass `assign=True` to assign items in the state dictionary to their corresponding key in the module instead of copying them in place?)
  warnings.warn(f'for {key}: copying from a non-meta parameter in the checkpoint to a meta '
/data/takhyun03/anaconda3/envs/lmms_llavavideo/lib/python3.11/site-packages/torch/nn/modules/module.py:2025: UserWarning: for vision_model.encoder.layers.4.mlp.fc2.weight: copying from a non-meta parameter in the checkpoint to a meta parameter in the current model, which is a no-op. (Did you mean to pass `assign=True` to assign items in the state dictionary to their corresponding key in the module instead of copying them in place?)
  warnings.warn(f'for {key}: copying from a non-meta parameter in the checkpoint to a meta '
/data/takhyun03/anaconda3/envs/lmms_llavavideo/lib/python3.11/site-packages/torch/nn/modules/module.py:2025: UserWarning: for vision_model.encoder.layers.4.mlp.fc2.bias: copying from a non-meta parameter in the checkpoint to a meta parameter in the current model, which is a no-op. (Did you mean to pass `assign=True` to assign items in the state dictionary to their corresponding key in the module instead of copying them in place?)
  warnings.warn(f'for {key}: copying from a non-meta parameter in the checkpoint to a meta '
/data/takhyun03/anaconda3/envs/lmms_llavavideo/lib/python3.11/site-packages/torch/nn/modules/module.py:2025: UserWarning: for vision_model.encoder.layers.4.layer_norm2.weight: copying from a non-meta parameter in the checkpoint to a meta parameter in the current model, which is a no-op. (Did you mean to pass `assign=True` to assign items in the state dictionary to their corresponding key in the module instead of copying them in place?)
  warnings.warn(f'for {key}: copying from a non-meta parameter in the checkpoint to a meta '
/data/takhyun03/anaconda3/envs/lmms_llavavideo/lib/python3.11/site-packages/torch/nn/modules/module.py:2025: UserWarning: for vision_model.encoder.layers.4.layer_norm2.bias: copying from a non-meta parameter in the checkpoint to a meta parameter in the current model, which is a no-op. (Did you mean to pass `assign=True` to assign items in the state dictionary to their corresponding key in the module instead of copying them in place?)
  warnings.warn(f'for {key}: copying from a non-meta parameter in the checkpoint to a meta '
/data/takhyun03/anaconda3/envs/lmms_llavavideo/lib/python3.11/site-packages/torch/nn/modules/module.py:2025: UserWarning: for vision_model.encoder.layers.5.self_attn.k_proj.weight: copying from a non-meta parameter in the checkpoint to a meta parameter in the current model, which is a no-op. (Did you mean to pass `assign=True` to assign items in the state dictionary to their corresponding key in the module instead of copying them in place?)
  warnings.warn(f'for {key}: copying from a non-meta parameter in the checkpoint to a meta '
/data/takhyun03/anaconda3/envs/lmms_llavavideo/lib/python3.11/site-packages/torch/nn/modules/module.py:2025: UserWarning: for vision_model.encoder.layers.5.self_attn.k_proj.bias: copying from a non-meta parameter in the checkpoint to a meta parameter in the current model, which is a no-op. (Did you mean to pass `assign=True` to assign items in the state dictionary to their corresponding key in the module instead of copying them in place?)
  warnings.warn(f'for {key}: copying from a non-meta parameter in the checkpoint to a meta '
/data/takhyun03/anaconda3/envs/lmms_llavavideo/lib/python3.11/site-packages/torch/nn/modules/module.py:2025: UserWarning: for vision_model.encoder.layers.5.self_attn.v_proj.weight: copying from a non-meta parameter in the checkpoint to a meta parameter in the current model, which is a no-op. (Did you mean to pass `assign=True` to assign items in the state dictionary to their corresponding key in the module instead of copying them in place?)
  warnings.warn(f'for {key}: copying from a non-meta parameter in the checkpoint to a meta '
/data/takhyun03/anaconda3/envs/lmms_llavavideo/lib/python3.11/site-packages/torch/nn/modules/module.py:2025: UserWarning: for vision_model.encoder.layers.5.self_attn.v_proj.bias: copying from a non-meta parameter in the checkpoint to a meta parameter in the current model, which is a no-op. (Did you mean to pass `assign=True` to assign items in the state dictionary to their corresponding key in the module instead of copying them in place?)
  warnings.warn(f'for {key}: copying from a non-meta parameter in the checkpoint to a meta '
/data/takhyun03/anaconda3/envs/lmms_llavavideo/lib/python3.11/site-packages/torch/nn/modules/module.py:2025: UserWarning: for vision_model.encoder.layers.5.self_attn.q_proj.weight: copying from a non-meta parameter in the checkpoint to a meta parameter in the current model, which is a no-op. (Did you mean to pass `assign=True` to assign items in the state dictionary to their corresponding key in the module instead of copying them in place?)
  warnings.warn(f'for {key}: copying from a non-meta parameter in the checkpoint to a meta '
/data/takhyun03/anaconda3/envs/lmms_llavavideo/lib/python3.11/site-packages/torch/nn/modules/module.py:2025: UserWarning: for vision_model.encoder.layers.5.self_attn.q_proj.bias: copying from a non-meta parameter in the checkpoint to a meta parameter in the current model, which is a no-op. (Did you mean to pass `assign=True` to assign items in the state dictionary to their corresponding key in the module instead of copying them in place?)
  warnings.warn(f'for {key}: copying from a non-meta parameter in the checkpoint to a meta '
/data/takhyun03/anaconda3/envs/lmms_llavavideo/lib/python3.11/site-packages/torch/nn/modules/module.py:2025: UserWarning: for vision_model.encoder.layers.5.self_attn.out_proj.weight: copying from a non-meta parameter in the checkpoint to a meta parameter in the current model, which is a no-op. (Did you mean to pass `assign=True` to assign items in the state dictionary to their corresponding key in the module instead of copying them in place?)
  warnings.warn(f'for {key}: copying from a non-meta parameter in the checkpoint to a meta '
/data/takhyun03/anaconda3/envs/lmms_llavavideo/lib/python3.11/site-packages/torch/nn/modules/module.py:2025: UserWarning: for vision_model.encoder.layers.5.self_attn.out_proj.bias: copying from a non-meta parameter in the checkpoint to a meta parameter in the current model, which is a no-op. (Did you mean to pass `assign=True` to assign items in the state dictionary to their corresponding key in the module instead of copying them in place?)
  warnings.warn(f'for {key}: copying from a non-meta parameter in the checkpoint to a meta '
/data/takhyun03/anaconda3/envs/lmms_llavavideo/lib/python3.11/site-packages/torch/nn/modules/module.py:2025: UserWarning: for vision_model.encoder.layers.5.layer_norm1.weight: copying from a non-meta parameter in the checkpoint to a meta parameter in the current model, which is a no-op. (Did you mean to pass `assign=True` to assign items in the state dictionary to their corresponding key in the module instead of copying them in place?)
  warnings.warn(f'for {key}: copying from a non-meta parameter in the checkpoint to a meta '
/data/takhyun03/anaconda3/envs/lmms_llavavideo/lib/python3.11/site-packages/torch/nn/modules/module.py:2025: UserWarning: for vision_model.encoder.layers.5.layer_norm1.bias: copying from a non-meta parameter in the checkpoint to a meta parameter in the current model, which is a no-op. (Did you mean to pass `assign=True` to assign items in the state dictionary to their corresponding key in the module instead of copying them in place?)
  warnings.warn(f'for {key}: copying from a non-meta parameter in the checkpoint to a meta '
/data/takhyun03/anaconda3/envs/lmms_llavavideo/lib/python3.11/site-packages/torch/nn/modules/module.py:2025: UserWarning: for vision_model.encoder.layers.5.mlp.fc1.weight: copying from a non-meta parameter in the checkpoint to a meta parameter in the current model, which is a no-op. (Did you mean to pass `assign=True` to assign items in the state dictionary to their corresponding key in the module instead of copying them in place?)
  warnings.warn(f'for {key}: copying from a non-meta parameter in the checkpoint to a meta '
/data/takhyun03/anaconda3/envs/lmms_llavavideo/lib/python3.11/site-packages/torch/nn/modules/module.py:2025: UserWarning: for vision_model.encoder.layers.5.mlp.fc1.bias: copying from a non-meta parameter in the checkpoint to a meta parameter in the current model, which is a no-op. (Did you mean to pass `assign=True` to assign items in the state dictionary to their corresponding key in the module instead of copying them in place?)
  warnings.warn(f'for {key}: copying from a non-meta parameter in the checkpoint to a meta '
/data/takhyun03/anaconda3/envs/lmms_llavavideo/lib/python3.11/site-packages/torch/nn/modules/module.py:2025: UserWarning: for vision_model.encoder.layers.5.mlp.fc2.weight: copying from a non-meta parameter in the checkpoint to a meta parameter in the current model, which is a no-op. (Did you mean to pass `assign=True` to assign items in the state dictionary to their corresponding key in the module instead of copying them in place?)
  warnings.warn(f'for {key}: copying from a non-meta parameter in the checkpoint to a meta '
/data/takhyun03/anaconda3/envs/lmms_llavavideo/lib/python3.11/site-packages/torch/nn/modules/module.py:2025: UserWarning: for vision_model.encoder.layers.5.mlp.fc2.bias: copying from a non-meta parameter in the checkpoint to a meta parameter in the current model, which is a no-op. (Did you mean to pass `assign=True` to assign items in the state dictionary to their corresponding key in the module instead of copying them in place?)
  warnings.warn(f'for {key}: copying from a non-meta parameter in the checkpoint to a meta '
/data/takhyun03/anaconda3/envs/lmms_llavavideo/lib/python3.11/site-packages/torch/nn/modules/module.py:2025: UserWarning: for vision_model.encoder.layers.5.layer_norm2.weight: copying from a non-meta parameter in the checkpoint to a meta parameter in the current model, which is a no-op. (Did you mean to pass `assign=True` to assign items in the state dictionary to their corresponding key in the module instead of copying them in place?)
  warnings.warn(f'for {key}: copying from a non-meta parameter in the checkpoint to a meta '
/data/takhyun03/anaconda3/envs/lmms_llavavideo/lib/python3.11/site-packages/torch/nn/modules/module.py:2025: UserWarning: for vision_model.encoder.layers.5.layer_norm2.bias: copying from a non-meta parameter in the checkpoint to a meta parameter in the current model, which is a no-op. (Did you mean to pass `assign=True` to assign items in the state dictionary to their corresponding key in the module instead of copying them in place?)
  warnings.warn(f'for {key}: copying from a non-meta parameter in the checkpoint to a meta '
/data/takhyun03/anaconda3/envs/lmms_llavavideo/lib/python3.11/site-packages/torch/nn/modules/module.py:2025: UserWarning: for vision_model.encoder.layers.6.self_attn.k_proj.weight: copying from a non-meta parameter in the checkpoint to a meta parameter in the current model, which is a no-op. (Did you mean to pass `assign=True` to assign items in the state dictionary to their corresponding key in the module instead of copying them in place?)
  warnings.warn(f'for {key}: copying from a non-meta parameter in the checkpoint to a meta '
/data/takhyun03/anaconda3/envs/lmms_llavavideo/lib/python3.11/site-packages/torch/nn/modules/module.py:2025: UserWarning: for vision_model.encoder.layers.6.self_attn.k_proj.bias: copying from a non-meta parameter in the checkpoint to a meta parameter in the current model, which is a no-op. (Did you mean to pass `assign=True` to assign items in the state dictionary to their corresponding key in the module instead of copying them in place?)
  warnings.warn(f'for {key}: copying from a non-meta parameter in the checkpoint to a meta '
/data/takhyun03/anaconda3/envs/lmms_llavavideo/lib/python3.11/site-packages/torch/nn/modules/module.py:2025: UserWarning: for vision_model.encoder.layers.6.self_attn.v_proj.weight: copying from a non-meta parameter in the checkpoint to a meta parameter in the current model, which is a no-op. (Did you mean to pass `assign=True` to assign items in the state dictionary to their corresponding key in the module instead of copying them in place?)
  warnings.warn(f'for {key}: copying from a non-meta parameter in the checkpoint to a meta '
/data/takhyun03/anaconda3/envs/lmms_llavavideo/lib/python3.11/site-packages/torch/nn/modules/module.py:2025: UserWarning: for vision_model.encoder.layers.6.self_attn.v_proj.bias: copying from a non-meta parameter in the checkpoint to a meta parameter in the current model, which is a no-op. (Did you mean to pass `assign=True` to assign items in the state dictionary to their corresponding key in the module instead of copying them in place?)
  warnings.warn(f'for {key}: copying from a non-meta parameter in the checkpoint to a meta '
/data/takhyun03/anaconda3/envs/lmms_llavavideo/lib/python3.11/site-packages/torch/nn/modules/module.py:2025: UserWarning: for vision_model.encoder.layers.6.self_attn.q_proj.weight: copying from a non-meta parameter in the checkpoint to a meta parameter in the current model, which is a no-op. (Did you mean to pass `assign=True` to assign items in the state dictionary to their corresponding key in the module instead of copying them in place?)
  warnings.warn(f'for {key}: copying from a non-meta parameter in the checkpoint to a meta '
/data/takhyun03/anaconda3/envs/lmms_llavavideo/lib/python3.11/site-packages/torch/nn/modules/module.py:2025: UserWarning: for vision_model.encoder.layers.6.self_attn.q_proj.bias: copying from a non-meta parameter in the checkpoint to a meta parameter in the current model, which is a no-op. (Did you mean to pass `assign=True` to assign items in the state dictionary to their corresponding key in the module instead of copying them in place?)
  warnings.warn(f'for {key}: copying from a non-meta parameter in the checkpoint to a meta '
/data/takhyun03/anaconda3/envs/lmms_llavavideo/lib/python3.11/site-packages/torch/nn/modules/module.py:2025: UserWarning: for vision_model.encoder.layers.6.self_attn.out_proj.weight: copying from a non-meta parameter in the checkpoint to a meta parameter in the current model, which is a no-op. (Did you mean to pass `assign=True` to assign items in the state dictionary to their corresponding key in the module instead of copying them in place?)
  warnings.warn(f'for {key}: copying from a non-meta parameter in the checkpoint to a meta '
/data/takhyun03/anaconda3/envs/lmms_llavavideo/lib/python3.11/site-packages/torch/nn/modules/module.py:2025: UserWarning: for vision_model.encoder.layers.6.self_attn.out_proj.bias: copying from a non-meta parameter in the checkpoint to a meta parameter in the current model, which is a no-op. (Did you mean to pass `assign=True` to assign items in the state dictionary to their corresponding key in the module instead of copying them in place?)
  warnings.warn(f'for {key}: copying from a non-meta parameter in the checkpoint to a meta '
/data/takhyun03/anaconda3/envs/lmms_llavavideo/lib/python3.11/site-packages/torch/nn/modules/module.py:2025: UserWarning: for vision_model.encoder.layers.6.layer_norm1.weight: copying from a non-meta parameter in the checkpoint to a meta parameter in the current model, which is a no-op. (Did you mean to pass `assign=True` to assign items in the state dictionary to their corresponding key in the module instead of copying them in place?)
  warnings.warn(f'for {key}: copying from a non-meta parameter in the checkpoint to a meta '
/data/takhyun03/anaconda3/envs/lmms_llavavideo/lib/python3.11/site-packages/torch/nn/modules/module.py:2025: UserWarning: for vision_model.encoder.layers.6.layer_norm1.bias: copying from a non-meta parameter in the checkpoint to a meta parameter in the current model, which is a no-op. (Did you mean to pass `assign=True` to assign items in the state dictionary to their corresponding key in the module instead of copying them in place?)
  warnings.warn(f'for {key}: copying from a non-meta parameter in the checkpoint to a meta '
/data/takhyun03/anaconda3/envs/lmms_llavavideo/lib/python3.11/site-packages/torch/nn/modules/module.py:2025: UserWarning: for vision_model.encoder.layers.6.mlp.fc1.weight: copying from a non-meta parameter in the checkpoint to a meta parameter in the current model, which is a no-op. (Did you mean to pass `assign=True` to assign items in the state dictionary to their corresponding key in the module instead of copying them in place?)
  warnings.warn(f'for {key}: copying from a non-meta parameter in the checkpoint to a meta '
/data/takhyun03/anaconda3/envs/lmms_llavavideo/lib/python3.11/site-packages/torch/nn/modules/module.py:2025: UserWarning: for vision_model.encoder.layers.6.mlp.fc1.bias: copying from a non-meta parameter in the checkpoint to a meta parameter in the current model, which is a no-op. (Did you mean to pass `assign=True` to assign items in the state dictionary to their corresponding key in the module instead of copying them in place?)
  warnings.warn(f'for {key}: copying from a non-meta parameter in the checkpoint to a meta '
/data/takhyun03/anaconda3/envs/lmms_llavavideo/lib/python3.11/site-packages/torch/nn/modules/module.py:2025: UserWarning: for vision_model.encoder.layers.6.mlp.fc2.weight: copying from a non-meta parameter in the checkpoint to a meta parameter in the current model, which is a no-op. (Did you mean to pass `assign=True` to assign items in the state dictionary to their corresponding key in the module instead of copying them in place?)
  warnings.warn(f'for {key}: copying from a non-meta parameter in the checkpoint to a meta '
/data/takhyun03/anaconda3/envs/lmms_llavavideo/lib/python3.11/site-packages/torch/nn/modules/module.py:2025: UserWarning: for vision_model.encoder.layers.6.mlp.fc2.bias: copying from a non-meta parameter in the checkpoint to a meta parameter in the current model, which is a no-op. (Did you mean to pass `assign=True` to assign items in the state dictionary to their corresponding key in the module instead of copying them in place?)
  warnings.warn(f'for {key}: copying from a non-meta parameter in the checkpoint to a meta '
/data/takhyun03/anaconda3/envs/lmms_llavavideo/lib/python3.11/site-packages/torch/nn/modules/module.py:2025: UserWarning: for vision_model.encoder.layers.6.layer_norm2.weight: copying from a non-meta parameter in the checkpoint to a meta parameter in the current model, which is a no-op. (Did you mean to pass `assign=True` to assign items in the state dictionary to their corresponding key in the module instead of copying them in place?)
  warnings.warn(f'for {key}: copying from a non-meta parameter in the checkpoint to a meta '
/data/takhyun03/anaconda3/envs/lmms_llavavideo/lib/python3.11/site-packages/torch/nn/modules/module.py:2025: UserWarning: for vision_model.encoder.layers.6.layer_norm2.bias: copying from a non-meta parameter in the checkpoint to a meta parameter in the current model, which is a no-op. (Did you mean to pass `assign=True` to assign items in the state dictionary to their corresponding key in the module instead of copying them in place?)
  warnings.warn(f'for {key}: copying from a non-meta parameter in the checkpoint to a meta '
/data/takhyun03/anaconda3/envs/lmms_llavavideo/lib/python3.11/site-packages/torch/nn/modules/module.py:2025: UserWarning: for vision_model.encoder.layers.7.self_attn.k_proj.weight: copying from a non-meta parameter in the checkpoint to a meta parameter in the current model, which is a no-op. (Did you mean to pass `assign=True` to assign items in the state dictionary to their corresponding key in the module instead of copying them in place?)
  warnings.warn(f'for {key}: copying from a non-meta parameter in the checkpoint to a meta '
/data/takhyun03/anaconda3/envs/lmms_llavavideo/lib/python3.11/site-packages/torch/nn/modules/module.py:2025: UserWarning: for vision_model.encoder.layers.7.self_attn.k_proj.bias: copying from a non-meta parameter in the checkpoint to a meta parameter in the current model, which is a no-op. (Did you mean to pass `assign=True` to assign items in the state dictionary to their corresponding key in the module instead of copying them in place?)
  warnings.warn(f'for {key}: copying from a non-meta parameter in the checkpoint to a meta '
/data/takhyun03/anaconda3/envs/lmms_llavavideo/lib/python3.11/site-packages/torch/nn/modules/module.py:2025: UserWarning: for vision_model.encoder.layers.7.self_attn.v_proj.weight: copying from a non-meta parameter in the checkpoint to a meta parameter in the current model, which is a no-op. (Did you mean to pass `assign=True` to assign items in the state dictionary to their corresponding key in the module instead of copying them in place?)
  warnings.warn(f'for {key}: copying from a non-meta parameter in the checkpoint to a meta '
/data/takhyun03/anaconda3/envs/lmms_llavavideo/lib/python3.11/site-packages/torch/nn/modules/module.py:2025: UserWarning: for vision_model.encoder.layers.7.self_attn.v_proj.bias: copying from a non-meta parameter in the checkpoint to a meta parameter in the current model, which is a no-op. (Did you mean to pass `assign=True` to assign items in the state dictionary to their corresponding key in the module instead of copying them in place?)
  warnings.warn(f'for {key}: copying from a non-meta parameter in the checkpoint to a meta '
/data/takhyun03/anaconda3/envs/lmms_llavavideo/lib/python3.11/site-packages/torch/nn/modules/module.py:2025: UserWarning: for vision_model.encoder.layers.7.self_attn.q_proj.weight: copying from a non-meta parameter in the checkpoint to a meta parameter in the current model, which is a no-op. (Did you mean to pass `assign=True` to assign items in the state dictionary to their corresponding key in the module instead of copying them in place?)
  warnings.warn(f'for {key}: copying from a non-meta parameter in the checkpoint to a meta '
/data/takhyun03/anaconda3/envs/lmms_llavavideo/lib/python3.11/site-packages/torch/nn/modules/module.py:2025: UserWarning: for vision_model.encoder.layers.7.self_attn.q_proj.bias: copying from a non-meta parameter in the checkpoint to a meta parameter in the current model, which is a no-op. (Did you mean to pass `assign=True` to assign items in the state dictionary to their corresponding key in the module instead of copying them in place?)
  warnings.warn(f'for {key}: copying from a non-meta parameter in the checkpoint to a meta '
/data/takhyun03/anaconda3/envs/lmms_llavavideo/lib/python3.11/site-packages/torch/nn/modules/module.py:2025: UserWarning: for vision_model.encoder.layers.7.self_attn.out_proj.weight: copying from a non-meta parameter in the checkpoint to a meta parameter in the current model, which is a no-op. (Did you mean to pass `assign=True` to assign items in the state dictionary to their corresponding key in the module instead of copying them in place?)
  warnings.warn(f'for {key}: copying from a non-meta parameter in the checkpoint to a meta '
/data/takhyun03/anaconda3/envs/lmms_llavavideo/lib/python3.11/site-packages/torch/nn/modules/module.py:2025: UserWarning: for vision_model.encoder.layers.7.self_attn.out_proj.bias: copying from a non-meta parameter in the checkpoint to a meta parameter in the current model, which is a no-op. (Did you mean to pass `assign=True` to assign items in the state dictionary to their corresponding key in the module instead of copying them in place?)
  warnings.warn(f'for {key}: copying from a non-meta parameter in the checkpoint to a meta '
/data/takhyun03/anaconda3/envs/lmms_llavavideo/lib/python3.11/site-packages/torch/nn/modules/module.py:2025: UserWarning: for vision_model.encoder.layers.7.layer_norm1.weight: copying from a non-meta parameter in the checkpoint to a meta parameter in the current model, which is a no-op. (Did you mean to pass `assign=True` to assign items in the state dictionary to their corresponding key in the module instead of copying them in place?)
  warnings.warn(f'for {key}: copying from a non-meta parameter in the checkpoint to a meta '
/data/takhyun03/anaconda3/envs/lmms_llavavideo/lib/python3.11/site-packages/torch/nn/modules/module.py:2025: UserWarning: for vision_model.encoder.layers.7.layer_norm1.bias: copying from a non-meta parameter in the checkpoint to a meta parameter in the current model, which is a no-op. (Did you mean to pass `assign=True` to assign items in the state dictionary to their corresponding key in the module instead of copying them in place?)
  warnings.warn(f'for {key}: copying from a non-meta parameter in the checkpoint to a meta '
/data/takhyun03/anaconda3/envs/lmms_llavavideo/lib/python3.11/site-packages/torch/nn/modules/module.py:2025: UserWarning: for vision_model.encoder.layers.7.mlp.fc1.weight: copying from a non-meta parameter in the checkpoint to a meta parameter in the current model, which is a no-op. (Did you mean to pass `assign=True` to assign items in the state dictionary to their corresponding key in the module instead of copying them in place?)
  warnings.warn(f'for {key}: copying from a non-meta parameter in the checkpoint to a meta '
/data/takhyun03/anaconda3/envs/lmms_llavavideo/lib/python3.11/site-packages/torch/nn/modules/module.py:2025: UserWarning: for vision_model.encoder.layers.7.mlp.fc1.bias: copying from a non-meta parameter in the checkpoint to a meta parameter in the current model, which is a no-op. (Did you mean to pass `assign=True` to assign items in the state dictionary to their corresponding key in the module instead of copying them in place?)
  warnings.warn(f'for {key}: copying from a non-meta parameter in the checkpoint to a meta '
/data/takhyun03/anaconda3/envs/lmms_llavavideo/lib/python3.11/site-packages/torch/nn/modules/module.py:2025: UserWarning: for vision_model.encoder.layers.7.mlp.fc2.weight: copying from a non-meta parameter in the checkpoint to a meta parameter in the current model, which is a no-op. (Did you mean to pass `assign=True` to assign items in the state dictionary to their corresponding key in the module instead of copying them in place?)
  warnings.warn(f'for {key}: copying from a non-meta parameter in the checkpoint to a meta '
/data/takhyun03/anaconda3/envs/lmms_llavavideo/lib/python3.11/site-packages/torch/nn/modules/module.py:2025: UserWarning: for vision_model.encoder.layers.7.mlp.fc2.bias: copying from a non-meta parameter in the checkpoint to a meta parameter in the current model, which is a no-op. (Did you mean to pass `assign=True` to assign items in the state dictionary to their corresponding key in the module instead of copying them in place?)
  warnings.warn(f'for {key}: copying from a non-meta parameter in the checkpoint to a meta '
/data/takhyun03/anaconda3/envs/lmms_llavavideo/lib/python3.11/site-packages/torch/nn/modules/module.py:2025: UserWarning: for vision_model.encoder.layers.7.layer_norm2.weight: copying from a non-meta parameter in the checkpoint to a meta parameter in the current model, which is a no-op. (Did you mean to pass `assign=True` to assign items in the state dictionary to their corresponding key in the module instead of copying them in place?)
  warnings.warn(f'for {key}: copying from a non-meta parameter in the checkpoint to a meta '
/data/takhyun03/anaconda3/envs/lmms_llavavideo/lib/python3.11/site-packages/torch/nn/modules/module.py:2025: UserWarning: for vision_model.encoder.layers.7.layer_norm2.bias: copying from a non-meta parameter in the checkpoint to a meta parameter in the current model, which is a no-op. (Did you mean to pass `assign=True` to assign items in the state dictionary to their corresponding key in the module instead of copying them in place?)
  warnings.warn(f'for {key}: copying from a non-meta parameter in the checkpoint to a meta '
/data/takhyun03/anaconda3/envs/lmms_llavavideo/lib/python3.11/site-packages/torch/nn/modules/module.py:2025: UserWarning: for vision_model.encoder.layers.8.self_attn.k_proj.weight: copying from a non-meta parameter in the checkpoint to a meta parameter in the current model, which is a no-op. (Did you mean to pass `assign=True` to assign items in the state dictionary to their corresponding key in the module instead of copying them in place?)
  warnings.warn(f'for {key}: copying from a non-meta parameter in the checkpoint to a meta '
/data/takhyun03/anaconda3/envs/lmms_llavavideo/lib/python3.11/site-packages/torch/nn/modules/module.py:2025: UserWarning: for vision_model.encoder.layers.8.self_attn.k_proj.bias: copying from a non-meta parameter in the checkpoint to a meta parameter in the current model, which is a no-op. (Did you mean to pass `assign=True` to assign items in the state dictionary to their corresponding key in the module instead of copying them in place?)
  warnings.warn(f'for {key}: copying from a non-meta parameter in the checkpoint to a meta '
/data/takhyun03/anaconda3/envs/lmms_llavavideo/lib/python3.11/site-packages/torch/nn/modules/module.py:2025: UserWarning: for vision_model.encoder.layers.8.self_attn.v_proj.weight: copying from a non-meta parameter in the checkpoint to a meta parameter in the current model, which is a no-op. (Did you mean to pass `assign=True` to assign items in the state dictionary to their corresponding key in the module instead of copying them in place?)
  warnings.warn(f'for {key}: copying from a non-meta parameter in the checkpoint to a meta '
/data/takhyun03/anaconda3/envs/lmms_llavavideo/lib/python3.11/site-packages/torch/nn/modules/module.py:2025: UserWarning: for vision_model.encoder.layers.8.self_attn.v_proj.bias: copying from a non-meta parameter in the checkpoint to a meta parameter in the current model, which is a no-op. (Did you mean to pass `assign=True` to assign items in the state dictionary to their corresponding key in the module instead of copying them in place?)
  warnings.warn(f'for {key}: copying from a non-meta parameter in the checkpoint to a meta '
/data/takhyun03/anaconda3/envs/lmms_llavavideo/lib/python3.11/site-packages/torch/nn/modules/module.py:2025: UserWarning: for vision_model.encoder.layers.8.self_attn.q_proj.weight: copying from a non-meta parameter in the checkpoint to a meta parameter in the current model, which is a no-op. (Did you mean to pass `assign=True` to assign items in the state dictionary to their corresponding key in the module instead of copying them in place?)
  warnings.warn(f'for {key}: copying from a non-meta parameter in the checkpoint to a meta '
/data/takhyun03/anaconda3/envs/lmms_llavavideo/lib/python3.11/site-packages/torch/nn/modules/module.py:2025: UserWarning: for vision_model.encoder.layers.8.self_attn.q_proj.bias: copying from a non-meta parameter in the checkpoint to a meta parameter in the current model, which is a no-op. (Did you mean to pass `assign=True` to assign items in the state dictionary to their corresponding key in the module instead of copying them in place?)
  warnings.warn(f'for {key}: copying from a non-meta parameter in the checkpoint to a meta '
/data/takhyun03/anaconda3/envs/lmms_llavavideo/lib/python3.11/site-packages/torch/nn/modules/module.py:2025: UserWarning: for vision_model.encoder.layers.8.self_attn.out_proj.weight: copying from a non-meta parameter in the checkpoint to a meta parameter in the current model, which is a no-op. (Did you mean to pass `assign=True` to assign items in the state dictionary to their corresponding key in the module instead of copying them in place?)
  warnings.warn(f'for {key}: copying from a non-meta parameter in the checkpoint to a meta '
/data/takhyun03/anaconda3/envs/lmms_llavavideo/lib/python3.11/site-packages/torch/nn/modules/module.py:2025: UserWarning: for vision_model.encoder.layers.8.self_attn.out_proj.bias: copying from a non-meta parameter in the checkpoint to a meta parameter in the current model, which is a no-op. (Did you mean to pass `assign=True` to assign items in the state dictionary to their corresponding key in the module instead of copying them in place?)
  warnings.warn(f'for {key}: copying from a non-meta parameter in the checkpoint to a meta '
/data/takhyun03/anaconda3/envs/lmms_llavavideo/lib/python3.11/site-packages/torch/nn/modules/module.py:2025: UserWarning: for vision_model.encoder.layers.8.layer_norm1.weight: copying from a non-meta parameter in the checkpoint to a meta parameter in the current model, which is a no-op. (Did you mean to pass `assign=True` to assign items in the state dictionary to their corresponding key in the module instead of copying them in place?)
  warnings.warn(f'for {key}: copying from a non-meta parameter in the checkpoint to a meta '
/data/takhyun03/anaconda3/envs/lmms_llavavideo/lib/python3.11/site-packages/torch/nn/modules/module.py:2025: UserWarning: for vision_model.encoder.layers.8.layer_norm1.bias: copying from a non-meta parameter in the checkpoint to a meta parameter in the current model, which is a no-op. (Did you mean to pass `assign=True` to assign items in the state dictionary to their corresponding key in the module instead of copying them in place?)
  warnings.warn(f'for {key}: copying from a non-meta parameter in the checkpoint to a meta '
/data/takhyun03/anaconda3/envs/lmms_llavavideo/lib/python3.11/site-packages/torch/nn/modules/module.py:2025: UserWarning: for vision_model.encoder.layers.8.mlp.fc1.weight: copying from a non-meta parameter in the checkpoint to a meta parameter in the current model, which is a no-op. (Did you mean to pass `assign=True` to assign items in the state dictionary to their corresponding key in the module instead of copying them in place?)
  warnings.warn(f'for {key}: copying from a non-meta parameter in the checkpoint to a meta '
/data/takhyun03/anaconda3/envs/lmms_llavavideo/lib/python3.11/site-packages/torch/nn/modules/module.py:2025: UserWarning: for vision_model.encoder.layers.8.mlp.fc1.bias: copying from a non-meta parameter in the checkpoint to a meta parameter in the current model, which is a no-op. (Did you mean to pass `assign=True` to assign items in the state dictionary to their corresponding key in the module instead of copying them in place?)
  warnings.warn(f'for {key}: copying from a non-meta parameter in the checkpoint to a meta '
/data/takhyun03/anaconda3/envs/lmms_llavavideo/lib/python3.11/site-packages/torch/nn/modules/module.py:2025: UserWarning: for vision_model.encoder.layers.8.mlp.fc2.weight: copying from a non-meta parameter in the checkpoint to a meta parameter in the current model, which is a no-op. (Did you mean to pass `assign=True` to assign items in the state dictionary to their corresponding key in the module instead of copying them in place?)
  warnings.warn(f'for {key}: copying from a non-meta parameter in the checkpoint to a meta '
/data/takhyun03/anaconda3/envs/lmms_llavavideo/lib/python3.11/site-packages/torch/nn/modules/module.py:2025: UserWarning: for vision_model.encoder.layers.8.mlp.fc2.bias: copying from a non-meta parameter in the checkpoint to a meta parameter in the current model, which is a no-op. (Did you mean to pass `assign=True` to assign items in the state dictionary to their corresponding key in the module instead of copying them in place?)
  warnings.warn(f'for {key}: copying from a non-meta parameter in the checkpoint to a meta '
/data/takhyun03/anaconda3/envs/lmms_llavavideo/lib/python3.11/site-packages/torch/nn/modules/module.py:2025: UserWarning: for vision_model.encoder.layers.8.layer_norm2.weight: copying from a non-meta parameter in the checkpoint to a meta parameter in the current model, which is a no-op. (Did you mean to pass `assign=True` to assign items in the state dictionary to their corresponding key in the module instead of copying them in place?)
  warnings.warn(f'for {key}: copying from a non-meta parameter in the checkpoint to a meta '
/data/takhyun03/anaconda3/envs/lmms_llavavideo/lib/python3.11/site-packages/torch/nn/modules/module.py:2025: UserWarning: for vision_model.encoder.layers.8.layer_norm2.bias: copying from a non-meta parameter in the checkpoint to a meta parameter in the current model, which is a no-op. (Did you mean to pass `assign=True` to assign items in the state dictionary to their corresponding key in the module instead of copying them in place?)
  warnings.warn(f'for {key}: copying from a non-meta parameter in the checkpoint to a meta '
/data/takhyun03/anaconda3/envs/lmms_llavavideo/lib/python3.11/site-packages/torch/nn/modules/module.py:2025: UserWarning: for vision_model.encoder.layers.9.self_attn.k_proj.weight: copying from a non-meta parameter in the checkpoint to a meta parameter in the current model, which is a no-op. (Did you mean to pass `assign=True` to assign items in the state dictionary to their corresponding key in the module instead of copying them in place?)
  warnings.warn(f'for {key}: copying from a non-meta parameter in the checkpoint to a meta '
/data/takhyun03/anaconda3/envs/lmms_llavavideo/lib/python3.11/site-packages/torch/nn/modules/module.py:2025: UserWarning: for vision_model.encoder.layers.9.self_attn.k_proj.bias: copying from a non-meta parameter in the checkpoint to a meta parameter in the current model, which is a no-op. (Did you mean to pass `assign=True` to assign items in the state dictionary to their corresponding key in the module instead of copying them in place?)
  warnings.warn(f'for {key}: copying from a non-meta parameter in the checkpoint to a meta '
/data/takhyun03/anaconda3/envs/lmms_llavavideo/lib/python3.11/site-packages/torch/nn/modules/module.py:2025: UserWarning: for vision_model.encoder.layers.9.self_attn.v_proj.weight: copying from a non-meta parameter in the checkpoint to a meta parameter in the current model, which is a no-op. (Did you mean to pass `assign=True` to assign items in the state dictionary to their corresponding key in the module instead of copying them in place?)
  warnings.warn(f'for {key}: copying from a non-meta parameter in the checkpoint to a meta '
/data/takhyun03/anaconda3/envs/lmms_llavavideo/lib/python3.11/site-packages/torch/nn/modules/module.py:2025: UserWarning: for vision_model.encoder.layers.9.self_attn.v_proj.bias: copying from a non-meta parameter in the checkpoint to a meta parameter in the current model, which is a no-op. (Did you mean to pass `assign=True` to assign items in the state dictionary to their corresponding key in the module instead of copying them in place?)
  warnings.warn(f'for {key}: copying from a non-meta parameter in the checkpoint to a meta '
/data/takhyun03/anaconda3/envs/lmms_llavavideo/lib/python3.11/site-packages/torch/nn/modules/module.py:2025: UserWarning: for vision_model.encoder.layers.9.self_attn.q_proj.weight: copying from a non-meta parameter in the checkpoint to a meta parameter in the current model, which is a no-op. (Did you mean to pass `assign=True` to assign items in the state dictionary to their corresponding key in the module instead of copying them in place?)
  warnings.warn(f'for {key}: copying from a non-meta parameter in the checkpoint to a meta '
/data/takhyun03/anaconda3/envs/lmms_llavavideo/lib/python3.11/site-packages/torch/nn/modules/module.py:2025: UserWarning: for vision_model.encoder.layers.9.self_attn.q_proj.bias: copying from a non-meta parameter in the checkpoint to a meta parameter in the current model, which is a no-op. (Did you mean to pass `assign=True` to assign items in the state dictionary to their corresponding key in the module instead of copying them in place?)
  warnings.warn(f'for {key}: copying from a non-meta parameter in the checkpoint to a meta '
/data/takhyun03/anaconda3/envs/lmms_llavavideo/lib/python3.11/site-packages/torch/nn/modules/module.py:2025: UserWarning: for vision_model.encoder.layers.9.self_attn.out_proj.weight: copying from a non-meta parameter in the checkpoint to a meta parameter in the current model, which is a no-op. (Did you mean to pass `assign=True` to assign items in the state dictionary to their corresponding key in the module instead of copying them in place?)
  warnings.warn(f'for {key}: copying from a non-meta parameter in the checkpoint to a meta '
/data/takhyun03/anaconda3/envs/lmms_llavavideo/lib/python3.11/site-packages/torch/nn/modules/module.py:2025: UserWarning: for vision_model.encoder.layers.9.self_attn.out_proj.bias: copying from a non-meta parameter in the checkpoint to a meta parameter in the current model, which is a no-op. (Did you mean to pass `assign=True` to assign items in the state dictionary to their corresponding key in the module instead of copying them in place?)
  warnings.warn(f'for {key}: copying from a non-meta parameter in the checkpoint to a meta '
/data/takhyun03/anaconda3/envs/lmms_llavavideo/lib/python3.11/site-packages/torch/nn/modules/module.py:2025: UserWarning: for vision_model.encoder.layers.9.layer_norm1.weight: copying from a non-meta parameter in the checkpoint to a meta parameter in the current model, which is a no-op. (Did you mean to pass `assign=True` to assign items in the state dictionary to their corresponding key in the module instead of copying them in place?)
  warnings.warn(f'for {key}: copying from a non-meta parameter in the checkpoint to a meta '
/data/takhyun03/anaconda3/envs/lmms_llavavideo/lib/python3.11/site-packages/torch/nn/modules/module.py:2025: UserWarning: for vision_model.encoder.layers.9.layer_norm1.bias: copying from a non-meta parameter in the checkpoint to a meta parameter in the current model, which is a no-op. (Did you mean to pass `assign=True` to assign items in the state dictionary to their corresponding key in the module instead of copying them in place?)
  warnings.warn(f'for {key}: copying from a non-meta parameter in the checkpoint to a meta '
/data/takhyun03/anaconda3/envs/lmms_llavavideo/lib/python3.11/site-packages/torch/nn/modules/module.py:2025: UserWarning: for vision_model.encoder.layers.9.mlp.fc1.weight: copying from a non-meta parameter in the checkpoint to a meta parameter in the current model, which is a no-op. (Did you mean to pass `assign=True` to assign items in the state dictionary to their corresponding key in the module instead of copying them in place?)
  warnings.warn(f'for {key}: copying from a non-meta parameter in the checkpoint to a meta '
/data/takhyun03/anaconda3/envs/lmms_llavavideo/lib/python3.11/site-packages/torch/nn/modules/module.py:2025: UserWarning: for vision_model.encoder.layers.9.mlp.fc1.bias: copying from a non-meta parameter in the checkpoint to a meta parameter in the current model, which is a no-op. (Did you mean to pass `assign=True` to assign items in the state dictionary to their corresponding key in the module instead of copying them in place?)
  warnings.warn(f'for {key}: copying from a non-meta parameter in the checkpoint to a meta '
/data/takhyun03/anaconda3/envs/lmms_llavavideo/lib/python3.11/site-packages/torch/nn/modules/module.py:2025: UserWarning: for vision_model.encoder.layers.9.mlp.fc2.weight: copying from a non-meta parameter in the checkpoint to a meta parameter in the current model, which is a no-op. (Did you mean to pass `assign=True` to assign items in the state dictionary to their corresponding key in the module instead of copying them in place?)
  warnings.warn(f'for {key}: copying from a non-meta parameter in the checkpoint to a meta '
/data/takhyun03/anaconda3/envs/lmms_llavavideo/lib/python3.11/site-packages/torch/nn/modules/module.py:2025: UserWarning: for vision_model.encoder.layers.9.mlp.fc2.bias: copying from a non-meta parameter in the checkpoint to a meta parameter in the current model, which is a no-op. (Did you mean to pass `assign=True` to assign items in the state dictionary to their corresponding key in the module instead of copying them in place?)
  warnings.warn(f'for {key}: copying from a non-meta parameter in the checkpoint to a meta '
/data/takhyun03/anaconda3/envs/lmms_llavavideo/lib/python3.11/site-packages/torch/nn/modules/module.py:2025: UserWarning: for vision_model.encoder.layers.9.layer_norm2.weight: copying from a non-meta parameter in the checkpoint to a meta parameter in the current model, which is a no-op. (Did you mean to pass `assign=True` to assign items in the state dictionary to their corresponding key in the module instead of copying them in place?)
  warnings.warn(f'for {key}: copying from a non-meta parameter in the checkpoint to a meta '
/data/takhyun03/anaconda3/envs/lmms_llavavideo/lib/python3.11/site-packages/torch/nn/modules/module.py:2025: UserWarning: for vision_model.encoder.layers.9.layer_norm2.bias: copying from a non-meta parameter in the checkpoint to a meta parameter in the current model, which is a no-op. (Did you mean to pass `assign=True` to assign items in the state dictionary to their corresponding key in the module instead of copying them in place?)
  warnings.warn(f'for {key}: copying from a non-meta parameter in the checkpoint to a meta '
/data/takhyun03/anaconda3/envs/lmms_llavavideo/lib/python3.11/site-packages/torch/nn/modules/module.py:2025: UserWarning: for vision_model.encoder.layers.10.self_attn.k_proj.weight: copying from a non-meta parameter in the checkpoint to a meta parameter in the current model, which is a no-op. (Did you mean to pass `assign=True` to assign items in the state dictionary to their corresponding key in the module instead of copying them in place?)
  warnings.warn(f'for {key}: copying from a non-meta parameter in the checkpoint to a meta '
/data/takhyun03/anaconda3/envs/lmms_llavavideo/lib/python3.11/site-packages/torch/nn/modules/module.py:2025: UserWarning: for vision_model.encoder.layers.10.self_attn.k_proj.bias: copying from a non-meta parameter in the checkpoint to a meta parameter in the current model, which is a no-op. (Did you mean to pass `assign=True` to assign items in the state dictionary to their corresponding key in the module instead of copying them in place?)
  warnings.warn(f'for {key}: copying from a non-meta parameter in the checkpoint to a meta '
/data/takhyun03/anaconda3/envs/lmms_llavavideo/lib/python3.11/site-packages/torch/nn/modules/module.py:2025: UserWarning: for vision_model.encoder.layers.10.self_attn.v_proj.weight: copying from a non-meta parameter in the checkpoint to a meta parameter in the current model, which is a no-op. (Did you mean to pass `assign=True` to assign items in the state dictionary to their corresponding key in the module instead of copying them in place?)
  warnings.warn(f'for {key}: copying from a non-meta parameter in the checkpoint to a meta '
/data/takhyun03/anaconda3/envs/lmms_llavavideo/lib/python3.11/site-packages/torch/nn/modules/module.py:2025: UserWarning: for vision_model.encoder.layers.10.self_attn.v_proj.bias: copying from a non-meta parameter in the checkpoint to a meta parameter in the current model, which is a no-op. (Did you mean to pass `assign=True` to assign items in the state dictionary to their corresponding key in the module instead of copying them in place?)
  warnings.warn(f'for {key}: copying from a non-meta parameter in the checkpoint to a meta '
/data/takhyun03/anaconda3/envs/lmms_llavavideo/lib/python3.11/site-packages/torch/nn/modules/module.py:2025: UserWarning: for vision_model.encoder.layers.10.self_attn.q_proj.weight: copying from a non-meta parameter in the checkpoint to a meta parameter in the current model, which is a no-op. (Did you mean to pass `assign=True` to assign items in the state dictionary to their corresponding key in the module instead of copying them in place?)
  warnings.warn(f'for {key}: copying from a non-meta parameter in the checkpoint to a meta '
/data/takhyun03/anaconda3/envs/lmms_llavavideo/lib/python3.11/site-packages/torch/nn/modules/module.py:2025: UserWarning: for vision_model.encoder.layers.10.self_attn.q_proj.bias: copying from a non-meta parameter in the checkpoint to a meta parameter in the current model, which is a no-op. (Did you mean to pass `assign=True` to assign items in the state dictionary to their corresponding key in the module instead of copying them in place?)
  warnings.warn(f'for {key}: copying from a non-meta parameter in the checkpoint to a meta '
/data/takhyun03/anaconda3/envs/lmms_llavavideo/lib/python3.11/site-packages/torch/nn/modules/module.py:2025: UserWarning: for vision_model.encoder.layers.10.self_attn.out_proj.weight: copying from a non-meta parameter in the checkpoint to a meta parameter in the current model, which is a no-op. (Did you mean to pass `assign=True` to assign items in the state dictionary to their corresponding key in the module instead of copying them in place?)
  warnings.warn(f'for {key}: copying from a non-meta parameter in the checkpoint to a meta '
/data/takhyun03/anaconda3/envs/lmms_llavavideo/lib/python3.11/site-packages/torch/nn/modules/module.py:2025: UserWarning: for vision_model.encoder.layers.10.self_attn.out_proj.bias: copying from a non-meta parameter in the checkpoint to a meta parameter in the current model, which is a no-op. (Did you mean to pass `assign=True` to assign items in the state dictionary to their corresponding key in the module instead of copying them in place?)
  warnings.warn(f'for {key}: copying from a non-meta parameter in the checkpoint to a meta '
/data/takhyun03/anaconda3/envs/lmms_llavavideo/lib/python3.11/site-packages/torch/nn/modules/module.py:2025: UserWarning: for vision_model.encoder.layers.10.layer_norm1.weight: copying from a non-meta parameter in the checkpoint to a meta parameter in the current model, which is a no-op. (Did you mean to pass `assign=True` to assign items in the state dictionary to their corresponding key in the module instead of copying them in place?)
  warnings.warn(f'for {key}: copying from a non-meta parameter in the checkpoint to a meta '
/data/takhyun03/anaconda3/envs/lmms_llavavideo/lib/python3.11/site-packages/torch/nn/modules/module.py:2025: UserWarning: for vision_model.encoder.layers.10.layer_norm1.bias: copying from a non-meta parameter in the checkpoint to a meta parameter in the current model, which is a no-op. (Did you mean to pass `assign=True` to assign items in the state dictionary to their corresponding key in the module instead of copying them in place?)
  warnings.warn(f'for {key}: copying from a non-meta parameter in the checkpoint to a meta '
/data/takhyun03/anaconda3/envs/lmms_llavavideo/lib/python3.11/site-packages/torch/nn/modules/module.py:2025: UserWarning: for vision_model.encoder.layers.10.mlp.fc1.weight: copying from a non-meta parameter in the checkpoint to a meta parameter in the current model, which is a no-op. (Did you mean to pass `assign=True` to assign items in the state dictionary to their corresponding key in the module instead of copying them in place?)
  warnings.warn(f'for {key}: copying from a non-meta parameter in the checkpoint to a meta '
/data/takhyun03/anaconda3/envs/lmms_llavavideo/lib/python3.11/site-packages/torch/nn/modules/module.py:2025: UserWarning: for vision_model.encoder.layers.10.mlp.fc1.bias: copying from a non-meta parameter in the checkpoint to a meta parameter in the current model, which is a no-op. (Did you mean to pass `assign=True` to assign items in the state dictionary to their corresponding key in the module instead of copying them in place?)
  warnings.warn(f'for {key}: copying from a non-meta parameter in the checkpoint to a meta '
/data/takhyun03/anaconda3/envs/lmms_llavavideo/lib/python3.11/site-packages/torch/nn/modules/module.py:2025: UserWarning: for vision_model.encoder.layers.10.mlp.fc2.weight: copying from a non-meta parameter in the checkpoint to a meta parameter in the current model, which is a no-op. (Did you mean to pass `assign=True` to assign items in the state dictionary to their corresponding key in the module instead of copying them in place?)
  warnings.warn(f'for {key}: copying from a non-meta parameter in the checkpoint to a meta '
/data/takhyun03/anaconda3/envs/lmms_llavavideo/lib/python3.11/site-packages/torch/nn/modules/module.py:2025: UserWarning: for vision_model.encoder.layers.10.mlp.fc2.bias: copying from a non-meta parameter in the checkpoint to a meta parameter in the current model, which is a no-op. (Did you mean to pass `assign=True` to assign items in the state dictionary to their corresponding key in the module instead of copying them in place?)
  warnings.warn(f'for {key}: copying from a non-meta parameter in the checkpoint to a meta '
/data/takhyun03/anaconda3/envs/lmms_llavavideo/lib/python3.11/site-packages/torch/nn/modules/module.py:2025: UserWarning: for vision_model.encoder.layers.10.layer_norm2.weight: copying from a non-meta parameter in the checkpoint to a meta parameter in the current model, which is a no-op. (Did you mean to pass `assign=True` to assign items in the state dictionary to their corresponding key in the module instead of copying them in place?)
  warnings.warn(f'for {key}: copying from a non-meta parameter in the checkpoint to a meta '
/data/takhyun03/anaconda3/envs/lmms_llavavideo/lib/python3.11/site-packages/torch/nn/modules/module.py:2025: UserWarning: for vision_model.encoder.layers.10.layer_norm2.bias: copying from a non-meta parameter in the checkpoint to a meta parameter in the current model, which is a no-op. (Did you mean to pass `assign=True` to assign items in the state dictionary to their corresponding key in the module instead of copying them in place?)
  warnings.warn(f'for {key}: copying from a non-meta parameter in the checkpoint to a meta '
/data/takhyun03/anaconda3/envs/lmms_llavavideo/lib/python3.11/site-packages/torch/nn/modules/module.py:2025: UserWarning: for vision_model.encoder.layers.11.self_attn.k_proj.weight: copying from a non-meta parameter in the checkpoint to a meta parameter in the current model, which is a no-op. (Did you mean to pass `assign=True` to assign items in the state dictionary to their corresponding key in the module instead of copying them in place?)
  warnings.warn(f'for {key}: copying from a non-meta parameter in the checkpoint to a meta '
/data/takhyun03/anaconda3/envs/lmms_llavavideo/lib/python3.11/site-packages/torch/nn/modules/module.py:2025: UserWarning: for vision_model.encoder.layers.11.self_attn.k_proj.bias: copying from a non-meta parameter in the checkpoint to a meta parameter in the current model, which is a no-op. (Did you mean to pass `assign=True` to assign items in the state dictionary to their corresponding key in the module instead of copying them in place?)
  warnings.warn(f'for {key}: copying from a non-meta parameter in the checkpoint to a meta '
/data/takhyun03/anaconda3/envs/lmms_llavavideo/lib/python3.11/site-packages/torch/nn/modules/module.py:2025: UserWarning: for vision_model.encoder.layers.11.self_attn.v_proj.weight: copying from a non-meta parameter in the checkpoint to a meta parameter in the current model, which is a no-op. (Did you mean to pass `assign=True` to assign items in the state dictionary to their corresponding key in the module instead of copying them in place?)
  warnings.warn(f'for {key}: copying from a non-meta parameter in the checkpoint to a meta '
/data/takhyun03/anaconda3/envs/lmms_llavavideo/lib/python3.11/site-packages/torch/nn/modules/module.py:2025: UserWarning: for vision_model.encoder.layers.11.self_attn.v_proj.bias: copying from a non-meta parameter in the checkpoint to a meta parameter in the current model, which is a no-op. (Did you mean to pass `assign=True` to assign items in the state dictionary to their corresponding key in the module instead of copying them in place?)
  warnings.warn(f'for {key}: copying from a non-meta parameter in the checkpoint to a meta '
/data/takhyun03/anaconda3/envs/lmms_llavavideo/lib/python3.11/site-packages/torch/nn/modules/module.py:2025: UserWarning: for vision_model.encoder.layers.11.self_attn.q_proj.weight: copying from a non-meta parameter in the checkpoint to a meta parameter in the current model, which is a no-op. (Did you mean to pass `assign=True` to assign items in the state dictionary to their corresponding key in the module instead of copying them in place?)
  warnings.warn(f'for {key}: copying from a non-meta parameter in the checkpoint to a meta '
/data/takhyun03/anaconda3/envs/lmms_llavavideo/lib/python3.11/site-packages/torch/nn/modules/module.py:2025: UserWarning: for vision_model.encoder.layers.11.self_attn.q_proj.bias: copying from a non-meta parameter in the checkpoint to a meta parameter in the current model, which is a no-op. (Did you mean to pass `assign=True` to assign items in the state dictionary to their corresponding key in the module instead of copying them in place?)
  warnings.warn(f'for {key}: copying from a non-meta parameter in the checkpoint to a meta '
/data/takhyun03/anaconda3/envs/lmms_llavavideo/lib/python3.11/site-packages/torch/nn/modules/module.py:2025: UserWarning: for vision_model.encoder.layers.11.self_attn.out_proj.weight: copying from a non-meta parameter in the checkpoint to a meta parameter in the current model, which is a no-op. (Did you mean to pass `assign=True` to assign items in the state dictionary to their corresponding key in the module instead of copying them in place?)
  warnings.warn(f'for {key}: copying from a non-meta parameter in the checkpoint to a meta '
/data/takhyun03/anaconda3/envs/lmms_llavavideo/lib/python3.11/site-packages/torch/nn/modules/module.py:2025: UserWarning: for vision_model.encoder.layers.11.self_attn.out_proj.bias: copying from a non-meta parameter in the checkpoint to a meta parameter in the current model, which is a no-op. (Did you mean to pass `assign=True` to assign items in the state dictionary to their corresponding key in the module instead of copying them in place?)
  warnings.warn(f'for {key}: copying from a non-meta parameter in the checkpoint to a meta '
/data/takhyun03/anaconda3/envs/lmms_llavavideo/lib/python3.11/site-packages/torch/nn/modules/module.py:2025: UserWarning: for vision_model.encoder.layers.11.layer_norm1.weight: copying from a non-meta parameter in the checkpoint to a meta parameter in the current model, which is a no-op. (Did you mean to pass `assign=True` to assign items in the state dictionary to their corresponding key in the module instead of copying them in place?)
  warnings.warn(f'for {key}: copying from a non-meta parameter in the checkpoint to a meta '
/data/takhyun03/anaconda3/envs/lmms_llavavideo/lib/python3.11/site-packages/torch/nn/modules/module.py:2025: UserWarning: for vision_model.encoder.layers.11.layer_norm1.bias: copying from a non-meta parameter in the checkpoint to a meta parameter in the current model, which is a no-op. (Did you mean to pass `assign=True` to assign items in the state dictionary to their corresponding key in the module instead of copying them in place?)
  warnings.warn(f'for {key}: copying from a non-meta parameter in the checkpoint to a meta '
/data/takhyun03/anaconda3/envs/lmms_llavavideo/lib/python3.11/site-packages/torch/nn/modules/module.py:2025: UserWarning: for vision_model.encoder.layers.11.mlp.fc1.weight: copying from a non-meta parameter in the checkpoint to a meta parameter in the current model, which is a no-op. (Did you mean to pass `assign=True` to assign items in the state dictionary to their corresponding key in the module instead of copying them in place?)
  warnings.warn(f'for {key}: copying from a non-meta parameter in the checkpoint to a meta '
/data/takhyun03/anaconda3/envs/lmms_llavavideo/lib/python3.11/site-packages/torch/nn/modules/module.py:2025: UserWarning: for vision_model.encoder.layers.11.mlp.fc1.bias: copying from a non-meta parameter in the checkpoint to a meta parameter in the current model, which is a no-op. (Did you mean to pass `assign=True` to assign items in the state dictionary to their corresponding key in the module instead of copying them in place?)
  warnings.warn(f'for {key}: copying from a non-meta parameter in the checkpoint to a meta '
/data/takhyun03/anaconda3/envs/lmms_llavavideo/lib/python3.11/site-packages/torch/nn/modules/module.py:2025: UserWarning: for vision_model.encoder.layers.11.mlp.fc2.weight: copying from a non-meta parameter in the checkpoint to a meta parameter in the current model, which is a no-op. (Did you mean to pass `assign=True` to assign items in the state dictionary to their corresponding key in the module instead of copying them in place?)
  warnings.warn(f'for {key}: copying from a non-meta parameter in the checkpoint to a meta '
/data/takhyun03/anaconda3/envs/lmms_llavavideo/lib/python3.11/site-packages/torch/nn/modules/module.py:2025: UserWarning: for vision_model.encoder.layers.11.mlp.fc2.bias: copying from a non-meta parameter in the checkpoint to a meta parameter in the current model, which is a no-op. (Did you mean to pass `assign=True` to assign items in the state dictionary to their corresponding key in the module instead of copying them in place?)
  warnings.warn(f'for {key}: copying from a non-meta parameter in the checkpoint to a meta '
/data/takhyun03/anaconda3/envs/lmms_llavavideo/lib/python3.11/site-packages/torch/nn/modules/module.py:2025: UserWarning: for vision_model.encoder.layers.11.layer_norm2.weight: copying from a non-meta parameter in the checkpoint to a meta parameter in the current model, which is a no-op. (Did you mean to pass `assign=True` to assign items in the state dictionary to their corresponding key in the module instead of copying them in place?)
  warnings.warn(f'for {key}: copying from a non-meta parameter in the checkpoint to a meta '
/data/takhyun03/anaconda3/envs/lmms_llavavideo/lib/python3.11/site-packages/torch/nn/modules/module.py:2025: UserWarning: for vision_model.encoder.layers.11.layer_norm2.bias: copying from a non-meta parameter in the checkpoint to a meta parameter in the current model, which is a no-op. (Did you mean to pass `assign=True` to assign items in the state dictionary to their corresponding key in the module instead of copying them in place?)
  warnings.warn(f'for {key}: copying from a non-meta parameter in the checkpoint to a meta '
/data/takhyun03/anaconda3/envs/lmms_llavavideo/lib/python3.11/site-packages/torch/nn/modules/module.py:2025: UserWarning: for vision_model.encoder.layers.12.self_attn.k_proj.weight: copying from a non-meta parameter in the checkpoint to a meta parameter in the current model, which is a no-op. (Did you mean to pass `assign=True` to assign items in the state dictionary to their corresponding key in the module instead of copying them in place?)
  warnings.warn(f'for {key}: copying from a non-meta parameter in the checkpoint to a meta '
/data/takhyun03/anaconda3/envs/lmms_llavavideo/lib/python3.11/site-packages/torch/nn/modules/module.py:2025: UserWarning: for vision_model.encoder.layers.12.self_attn.k_proj.bias: copying from a non-meta parameter in the checkpoint to a meta parameter in the current model, which is a no-op. (Did you mean to pass `assign=True` to assign items in the state dictionary to their corresponding key in the module instead of copying them in place?)
  warnings.warn(f'for {key}: copying from a non-meta parameter in the checkpoint to a meta '
/data/takhyun03/anaconda3/envs/lmms_llavavideo/lib/python3.11/site-packages/torch/nn/modules/module.py:2025: UserWarning: for vision_model.encoder.layers.12.self_attn.v_proj.weight: copying from a non-meta parameter in the checkpoint to a meta parameter in the current model, which is a no-op. (Did you mean to pass `assign=True` to assign items in the state dictionary to their corresponding key in the module instead of copying them in place?)
  warnings.warn(f'for {key}: copying from a non-meta parameter in the checkpoint to a meta '
/data/takhyun03/anaconda3/envs/lmms_llavavideo/lib/python3.11/site-packages/torch/nn/modules/module.py:2025: UserWarning: for vision_model.encoder.layers.12.self_attn.v_proj.bias: copying from a non-meta parameter in the checkpoint to a meta parameter in the current model, which is a no-op. (Did you mean to pass `assign=True` to assign items in the state dictionary to their corresponding key in the module instead of copying them in place?)
  warnings.warn(f'for {key}: copying from a non-meta parameter in the checkpoint to a meta '
/data/takhyun03/anaconda3/envs/lmms_llavavideo/lib/python3.11/site-packages/torch/nn/modules/module.py:2025: UserWarning: for vision_model.encoder.layers.12.self_attn.q_proj.weight: copying from a non-meta parameter in the checkpoint to a meta parameter in the current model, which is a no-op. (Did you mean to pass `assign=True` to assign items in the state dictionary to their corresponding key in the module instead of copying them in place?)
  warnings.warn(f'for {key}: copying from a non-meta parameter in the checkpoint to a meta '
/data/takhyun03/anaconda3/envs/lmms_llavavideo/lib/python3.11/site-packages/torch/nn/modules/module.py:2025: UserWarning: for vision_model.encoder.layers.12.self_attn.q_proj.bias: copying from a non-meta parameter in the checkpoint to a meta parameter in the current model, which is a no-op. (Did you mean to pass `assign=True` to assign items in the state dictionary to their corresponding key in the module instead of copying them in place?)
  warnings.warn(f'for {key}: copying from a non-meta parameter in the checkpoint to a meta '
/data/takhyun03/anaconda3/envs/lmms_llavavideo/lib/python3.11/site-packages/torch/nn/modules/module.py:2025: UserWarning: for vision_model.encoder.layers.12.self_attn.out_proj.weight: copying from a non-meta parameter in the checkpoint to a meta parameter in the current model, which is a no-op. (Did you mean to pass `assign=True` to assign items in the state dictionary to their corresponding key in the module instead of copying them in place?)
  warnings.warn(f'for {key}: copying from a non-meta parameter in the checkpoint to a meta '
/data/takhyun03/anaconda3/envs/lmms_llavavideo/lib/python3.11/site-packages/torch/nn/modules/module.py:2025: UserWarning: for vision_model.encoder.layers.12.self_attn.out_proj.bias: copying from a non-meta parameter in the checkpoint to a meta parameter in the current model, which is a no-op. (Did you mean to pass `assign=True` to assign items in the state dictionary to their corresponding key in the module instead of copying them in place?)
  warnings.warn(f'for {key}: copying from a non-meta parameter in the checkpoint to a meta '
/data/takhyun03/anaconda3/envs/lmms_llavavideo/lib/python3.11/site-packages/torch/nn/modules/module.py:2025: UserWarning: for vision_model.encoder.layers.12.layer_norm1.weight: copying from a non-meta parameter in the checkpoint to a meta parameter in the current model, which is a no-op. (Did you mean to pass `assign=True` to assign items in the state dictionary to their corresponding key in the module instead of copying them in place?)
  warnings.warn(f'for {key}: copying from a non-meta parameter in the checkpoint to a meta '
/data/takhyun03/anaconda3/envs/lmms_llavavideo/lib/python3.11/site-packages/torch/nn/modules/module.py:2025: UserWarning: for vision_model.encoder.layers.12.layer_norm1.bias: copying from a non-meta parameter in the checkpoint to a meta parameter in the current model, which is a no-op. (Did you mean to pass `assign=True` to assign items in the state dictionary to their corresponding key in the module instead of copying them in place?)
  warnings.warn(f'for {key}: copying from a non-meta parameter in the checkpoint to a meta '
/data/takhyun03/anaconda3/envs/lmms_llavavideo/lib/python3.11/site-packages/torch/nn/modules/module.py:2025: UserWarning: for vision_model.encoder.layers.12.mlp.fc1.weight: copying from a non-meta parameter in the checkpoint to a meta parameter in the current model, which is a no-op. (Did you mean to pass `assign=True` to assign items in the state dictionary to their corresponding key in the module instead of copying them in place?)
  warnings.warn(f'for {key}: copying from a non-meta parameter in the checkpoint to a meta '
/data/takhyun03/anaconda3/envs/lmms_llavavideo/lib/python3.11/site-packages/torch/nn/modules/module.py:2025: UserWarning: for vision_model.encoder.layers.12.mlp.fc1.bias: copying from a non-meta parameter in the checkpoint to a meta parameter in the current model, which is a no-op. (Did you mean to pass `assign=True` to assign items in the state dictionary to their corresponding key in the module instead of copying them in place?)
  warnings.warn(f'for {key}: copying from a non-meta parameter in the checkpoint to a meta '
/data/takhyun03/anaconda3/envs/lmms_llavavideo/lib/python3.11/site-packages/torch/nn/modules/module.py:2025: UserWarning: for vision_model.encoder.layers.12.mlp.fc2.weight: copying from a non-meta parameter in the checkpoint to a meta parameter in the current model, which is a no-op. (Did you mean to pass `assign=True` to assign items in the state dictionary to their corresponding key in the module instead of copying them in place?)
  warnings.warn(f'for {key}: copying from a non-meta parameter in the checkpoint to a meta '
/data/takhyun03/anaconda3/envs/lmms_llavavideo/lib/python3.11/site-packages/torch/nn/modules/module.py:2025: UserWarning: for vision_model.encoder.layers.12.mlp.fc2.bias: copying from a non-meta parameter in the checkpoint to a meta parameter in the current model, which is a no-op. (Did you mean to pass `assign=True` to assign items in the state dictionary to their corresponding key in the module instead of copying them in place?)
  warnings.warn(f'for {key}: copying from a non-meta parameter in the checkpoint to a meta '
/data/takhyun03/anaconda3/envs/lmms_llavavideo/lib/python3.11/site-packages/torch/nn/modules/module.py:2025: UserWarning: for vision_model.encoder.layers.12.layer_norm2.weight: copying from a non-meta parameter in the checkpoint to a meta parameter in the current model, which is a no-op. (Did you mean to pass `assign=True` to assign items in the state dictionary to their corresponding key in the module instead of copying them in place?)
  warnings.warn(f'for {key}: copying from a non-meta parameter in the checkpoint to a meta '
/data/takhyun03/anaconda3/envs/lmms_llavavideo/lib/python3.11/site-packages/torch/nn/modules/module.py:2025: UserWarning: for vision_model.encoder.layers.12.layer_norm2.bias: copying from a non-meta parameter in the checkpoint to a meta parameter in the current model, which is a no-op. (Did you mean to pass `assign=True` to assign items in the state dictionary to their corresponding key in the module instead of copying them in place?)
  warnings.warn(f'for {key}: copying from a non-meta parameter in the checkpoint to a meta '
/data/takhyun03/anaconda3/envs/lmms_llavavideo/lib/python3.11/site-packages/torch/nn/modules/module.py:2025: UserWarning: for vision_model.encoder.layers.13.self_attn.k_proj.weight: copying from a non-meta parameter in the checkpoint to a meta parameter in the current model, which is a no-op. (Did you mean to pass `assign=True` to assign items in the state dictionary to their corresponding key in the module instead of copying them in place?)
  warnings.warn(f'for {key}: copying from a non-meta parameter in the checkpoint to a meta '
/data/takhyun03/anaconda3/envs/lmms_llavavideo/lib/python3.11/site-packages/torch/nn/modules/module.py:2025: UserWarning: for vision_model.encoder.layers.13.self_attn.k_proj.bias: copying from a non-meta parameter in the checkpoint to a meta parameter in the current model, which is a no-op. (Did you mean to pass `assign=True` to assign items in the state dictionary to their corresponding key in the module instead of copying them in place?)
  warnings.warn(f'for {key}: copying from a non-meta parameter in the checkpoint to a meta '
/data/takhyun03/anaconda3/envs/lmms_llavavideo/lib/python3.11/site-packages/torch/nn/modules/module.py:2025: UserWarning: for vision_model.encoder.layers.13.self_attn.v_proj.weight: copying from a non-meta parameter in the checkpoint to a meta parameter in the current model, which is a no-op. (Did you mean to pass `assign=True` to assign items in the state dictionary to their corresponding key in the module instead of copying them in place?)
  warnings.warn(f'for {key}: copying from a non-meta parameter in the checkpoint to a meta '
/data/takhyun03/anaconda3/envs/lmms_llavavideo/lib/python3.11/site-packages/torch/nn/modules/module.py:2025: UserWarning: for vision_model.encoder.layers.13.self_attn.v_proj.bias: copying from a non-meta parameter in the checkpoint to a meta parameter in the current model, which is a no-op. (Did you mean to pass `assign=True` to assign items in the state dictionary to their corresponding key in the module instead of copying them in place?)
  warnings.warn(f'for {key}: copying from a non-meta parameter in the checkpoint to a meta '
/data/takhyun03/anaconda3/envs/lmms_llavavideo/lib/python3.11/site-packages/torch/nn/modules/module.py:2025: UserWarning: for vision_model.encoder.layers.13.self_attn.q_proj.weight: copying from a non-meta parameter in the checkpoint to a meta parameter in the current model, which is a no-op. (Did you mean to pass `assign=True` to assign items in the state dictionary to their corresponding key in the module instead of copying them in place?)
  warnings.warn(f'for {key}: copying from a non-meta parameter in the checkpoint to a meta '
/data/takhyun03/anaconda3/envs/lmms_llavavideo/lib/python3.11/site-packages/torch/nn/modules/module.py:2025: UserWarning: for vision_model.encoder.layers.13.self_attn.q_proj.bias: copying from a non-meta parameter in the checkpoint to a meta parameter in the current model, which is a no-op. (Did you mean to pass `assign=True` to assign items in the state dictionary to their corresponding key in the module instead of copying them in place?)
  warnings.warn(f'for {key}: copying from a non-meta parameter in the checkpoint to a meta '
/data/takhyun03/anaconda3/envs/lmms_llavavideo/lib/python3.11/site-packages/torch/nn/modules/module.py:2025: UserWarning: for vision_model.encoder.layers.13.self_attn.out_proj.weight: copying from a non-meta parameter in the checkpoint to a meta parameter in the current model, which is a no-op. (Did you mean to pass `assign=True` to assign items in the state dictionary to their corresponding key in the module instead of copying them in place?)
  warnings.warn(f'for {key}: copying from a non-meta parameter in the checkpoint to a meta '
/data/takhyun03/anaconda3/envs/lmms_llavavideo/lib/python3.11/site-packages/torch/nn/modules/module.py:2025: UserWarning: for vision_model.encoder.layers.13.self_attn.out_proj.bias: copying from a non-meta parameter in the checkpoint to a meta parameter in the current model, which is a no-op. (Did you mean to pass `assign=True` to assign items in the state dictionary to their corresponding key in the module instead of copying them in place?)
  warnings.warn(f'for {key}: copying from a non-meta parameter in the checkpoint to a meta '
/data/takhyun03/anaconda3/envs/lmms_llavavideo/lib/python3.11/site-packages/torch/nn/modules/module.py:2025: UserWarning: for vision_model.encoder.layers.13.layer_norm1.weight: copying from a non-meta parameter in the checkpoint to a meta parameter in the current model, which is a no-op. (Did you mean to pass `assign=True` to assign items in the state dictionary to their corresponding key in the module instead of copying them in place?)
  warnings.warn(f'for {key}: copying from a non-meta parameter in the checkpoint to a meta '
/data/takhyun03/anaconda3/envs/lmms_llavavideo/lib/python3.11/site-packages/torch/nn/modules/module.py:2025: UserWarning: for vision_model.encoder.layers.13.layer_norm1.bias: copying from a non-meta parameter in the checkpoint to a meta parameter in the current model, which is a no-op. (Did you mean to pass `assign=True` to assign items in the state dictionary to their corresponding key in the module instead of copying them in place?)
  warnings.warn(f'for {key}: copying from a non-meta parameter in the checkpoint to a meta '
/data/takhyun03/anaconda3/envs/lmms_llavavideo/lib/python3.11/site-packages/torch/nn/modules/module.py:2025: UserWarning: for vision_model.encoder.layers.13.mlp.fc1.weight: copying from a non-meta parameter in the checkpoint to a meta parameter in the current model, which is a no-op. (Did you mean to pass `assign=True` to assign items in the state dictionary to their corresponding key in the module instead of copying them in place?)
  warnings.warn(f'for {key}: copying from a non-meta parameter in the checkpoint to a meta '
/data/takhyun03/anaconda3/envs/lmms_llavavideo/lib/python3.11/site-packages/torch/nn/modules/module.py:2025: UserWarning: for vision_model.encoder.layers.13.mlp.fc1.bias: copying from a non-meta parameter in the checkpoint to a meta parameter in the current model, which is a no-op. (Did you mean to pass `assign=True` to assign items in the state dictionary to their corresponding key in the module instead of copying them in place?)
  warnings.warn(f'for {key}: copying from a non-meta parameter in the checkpoint to a meta '
/data/takhyun03/anaconda3/envs/lmms_llavavideo/lib/python3.11/site-packages/torch/nn/modules/module.py:2025: UserWarning: for vision_model.encoder.layers.13.mlp.fc2.weight: copying from a non-meta parameter in the checkpoint to a meta parameter in the current model, which is a no-op. (Did you mean to pass `assign=True` to assign items in the state dictionary to their corresponding key in the module instead of copying them in place?)
  warnings.warn(f'for {key}: copying from a non-meta parameter in the checkpoint to a meta '
/data/takhyun03/anaconda3/envs/lmms_llavavideo/lib/python3.11/site-packages/torch/nn/modules/module.py:2025: UserWarning: for vision_model.encoder.layers.13.mlp.fc2.bias: copying from a non-meta parameter in the checkpoint to a meta parameter in the current model, which is a no-op. (Did you mean to pass `assign=True` to assign items in the state dictionary to their corresponding key in the module instead of copying them in place?)
  warnings.warn(f'for {key}: copying from a non-meta parameter in the checkpoint to a meta '
/data/takhyun03/anaconda3/envs/lmms_llavavideo/lib/python3.11/site-packages/torch/nn/modules/module.py:2025: UserWarning: for vision_model.encoder.layers.13.layer_norm2.weight: copying from a non-meta parameter in the checkpoint to a meta parameter in the current model, which is a no-op. (Did you mean to pass `assign=True` to assign items in the state dictionary to their corresponding key in the module instead of copying them in place?)
  warnings.warn(f'for {key}: copying from a non-meta parameter in the checkpoint to a meta '
/data/takhyun03/anaconda3/envs/lmms_llavavideo/lib/python3.11/site-packages/torch/nn/modules/module.py:2025: UserWarning: for vision_model.encoder.layers.13.layer_norm2.bias: copying from a non-meta parameter in the checkpoint to a meta parameter in the current model, which is a no-op. (Did you mean to pass `assign=True` to assign items in the state dictionary to their corresponding key in the module instead of copying them in place?)
  warnings.warn(f'for {key}: copying from a non-meta parameter in the checkpoint to a meta '
/data/takhyun03/anaconda3/envs/lmms_llavavideo/lib/python3.11/site-packages/torch/nn/modules/module.py:2025: UserWarning: for vision_model.encoder.layers.14.self_attn.k_proj.weight: copying from a non-meta parameter in the checkpoint to a meta parameter in the current model, which is a no-op. (Did you mean to pass `assign=True` to assign items in the state dictionary to their corresponding key in the module instead of copying them in place?)
  warnings.warn(f'for {key}: copying from a non-meta parameter in the checkpoint to a meta '
/data/takhyun03/anaconda3/envs/lmms_llavavideo/lib/python3.11/site-packages/torch/nn/modules/module.py:2025: UserWarning: for vision_model.encoder.layers.14.self_attn.k_proj.bias: copying from a non-meta parameter in the checkpoint to a meta parameter in the current model, which is a no-op. (Did you mean to pass `assign=True` to assign items in the state dictionary to their corresponding key in the module instead of copying them in place?)
  warnings.warn(f'for {key}: copying from a non-meta parameter in the checkpoint to a meta '
/data/takhyun03/anaconda3/envs/lmms_llavavideo/lib/python3.11/site-packages/torch/nn/modules/module.py:2025: UserWarning: for vision_model.encoder.layers.14.self_attn.v_proj.weight: copying from a non-meta parameter in the checkpoint to a meta parameter in the current model, which is a no-op. (Did you mean to pass `assign=True` to assign items in the state dictionary to their corresponding key in the module instead of copying them in place?)
  warnings.warn(f'for {key}: copying from a non-meta parameter in the checkpoint to a meta '
/data/takhyun03/anaconda3/envs/lmms_llavavideo/lib/python3.11/site-packages/torch/nn/modules/module.py:2025: UserWarning: for vision_model.encoder.layers.14.self_attn.v_proj.bias: copying from a non-meta parameter in the checkpoint to a meta parameter in the current model, which is a no-op. (Did you mean to pass `assign=True` to assign items in the state dictionary to their corresponding key in the module instead of copying them in place?)
  warnings.warn(f'for {key}: copying from a non-meta parameter in the checkpoint to a meta '
/data/takhyun03/anaconda3/envs/lmms_llavavideo/lib/python3.11/site-packages/torch/nn/modules/module.py:2025: UserWarning: for vision_model.encoder.layers.14.self_attn.q_proj.weight: copying from a non-meta parameter in the checkpoint to a meta parameter in the current model, which is a no-op. (Did you mean to pass `assign=True` to assign items in the state dictionary to their corresponding key in the module instead of copying them in place?)
  warnings.warn(f'for {key}: copying from a non-meta parameter in the checkpoint to a meta '
/data/takhyun03/anaconda3/envs/lmms_llavavideo/lib/python3.11/site-packages/torch/nn/modules/module.py:2025: UserWarning: for vision_model.encoder.layers.14.self_attn.q_proj.bias: copying from a non-meta parameter in the checkpoint to a meta parameter in the current model, which is a no-op. (Did you mean to pass `assign=True` to assign items in the state dictionary to their corresponding key in the module instead of copying them in place?)
  warnings.warn(f'for {key}: copying from a non-meta parameter in the checkpoint to a meta '
/data/takhyun03/anaconda3/envs/lmms_llavavideo/lib/python3.11/site-packages/torch/nn/modules/module.py:2025: UserWarning: for vision_model.encoder.layers.14.self_attn.out_proj.weight: copying from a non-meta parameter in the checkpoint to a meta parameter in the current model, which is a no-op. (Did you mean to pass `assign=True` to assign items in the state dictionary to their corresponding key in the module instead of copying them in place?)
  warnings.warn(f'for {key}: copying from a non-meta parameter in the checkpoint to a meta '
/data/takhyun03/anaconda3/envs/lmms_llavavideo/lib/python3.11/site-packages/torch/nn/modules/module.py:2025: UserWarning: for vision_model.encoder.layers.14.self_attn.out_proj.bias: copying from a non-meta parameter in the checkpoint to a meta parameter in the current model, which is a no-op. (Did you mean to pass `assign=True` to assign items in the state dictionary to their corresponding key in the module instead of copying them in place?)
  warnings.warn(f'for {key}: copying from a non-meta parameter in the checkpoint to a meta '
/data/takhyun03/anaconda3/envs/lmms_llavavideo/lib/python3.11/site-packages/torch/nn/modules/module.py:2025: UserWarning: for vision_model.encoder.layers.14.layer_norm1.weight: copying from a non-meta parameter in the checkpoint to a meta parameter in the current model, which is a no-op. (Did you mean to pass `assign=True` to assign items in the state dictionary to their corresponding key in the module instead of copying them in place?)
  warnings.warn(f'for {key}: copying from a non-meta parameter in the checkpoint to a meta '
/data/takhyun03/anaconda3/envs/lmms_llavavideo/lib/python3.11/site-packages/torch/nn/modules/module.py:2025: UserWarning: for vision_model.encoder.layers.14.layer_norm1.bias: copying from a non-meta parameter in the checkpoint to a meta parameter in the current model, which is a no-op. (Did you mean to pass `assign=True` to assign items in the state dictionary to their corresponding key in the module instead of copying them in place?)
  warnings.warn(f'for {key}: copying from a non-meta parameter in the checkpoint to a meta '
/data/takhyun03/anaconda3/envs/lmms_llavavideo/lib/python3.11/site-packages/torch/nn/modules/module.py:2025: UserWarning: for vision_model.encoder.layers.14.mlp.fc1.weight: copying from a non-meta parameter in the checkpoint to a meta parameter in the current model, which is a no-op. (Did you mean to pass `assign=True` to assign items in the state dictionary to their corresponding key in the module instead of copying them in place?)
  warnings.warn(f'for {key}: copying from a non-meta parameter in the checkpoint to a meta '
/data/takhyun03/anaconda3/envs/lmms_llavavideo/lib/python3.11/site-packages/torch/nn/modules/module.py:2025: UserWarning: for vision_model.encoder.layers.14.mlp.fc1.bias: copying from a non-meta parameter in the checkpoint to a meta parameter in the current model, which is a no-op. (Did you mean to pass `assign=True` to assign items in the state dictionary to their corresponding key in the module instead of copying them in place?)
  warnings.warn(f'for {key}: copying from a non-meta parameter in the checkpoint to a meta '
/data/takhyun03/anaconda3/envs/lmms_llavavideo/lib/python3.11/site-packages/torch/nn/modules/module.py:2025: UserWarning: for vision_model.encoder.layers.14.mlp.fc2.weight: copying from a non-meta parameter in the checkpoint to a meta parameter in the current model, which is a no-op. (Did you mean to pass `assign=True` to assign items in the state dictionary to their corresponding key in the module instead of copying them in place?)
  warnings.warn(f'for {key}: copying from a non-meta parameter in the checkpoint to a meta '
/data/takhyun03/anaconda3/envs/lmms_llavavideo/lib/python3.11/site-packages/torch/nn/modules/module.py:2025: UserWarning: for vision_model.encoder.layers.14.mlp.fc2.bias: copying from a non-meta parameter in the checkpoint to a meta parameter in the current model, which is a no-op. (Did you mean to pass `assign=True` to assign items in the state dictionary to their corresponding key in the module instead of copying them in place?)
  warnings.warn(f'for {key}: copying from a non-meta parameter in the checkpoint to a meta '
/data/takhyun03/anaconda3/envs/lmms_llavavideo/lib/python3.11/site-packages/torch/nn/modules/module.py:2025: UserWarning: for vision_model.encoder.layers.14.layer_norm2.weight: copying from a non-meta parameter in the checkpoint to a meta parameter in the current model, which is a no-op. (Did you mean to pass `assign=True` to assign items in the state dictionary to their corresponding key in the module instead of copying them in place?)
  warnings.warn(f'for {key}: copying from a non-meta parameter in the checkpoint to a meta '
/data/takhyun03/anaconda3/envs/lmms_llavavideo/lib/python3.11/site-packages/torch/nn/modules/module.py:2025: UserWarning: for vision_model.encoder.layers.14.layer_norm2.bias: copying from a non-meta parameter in the checkpoint to a meta parameter in the current model, which is a no-op. (Did you mean to pass `assign=True` to assign items in the state dictionary to their corresponding key in the module instead of copying them in place?)
  warnings.warn(f'for {key}: copying from a non-meta parameter in the checkpoint to a meta '
/data/takhyun03/anaconda3/envs/lmms_llavavideo/lib/python3.11/site-packages/torch/nn/modules/module.py:2025: UserWarning: for vision_model.encoder.layers.15.self_attn.k_proj.weight: copying from a non-meta parameter in the checkpoint to a meta parameter in the current model, which is a no-op. (Did you mean to pass `assign=True` to assign items in the state dictionary to their corresponding key in the module instead of copying them in place?)
  warnings.warn(f'for {key}: copying from a non-meta parameter in the checkpoint to a meta '
/data/takhyun03/anaconda3/envs/lmms_llavavideo/lib/python3.11/site-packages/torch/nn/modules/module.py:2025: UserWarning: for vision_model.encoder.layers.15.self_attn.k_proj.bias: copying from a non-meta parameter in the checkpoint to a meta parameter in the current model, which is a no-op. (Did you mean to pass `assign=True` to assign items in the state dictionary to their corresponding key in the module instead of copying them in place?)
  warnings.warn(f'for {key}: copying from a non-meta parameter in the checkpoint to a meta '
/data/takhyun03/anaconda3/envs/lmms_llavavideo/lib/python3.11/site-packages/torch/nn/modules/module.py:2025: UserWarning: for vision_model.encoder.layers.15.self_attn.v_proj.weight: copying from a non-meta parameter in the checkpoint to a meta parameter in the current model, which is a no-op. (Did you mean to pass `assign=True` to assign items in the state dictionary to their corresponding key in the module instead of copying them in place?)
  warnings.warn(f'for {key}: copying from a non-meta parameter in the checkpoint to a meta '
/data/takhyun03/anaconda3/envs/lmms_llavavideo/lib/python3.11/site-packages/torch/nn/modules/module.py:2025: UserWarning: for vision_model.encoder.layers.15.self_attn.v_proj.bias: copying from a non-meta parameter in the checkpoint to a meta parameter in the current model, which is a no-op. (Did you mean to pass `assign=True` to assign items in the state dictionary to their corresponding key in the module instead of copying them in place?)
  warnings.warn(f'for {key}: copying from a non-meta parameter in the checkpoint to a meta '
/data/takhyun03/anaconda3/envs/lmms_llavavideo/lib/python3.11/site-packages/torch/nn/modules/module.py:2025: UserWarning: for vision_model.encoder.layers.15.self_attn.q_proj.weight: copying from a non-meta parameter in the checkpoint to a meta parameter in the current model, which is a no-op. (Did you mean to pass `assign=True` to assign items in the state dictionary to their corresponding key in the module instead of copying them in place?)
  warnings.warn(f'for {key}: copying from a non-meta parameter in the checkpoint to a meta '
/data/takhyun03/anaconda3/envs/lmms_llavavideo/lib/python3.11/site-packages/torch/nn/modules/module.py:2025: UserWarning: for vision_model.encoder.layers.15.self_attn.q_proj.bias: copying from a non-meta parameter in the checkpoint to a meta parameter in the current model, which is a no-op. (Did you mean to pass `assign=True` to assign items in the state dictionary to their corresponding key in the module instead of copying them in place?)
  warnings.warn(f'for {key}: copying from a non-meta parameter in the checkpoint to a meta '
/data/takhyun03/anaconda3/envs/lmms_llavavideo/lib/python3.11/site-packages/torch/nn/modules/module.py:2025: UserWarning: for vision_model.encoder.layers.15.self_attn.out_proj.weight: copying from a non-meta parameter in the checkpoint to a meta parameter in the current model, which is a no-op. (Did you mean to pass `assign=True` to assign items in the state dictionary to their corresponding key in the module instead of copying them in place?)
  warnings.warn(f'for {key}: copying from a non-meta parameter in the checkpoint to a meta '
/data/takhyun03/anaconda3/envs/lmms_llavavideo/lib/python3.11/site-packages/torch/nn/modules/module.py:2025: UserWarning: for vision_model.encoder.layers.15.self_attn.out_proj.bias: copying from a non-meta parameter in the checkpoint to a meta parameter in the current model, which is a no-op. (Did you mean to pass `assign=True` to assign items in the state dictionary to their corresponding key in the module instead of copying them in place?)
  warnings.warn(f'for {key}: copying from a non-meta parameter in the checkpoint to a meta '
/data/takhyun03/anaconda3/envs/lmms_llavavideo/lib/python3.11/site-packages/torch/nn/modules/module.py:2025: UserWarning: for vision_model.encoder.layers.15.layer_norm1.weight: copying from a non-meta parameter in the checkpoint to a meta parameter in the current model, which is a no-op. (Did you mean to pass `assign=True` to assign items in the state dictionary to their corresponding key in the module instead of copying them in place?)
  warnings.warn(f'for {key}: copying from a non-meta parameter in the checkpoint to a meta '
/data/takhyun03/anaconda3/envs/lmms_llavavideo/lib/python3.11/site-packages/torch/nn/modules/module.py:2025: UserWarning: for vision_model.encoder.layers.15.layer_norm1.bias: copying from a non-meta parameter in the checkpoint to a meta parameter in the current model, which is a no-op. (Did you mean to pass `assign=True` to assign items in the state dictionary to their corresponding key in the module instead of copying them in place?)
  warnings.warn(f'for {key}: copying from a non-meta parameter in the checkpoint to a meta '
/data/takhyun03/anaconda3/envs/lmms_llavavideo/lib/python3.11/site-packages/torch/nn/modules/module.py:2025: UserWarning: for vision_model.encoder.layers.15.mlp.fc1.weight: copying from a non-meta parameter in the checkpoint to a meta parameter in the current model, which is a no-op. (Did you mean to pass `assign=True` to assign items in the state dictionary to their corresponding key in the module instead of copying them in place?)
  warnings.warn(f'for {key}: copying from a non-meta parameter in the checkpoint to a meta '
/data/takhyun03/anaconda3/envs/lmms_llavavideo/lib/python3.11/site-packages/torch/nn/modules/module.py:2025: UserWarning: for vision_model.encoder.layers.15.mlp.fc1.bias: copying from a non-meta parameter in the checkpoint to a meta parameter in the current model, which is a no-op. (Did you mean to pass `assign=True` to assign items in the state dictionary to their corresponding key in the module instead of copying them in place?)
  warnings.warn(f'for {key}: copying from a non-meta parameter in the checkpoint to a meta '
/data/takhyun03/anaconda3/envs/lmms_llavavideo/lib/python3.11/site-packages/torch/nn/modules/module.py:2025: UserWarning: for vision_model.encoder.layers.15.mlp.fc2.weight: copying from a non-meta parameter in the checkpoint to a meta parameter in the current model, which is a no-op. (Did you mean to pass `assign=True` to assign items in the state dictionary to their corresponding key in the module instead of copying them in place?)
  warnings.warn(f'for {key}: copying from a non-meta parameter in the checkpoint to a meta '
/data/takhyun03/anaconda3/envs/lmms_llavavideo/lib/python3.11/site-packages/torch/nn/modules/module.py:2025: UserWarning: for vision_model.encoder.layers.15.mlp.fc2.bias: copying from a non-meta parameter in the checkpoint to a meta parameter in the current model, which is a no-op. (Did you mean to pass `assign=True` to assign items in the state dictionary to their corresponding key in the module instead of copying them in place?)
  warnings.warn(f'for {key}: copying from a non-meta parameter in the checkpoint to a meta '
/data/takhyun03/anaconda3/envs/lmms_llavavideo/lib/python3.11/site-packages/torch/nn/modules/module.py:2025: UserWarning: for vision_model.encoder.layers.15.layer_norm2.weight: copying from a non-meta parameter in the checkpoint to a meta parameter in the current model, which is a no-op. (Did you mean to pass `assign=True` to assign items in the state dictionary to their corresponding key in the module instead of copying them in place?)
  warnings.warn(f'for {key}: copying from a non-meta parameter in the checkpoint to a meta '
/data/takhyun03/anaconda3/envs/lmms_llavavideo/lib/python3.11/site-packages/torch/nn/modules/module.py:2025: UserWarning: for vision_model.encoder.layers.15.layer_norm2.bias: copying from a non-meta parameter in the checkpoint to a meta parameter in the current model, which is a no-op. (Did you mean to pass `assign=True` to assign items in the state dictionary to their corresponding key in the module instead of copying them in place?)
  warnings.warn(f'for {key}: copying from a non-meta parameter in the checkpoint to a meta '
/data/takhyun03/anaconda3/envs/lmms_llavavideo/lib/python3.11/site-packages/torch/nn/modules/module.py:2025: UserWarning: for vision_model.encoder.layers.16.self_attn.k_proj.weight: copying from a non-meta parameter in the checkpoint to a meta parameter in the current model, which is a no-op. (Did you mean to pass `assign=True` to assign items in the state dictionary to their corresponding key in the module instead of copying them in place?)
  warnings.warn(f'for {key}: copying from a non-meta parameter in the checkpoint to a meta '
/data/takhyun03/anaconda3/envs/lmms_llavavideo/lib/python3.11/site-packages/torch/nn/modules/module.py:2025: UserWarning: for vision_model.encoder.layers.16.self_attn.k_proj.bias: copying from a non-meta parameter in the checkpoint to a meta parameter in the current model, which is a no-op. (Did you mean to pass `assign=True` to assign items in the state dictionary to their corresponding key in the module instead of copying them in place?)
  warnings.warn(f'for {key}: copying from a non-meta parameter in the checkpoint to a meta '
/data/takhyun03/anaconda3/envs/lmms_llavavideo/lib/python3.11/site-packages/torch/nn/modules/module.py:2025: UserWarning: for vision_model.encoder.layers.16.self_attn.v_proj.weight: copying from a non-meta parameter in the checkpoint to a meta parameter in the current model, which is a no-op. (Did you mean to pass `assign=True` to assign items in the state dictionary to their corresponding key in the module instead of copying them in place?)
  warnings.warn(f'for {key}: copying from a non-meta parameter in the checkpoint to a meta '
/data/takhyun03/anaconda3/envs/lmms_llavavideo/lib/python3.11/site-packages/torch/nn/modules/module.py:2025: UserWarning: for vision_model.encoder.layers.16.self_attn.v_proj.bias: copying from a non-meta parameter in the checkpoint to a meta parameter in the current model, which is a no-op. (Did you mean to pass `assign=True` to assign items in the state dictionary to their corresponding key in the module instead of copying them in place?)
  warnings.warn(f'for {key}: copying from a non-meta parameter in the checkpoint to a meta '
/data/takhyun03/anaconda3/envs/lmms_llavavideo/lib/python3.11/site-packages/torch/nn/modules/module.py:2025: UserWarning: for vision_model.encoder.layers.16.self_attn.q_proj.weight: copying from a non-meta parameter in the checkpoint to a meta parameter in the current model, which is a no-op. (Did you mean to pass `assign=True` to assign items in the state dictionary to their corresponding key in the module instead of copying them in place?)
  warnings.warn(f'for {key}: copying from a non-meta parameter in the checkpoint to a meta '
/data/takhyun03/anaconda3/envs/lmms_llavavideo/lib/python3.11/site-packages/torch/nn/modules/module.py:2025: UserWarning: for vision_model.encoder.layers.16.self_attn.q_proj.bias: copying from a non-meta parameter in the checkpoint to a meta parameter in the current model, which is a no-op. (Did you mean to pass `assign=True` to assign items in the state dictionary to their corresponding key in the module instead of copying them in place?)
  warnings.warn(f'for {key}: copying from a non-meta parameter in the checkpoint to a meta '
/data/takhyun03/anaconda3/envs/lmms_llavavideo/lib/python3.11/site-packages/torch/nn/modules/module.py:2025: UserWarning: for vision_model.encoder.layers.16.self_attn.out_proj.weight: copying from a non-meta parameter in the checkpoint to a meta parameter in the current model, which is a no-op. (Did you mean to pass `assign=True` to assign items in the state dictionary to their corresponding key in the module instead of copying them in place?)
  warnings.warn(f'for {key}: copying from a non-meta parameter in the checkpoint to a meta '
/data/takhyun03/anaconda3/envs/lmms_llavavideo/lib/python3.11/site-packages/torch/nn/modules/module.py:2025: UserWarning: for vision_model.encoder.layers.16.self_attn.out_proj.bias: copying from a non-meta parameter in the checkpoint to a meta parameter in the current model, which is a no-op. (Did you mean to pass `assign=True` to assign items in the state dictionary to their corresponding key in the module instead of copying them in place?)
  warnings.warn(f'for {key}: copying from a non-meta parameter in the checkpoint to a meta '
/data/takhyun03/anaconda3/envs/lmms_llavavideo/lib/python3.11/site-packages/torch/nn/modules/module.py:2025: UserWarning: for vision_model.encoder.layers.16.layer_norm1.weight: copying from a non-meta parameter in the checkpoint to a meta parameter in the current model, which is a no-op. (Did you mean to pass `assign=True` to assign items in the state dictionary to their corresponding key in the module instead of copying them in place?)
  warnings.warn(f'for {key}: copying from a non-meta parameter in the checkpoint to a meta '
/data/takhyun03/anaconda3/envs/lmms_llavavideo/lib/python3.11/site-packages/torch/nn/modules/module.py:2025: UserWarning: for vision_model.encoder.layers.16.layer_norm1.bias: copying from a non-meta parameter in the checkpoint to a meta parameter in the current model, which is a no-op. (Did you mean to pass `assign=True` to assign items in the state dictionary to their corresponding key in the module instead of copying them in place?)
  warnings.warn(f'for {key}: copying from a non-meta parameter in the checkpoint to a meta '
/data/takhyun03/anaconda3/envs/lmms_llavavideo/lib/python3.11/site-packages/torch/nn/modules/module.py:2025: UserWarning: for vision_model.encoder.layers.16.mlp.fc1.weight: copying from a non-meta parameter in the checkpoint to a meta parameter in the current model, which is a no-op. (Did you mean to pass `assign=True` to assign items in the state dictionary to their corresponding key in the module instead of copying them in place?)
  warnings.warn(f'for {key}: copying from a non-meta parameter in the checkpoint to a meta '
/data/takhyun03/anaconda3/envs/lmms_llavavideo/lib/python3.11/site-packages/torch/nn/modules/module.py:2025: UserWarning: for vision_model.encoder.layers.16.mlp.fc1.bias: copying from a non-meta parameter in the checkpoint to a meta parameter in the current model, which is a no-op. (Did you mean to pass `assign=True` to assign items in the state dictionary to their corresponding key in the module instead of copying them in place?)
  warnings.warn(f'for {key}: copying from a non-meta parameter in the checkpoint to a meta '
/data/takhyun03/anaconda3/envs/lmms_llavavideo/lib/python3.11/site-packages/torch/nn/modules/module.py:2025: UserWarning: for vision_model.encoder.layers.16.mlp.fc2.weight: copying from a non-meta parameter in the checkpoint to a meta parameter in the current model, which is a no-op. (Did you mean to pass `assign=True` to assign items in the state dictionary to their corresponding key in the module instead of copying them in place?)
  warnings.warn(f'for {key}: copying from a non-meta parameter in the checkpoint to a meta '
/data/takhyun03/anaconda3/envs/lmms_llavavideo/lib/python3.11/site-packages/torch/nn/modules/module.py:2025: UserWarning: for vision_model.encoder.layers.16.mlp.fc2.bias: copying from a non-meta parameter in the checkpoint to a meta parameter in the current model, which is a no-op. (Did you mean to pass `assign=True` to assign items in the state dictionary to their corresponding key in the module instead of copying them in place?)
  warnings.warn(f'for {key}: copying from a non-meta parameter in the checkpoint to a meta '
/data/takhyun03/anaconda3/envs/lmms_llavavideo/lib/python3.11/site-packages/torch/nn/modules/module.py:2025: UserWarning: for vision_model.encoder.layers.16.layer_norm2.weight: copying from a non-meta parameter in the checkpoint to a meta parameter in the current model, which is a no-op. (Did you mean to pass `assign=True` to assign items in the state dictionary to their corresponding key in the module instead of copying them in place?)
  warnings.warn(f'for {key}: copying from a non-meta parameter in the checkpoint to a meta '
/data/takhyun03/anaconda3/envs/lmms_llavavideo/lib/python3.11/site-packages/torch/nn/modules/module.py:2025: UserWarning: for vision_model.encoder.layers.16.layer_norm2.bias: copying from a non-meta parameter in the checkpoint to a meta parameter in the current model, which is a no-op. (Did you mean to pass `assign=True` to assign items in the state dictionary to their corresponding key in the module instead of copying them in place?)
  warnings.warn(f'for {key}: copying from a non-meta parameter in the checkpoint to a meta '
/data/takhyun03/anaconda3/envs/lmms_llavavideo/lib/python3.11/site-packages/torch/nn/modules/module.py:2025: UserWarning: for vision_model.encoder.layers.17.self_attn.k_proj.weight: copying from a non-meta parameter in the checkpoint to a meta parameter in the current model, which is a no-op. (Did you mean to pass `assign=True` to assign items in the state dictionary to their corresponding key in the module instead of copying them in place?)
  warnings.warn(f'for {key}: copying from a non-meta parameter in the checkpoint to a meta '
/data/takhyun03/anaconda3/envs/lmms_llavavideo/lib/python3.11/site-packages/torch/nn/modules/module.py:2025: UserWarning: for vision_model.encoder.layers.17.self_attn.k_proj.bias: copying from a non-meta parameter in the checkpoint to a meta parameter in the current model, which is a no-op. (Did you mean to pass `assign=True` to assign items in the state dictionary to their corresponding key in the module instead of copying them in place?)
  warnings.warn(f'for {key}: copying from a non-meta parameter in the checkpoint to a meta '
/data/takhyun03/anaconda3/envs/lmms_llavavideo/lib/python3.11/site-packages/torch/nn/modules/module.py:2025: UserWarning: for vision_model.encoder.layers.17.self_attn.v_proj.weight: copying from a non-meta parameter in the checkpoint to a meta parameter in the current model, which is a no-op. (Did you mean to pass `assign=True` to assign items in the state dictionary to their corresponding key in the module instead of copying them in place?)
  warnings.warn(f'for {key}: copying from a non-meta parameter in the checkpoint to a meta '
/data/takhyun03/anaconda3/envs/lmms_llavavideo/lib/python3.11/site-packages/torch/nn/modules/module.py:2025: UserWarning: for vision_model.encoder.layers.17.self_attn.v_proj.bias: copying from a non-meta parameter in the checkpoint to a meta parameter in the current model, which is a no-op. (Did you mean to pass `assign=True` to assign items in the state dictionary to their corresponding key in the module instead of copying them in place?)
  warnings.warn(f'for {key}: copying from a non-meta parameter in the checkpoint to a meta '
/data/takhyun03/anaconda3/envs/lmms_llavavideo/lib/python3.11/site-packages/torch/nn/modules/module.py:2025: UserWarning: for vision_model.encoder.layers.17.self_attn.q_proj.weight: copying from a non-meta parameter in the checkpoint to a meta parameter in the current model, which is a no-op. (Did you mean to pass `assign=True` to assign items in the state dictionary to their corresponding key in the module instead of copying them in place?)
  warnings.warn(f'for {key}: copying from a non-meta parameter in the checkpoint to a meta '
/data/takhyun03/anaconda3/envs/lmms_llavavideo/lib/python3.11/site-packages/torch/nn/modules/module.py:2025: UserWarning: for vision_model.encoder.layers.17.self_attn.q_proj.bias: copying from a non-meta parameter in the checkpoint to a meta parameter in the current model, which is a no-op. (Did you mean to pass `assign=True` to assign items in the state dictionary to their corresponding key in the module instead of copying them in place?)
  warnings.warn(f'for {key}: copying from a non-meta parameter in the checkpoint to a meta '
/data/takhyun03/anaconda3/envs/lmms_llavavideo/lib/python3.11/site-packages/torch/nn/modules/module.py:2025: UserWarning: for vision_model.encoder.layers.17.self_attn.out_proj.weight: copying from a non-meta parameter in the checkpoint to a meta parameter in the current model, which is a no-op. (Did you mean to pass `assign=True` to assign items in the state dictionary to their corresponding key in the module instead of copying them in place?)
  warnings.warn(f'for {key}: copying from a non-meta parameter in the checkpoint to a meta '
/data/takhyun03/anaconda3/envs/lmms_llavavideo/lib/python3.11/site-packages/torch/nn/modules/module.py:2025: UserWarning: for vision_model.encoder.layers.17.self_attn.out_proj.bias: copying from a non-meta parameter in the checkpoint to a meta parameter in the current model, which is a no-op. (Did you mean to pass `assign=True` to assign items in the state dictionary to their corresponding key in the module instead of copying them in place?)
  warnings.warn(f'for {key}: copying from a non-meta parameter in the checkpoint to a meta '
/data/takhyun03/anaconda3/envs/lmms_llavavideo/lib/python3.11/site-packages/torch/nn/modules/module.py:2025: UserWarning: for vision_model.encoder.layers.17.layer_norm1.weight: copying from a non-meta parameter in the checkpoint to a meta parameter in the current model, which is a no-op. (Did you mean to pass `assign=True` to assign items in the state dictionary to their corresponding key in the module instead of copying them in place?)
  warnings.warn(f'for {key}: copying from a non-meta parameter in the checkpoint to a meta '
/data/takhyun03/anaconda3/envs/lmms_llavavideo/lib/python3.11/site-packages/torch/nn/modules/module.py:2025: UserWarning: for vision_model.encoder.layers.17.layer_norm1.bias: copying from a non-meta parameter in the checkpoint to a meta parameter in the current model, which is a no-op. (Did you mean to pass `assign=True` to assign items in the state dictionary to their corresponding key in the module instead of copying them in place?)
  warnings.warn(f'for {key}: copying from a non-meta parameter in the checkpoint to a meta '
/data/takhyun03/anaconda3/envs/lmms_llavavideo/lib/python3.11/site-packages/torch/nn/modules/module.py:2025: UserWarning: for vision_model.encoder.layers.17.mlp.fc1.weight: copying from a non-meta parameter in the checkpoint to a meta parameter in the current model, which is a no-op. (Did you mean to pass `assign=True` to assign items in the state dictionary to their corresponding key in the module instead of copying them in place?)
  warnings.warn(f'for {key}: copying from a non-meta parameter in the checkpoint to a meta '
/data/takhyun03/anaconda3/envs/lmms_llavavideo/lib/python3.11/site-packages/torch/nn/modules/module.py:2025: UserWarning: for vision_model.encoder.layers.17.mlp.fc1.bias: copying from a non-meta parameter in the checkpoint to a meta parameter in the current model, which is a no-op. (Did you mean to pass `assign=True` to assign items in the state dictionary to their corresponding key in the module instead of copying them in place?)
  warnings.warn(f'for {key}: copying from a non-meta parameter in the checkpoint to a meta '
/data/takhyun03/anaconda3/envs/lmms_llavavideo/lib/python3.11/site-packages/torch/nn/modules/module.py:2025: UserWarning: for vision_model.encoder.layers.17.mlp.fc2.weight: copying from a non-meta parameter in the checkpoint to a meta parameter in the current model, which is a no-op. (Did you mean to pass `assign=True` to assign items in the state dictionary to their corresponding key in the module instead of copying them in place?)
  warnings.warn(f'for {key}: copying from a non-meta parameter in the checkpoint to a meta '
/data/takhyun03/anaconda3/envs/lmms_llavavideo/lib/python3.11/site-packages/torch/nn/modules/module.py:2025: UserWarning: for vision_model.encoder.layers.17.mlp.fc2.bias: copying from a non-meta parameter in the checkpoint to a meta parameter in the current model, which is a no-op. (Did you mean to pass `assign=True` to assign items in the state dictionary to their corresponding key in the module instead of copying them in place?)
  warnings.warn(f'for {key}: copying from a non-meta parameter in the checkpoint to a meta '
/data/takhyun03/anaconda3/envs/lmms_llavavideo/lib/python3.11/site-packages/torch/nn/modules/module.py:2025: UserWarning: for vision_model.encoder.layers.17.layer_norm2.weight: copying from a non-meta parameter in the checkpoint to a meta parameter in the current model, which is a no-op. (Did you mean to pass `assign=True` to assign items in the state dictionary to their corresponding key in the module instead of copying them in place?)
  warnings.warn(f'for {key}: copying from a non-meta parameter in the checkpoint to a meta '
/data/takhyun03/anaconda3/envs/lmms_llavavideo/lib/python3.11/site-packages/torch/nn/modules/module.py:2025: UserWarning: for vision_model.encoder.layers.17.layer_norm2.bias: copying from a non-meta parameter in the checkpoint to a meta parameter in the current model, which is a no-op. (Did you mean to pass `assign=True` to assign items in the state dictionary to their corresponding key in the module instead of copying them in place?)
  warnings.warn(f'for {key}: copying from a non-meta parameter in the checkpoint to a meta '
/data/takhyun03/anaconda3/envs/lmms_llavavideo/lib/python3.11/site-packages/torch/nn/modules/module.py:2025: UserWarning: for vision_model.encoder.layers.18.self_attn.k_proj.weight: copying from a non-meta parameter in the checkpoint to a meta parameter in the current model, which is a no-op. (Did you mean to pass `assign=True` to assign items in the state dictionary to their corresponding key in the module instead of copying them in place?)
  warnings.warn(f'for {key}: copying from a non-meta parameter in the checkpoint to a meta '
/data/takhyun03/anaconda3/envs/lmms_llavavideo/lib/python3.11/site-packages/torch/nn/modules/module.py:2025: UserWarning: for vision_model.encoder.layers.18.self_attn.k_proj.bias: copying from a non-meta parameter in the checkpoint to a meta parameter in the current model, which is a no-op. (Did you mean to pass `assign=True` to assign items in the state dictionary to their corresponding key in the module instead of copying them in place?)
  warnings.warn(f'for {key}: copying from a non-meta parameter in the checkpoint to a meta '
/data/takhyun03/anaconda3/envs/lmms_llavavideo/lib/python3.11/site-packages/torch/nn/modules/module.py:2025: UserWarning: for vision_model.encoder.layers.18.self_attn.v_proj.weight: copying from a non-meta parameter in the checkpoint to a meta parameter in the current model, which is a no-op. (Did you mean to pass `assign=True` to assign items in the state dictionary to their corresponding key in the module instead of copying them in place?)
  warnings.warn(f'for {key}: copying from a non-meta parameter in the checkpoint to a meta '
/data/takhyun03/anaconda3/envs/lmms_llavavideo/lib/python3.11/site-packages/torch/nn/modules/module.py:2025: UserWarning: for vision_model.encoder.layers.18.self_attn.v_proj.bias: copying from a non-meta parameter in the checkpoint to a meta parameter in the current model, which is a no-op. (Did you mean to pass `assign=True` to assign items in the state dictionary to their corresponding key in the module instead of copying them in place?)
  warnings.warn(f'for {key}: copying from a non-meta parameter in the checkpoint to a meta '
/data/takhyun03/anaconda3/envs/lmms_llavavideo/lib/python3.11/site-packages/torch/nn/modules/module.py:2025: UserWarning: for vision_model.encoder.layers.18.self_attn.q_proj.weight: copying from a non-meta parameter in the checkpoint to a meta parameter in the current model, which is a no-op. (Did you mean to pass `assign=True` to assign items in the state dictionary to their corresponding key in the module instead of copying them in place?)
  warnings.warn(f'for {key}: copying from a non-meta parameter in the checkpoint to a meta '
/data/takhyun03/anaconda3/envs/lmms_llavavideo/lib/python3.11/site-packages/torch/nn/modules/module.py:2025: UserWarning: for vision_model.encoder.layers.18.self_attn.q_proj.bias: copying from a non-meta parameter in the checkpoint to a meta parameter in the current model, which is a no-op. (Did you mean to pass `assign=True` to assign items in the state dictionary to their corresponding key in the module instead of copying them in place?)
  warnings.warn(f'for {key}: copying from a non-meta parameter in the checkpoint to a meta '
/data/takhyun03/anaconda3/envs/lmms_llavavideo/lib/python3.11/site-packages/torch/nn/modules/module.py:2025: UserWarning: for vision_model.encoder.layers.18.self_attn.out_proj.weight: copying from a non-meta parameter in the checkpoint to a meta parameter in the current model, which is a no-op. (Did you mean to pass `assign=True` to assign items in the state dictionary to their corresponding key in the module instead of copying them in place?)
  warnings.warn(f'for {key}: copying from a non-meta parameter in the checkpoint to a meta '
/data/takhyun03/anaconda3/envs/lmms_llavavideo/lib/python3.11/site-packages/torch/nn/modules/module.py:2025: UserWarning: for vision_model.encoder.layers.18.self_attn.out_proj.bias: copying from a non-meta parameter in the checkpoint to a meta parameter in the current model, which is a no-op. (Did you mean to pass `assign=True` to assign items in the state dictionary to their corresponding key in the module instead of copying them in place?)
  warnings.warn(f'for {key}: copying from a non-meta parameter in the checkpoint to a meta '
/data/takhyun03/anaconda3/envs/lmms_llavavideo/lib/python3.11/site-packages/torch/nn/modules/module.py:2025: UserWarning: for vision_model.encoder.layers.18.layer_norm1.weight: copying from a non-meta parameter in the checkpoint to a meta parameter in the current model, which is a no-op. (Did you mean to pass `assign=True` to assign items in the state dictionary to their corresponding key in the module instead of copying them in place?)
  warnings.warn(f'for {key}: copying from a non-meta parameter in the checkpoint to a meta '
/data/takhyun03/anaconda3/envs/lmms_llavavideo/lib/python3.11/site-packages/torch/nn/modules/module.py:2025: UserWarning: for vision_model.encoder.layers.18.layer_norm1.bias: copying from a non-meta parameter in the checkpoint to a meta parameter in the current model, which is a no-op. (Did you mean to pass `assign=True` to assign items in the state dictionary to their corresponding key in the module instead of copying them in place?)
  warnings.warn(f'for {key}: copying from a non-meta parameter in the checkpoint to a meta '
/data/takhyun03/anaconda3/envs/lmms_llavavideo/lib/python3.11/site-packages/torch/nn/modules/module.py:2025: UserWarning: for vision_model.encoder.layers.18.mlp.fc1.weight: copying from a non-meta parameter in the checkpoint to a meta parameter in the current model, which is a no-op. (Did you mean to pass `assign=True` to assign items in the state dictionary to their corresponding key in the module instead of copying them in place?)
  warnings.warn(f'for {key}: copying from a non-meta parameter in the checkpoint to a meta '
/data/takhyun03/anaconda3/envs/lmms_llavavideo/lib/python3.11/site-packages/torch/nn/modules/module.py:2025: UserWarning: for vision_model.encoder.layers.18.mlp.fc1.bias: copying from a non-meta parameter in the checkpoint to a meta parameter in the current model, which is a no-op. (Did you mean to pass `assign=True` to assign items in the state dictionary to their corresponding key in the module instead of copying them in place?)
  warnings.warn(f'for {key}: copying from a non-meta parameter in the checkpoint to a meta '
/data/takhyun03/anaconda3/envs/lmms_llavavideo/lib/python3.11/site-packages/torch/nn/modules/module.py:2025: UserWarning: for vision_model.encoder.layers.18.mlp.fc2.weight: copying from a non-meta parameter in the checkpoint to a meta parameter in the current model, which is a no-op. (Did you mean to pass `assign=True` to assign items in the state dictionary to their corresponding key in the module instead of copying them in place?)
  warnings.warn(f'for {key}: copying from a non-meta parameter in the checkpoint to a meta '
/data/takhyun03/anaconda3/envs/lmms_llavavideo/lib/python3.11/site-packages/torch/nn/modules/module.py:2025: UserWarning: for vision_model.encoder.layers.18.mlp.fc2.bias: copying from a non-meta parameter in the checkpoint to a meta parameter in the current model, which is a no-op. (Did you mean to pass `assign=True` to assign items in the state dictionary to their corresponding key in the module instead of copying them in place?)
  warnings.warn(f'for {key}: copying from a non-meta parameter in the checkpoint to a meta '
/data/takhyun03/anaconda3/envs/lmms_llavavideo/lib/python3.11/site-packages/torch/nn/modules/module.py:2025: UserWarning: for vision_model.encoder.layers.18.layer_norm2.weight: copying from a non-meta parameter in the checkpoint to a meta parameter in the current model, which is a no-op. (Did you mean to pass `assign=True` to assign items in the state dictionary to their corresponding key in the module instead of copying them in place?)
  warnings.warn(f'for {key}: copying from a non-meta parameter in the checkpoint to a meta '
/data/takhyun03/anaconda3/envs/lmms_llavavideo/lib/python3.11/site-packages/torch/nn/modules/module.py:2025: UserWarning: for vision_model.encoder.layers.18.layer_norm2.bias: copying from a non-meta parameter in the checkpoint to a meta parameter in the current model, which is a no-op. (Did you mean to pass `assign=True` to assign items in the state dictionary to their corresponding key in the module instead of copying them in place?)
  warnings.warn(f'for {key}: copying from a non-meta parameter in the checkpoint to a meta '
/data/takhyun03/anaconda3/envs/lmms_llavavideo/lib/python3.11/site-packages/torch/nn/modules/module.py:2025: UserWarning: for vision_model.encoder.layers.19.self_attn.k_proj.weight: copying from a non-meta parameter in the checkpoint to a meta parameter in the current model, which is a no-op. (Did you mean to pass `assign=True` to assign items in the state dictionary to their corresponding key in the module instead of copying them in place?)
  warnings.warn(f'for {key}: copying from a non-meta parameter in the checkpoint to a meta '
/data/takhyun03/anaconda3/envs/lmms_llavavideo/lib/python3.11/site-packages/torch/nn/modules/module.py:2025: UserWarning: for vision_model.encoder.layers.19.self_attn.k_proj.bias: copying from a non-meta parameter in the checkpoint to a meta parameter in the current model, which is a no-op. (Did you mean to pass `assign=True` to assign items in the state dictionary to their corresponding key in the module instead of copying them in place?)
  warnings.warn(f'for {key}: copying from a non-meta parameter in the checkpoint to a meta '
/data/takhyun03/anaconda3/envs/lmms_llavavideo/lib/python3.11/site-packages/torch/nn/modules/module.py:2025: UserWarning: for vision_model.encoder.layers.19.self_attn.v_proj.weight: copying from a non-meta parameter in the checkpoint to a meta parameter in the current model, which is a no-op. (Did you mean to pass `assign=True` to assign items in the state dictionary to their corresponding key in the module instead of copying them in place?)
  warnings.warn(f'for {key}: copying from a non-meta parameter in the checkpoint to a meta '
/data/takhyun03/anaconda3/envs/lmms_llavavideo/lib/python3.11/site-packages/torch/nn/modules/module.py:2025: UserWarning: for vision_model.encoder.layers.19.self_attn.v_proj.bias: copying from a non-meta parameter in the checkpoint to a meta parameter in the current model, which is a no-op. (Did you mean to pass `assign=True` to assign items in the state dictionary to their corresponding key in the module instead of copying them in place?)
  warnings.warn(f'for {key}: copying from a non-meta parameter in the checkpoint to a meta '
/data/takhyun03/anaconda3/envs/lmms_llavavideo/lib/python3.11/site-packages/torch/nn/modules/module.py:2025: UserWarning: for vision_model.encoder.layers.19.self_attn.q_proj.weight: copying from a non-meta parameter in the checkpoint to a meta parameter in the current model, which is a no-op. (Did you mean to pass `assign=True` to assign items in the state dictionary to their corresponding key in the module instead of copying them in place?)
  warnings.warn(f'for {key}: copying from a non-meta parameter in the checkpoint to a meta '
/data/takhyun03/anaconda3/envs/lmms_llavavideo/lib/python3.11/site-packages/torch/nn/modules/module.py:2025: UserWarning: for vision_model.encoder.layers.19.self_attn.q_proj.bias: copying from a non-meta parameter in the checkpoint to a meta parameter in the current model, which is a no-op. (Did you mean to pass `assign=True` to assign items in the state dictionary to their corresponding key in the module instead of copying them in place?)
  warnings.warn(f'for {key}: copying from a non-meta parameter in the checkpoint to a meta '
/data/takhyun03/anaconda3/envs/lmms_llavavideo/lib/python3.11/site-packages/torch/nn/modules/module.py:2025: UserWarning: for vision_model.encoder.layers.19.self_attn.out_proj.weight: copying from a non-meta parameter in the checkpoint to a meta parameter in the current model, which is a no-op. (Did you mean to pass `assign=True` to assign items in the state dictionary to their corresponding key in the module instead of copying them in place?)
  warnings.warn(f'for {key}: copying from a non-meta parameter in the checkpoint to a meta '
/data/takhyun03/anaconda3/envs/lmms_llavavideo/lib/python3.11/site-packages/torch/nn/modules/module.py:2025: UserWarning: for vision_model.encoder.layers.19.self_attn.out_proj.bias: copying from a non-meta parameter in the checkpoint to a meta parameter in the current model, which is a no-op. (Did you mean to pass `assign=True` to assign items in the state dictionary to their corresponding key in the module instead of copying them in place?)
  warnings.warn(f'for {key}: copying from a non-meta parameter in the checkpoint to a meta '
/data/takhyun03/anaconda3/envs/lmms_llavavideo/lib/python3.11/site-packages/torch/nn/modules/module.py:2025: UserWarning: for vision_model.encoder.layers.19.layer_norm1.weight: copying from a non-meta parameter in the checkpoint to a meta parameter in the current model, which is a no-op. (Did you mean to pass `assign=True` to assign items in the state dictionary to their corresponding key in the module instead of copying them in place?)
  warnings.warn(f'for {key}: copying from a non-meta parameter in the checkpoint to a meta '
/data/takhyun03/anaconda3/envs/lmms_llavavideo/lib/python3.11/site-packages/torch/nn/modules/module.py:2025: UserWarning: for vision_model.encoder.layers.19.layer_norm1.bias: copying from a non-meta parameter in the checkpoint to a meta parameter in the current model, which is a no-op. (Did you mean to pass `assign=True` to assign items in the state dictionary to their corresponding key in the module instead of copying them in place?)
  warnings.warn(f'for {key}: copying from a non-meta parameter in the checkpoint to a meta '
/data/takhyun03/anaconda3/envs/lmms_llavavideo/lib/python3.11/site-packages/torch/nn/modules/module.py:2025: UserWarning: for vision_model.encoder.layers.19.mlp.fc1.weight: copying from a non-meta parameter in the checkpoint to a meta parameter in the current model, which is a no-op. (Did you mean to pass `assign=True` to assign items in the state dictionary to their corresponding key in the module instead of copying them in place?)
  warnings.warn(f'for {key}: copying from a non-meta parameter in the checkpoint to a meta '
/data/takhyun03/anaconda3/envs/lmms_llavavideo/lib/python3.11/site-packages/torch/nn/modules/module.py:2025: UserWarning: for vision_model.encoder.layers.19.mlp.fc1.bias: copying from a non-meta parameter in the checkpoint to a meta parameter in the current model, which is a no-op. (Did you mean to pass `assign=True` to assign items in the state dictionary to their corresponding key in the module instead of copying them in place?)
  warnings.warn(f'for {key}: copying from a non-meta parameter in the checkpoint to a meta '
/data/takhyun03/anaconda3/envs/lmms_llavavideo/lib/python3.11/site-packages/torch/nn/modules/module.py:2025: UserWarning: for vision_model.encoder.layers.19.mlp.fc2.weight: copying from a non-meta parameter in the checkpoint to a meta parameter in the current model, which is a no-op. (Did you mean to pass `assign=True` to assign items in the state dictionary to their corresponding key in the module instead of copying them in place?)
  warnings.warn(f'for {key}: copying from a non-meta parameter in the checkpoint to a meta '
/data/takhyun03/anaconda3/envs/lmms_llavavideo/lib/python3.11/site-packages/torch/nn/modules/module.py:2025: UserWarning: for vision_model.encoder.layers.19.mlp.fc2.bias: copying from a non-meta parameter in the checkpoint to a meta parameter in the current model, which is a no-op. (Did you mean to pass `assign=True` to assign items in the state dictionary to their corresponding key in the module instead of copying them in place?)
  warnings.warn(f'for {key}: copying from a non-meta parameter in the checkpoint to a meta '
/data/takhyun03/anaconda3/envs/lmms_llavavideo/lib/python3.11/site-packages/torch/nn/modules/module.py:2025: UserWarning: for vision_model.encoder.layers.19.layer_norm2.weight: copying from a non-meta parameter in the checkpoint to a meta parameter in the current model, which is a no-op. (Did you mean to pass `assign=True` to assign items in the state dictionary to their corresponding key in the module instead of copying them in place?)
  warnings.warn(f'for {key}: copying from a non-meta parameter in the checkpoint to a meta '
/data/takhyun03/anaconda3/envs/lmms_llavavideo/lib/python3.11/site-packages/torch/nn/modules/module.py:2025: UserWarning: for vision_model.encoder.layers.19.layer_norm2.bias: copying from a non-meta parameter in the checkpoint to a meta parameter in the current model, which is a no-op. (Did you mean to pass `assign=True` to assign items in the state dictionary to their corresponding key in the module instead of copying them in place?)
  warnings.warn(f'for {key}: copying from a non-meta parameter in the checkpoint to a meta '
/data/takhyun03/anaconda3/envs/lmms_llavavideo/lib/python3.11/site-packages/torch/nn/modules/module.py:2025: UserWarning: for vision_model.encoder.layers.20.self_attn.k_proj.weight: copying from a non-meta parameter in the checkpoint to a meta parameter in the current model, which is a no-op. (Did you mean to pass `assign=True` to assign items in the state dictionary to their corresponding key in the module instead of copying them in place?)
  warnings.warn(f'for {key}: copying from a non-meta parameter in the checkpoint to a meta '
/data/takhyun03/anaconda3/envs/lmms_llavavideo/lib/python3.11/site-packages/torch/nn/modules/module.py:2025: UserWarning: for vision_model.encoder.layers.20.self_attn.k_proj.bias: copying from a non-meta parameter in the checkpoint to a meta parameter in the current model, which is a no-op. (Did you mean to pass `assign=True` to assign items in the state dictionary to their corresponding key in the module instead of copying them in place?)
  warnings.warn(f'for {key}: copying from a non-meta parameter in the checkpoint to a meta '
/data/takhyun03/anaconda3/envs/lmms_llavavideo/lib/python3.11/site-packages/torch/nn/modules/module.py:2025: UserWarning: for vision_model.encoder.layers.20.self_attn.v_proj.weight: copying from a non-meta parameter in the checkpoint to a meta parameter in the current model, which is a no-op. (Did you mean to pass `assign=True` to assign items in the state dictionary to their corresponding key in the module instead of copying them in place?)
  warnings.warn(f'for {key}: copying from a non-meta parameter in the checkpoint to a meta '
/data/takhyun03/anaconda3/envs/lmms_llavavideo/lib/python3.11/site-packages/torch/nn/modules/module.py:2025: UserWarning: for vision_model.encoder.layers.20.self_attn.v_proj.bias: copying from a non-meta parameter in the checkpoint to a meta parameter in the current model, which is a no-op. (Did you mean to pass `assign=True` to assign items in the state dictionary to their corresponding key in the module instead of copying them in place?)
  warnings.warn(f'for {key}: copying from a non-meta parameter in the checkpoint to a meta '
/data/takhyun03/anaconda3/envs/lmms_llavavideo/lib/python3.11/site-packages/torch/nn/modules/module.py:2025: UserWarning: for vision_model.encoder.layers.20.self_attn.q_proj.weight: copying from a non-meta parameter in the checkpoint to a meta parameter in the current model, which is a no-op. (Did you mean to pass `assign=True` to assign items in the state dictionary to their corresponding key in the module instead of copying them in place?)
  warnings.warn(f'for {key}: copying from a non-meta parameter in the checkpoint to a meta '
/data/takhyun03/anaconda3/envs/lmms_llavavideo/lib/python3.11/site-packages/torch/nn/modules/module.py:2025: UserWarning: for vision_model.encoder.layers.20.self_attn.q_proj.bias: copying from a non-meta parameter in the checkpoint to a meta parameter in the current model, which is a no-op. (Did you mean to pass `assign=True` to assign items in the state dictionary to their corresponding key in the module instead of copying them in place?)
  warnings.warn(f'for {key}: copying from a non-meta parameter in the checkpoint to a meta '
/data/takhyun03/anaconda3/envs/lmms_llavavideo/lib/python3.11/site-packages/torch/nn/modules/module.py:2025: UserWarning: for vision_model.encoder.layers.20.self_attn.out_proj.weight: copying from a non-meta parameter in the checkpoint to a meta parameter in the current model, which is a no-op. (Did you mean to pass `assign=True` to assign items in the state dictionary to their corresponding key in the module instead of copying them in place?)
  warnings.warn(f'for {key}: copying from a non-meta parameter in the checkpoint to a meta '
/data/takhyun03/anaconda3/envs/lmms_llavavideo/lib/python3.11/site-packages/torch/nn/modules/module.py:2025: UserWarning: for vision_model.encoder.layers.20.self_attn.out_proj.bias: copying from a non-meta parameter in the checkpoint to a meta parameter in the current model, which is a no-op. (Did you mean to pass `assign=True` to assign items in the state dictionary to their corresponding key in the module instead of copying them in place?)
  warnings.warn(f'for {key}: copying from a non-meta parameter in the checkpoint to a meta '
/data/takhyun03/anaconda3/envs/lmms_llavavideo/lib/python3.11/site-packages/torch/nn/modules/module.py:2025: UserWarning: for vision_model.encoder.layers.20.layer_norm1.weight: copying from a non-meta parameter in the checkpoint to a meta parameter in the current model, which is a no-op. (Did you mean to pass `assign=True` to assign items in the state dictionary to their corresponding key in the module instead of copying them in place?)
  warnings.warn(f'for {key}: copying from a non-meta parameter in the checkpoint to a meta '
/data/takhyun03/anaconda3/envs/lmms_llavavideo/lib/python3.11/site-packages/torch/nn/modules/module.py:2025: UserWarning: for vision_model.encoder.layers.20.layer_norm1.bias: copying from a non-meta parameter in the checkpoint to a meta parameter in the current model, which is a no-op. (Did you mean to pass `assign=True` to assign items in the state dictionary to their corresponding key in the module instead of copying them in place?)
  warnings.warn(f'for {key}: copying from a non-meta parameter in the checkpoint to a meta '
/data/takhyun03/anaconda3/envs/lmms_llavavideo/lib/python3.11/site-packages/torch/nn/modules/module.py:2025: UserWarning: for vision_model.encoder.layers.20.mlp.fc1.weight: copying from a non-meta parameter in the checkpoint to a meta parameter in the current model, which is a no-op. (Did you mean to pass `assign=True` to assign items in the state dictionary to their corresponding key in the module instead of copying them in place?)
  warnings.warn(f'for {key}: copying from a non-meta parameter in the checkpoint to a meta '
/data/takhyun03/anaconda3/envs/lmms_llavavideo/lib/python3.11/site-packages/torch/nn/modules/module.py:2025: UserWarning: for vision_model.encoder.layers.20.mlp.fc1.bias: copying from a non-meta parameter in the checkpoint to a meta parameter in the current model, which is a no-op. (Did you mean to pass `assign=True` to assign items in the state dictionary to their corresponding key in the module instead of copying them in place?)
  warnings.warn(f'for {key}: copying from a non-meta parameter in the checkpoint to a meta '
/data/takhyun03/anaconda3/envs/lmms_llavavideo/lib/python3.11/site-packages/torch/nn/modules/module.py:2025: UserWarning: for vision_model.encoder.layers.20.mlp.fc2.weight: copying from a non-meta parameter in the checkpoint to a meta parameter in the current model, which is a no-op. (Did you mean to pass `assign=True` to assign items in the state dictionary to their corresponding key in the module instead of copying them in place?)
  warnings.warn(f'for {key}: copying from a non-meta parameter in the checkpoint to a meta '
/data/takhyun03/anaconda3/envs/lmms_llavavideo/lib/python3.11/site-packages/torch/nn/modules/module.py:2025: UserWarning: for vision_model.encoder.layers.20.mlp.fc2.bias: copying from a non-meta parameter in the checkpoint to a meta parameter in the current model, which is a no-op. (Did you mean to pass `assign=True` to assign items in the state dictionary to their corresponding key in the module instead of copying them in place?)
  warnings.warn(f'for {key}: copying from a non-meta parameter in the checkpoint to a meta '
/data/takhyun03/anaconda3/envs/lmms_llavavideo/lib/python3.11/site-packages/torch/nn/modules/module.py:2025: UserWarning: for vision_model.encoder.layers.20.layer_norm2.weight: copying from a non-meta parameter in the checkpoint to a meta parameter in the current model, which is a no-op. (Did you mean to pass `assign=True` to assign items in the state dictionary to their corresponding key in the module instead of copying them in place?)
  warnings.warn(f'for {key}: copying from a non-meta parameter in the checkpoint to a meta '
/data/takhyun03/anaconda3/envs/lmms_llavavideo/lib/python3.11/site-packages/torch/nn/modules/module.py:2025: UserWarning: for vision_model.encoder.layers.20.layer_norm2.bias: copying from a non-meta parameter in the checkpoint to a meta parameter in the current model, which is a no-op. (Did you mean to pass `assign=True` to assign items in the state dictionary to their corresponding key in the module instead of copying them in place?)
  warnings.warn(f'for {key}: copying from a non-meta parameter in the checkpoint to a meta '
/data/takhyun03/anaconda3/envs/lmms_llavavideo/lib/python3.11/site-packages/torch/nn/modules/module.py:2025: UserWarning: for vision_model.encoder.layers.21.self_attn.k_proj.weight: copying from a non-meta parameter in the checkpoint to a meta parameter in the current model, which is a no-op. (Did you mean to pass `assign=True` to assign items in the state dictionary to their corresponding key in the module instead of copying them in place?)
  warnings.warn(f'for {key}: copying from a non-meta parameter in the checkpoint to a meta '
/data/takhyun03/anaconda3/envs/lmms_llavavideo/lib/python3.11/site-packages/torch/nn/modules/module.py:2025: UserWarning: for vision_model.encoder.layers.21.self_attn.k_proj.bias: copying from a non-meta parameter in the checkpoint to a meta parameter in the current model, which is a no-op. (Did you mean to pass `assign=True` to assign items in the state dictionary to their corresponding key in the module instead of copying them in place?)
  warnings.warn(f'for {key}: copying from a non-meta parameter in the checkpoint to a meta '
/data/takhyun03/anaconda3/envs/lmms_llavavideo/lib/python3.11/site-packages/torch/nn/modules/module.py:2025: UserWarning: for vision_model.encoder.layers.21.self_attn.v_proj.weight: copying from a non-meta parameter in the checkpoint to a meta parameter in the current model, which is a no-op. (Did you mean to pass `assign=True` to assign items in the state dictionary to their corresponding key in the module instead of copying them in place?)
  warnings.warn(f'for {key}: copying from a non-meta parameter in the checkpoint to a meta '
/data/takhyun03/anaconda3/envs/lmms_llavavideo/lib/python3.11/site-packages/torch/nn/modules/module.py:2025: UserWarning: for vision_model.encoder.layers.21.self_attn.v_proj.bias: copying from a non-meta parameter in the checkpoint to a meta parameter in the current model, which is a no-op. (Did you mean to pass `assign=True` to assign items in the state dictionary to their corresponding key in the module instead of copying them in place?)
  warnings.warn(f'for {key}: copying from a non-meta parameter in the checkpoint to a meta '
/data/takhyun03/anaconda3/envs/lmms_llavavideo/lib/python3.11/site-packages/torch/nn/modules/module.py:2025: UserWarning: for vision_model.encoder.layers.21.self_attn.q_proj.weight: copying from a non-meta parameter in the checkpoint to a meta parameter in the current model, which is a no-op. (Did you mean to pass `assign=True` to assign items in the state dictionary to their corresponding key in the module instead of copying them in place?)
  warnings.warn(f'for {key}: copying from a non-meta parameter in the checkpoint to a meta '
/data/takhyun03/anaconda3/envs/lmms_llavavideo/lib/python3.11/site-packages/torch/nn/modules/module.py:2025: UserWarning: for vision_model.encoder.layers.21.self_attn.q_proj.bias: copying from a non-meta parameter in the checkpoint to a meta parameter in the current model, which is a no-op. (Did you mean to pass `assign=True` to assign items in the state dictionary to their corresponding key in the module instead of copying them in place?)
  warnings.warn(f'for {key}: copying from a non-meta parameter in the checkpoint to a meta '
/data/takhyun03/anaconda3/envs/lmms_llavavideo/lib/python3.11/site-packages/torch/nn/modules/module.py:2025: UserWarning: for vision_model.encoder.layers.21.self_attn.out_proj.weight: copying from a non-meta parameter in the checkpoint to a meta parameter in the current model, which is a no-op. (Did you mean to pass `assign=True` to assign items in the state dictionary to their corresponding key in the module instead of copying them in place?)
  warnings.warn(f'for {key}: copying from a non-meta parameter in the checkpoint to a meta '
/data/takhyun03/anaconda3/envs/lmms_llavavideo/lib/python3.11/site-packages/torch/nn/modules/module.py:2025: UserWarning: for vision_model.encoder.layers.21.self_attn.out_proj.bias: copying from a non-meta parameter in the checkpoint to a meta parameter in the current model, which is a no-op. (Did you mean to pass `assign=True` to assign items in the state dictionary to their corresponding key in the module instead of copying them in place?)
  warnings.warn(f'for {key}: copying from a non-meta parameter in the checkpoint to a meta '
/data/takhyun03/anaconda3/envs/lmms_llavavideo/lib/python3.11/site-packages/torch/nn/modules/module.py:2025: UserWarning: for vision_model.encoder.layers.21.layer_norm1.weight: copying from a non-meta parameter in the checkpoint to a meta parameter in the current model, which is a no-op. (Did you mean to pass `assign=True` to assign items in the state dictionary to their corresponding key in the module instead of copying them in place?)
  warnings.warn(f'for {key}: copying from a non-meta parameter in the checkpoint to a meta '
/data/takhyun03/anaconda3/envs/lmms_llavavideo/lib/python3.11/site-packages/torch/nn/modules/module.py:2025: UserWarning: for vision_model.encoder.layers.21.layer_norm1.bias: copying from a non-meta parameter in the checkpoint to a meta parameter in the current model, which is a no-op. (Did you mean to pass `assign=True` to assign items in the state dictionary to their corresponding key in the module instead of copying them in place?)
  warnings.warn(f'for {key}: copying from a non-meta parameter in the checkpoint to a meta '
/data/takhyun03/anaconda3/envs/lmms_llavavideo/lib/python3.11/site-packages/torch/nn/modules/module.py:2025: UserWarning: for vision_model.encoder.layers.21.mlp.fc1.weight: copying from a non-meta parameter in the checkpoint to a meta parameter in the current model, which is a no-op. (Did you mean to pass `assign=True` to assign items in the state dictionary to their corresponding key in the module instead of copying them in place?)
  warnings.warn(f'for {key}: copying from a non-meta parameter in the checkpoint to a meta '
/data/takhyun03/anaconda3/envs/lmms_llavavideo/lib/python3.11/site-packages/torch/nn/modules/module.py:2025: UserWarning: for vision_model.encoder.layers.21.mlp.fc1.bias: copying from a non-meta parameter in the checkpoint to a meta parameter in the current model, which is a no-op. (Did you mean to pass `assign=True` to assign items in the state dictionary to their corresponding key in the module instead of copying them in place?)
  warnings.warn(f'for {key}: copying from a non-meta parameter in the checkpoint to a meta '
/data/takhyun03/anaconda3/envs/lmms_llavavideo/lib/python3.11/site-packages/torch/nn/modules/module.py:2025: UserWarning: for vision_model.encoder.layers.21.mlp.fc2.weight: copying from a non-meta parameter in the checkpoint to a meta parameter in the current model, which is a no-op. (Did you mean to pass `assign=True` to assign items in the state dictionary to their corresponding key in the module instead of copying them in place?)
  warnings.warn(f'for {key}: copying from a non-meta parameter in the checkpoint to a meta '
/data/takhyun03/anaconda3/envs/lmms_llavavideo/lib/python3.11/site-packages/torch/nn/modules/module.py:2025: UserWarning: for vision_model.encoder.layers.21.mlp.fc2.bias: copying from a non-meta parameter in the checkpoint to a meta parameter in the current model, which is a no-op. (Did you mean to pass `assign=True` to assign items in the state dictionary to their corresponding key in the module instead of copying them in place?)
  warnings.warn(f'for {key}: copying from a non-meta parameter in the checkpoint to a meta '
/data/takhyun03/anaconda3/envs/lmms_llavavideo/lib/python3.11/site-packages/torch/nn/modules/module.py:2025: UserWarning: for vision_model.encoder.layers.21.layer_norm2.weight: copying from a non-meta parameter in the checkpoint to a meta parameter in the current model, which is a no-op. (Did you mean to pass `assign=True` to assign items in the state dictionary to their corresponding key in the module instead of copying them in place?)
  warnings.warn(f'for {key}: copying from a non-meta parameter in the checkpoint to a meta '
/data/takhyun03/anaconda3/envs/lmms_llavavideo/lib/python3.11/site-packages/torch/nn/modules/module.py:2025: UserWarning: for vision_model.encoder.layers.21.layer_norm2.bias: copying from a non-meta parameter in the checkpoint to a meta parameter in the current model, which is a no-op. (Did you mean to pass `assign=True` to assign items in the state dictionary to their corresponding key in the module instead of copying them in place?)
  warnings.warn(f'for {key}: copying from a non-meta parameter in the checkpoint to a meta '
/data/takhyun03/anaconda3/envs/lmms_llavavideo/lib/python3.11/site-packages/torch/nn/modules/module.py:2025: UserWarning: for vision_model.encoder.layers.22.self_attn.k_proj.weight: copying from a non-meta parameter in the checkpoint to a meta parameter in the current model, which is a no-op. (Did you mean to pass `assign=True` to assign items in the state dictionary to their corresponding key in the module instead of copying them in place?)
  warnings.warn(f'for {key}: copying from a non-meta parameter in the checkpoint to a meta '
/data/takhyun03/anaconda3/envs/lmms_llavavideo/lib/python3.11/site-packages/torch/nn/modules/module.py:2025: UserWarning: for vision_model.encoder.layers.22.self_attn.k_proj.bias: copying from a non-meta parameter in the checkpoint to a meta parameter in the current model, which is a no-op. (Did you mean to pass `assign=True` to assign items in the state dictionary to their corresponding key in the module instead of copying them in place?)
  warnings.warn(f'for {key}: copying from a non-meta parameter in the checkpoint to a meta '
/data/takhyun03/anaconda3/envs/lmms_llavavideo/lib/python3.11/site-packages/torch/nn/modules/module.py:2025: UserWarning: for vision_model.encoder.layers.22.self_attn.v_proj.weight: copying from a non-meta parameter in the checkpoint to a meta parameter in the current model, which is a no-op. (Did you mean to pass `assign=True` to assign items in the state dictionary to their corresponding key in the module instead of copying them in place?)
  warnings.warn(f'for {key}: copying from a non-meta parameter in the checkpoint to a meta '
/data/takhyun03/anaconda3/envs/lmms_llavavideo/lib/python3.11/site-packages/torch/nn/modules/module.py:2025: UserWarning: for vision_model.encoder.layers.22.self_attn.v_proj.bias: copying from a non-meta parameter in the checkpoint to a meta parameter in the current model, which is a no-op. (Did you mean to pass `assign=True` to assign items in the state dictionary to their corresponding key in the module instead of copying them in place?)
  warnings.warn(f'for {key}: copying from a non-meta parameter in the checkpoint to a meta '
/data/takhyun03/anaconda3/envs/lmms_llavavideo/lib/python3.11/site-packages/torch/nn/modules/module.py:2025: UserWarning: for vision_model.encoder.layers.22.self_attn.q_proj.weight: copying from a non-meta parameter in the checkpoint to a meta parameter in the current model, which is a no-op. (Did you mean to pass `assign=True` to assign items in the state dictionary to their corresponding key in the module instead of copying them in place?)
  warnings.warn(f'for {key}: copying from a non-meta parameter in the checkpoint to a meta '
/data/takhyun03/anaconda3/envs/lmms_llavavideo/lib/python3.11/site-packages/torch/nn/modules/module.py:2025: UserWarning: for vision_model.encoder.layers.22.self_attn.q_proj.bias: copying from a non-meta parameter in the checkpoint to a meta parameter in the current model, which is a no-op. (Did you mean to pass `assign=True` to assign items in the state dictionary to their corresponding key in the module instead of copying them in place?)
  warnings.warn(f'for {key}: copying from a non-meta parameter in the checkpoint to a meta '
/data/takhyun03/anaconda3/envs/lmms_llavavideo/lib/python3.11/site-packages/torch/nn/modules/module.py:2025: UserWarning: for vision_model.encoder.layers.22.self_attn.out_proj.weight: copying from a non-meta parameter in the checkpoint to a meta parameter in the current model, which is a no-op. (Did you mean to pass `assign=True` to assign items in the state dictionary to their corresponding key in the module instead of copying them in place?)
  warnings.warn(f'for {key}: copying from a non-meta parameter in the checkpoint to a meta '
/data/takhyun03/anaconda3/envs/lmms_llavavideo/lib/python3.11/site-packages/torch/nn/modules/module.py:2025: UserWarning: for vision_model.encoder.layers.22.self_attn.out_proj.bias: copying from a non-meta parameter in the checkpoint to a meta parameter in the current model, which is a no-op. (Did you mean to pass `assign=True` to assign items in the state dictionary to their corresponding key in the module instead of copying them in place?)
  warnings.warn(f'for {key}: copying from a non-meta parameter in the checkpoint to a meta '
/data/takhyun03/anaconda3/envs/lmms_llavavideo/lib/python3.11/site-packages/torch/nn/modules/module.py:2025: UserWarning: for vision_model.encoder.layers.22.layer_norm1.weight: copying from a non-meta parameter in the checkpoint to a meta parameter in the current model, which is a no-op. (Did you mean to pass `assign=True` to assign items in the state dictionary to their corresponding key in the module instead of copying them in place?)
  warnings.warn(f'for {key}: copying from a non-meta parameter in the checkpoint to a meta '
/data/takhyun03/anaconda3/envs/lmms_llavavideo/lib/python3.11/site-packages/torch/nn/modules/module.py:2025: UserWarning: for vision_model.encoder.layers.22.layer_norm1.bias: copying from a non-meta parameter in the checkpoint to a meta parameter in the current model, which is a no-op. (Did you mean to pass `assign=True` to assign items in the state dictionary to their corresponding key in the module instead of copying them in place?)
  warnings.warn(f'for {key}: copying from a non-meta parameter in the checkpoint to a meta '
/data/takhyun03/anaconda3/envs/lmms_llavavideo/lib/python3.11/site-packages/torch/nn/modules/module.py:2025: UserWarning: for vision_model.encoder.layers.22.mlp.fc1.weight: copying from a non-meta parameter in the checkpoint to a meta parameter in the current model, which is a no-op. (Did you mean to pass `assign=True` to assign items in the state dictionary to their corresponding key in the module instead of copying them in place?)
  warnings.warn(f'for {key}: copying from a non-meta parameter in the checkpoint to a meta '
/data/takhyun03/anaconda3/envs/lmms_llavavideo/lib/python3.11/site-packages/torch/nn/modules/module.py:2025: UserWarning: for vision_model.encoder.layers.22.mlp.fc1.bias: copying from a non-meta parameter in the checkpoint to a meta parameter in the current model, which is a no-op. (Did you mean to pass `assign=True` to assign items in the state dictionary to their corresponding key in the module instead of copying them in place?)
  warnings.warn(f'for {key}: copying from a non-meta parameter in the checkpoint to a meta '
/data/takhyun03/anaconda3/envs/lmms_llavavideo/lib/python3.11/site-packages/torch/nn/modules/module.py:2025: UserWarning: for vision_model.encoder.layers.22.mlp.fc2.weight: copying from a non-meta parameter in the checkpoint to a meta parameter in the current model, which is a no-op. (Did you mean to pass `assign=True` to assign items in the state dictionary to their corresponding key in the module instead of copying them in place?)
  warnings.warn(f'for {key}: copying from a non-meta parameter in the checkpoint to a meta '
/data/takhyun03/anaconda3/envs/lmms_llavavideo/lib/python3.11/site-packages/torch/nn/modules/module.py:2025: UserWarning: for vision_model.encoder.layers.22.mlp.fc2.bias: copying from a non-meta parameter in the checkpoint to a meta parameter in the current model, which is a no-op. (Did you mean to pass `assign=True` to assign items in the state dictionary to their corresponding key in the module instead of copying them in place?)
  warnings.warn(f'for {key}: copying from a non-meta parameter in the checkpoint to a meta '
/data/takhyun03/anaconda3/envs/lmms_llavavideo/lib/python3.11/site-packages/torch/nn/modules/module.py:2025: UserWarning: for vision_model.encoder.layers.22.layer_norm2.weight: copying from a non-meta parameter in the checkpoint to a meta parameter in the current model, which is a no-op. (Did you mean to pass `assign=True` to assign items in the state dictionary to their corresponding key in the module instead of copying them in place?)
  warnings.warn(f'for {key}: copying from a non-meta parameter in the checkpoint to a meta '
/data/takhyun03/anaconda3/envs/lmms_llavavideo/lib/python3.11/site-packages/torch/nn/modules/module.py:2025: UserWarning: for vision_model.encoder.layers.22.layer_norm2.bias: copying from a non-meta parameter in the checkpoint to a meta parameter in the current model, which is a no-op. (Did you mean to pass `assign=True` to assign items in the state dictionary to their corresponding key in the module instead of copying them in place?)
  warnings.warn(f'for {key}: copying from a non-meta parameter in the checkpoint to a meta '
/data/takhyun03/anaconda3/envs/lmms_llavavideo/lib/python3.11/site-packages/torch/nn/modules/module.py:2025: UserWarning: for vision_model.encoder.layers.23.self_attn.k_proj.weight: copying from a non-meta parameter in the checkpoint to a meta parameter in the current model, which is a no-op. (Did you mean to pass `assign=True` to assign items in the state dictionary to their corresponding key in the module instead of copying them in place?)
  warnings.warn(f'for {key}: copying from a non-meta parameter in the checkpoint to a meta '
/data/takhyun03/anaconda3/envs/lmms_llavavideo/lib/python3.11/site-packages/torch/nn/modules/module.py:2025: UserWarning: for vision_model.encoder.layers.23.self_attn.k_proj.bias: copying from a non-meta parameter in the checkpoint to a meta parameter in the current model, which is a no-op. (Did you mean to pass `assign=True` to assign items in the state dictionary to their corresponding key in the module instead of copying them in place?)
  warnings.warn(f'for {key}: copying from a non-meta parameter in the checkpoint to a meta '
/data/takhyun03/anaconda3/envs/lmms_llavavideo/lib/python3.11/site-packages/torch/nn/modules/module.py:2025: UserWarning: for vision_model.encoder.layers.23.self_attn.v_proj.weight: copying from a non-meta parameter in the checkpoint to a meta parameter in the current model, which is a no-op. (Did you mean to pass `assign=True` to assign items in the state dictionary to their corresponding key in the module instead of copying them in place?)
  warnings.warn(f'for {key}: copying from a non-meta parameter in the checkpoint to a meta '
/data/takhyun03/anaconda3/envs/lmms_llavavideo/lib/python3.11/site-packages/torch/nn/modules/module.py:2025: UserWarning: for vision_model.encoder.layers.23.self_attn.v_proj.bias: copying from a non-meta parameter in the checkpoint to a meta parameter in the current model, which is a no-op. (Did you mean to pass `assign=True` to assign items in the state dictionary to their corresponding key in the module instead of copying them in place?)
  warnings.warn(f'for {key}: copying from a non-meta parameter in the checkpoint to a meta '
/data/takhyun03/anaconda3/envs/lmms_llavavideo/lib/python3.11/site-packages/torch/nn/modules/module.py:2025: UserWarning: for vision_model.encoder.layers.23.self_attn.q_proj.weight: copying from a non-meta parameter in the checkpoint to a meta parameter in the current model, which is a no-op. (Did you mean to pass `assign=True` to assign items in the state dictionary to their corresponding key in the module instead of copying them in place?)
  warnings.warn(f'for {key}: copying from a non-meta parameter in the checkpoint to a meta '
/data/takhyun03/anaconda3/envs/lmms_llavavideo/lib/python3.11/site-packages/torch/nn/modules/module.py:2025: UserWarning: for vision_model.encoder.layers.23.self_attn.q_proj.bias: copying from a non-meta parameter in the checkpoint to a meta parameter in the current model, which is a no-op. (Did you mean to pass `assign=True` to assign items in the state dictionary to their corresponding key in the module instead of copying them in place?)
  warnings.warn(f'for {key}: copying from a non-meta parameter in the checkpoint to a meta '
/data/takhyun03/anaconda3/envs/lmms_llavavideo/lib/python3.11/site-packages/torch/nn/modules/module.py:2025: UserWarning: for vision_model.encoder.layers.23.self_attn.out_proj.weight: copying from a non-meta parameter in the checkpoint to a meta parameter in the current model, which is a no-op. (Did you mean to pass `assign=True` to assign items in the state dictionary to their corresponding key in the module instead of copying them in place?)
  warnings.warn(f'for {key}: copying from a non-meta parameter in the checkpoint to a meta '
/data/takhyun03/anaconda3/envs/lmms_llavavideo/lib/python3.11/site-packages/torch/nn/modules/module.py:2025: UserWarning: for vision_model.encoder.layers.23.self_attn.out_proj.bias: copying from a non-meta parameter in the checkpoint to a meta parameter in the current model, which is a no-op. (Did you mean to pass `assign=True` to assign items in the state dictionary to their corresponding key in the module instead of copying them in place?)
  warnings.warn(f'for {key}: copying from a non-meta parameter in the checkpoint to a meta '
/data/takhyun03/anaconda3/envs/lmms_llavavideo/lib/python3.11/site-packages/torch/nn/modules/module.py:2025: UserWarning: for vision_model.encoder.layers.23.layer_norm1.weight: copying from a non-meta parameter in the checkpoint to a meta parameter in the current model, which is a no-op. (Did you mean to pass `assign=True` to assign items in the state dictionary to their corresponding key in the module instead of copying them in place?)
  warnings.warn(f'for {key}: copying from a non-meta parameter in the checkpoint to a meta '
/data/takhyun03/anaconda3/envs/lmms_llavavideo/lib/python3.11/site-packages/torch/nn/modules/module.py:2025: UserWarning: for vision_model.encoder.layers.23.layer_norm1.bias: copying from a non-meta parameter in the checkpoint to a meta parameter in the current model, which is a no-op. (Did you mean to pass `assign=True` to assign items in the state dictionary to their corresponding key in the module instead of copying them in place?)
  warnings.warn(f'for {key}: copying from a non-meta parameter in the checkpoint to a meta '
/data/takhyun03/anaconda3/envs/lmms_llavavideo/lib/python3.11/site-packages/torch/nn/modules/module.py:2025: UserWarning: for vision_model.encoder.layers.23.mlp.fc1.weight: copying from a non-meta parameter in the checkpoint to a meta parameter in the current model, which is a no-op. (Did you mean to pass `assign=True` to assign items in the state dictionary to their corresponding key in the module instead of copying them in place?)
  warnings.warn(f'for {key}: copying from a non-meta parameter in the checkpoint to a meta '
/data/takhyun03/anaconda3/envs/lmms_llavavideo/lib/python3.11/site-packages/torch/nn/modules/module.py:2025: UserWarning: for vision_model.encoder.layers.23.mlp.fc1.bias: copying from a non-meta parameter in the checkpoint to a meta parameter in the current model, which is a no-op. (Did you mean to pass `assign=True` to assign items in the state dictionary to their corresponding key in the module instead of copying them in place?)
  warnings.warn(f'for {key}: copying from a non-meta parameter in the checkpoint to a meta '
/data/takhyun03/anaconda3/envs/lmms_llavavideo/lib/python3.11/site-packages/torch/nn/modules/module.py:2025: UserWarning: for vision_model.encoder.layers.23.mlp.fc2.weight: copying from a non-meta parameter in the checkpoint to a meta parameter in the current model, which is a no-op. (Did you mean to pass `assign=True` to assign items in the state dictionary to their corresponding key in the module instead of copying them in place?)
  warnings.warn(f'for {key}: copying from a non-meta parameter in the checkpoint to a meta '
/data/takhyun03/anaconda3/envs/lmms_llavavideo/lib/python3.11/site-packages/torch/nn/modules/module.py:2025: UserWarning: for vision_model.encoder.layers.23.mlp.fc2.bias: copying from a non-meta parameter in the checkpoint to a meta parameter in the current model, which is a no-op. (Did you mean to pass `assign=True` to assign items in the state dictionary to their corresponding key in the module instead of copying them in place?)
  warnings.warn(f'for {key}: copying from a non-meta parameter in the checkpoint to a meta '
/data/takhyun03/anaconda3/envs/lmms_llavavideo/lib/python3.11/site-packages/torch/nn/modules/module.py:2025: UserWarning: for vision_model.encoder.layers.23.layer_norm2.weight: copying from a non-meta parameter in the checkpoint to a meta parameter in the current model, which is a no-op. (Did you mean to pass `assign=True` to assign items in the state dictionary to their corresponding key in the module instead of copying them in place?)
  warnings.warn(f'for {key}: copying from a non-meta parameter in the checkpoint to a meta '
/data/takhyun03/anaconda3/envs/lmms_llavavideo/lib/python3.11/site-packages/torch/nn/modules/module.py:2025: UserWarning: for vision_model.encoder.layers.23.layer_norm2.bias: copying from a non-meta parameter in the checkpoint to a meta parameter in the current model, which is a no-op. (Did you mean to pass `assign=True` to assign items in the state dictionary to their corresponding key in the module instead of copying them in place?)
  warnings.warn(f'for {key}: copying from a non-meta parameter in the checkpoint to a meta '
/data/takhyun03/anaconda3/envs/lmms_llavavideo/lib/python3.11/site-packages/torch/nn/modules/module.py:2025: UserWarning: for vision_model.encoder.layers.24.self_attn.k_proj.weight: copying from a non-meta parameter in the checkpoint to a meta parameter in the current model, which is a no-op. (Did you mean to pass `assign=True` to assign items in the state dictionary to their corresponding key in the module instead of copying them in place?)
  warnings.warn(f'for {key}: copying from a non-meta parameter in the checkpoint to a meta '
/data/takhyun03/anaconda3/envs/lmms_llavavideo/lib/python3.11/site-packages/torch/nn/modules/module.py:2025: UserWarning: for vision_model.encoder.layers.24.self_attn.k_proj.bias: copying from a non-meta parameter in the checkpoint to a meta parameter in the current model, which is a no-op. (Did you mean to pass `assign=True` to assign items in the state dictionary to their corresponding key in the module instead of copying them in place?)
  warnings.warn(f'for {key}: copying from a non-meta parameter in the checkpoint to a meta '
/data/takhyun03/anaconda3/envs/lmms_llavavideo/lib/python3.11/site-packages/torch/nn/modules/module.py:2025: UserWarning: for vision_model.encoder.layers.24.self_attn.v_proj.weight: copying from a non-meta parameter in the checkpoint to a meta parameter in the current model, which is a no-op. (Did you mean to pass `assign=True` to assign items in the state dictionary to their corresponding key in the module instead of copying them in place?)
  warnings.warn(f'for {key}: copying from a non-meta parameter in the checkpoint to a meta '
/data/takhyun03/anaconda3/envs/lmms_llavavideo/lib/python3.11/site-packages/torch/nn/modules/module.py:2025: UserWarning: for vision_model.encoder.layers.24.self_attn.v_proj.bias: copying from a non-meta parameter in the checkpoint to a meta parameter in the current model, which is a no-op. (Did you mean to pass `assign=True` to assign items in the state dictionary to their corresponding key in the module instead of copying them in place?)
  warnings.warn(f'for {key}: copying from a non-meta parameter in the checkpoint to a meta '
/data/takhyun03/anaconda3/envs/lmms_llavavideo/lib/python3.11/site-packages/torch/nn/modules/module.py:2025: UserWarning: for vision_model.encoder.layers.24.self_attn.q_proj.weight: copying from a non-meta parameter in the checkpoint to a meta parameter in the current model, which is a no-op. (Did you mean to pass `assign=True` to assign items in the state dictionary to their corresponding key in the module instead of copying them in place?)
  warnings.warn(f'for {key}: copying from a non-meta parameter in the checkpoint to a meta '
/data/takhyun03/anaconda3/envs/lmms_llavavideo/lib/python3.11/site-packages/torch/nn/modules/module.py:2025: UserWarning: for vision_model.encoder.layers.24.self_attn.q_proj.bias: copying from a non-meta parameter in the checkpoint to a meta parameter in the current model, which is a no-op. (Did you mean to pass `assign=True` to assign items in the state dictionary to their corresponding key in the module instead of copying them in place?)
  warnings.warn(f'for {key}: copying from a non-meta parameter in the checkpoint to a meta '
/data/takhyun03/anaconda3/envs/lmms_llavavideo/lib/python3.11/site-packages/torch/nn/modules/module.py:2025: UserWarning: for vision_model.encoder.layers.24.self_attn.out_proj.weight: copying from a non-meta parameter in the checkpoint to a meta parameter in the current model, which is a no-op. (Did you mean to pass `assign=True` to assign items in the state dictionary to their corresponding key in the module instead of copying them in place?)
  warnings.warn(f'for {key}: copying from a non-meta parameter in the checkpoint to a meta '
/data/takhyun03/anaconda3/envs/lmms_llavavideo/lib/python3.11/site-packages/torch/nn/modules/module.py:2025: UserWarning: for vision_model.encoder.layers.24.self_attn.out_proj.bias: copying from a non-meta parameter in the checkpoint to a meta parameter in the current model, which is a no-op. (Did you mean to pass `assign=True` to assign items in the state dictionary to their corresponding key in the module instead of copying them in place?)
  warnings.warn(f'for {key}: copying from a non-meta parameter in the checkpoint to a meta '
/data/takhyun03/anaconda3/envs/lmms_llavavideo/lib/python3.11/site-packages/torch/nn/modules/module.py:2025: UserWarning: for vision_model.encoder.layers.24.layer_norm1.weight: copying from a non-meta parameter in the checkpoint to a meta parameter in the current model, which is a no-op. (Did you mean to pass `assign=True` to assign items in the state dictionary to their corresponding key in the module instead of copying them in place?)
  warnings.warn(f'for {key}: copying from a non-meta parameter in the checkpoint to a meta '
/data/takhyun03/anaconda3/envs/lmms_llavavideo/lib/python3.11/site-packages/torch/nn/modules/module.py:2025: UserWarning: for vision_model.encoder.layers.24.layer_norm1.bias: copying from a non-meta parameter in the checkpoint to a meta parameter in the current model, which is a no-op. (Did you mean to pass `assign=True` to assign items in the state dictionary to their corresponding key in the module instead of copying them in place?)
  warnings.warn(f'for {key}: copying from a non-meta parameter in the checkpoint to a meta '
/data/takhyun03/anaconda3/envs/lmms_llavavideo/lib/python3.11/site-packages/torch/nn/modules/module.py:2025: UserWarning: for vision_model.encoder.layers.24.mlp.fc1.weight: copying from a non-meta parameter in the checkpoint to a meta parameter in the current model, which is a no-op. (Did you mean to pass `assign=True` to assign items in the state dictionary to their corresponding key in the module instead of copying them in place?)
  warnings.warn(f'for {key}: copying from a non-meta parameter in the checkpoint to a meta '
/data/takhyun03/anaconda3/envs/lmms_llavavideo/lib/python3.11/site-packages/torch/nn/modules/module.py:2025: UserWarning: for vision_model.encoder.layers.24.mlp.fc1.bias: copying from a non-meta parameter in the checkpoint to a meta parameter in the current model, which is a no-op. (Did you mean to pass `assign=True` to assign items in the state dictionary to their corresponding key in the module instead of copying them in place?)
  warnings.warn(f'for {key}: copying from a non-meta parameter in the checkpoint to a meta '
/data/takhyun03/anaconda3/envs/lmms_llavavideo/lib/python3.11/site-packages/torch/nn/modules/module.py:2025: UserWarning: for vision_model.encoder.layers.24.mlp.fc2.weight: copying from a non-meta parameter in the checkpoint to a meta parameter in the current model, which is a no-op. (Did you mean to pass `assign=True` to assign items in the state dictionary to their corresponding key in the module instead of copying them in place?)
  warnings.warn(f'for {key}: copying from a non-meta parameter in the checkpoint to a meta '
/data/takhyun03/anaconda3/envs/lmms_llavavideo/lib/python3.11/site-packages/torch/nn/modules/module.py:2025: UserWarning: for vision_model.encoder.layers.24.mlp.fc2.bias: copying from a non-meta parameter in the checkpoint to a meta parameter in the current model, which is a no-op. (Did you mean to pass `assign=True` to assign items in the state dictionary to their corresponding key in the module instead of copying them in place?)
  warnings.warn(f'for {key}: copying from a non-meta parameter in the checkpoint to a meta '
/data/takhyun03/anaconda3/envs/lmms_llavavideo/lib/python3.11/site-packages/torch/nn/modules/module.py:2025: UserWarning: for vision_model.encoder.layers.24.layer_norm2.weight: copying from a non-meta parameter in the checkpoint to a meta parameter in the current model, which is a no-op. (Did you mean to pass `assign=True` to assign items in the state dictionary to their corresponding key in the module instead of copying them in place?)
  warnings.warn(f'for {key}: copying from a non-meta parameter in the checkpoint to a meta '
/data/takhyun03/anaconda3/envs/lmms_llavavideo/lib/python3.11/site-packages/torch/nn/modules/module.py:2025: UserWarning: for vision_model.encoder.layers.24.layer_norm2.bias: copying from a non-meta parameter in the checkpoint to a meta parameter in the current model, which is a no-op. (Did you mean to pass `assign=True` to assign items in the state dictionary to their corresponding key in the module instead of copying them in place?)
  warnings.warn(f'for {key}: copying from a non-meta parameter in the checkpoint to a meta '
/data/takhyun03/anaconda3/envs/lmms_llavavideo/lib/python3.11/site-packages/torch/nn/modules/module.py:2025: UserWarning: for vision_model.encoder.layers.25.self_attn.k_proj.weight: copying from a non-meta parameter in the checkpoint to a meta parameter in the current model, which is a no-op. (Did you mean to pass `assign=True` to assign items in the state dictionary to their corresponding key in the module instead of copying them in place?)
  warnings.warn(f'for {key}: copying from a non-meta parameter in the checkpoint to a meta '
/data/takhyun03/anaconda3/envs/lmms_llavavideo/lib/python3.11/site-packages/torch/nn/modules/module.py:2025: UserWarning: for vision_model.encoder.layers.25.self_attn.k_proj.bias: copying from a non-meta parameter in the checkpoint to a meta parameter in the current model, which is a no-op. (Did you mean to pass `assign=True` to assign items in the state dictionary to their corresponding key in the module instead of copying them in place?)
  warnings.warn(f'for {key}: copying from a non-meta parameter in the checkpoint to a meta '
/data/takhyun03/anaconda3/envs/lmms_llavavideo/lib/python3.11/site-packages/torch/nn/modules/module.py:2025: UserWarning: for vision_model.encoder.layers.25.self_attn.v_proj.weight: copying from a non-meta parameter in the checkpoint to a meta parameter in the current model, which is a no-op. (Did you mean to pass `assign=True` to assign items in the state dictionary to their corresponding key in the module instead of copying them in place?)
  warnings.warn(f'for {key}: copying from a non-meta parameter in the checkpoint to a meta '
/data/takhyun03/anaconda3/envs/lmms_llavavideo/lib/python3.11/site-packages/torch/nn/modules/module.py:2025: UserWarning: for vision_model.encoder.layers.25.self_attn.v_proj.bias: copying from a non-meta parameter in the checkpoint to a meta parameter in the current model, which is a no-op. (Did you mean to pass `assign=True` to assign items in the state dictionary to their corresponding key in the module instead of copying them in place?)
  warnings.warn(f'for {key}: copying from a non-meta parameter in the checkpoint to a meta '
/data/takhyun03/anaconda3/envs/lmms_llavavideo/lib/python3.11/site-packages/torch/nn/modules/module.py:2025: UserWarning: for vision_model.encoder.layers.25.self_attn.q_proj.weight: copying from a non-meta parameter in the checkpoint to a meta parameter in the current model, which is a no-op. (Did you mean to pass `assign=True` to assign items in the state dictionary to their corresponding key in the module instead of copying them in place?)
  warnings.warn(f'for {key}: copying from a non-meta parameter in the checkpoint to a meta '
/data/takhyun03/anaconda3/envs/lmms_llavavideo/lib/python3.11/site-packages/torch/nn/modules/module.py:2025: UserWarning: for vision_model.encoder.layers.25.self_attn.q_proj.bias: copying from a non-meta parameter in the checkpoint to a meta parameter in the current model, which is a no-op. (Did you mean to pass `assign=True` to assign items in the state dictionary to their corresponding key in the module instead of copying them in place?)
  warnings.warn(f'for {key}: copying from a non-meta parameter in the checkpoint to a meta '
/data/takhyun03/anaconda3/envs/lmms_llavavideo/lib/python3.11/site-packages/torch/nn/modules/module.py:2025: UserWarning: for vision_model.encoder.layers.25.self_attn.out_proj.weight: copying from a non-meta parameter in the checkpoint to a meta parameter in the current model, which is a no-op. (Did you mean to pass `assign=True` to assign items in the state dictionary to their corresponding key in the module instead of copying them in place?)
  warnings.warn(f'for {key}: copying from a non-meta parameter in the checkpoint to a meta '
/data/takhyun03/anaconda3/envs/lmms_llavavideo/lib/python3.11/site-packages/torch/nn/modules/module.py:2025: UserWarning: for vision_model.encoder.layers.25.self_attn.out_proj.bias: copying from a non-meta parameter in the checkpoint to a meta parameter in the current model, which is a no-op. (Did you mean to pass `assign=True` to assign items in the state dictionary to their corresponding key in the module instead of copying them in place?)
  warnings.warn(f'for {key}: copying from a non-meta parameter in the checkpoint to a meta '
/data/takhyun03/anaconda3/envs/lmms_llavavideo/lib/python3.11/site-packages/torch/nn/modules/module.py:2025: UserWarning: for vision_model.encoder.layers.25.layer_norm1.weight: copying from a non-meta parameter in the checkpoint to a meta parameter in the current model, which is a no-op. (Did you mean to pass `assign=True` to assign items in the state dictionary to their corresponding key in the module instead of copying them in place?)
  warnings.warn(f'for {key}: copying from a non-meta parameter in the checkpoint to a meta '
/data/takhyun03/anaconda3/envs/lmms_llavavideo/lib/python3.11/site-packages/torch/nn/modules/module.py:2025: UserWarning: for vision_model.encoder.layers.25.layer_norm1.bias: copying from a non-meta parameter in the checkpoint to a meta parameter in the current model, which is a no-op. (Did you mean to pass `assign=True` to assign items in the state dictionary to their corresponding key in the module instead of copying them in place?)
  warnings.warn(f'for {key}: copying from a non-meta parameter in the checkpoint to a meta '
/data/takhyun03/anaconda3/envs/lmms_llavavideo/lib/python3.11/site-packages/torch/nn/modules/module.py:2025: UserWarning: for vision_model.encoder.layers.25.mlp.fc1.weight: copying from a non-meta parameter in the checkpoint to a meta parameter in the current model, which is a no-op. (Did you mean to pass `assign=True` to assign items in the state dictionary to their corresponding key in the module instead of copying them in place?)
  warnings.warn(f'for {key}: copying from a non-meta parameter in the checkpoint to a meta '
/data/takhyun03/anaconda3/envs/lmms_llavavideo/lib/python3.11/site-packages/torch/nn/modules/module.py:2025: UserWarning: for vision_model.encoder.layers.25.mlp.fc1.bias: copying from a non-meta parameter in the checkpoint to a meta parameter in the current model, which is a no-op. (Did you mean to pass `assign=True` to assign items in the state dictionary to their corresponding key in the module instead of copying them in place?)
  warnings.warn(f'for {key}: copying from a non-meta parameter in the checkpoint to a meta '
/data/takhyun03/anaconda3/envs/lmms_llavavideo/lib/python3.11/site-packages/torch/nn/modules/module.py:2025: UserWarning: for vision_model.encoder.layers.25.mlp.fc2.weight: copying from a non-meta parameter in the checkpoint to a meta parameter in the current model, which is a no-op. (Did you mean to pass `assign=True` to assign items in the state dictionary to their corresponding key in the module instead of copying them in place?)
  warnings.warn(f'for {key}: copying from a non-meta parameter in the checkpoint to a meta '
/data/takhyun03/anaconda3/envs/lmms_llavavideo/lib/python3.11/site-packages/torch/nn/modules/module.py:2025: UserWarning: for vision_model.encoder.layers.25.mlp.fc2.bias: copying from a non-meta parameter in the checkpoint to a meta parameter in the current model, which is a no-op. (Did you mean to pass `assign=True` to assign items in the state dictionary to their corresponding key in the module instead of copying them in place?)
  warnings.warn(f'for {key}: copying from a non-meta parameter in the checkpoint to a meta '
/data/takhyun03/anaconda3/envs/lmms_llavavideo/lib/python3.11/site-packages/torch/nn/modules/module.py:2025: UserWarning: for vision_model.encoder.layers.25.layer_norm2.weight: copying from a non-meta parameter in the checkpoint to a meta parameter in the current model, which is a no-op. (Did you mean to pass `assign=True` to assign items in the state dictionary to their corresponding key in the module instead of copying them in place?)
  warnings.warn(f'for {key}: copying from a non-meta parameter in the checkpoint to a meta '
/data/takhyun03/anaconda3/envs/lmms_llavavideo/lib/python3.11/site-packages/torch/nn/modules/module.py:2025: UserWarning: for vision_model.encoder.layers.25.layer_norm2.bias: copying from a non-meta parameter in the checkpoint to a meta parameter in the current model, which is a no-op. (Did you mean to pass `assign=True` to assign items in the state dictionary to their corresponding key in the module instead of copying them in place?)
  warnings.warn(f'for {key}: copying from a non-meta parameter in the checkpoint to a meta '
/data/takhyun03/anaconda3/envs/lmms_llavavideo/lib/python3.11/site-packages/torch/nn/modules/module.py:2025: UserWarning: for vision_model.encoder.layers.26.self_attn.k_proj.weight: copying from a non-meta parameter in the checkpoint to a meta parameter in the current model, which is a no-op. (Did you mean to pass `assign=True` to assign items in the state dictionary to their corresponding key in the module instead of copying them in place?)
  warnings.warn(f'for {key}: copying from a non-meta parameter in the checkpoint to a meta '
/data/takhyun03/anaconda3/envs/lmms_llavavideo/lib/python3.11/site-packages/torch/nn/modules/module.py:2025: UserWarning: for vision_model.encoder.layers.26.self_attn.k_proj.bias: copying from a non-meta parameter in the checkpoint to a meta parameter in the current model, which is a no-op. (Did you mean to pass `assign=True` to assign items in the state dictionary to their corresponding key in the module instead of copying them in place?)
  warnings.warn(f'for {key}: copying from a non-meta parameter in the checkpoint to a meta '
/data/takhyun03/anaconda3/envs/lmms_llavavideo/lib/python3.11/site-packages/torch/nn/modules/module.py:2025: UserWarning: for vision_model.encoder.layers.26.self_attn.v_proj.weight: copying from a non-meta parameter in the checkpoint to a meta parameter in the current model, which is a no-op. (Did you mean to pass `assign=True` to assign items in the state dictionary to their corresponding key in the module instead of copying them in place?)
  warnings.warn(f'for {key}: copying from a non-meta parameter in the checkpoint to a meta '
/data/takhyun03/anaconda3/envs/lmms_llavavideo/lib/python3.11/site-packages/torch/nn/modules/module.py:2025: UserWarning: for vision_model.encoder.layers.26.self_attn.v_proj.bias: copying from a non-meta parameter in the checkpoint to a meta parameter in the current model, which is a no-op. (Did you mean to pass `assign=True` to assign items in the state dictionary to their corresponding key in the module instead of copying them in place?)
  warnings.warn(f'for {key}: copying from a non-meta parameter in the checkpoint to a meta '
/data/takhyun03/anaconda3/envs/lmms_llavavideo/lib/python3.11/site-packages/torch/nn/modules/module.py:2025: UserWarning: for vision_model.encoder.layers.26.self_attn.q_proj.weight: copying from a non-meta parameter in the checkpoint to a meta parameter in the current model, which is a no-op. (Did you mean to pass `assign=True` to assign items in the state dictionary to their corresponding key in the module instead of copying them in place?)
  warnings.warn(f'for {key}: copying from a non-meta parameter in the checkpoint to a meta '
/data/takhyun03/anaconda3/envs/lmms_llavavideo/lib/python3.11/site-packages/torch/nn/modules/module.py:2025: UserWarning: for vision_model.encoder.layers.26.self_attn.q_proj.bias: copying from a non-meta parameter in the checkpoint to a meta parameter in the current model, which is a no-op. (Did you mean to pass `assign=True` to assign items in the state dictionary to their corresponding key in the module instead of copying them in place?)
  warnings.warn(f'for {key}: copying from a non-meta parameter in the checkpoint to a meta '
/data/takhyun03/anaconda3/envs/lmms_llavavideo/lib/python3.11/site-packages/torch/nn/modules/module.py:2025: UserWarning: for vision_model.encoder.layers.26.self_attn.out_proj.weight: copying from a non-meta parameter in the checkpoint to a meta parameter in the current model, which is a no-op. (Did you mean to pass `assign=True` to assign items in the state dictionary to their corresponding key in the module instead of copying them in place?)
  warnings.warn(f'for {key}: copying from a non-meta parameter in the checkpoint to a meta '
/data/takhyun03/anaconda3/envs/lmms_llavavideo/lib/python3.11/site-packages/torch/nn/modules/module.py:2025: UserWarning: for vision_model.encoder.layers.26.self_attn.out_proj.bias: copying from a non-meta parameter in the checkpoint to a meta parameter in the current model, which is a no-op. (Did you mean to pass `assign=True` to assign items in the state dictionary to their corresponding key in the module instead of copying them in place?)
  warnings.warn(f'for {key}: copying from a non-meta parameter in the checkpoint to a meta '
/data/takhyun03/anaconda3/envs/lmms_llavavideo/lib/python3.11/site-packages/torch/nn/modules/module.py:2025: UserWarning: for vision_model.encoder.layers.26.layer_norm1.weight: copying from a non-meta parameter in the checkpoint to a meta parameter in the current model, which is a no-op. (Did you mean to pass `assign=True` to assign items in the state dictionary to their corresponding key in the module instead of copying them in place?)
  warnings.warn(f'for {key}: copying from a non-meta parameter in the checkpoint to a meta '
/data/takhyun03/anaconda3/envs/lmms_llavavideo/lib/python3.11/site-packages/torch/nn/modules/module.py:2025: UserWarning: for vision_model.encoder.layers.26.layer_norm1.bias: copying from a non-meta parameter in the checkpoint to a meta parameter in the current model, which is a no-op. (Did you mean to pass `assign=True` to assign items in the state dictionary to their corresponding key in the module instead of copying them in place?)
  warnings.warn(f'for {key}: copying from a non-meta parameter in the checkpoint to a meta '
/data/takhyun03/anaconda3/envs/lmms_llavavideo/lib/python3.11/site-packages/torch/nn/modules/module.py:2025: UserWarning: for vision_model.encoder.layers.26.mlp.fc1.weight: copying from a non-meta parameter in the checkpoint to a meta parameter in the current model, which is a no-op. (Did you mean to pass `assign=True` to assign items in the state dictionary to their corresponding key in the module instead of copying them in place?)
  warnings.warn(f'for {key}: copying from a non-meta parameter in the checkpoint to a meta '
/data/takhyun03/anaconda3/envs/lmms_llavavideo/lib/python3.11/site-packages/torch/nn/modules/module.py:2025: UserWarning: for vision_model.encoder.layers.26.mlp.fc1.bias: copying from a non-meta parameter in the checkpoint to a meta parameter in the current model, which is a no-op. (Did you mean to pass `assign=True` to assign items in the state dictionary to their corresponding key in the module instead of copying them in place?)
  warnings.warn(f'for {key}: copying from a non-meta parameter in the checkpoint to a meta '
/data/takhyun03/anaconda3/envs/lmms_llavavideo/lib/python3.11/site-packages/torch/nn/modules/module.py:2025: UserWarning: for vision_model.encoder.layers.26.mlp.fc2.weight: copying from a non-meta parameter in the checkpoint to a meta parameter in the current model, which is a no-op. (Did you mean to pass `assign=True` to assign items in the state dictionary to their corresponding key in the module instead of copying them in place?)
  warnings.warn(f'for {key}: copying from a non-meta parameter in the checkpoint to a meta '
/data/takhyun03/anaconda3/envs/lmms_llavavideo/lib/python3.11/site-packages/torch/nn/modules/module.py:2025: UserWarning: for vision_model.encoder.layers.26.mlp.fc2.bias: copying from a non-meta parameter in the checkpoint to a meta parameter in the current model, which is a no-op. (Did you mean to pass `assign=True` to assign items in the state dictionary to their corresponding key in the module instead of copying them in place?)
  warnings.warn(f'for {key}: copying from a non-meta parameter in the checkpoint to a meta '
/data/takhyun03/anaconda3/envs/lmms_llavavideo/lib/python3.11/site-packages/torch/nn/modules/module.py:2025: UserWarning: for vision_model.encoder.layers.26.layer_norm2.weight: copying from a non-meta parameter in the checkpoint to a meta parameter in the current model, which is a no-op. (Did you mean to pass `assign=True` to assign items in the state dictionary to their corresponding key in the module instead of copying them in place?)
  warnings.warn(f'for {key}: copying from a non-meta parameter in the checkpoint to a meta '
/data/takhyun03/anaconda3/envs/lmms_llavavideo/lib/python3.11/site-packages/torch/nn/modules/module.py:2025: UserWarning: for vision_model.encoder.layers.26.layer_norm2.bias: copying from a non-meta parameter in the checkpoint to a meta parameter in the current model, which is a no-op. (Did you mean to pass `assign=True` to assign items in the state dictionary to their corresponding key in the module instead of copying them in place?)
  warnings.warn(f'for {key}: copying from a non-meta parameter in the checkpoint to a meta '
/data/takhyun03/anaconda3/envs/lmms_llavavideo/lib/python3.11/site-packages/torch/nn/modules/module.py:2025: UserWarning: for vision_model.post_layernorm.weight: copying from a non-meta parameter in the checkpoint to a meta parameter in the current model, which is a no-op. (Did you mean to pass `assign=True` to assign items in the state dictionary to their corresponding key in the module instead of copying them in place?)
  warnings.warn(f'for {key}: copying from a non-meta parameter in the checkpoint to a meta '
/data/takhyun03/anaconda3/envs/lmms_llavavideo/lib/python3.11/site-packages/torch/nn/modules/module.py:2025: UserWarning: for vision_model.post_layernorm.bias: copying from a non-meta parameter in the checkpoint to a meta parameter in the current model, which is a no-op. (Did you mean to pass `assign=True` to assign items in the state dictionary to their corresponding key in the module instead of copying them in place?)
  warnings.warn(f'for {key}: copying from a non-meta parameter in the checkpoint to a meta '
/data/takhyun03/anaconda3/envs/lmms_llavavideo/lib/python3.11/site-packages/torch/nn/modules/module.py:2025: UserWarning: for vision_model.head.probe: copying from a non-meta parameter in the checkpoint to a meta parameter in the current model, which is a no-op. (Did you mean to pass `assign=True` to assign items in the state dictionary to their corresponding key in the module instead of copying them in place?)
  warnings.warn(f'for {key}: copying from a non-meta parameter in the checkpoint to a meta '
/data/takhyun03/anaconda3/envs/lmms_llavavideo/lib/python3.11/site-packages/torch/nn/modules/module.py:2025: UserWarning: for vision_model.head.attention.in_proj_weight: copying from a non-meta parameter in the checkpoint to a meta parameter in the current model, which is a no-op. (Did you mean to pass `assign=True` to assign items in the state dictionary to their corresponding key in the module instead of copying them in place?)
  warnings.warn(f'for {key}: copying from a non-meta parameter in the checkpoint to a meta '
/data/takhyun03/anaconda3/envs/lmms_llavavideo/lib/python3.11/site-packages/torch/nn/modules/module.py:2025: UserWarning: for vision_model.head.attention.in_proj_bias: copying from a non-meta parameter in the checkpoint to a meta parameter in the current model, which is a no-op. (Did you mean to pass `assign=True` to assign items in the state dictionary to their corresponding key in the module instead of copying them in place?)
  warnings.warn(f'for {key}: copying from a non-meta parameter in the checkpoint to a meta '
/data/takhyun03/anaconda3/envs/lmms_llavavideo/lib/python3.11/site-packages/torch/nn/modules/module.py:2025: UserWarning: for vision_model.head.attention.out_proj.weight: copying from a non-meta parameter in the checkpoint to a meta parameter in the current model, which is a no-op. (Did you mean to pass `assign=True` to assign items in the state dictionary to their corresponding key in the module instead of copying them in place?)
  warnings.warn(f'for {key}: copying from a non-meta parameter in the checkpoint to a meta '
/data/takhyun03/anaconda3/envs/lmms_llavavideo/lib/python3.11/site-packages/torch/nn/modules/module.py:2025: UserWarning: for vision_model.head.attention.out_proj.bias: copying from a non-meta parameter in the checkpoint to a meta parameter in the current model, which is a no-op. (Did you mean to pass `assign=True` to assign items in the state dictionary to their corresponding key in the module instead of copying them in place?)
  warnings.warn(f'for {key}: copying from a non-meta parameter in the checkpoint to a meta '
/data/takhyun03/anaconda3/envs/lmms_llavavideo/lib/python3.11/site-packages/torch/nn/modules/module.py:2025: UserWarning: for vision_model.head.layernorm.weight: copying from a non-meta parameter in the checkpoint to a meta parameter in the current model, which is a no-op. (Did you mean to pass `assign=True` to assign items in the state dictionary to their corresponding key in the module instead of copying them in place?)
  warnings.warn(f'for {key}: copying from a non-meta parameter in the checkpoint to a meta '
/data/takhyun03/anaconda3/envs/lmms_llavavideo/lib/python3.11/site-packages/torch/nn/modules/module.py:2025: UserWarning: for vision_model.head.layernorm.bias: copying from a non-meta parameter in the checkpoint to a meta parameter in the current model, which is a no-op. (Did you mean to pass `assign=True` to assign items in the state dictionary to their corresponding key in the module instead of copying them in place?)
  warnings.warn(f'for {key}: copying from a non-meta parameter in the checkpoint to a meta '
/data/takhyun03/anaconda3/envs/lmms_llavavideo/lib/python3.11/site-packages/torch/nn/modules/module.py:2025: UserWarning: for vision_model.head.mlp.fc1.weight: copying from a non-meta parameter in the checkpoint to a meta parameter in the current model, which is a no-op. (Did you mean to pass `assign=True` to assign items in the state dictionary to their corresponding key in the module instead of copying them in place?)
  warnings.warn(f'for {key}: copying from a non-meta parameter in the checkpoint to a meta '
/data/takhyun03/anaconda3/envs/lmms_llavavideo/lib/python3.11/site-packages/torch/nn/modules/module.py:2025: UserWarning: for vision_model.head.mlp.fc1.bias: copying from a non-meta parameter in the checkpoint to a meta parameter in the current model, which is a no-op. (Did you mean to pass `assign=True` to assign items in the state dictionary to their corresponding key in the module instead of copying them in place?)
  warnings.warn(f'for {key}: copying from a non-meta parameter in the checkpoint to a meta '
/data/takhyun03/anaconda3/envs/lmms_llavavideo/lib/python3.11/site-packages/torch/nn/modules/module.py:2025: UserWarning: for vision_model.head.mlp.fc2.weight: copying from a non-meta parameter in the checkpoint to a meta parameter in the current model, which is a no-op. (Did you mean to pass `assign=True` to assign items in the state dictionary to their corresponding key in the module instead of copying them in place?)
  warnings.warn(f'for {key}: copying from a non-meta parameter in the checkpoint to a meta '
/data/takhyun03/anaconda3/envs/lmms_llavavideo/lib/python3.11/site-packages/torch/nn/modules/module.py:2025: UserWarning: for vision_model.head.mlp.fc2.bias: copying from a non-meta parameter in the checkpoint to a meta parameter in the current model, which is a no-op. (Did you mean to pass `assign=True` to assign items in the state dictionary to their corresponding key in the module instead of copying them in place?)
  warnings.warn(f'for {key}: copying from a non-meta parameter in the checkpoint to a meta '
[load model] baseline
OpenCLIP not installed
[MODEL] LoRA loading: base=lmms-lab/LLaVA-Video-7B-Qwen2, lora=/data/takhyun03/project/2026/vlm_direction/LLaVA-NeXT/work_dirs/llava-video-7b-qwen2_baseline_shape_simple_new_lora-r64_f8_ep1_lr1e-5
Loading LLaVA from base model...
Loading vision tower: google/siglip-so400m-patch14-384
Loading checkpoint shards:   0%|          | 0/4 [00:00<?, ?it/s]Loading checkpoint shards:  25%|██▌       | 1/4 [00:02<00:07,  2.65s/it]Loading checkpoint shards:  50%|█████     | 2/4 [00:05<00:05,  2.73s/it]Loading checkpoint shards:  75%|███████▌  | 3/4 [00:10<00:03,  3.77s/it]Loading checkpoint shards: 100%|██████████| 4/4 [00:11<00:00,  2.75s/it]Loading checkpoint shards: 100%|██████████| 4/4 [00:11<00:00,  2.91s/it]
/data/takhyun03/anaconda3/envs/lmms_llavavideo/lib/python3.11/site-packages/peft/config.py:162: UserWarning: Unexpected keyword arguments ['alora_invocation_tokens', 'arrow_config', 'corda_config', 'ensure_weight_tying', 'peft_version', 'qalora_group_size', 'target_parameters', 'trainable_token_indices', 'use_qalora'] for class LoraConfig, these are ignored. This probably means that you're loading a configuration file that was saved using a higher version of the library and additional parameters have been introduced since. It is highly recommended to upgrade the PEFT version before continuing (e.g. by running `pip install -U peft`).
  warnings.warn(
Loading additional LLaVA weights...
Loading LoRA weights...
Merging LoRA weights...
Model is loaded...
Model Class: LlavaQwenForCausalLM
v0single_obj_place:   0%|          | 0/200 [00:00<?, ?it/s]We detected that you are passing `past_key_values` as a tuple and this is deprecated and will be removed in v4.43. Please use an appropriate `Cache` class (https://huggingface.co/docs/transformers/v4.41.3/en/internal/generation_utils#transformers.Cache)
v0single_obj_place:   0%|          | 1/200 [00:04<15:07,  4.56s/it]v0single_obj_place:   1%|          | 2/200 [00:08<12:58,  3.93s/it]v0single_obj_place:   2%|▏         | 3/200 [00:11<12:28,  3.80s/it]v0single_obj_place:   2%|▏         | 4/200 [00:15<12:11,  3.73s/it]v0single_obj_place:   2%|▎         | 5/200 [00:18<12:01,  3.70s/it]v0single_obj_place:   3%|▎         | 6/200 [00:22<11:45,  3.64s/it]v0single_obj_place:   4%|▎         | 7/200 [00:26<11:41,  3.63s/it]v0single_obj_place:   4%|▍         | 8/200 [00:29<11:35,  3.62s/it]v0single_obj_place:   4%|▍         | 9/200 [00:33<11:26,  3.59s/it]v0single_obj_place:   5%|▌         | 10/200 [00:36<11:25,  3.61s/it]v0single_obj_place:   6%|▌         | 11/200 [00:40<11:22,  3.61s/it]v0single_obj_place:   6%|▌         | 12/200 [00:44<11:20,  3.62s/it]v0single_obj_place:   6%|▋         | 13/200 [00:47<11:11,  3.59s/it]v0single_obj_place:   7%|▋         | 14/200 [00:51<11:10,  3.61s/it]v0single_obj_place:   8%|▊         | 15/200 [00:54<11:09,  3.62s/it]v0single_obj_place:   8%|▊         | 16/200 [00:58<11:08,  3.63s/it]v0single_obj_place:   8%|▊         | 17/200 [01:02<10:59,  3.60s/it]v0single_obj_place:   9%|▉         | 18/200 [01:05<10:55,  3.60s/it]v0single_obj_place:  10%|▉         | 19/200 [01:09<10:53,  3.61s/it]v0single_obj_place:  10%|█         | 20/200 [01:12<10:46,  3.59s/it]v0single_obj_place:  10%|█         | 21/200 [01:16<10:47,  3.62s/it]v0single_obj_place:  11%|█         | 22/200 [01:20<10:44,  3.62s/it]v0single_obj_place:  12%|█▏        | 23/200 [01:23<10:42,  3.63s/it]v0single_obj_place:  12%|█▏        | 24/200 [01:27<10:33,  3.60s/it]v0single_obj_place:  12%|█▎        | 25/200 [01:31<10:32,  3.61s/it]v0single_obj_place:  13%|█▎        | 26/200 [01:34<10:30,  3.62s/it]v0single_obj_place:  14%|█▎        | 27/200 [01:38<10:24,  3.61s/it]v0single_obj_place:  14%|█▍        | 28/200 [01:41<10:17,  3.59s/it]v0single_obj_place:  14%|█▍        | 29/200 [01:45<10:13,  3.59s/it]v0single_obj_place:  15%|█▌        | 30/200 [01:49<10:13,  3.61s/it]v0single_obj_place:  16%|█▌        | 31/200 [01:52<10:06,  3.59s/it]v0single_obj_place:  16%|█▌        | 32/200 [01:56<10:06,  3.61s/it]v0single_obj_place:  16%|█▋        | 33/200 [01:59<10:05,  3.62s/it]v0single_obj_place:  17%|█▋        | 34/200 [02:03<10:02,  3.63s/it]v0single_obj_place:  18%|█▊        | 35/200 [02:07<09:56,  3.61s/it]v0single_obj_place:  18%|█▊        | 36/200 [02:10<09:53,  3.62s/it]v0single_obj_place:  18%|█▊        | 37/200 [02:14<09:51,  3.63s/it]v0single_obj_place:  19%|█▉        | 38/200 [02:18<09:47,  3.63s/it]v0single_obj_place:  20%|█▉        | 39/200 [02:21<09:23,  3.50s/it]v0single_obj_place:  20%|██        | 40/200 [02:24<09:27,  3.55s/it]v0single_obj_place:  20%|██        | 41/200 [02:28<09:25,  3.56s/it]v0single_obj_place:  21%|██        | 42/200 [02:32<09:22,  3.56s/it]v0single_obj_place:  22%|██▏       | 43/200 [02:35<09:22,  3.58s/it]v0single_obj_place:  22%|██▏       | 44/200 [02:39<09:22,  3.61s/it]v0single_obj_place:  22%|██▎       | 45/200 [02:43<09:21,  3.62s/it]v0single_obj_place:  23%|██▎       | 46/200 [02:46<09:14,  3.60s/it]v0single_obj_place:  24%|██▎       | 47/200 [02:50<09:12,  3.61s/it]v0single_obj_place:  24%|██▍       | 48/200 [02:53<09:10,  3.62s/it]v0single_obj_place:  24%|██▍       | 49/200 [02:57<09:07,  3.63s/it]v0single_obj_place:  25%|██▌       | 50/200 [03:01<09:02,  3.61s/it]v0single_obj_place:  26%|██▌       | 51/200 [03:04<08:56,  3.60s/it]v0single_obj_place:  26%|██▌       | 52/200 [03:08<08:52,  3.60s/it]v0single_obj_place:  26%|██▋       | 53/200 [03:11<08:48,  3.59s/it]v0single_obj_place:  27%|██▋       | 54/200 [03:15<08:47,  3.61s/it]v0single_obj_place:  28%|██▊       | 55/200 [03:19<08:44,  3.62s/it]v0single_obj_place:  28%|██▊       | 56/200 [03:22<08:42,  3.63s/it]v0single_obj_place:  28%|██▊       | 57/200 [03:26<08:36,  3.61s/it]v0single_obj_place:  29%|██▉       | 58/200 [03:29<08:33,  3.62s/it]v0single_obj_place:  30%|██▉       | 59/200 [03:33<08:31,  3.62s/it]v0single_obj_place:  30%|███       | 60/200 [03:37<08:24,  3.60s/it]v0single_obj_place:  30%|███       | 61/200 [03:40<08:19,  3.59s/it]v0single_obj_place:  31%|███       | 62/200 [03:44<08:15,  3.59s/it]v0single_obj_place:  32%|███▏      | 63/200 [03:47<08:13,  3.60s/it]v0single_obj_place:  32%|███▏      | 64/200 [03:51<08:07,  3.59s/it]v0single_obj_place:  32%|███▎      | 65/200 [03:55<08:05,  3.60s/it]v0single_obj_place:  33%|███▎      | 66/200 [03:58<08:03,  3.61s/it]v0single_obj_place:  34%|███▎      | 67/200 [04:02<08:01,  3.62s/it]v0single_obj_place:  34%|███▍      | 68/200 [04:05<07:54,  3.60s/it]v0single_obj_place:  34%|███▍      | 69/200 [04:09<07:52,  3.61s/it]v0single_obj_place:  35%|███▌      | 70/200 [04:13<07:48,  3.60s/it]v0single_obj_place:  36%|███▌      | 71/200 [04:16<07:43,  3.59s/it]v0single_obj_place:  36%|███▌      | 72/200 [04:20<07:37,  3.57s/it]v0single_obj_place:  36%|███▋      | 73/200 [04:23<07:35,  3.58s/it]v0single_obj_place:  37%|███▋      | 74/200 [04:27<07:32,  3.59s/it]v0single_obj_place:  38%|███▊      | 75/200 [04:31<07:27,  3.58s/it]v0single_obj_place:  38%|███▊      | 76/200 [04:34<07:26,  3.60s/it]v0single_obj_place:  38%|███▊      | 77/200 [04:38<07:24,  3.61s/it]v0single_obj_place:  39%|███▉      | 78/200 [04:41<07:22,  3.62s/it]v0single_obj_place:  40%|███▉      | 79/200 [04:45<07:16,  3.61s/it]v0single_obj_place:  40%|████      | 80/200 [04:49<07:14,  3.62s/it]v0single_obj_place:  40%|████      | 81/200 [04:52<07:11,  3.62s/it]v0single_obj_place:  41%|████      | 82/200 [04:56<07:05,  3.60s/it]v0single_obj_place:  42%|████▏     | 83/200 [04:59<07:02,  3.61s/it]v0single_obj_place:  42%|████▏     | 84/200 [05:03<06:58,  3.61s/it]v0single_obj_place:  42%|████▎     | 85/200 [05:07<06:55,  3.62s/it]v0single_obj_place:  43%|████▎     | 86/200 [05:10<06:50,  3.60s/it]v0single_obj_place:  44%|████▎     | 87/200 [05:14<06:48,  3.62s/it]v0single_obj_place:  44%|████▍     | 88/200 [05:18<06:46,  3.63s/it]v0single_obj_place:  44%|████▍     | 89/200 [05:21<06:42,  3.63s/it]v0single_obj_place:  45%|████▌     | 90/200 [05:25<06:36,  3.60s/it]v0single_obj_place:  46%|████▌     | 91/200 [05:28<06:33,  3.61s/it]v0single_obj_place:  46%|████▌     | 92/200 [05:32<06:29,  3.61s/it]v0single_obj_place:  46%|████▋     | 93/200 [05:36<06:24,  3.59s/it]v0single_obj_place:  47%|████▋     | 94/200 [05:39<06:20,  3.59s/it]v0single_obj_place:  48%|████▊     | 95/200 [05:43<06:18,  3.60s/it]v0single_obj_place:  48%|████▊     | 96/200 [05:46<06:15,  3.61s/it]v0single_obj_place:  48%|████▊     | 97/200 [05:50<06:09,  3.59s/it]v0single_obj_place:  49%|████▉     | 98/200 [05:54<06:07,  3.60s/it]v0single_obj_place:  50%|████▉     | 99/200 [05:57<06:04,  3.61s/it]v0single_obj_place:  50%|█████     | 100/200 [06:01<06:02,  3.62s/it]v0single_obj_place:  50%|█████     | 101/200 [06:04<05:57,  3.61s/it]v0single_obj_place:  51%|█████     | 102/200 [06:08<05:54,  3.61s/it]v0single_obj_place:  52%|█████▏    | 103/200 [06:12<05:49,  3.60s/it]v0single_obj_place:  52%|█████▏    | 104/200 [06:15<05:43,  3.58s/it]v0single_obj_place:  52%|█████▎    | 105/200 [06:19<05:40,  3.58s/it]v0single_obj_place:  53%|█████▎    | 106/200 [06:22<05:37,  3.59s/it]v0single_obj_place:  54%|█████▎    | 107/200 [06:26<05:35,  3.60s/it]v0single_obj_place:  54%|█████▍    | 108/200 [06:30<05:29,  3.58s/it]v0single_obj_place:  55%|█████▍    | 109/200 [06:33<05:28,  3.60s/it]v0single_obj_place:  55%|█████▌    | 110/200 [06:37<05:25,  3.62s/it]v0single_obj_place:  56%|█████▌    | 111/200 [06:40<05:22,  3.62s/it]v0single_obj_place:  56%|█████▌    | 112/200 [06:44<05:17,  3.61s/it]v0single_obj_place:  56%|█████▋    | 113/200 [06:48<05:13,  3.60s/it]v0single_obj_place:  57%|█████▋    | 114/200 [06:51<05:09,  3.60s/it]v0single_obj_place:  57%|█████▊    | 115/200 [06:55<05:05,  3.59s/it]v0single_obj_place:  58%|█████▊    | 116/200 [06:58<05:03,  3.61s/it]v0single_obj_place:  58%|█████▊    | 117/200 [07:02<05:00,  3.62s/it]v0single_obj_place:  59%|█████▉    | 118/200 [07:06<04:57,  3.63s/it]v0single_obj_place:  60%|█████▉    | 119/200 [07:09<04:51,  3.60s/it]v0single_obj_place:  60%|██████    | 120/200 [07:13<04:48,  3.61s/it]v0single_obj_place:  60%|██████    | 121/200 [07:17<04:46,  3.62s/it]v0single_obj_place:  61%|██████    | 122/200 [07:20<04:43,  3.63s/it]v0single_obj_place:  62%|██████▏   | 123/200 [07:24<04:36,  3.59s/it]v0single_obj_place:  62%|██████▏   | 124/200 [07:27<04:33,  3.60s/it]v0single_obj_place:  62%|██████▎   | 125/200 [07:31<04:30,  3.61s/it]v0single_obj_place:  63%|██████▎   | 126/200 [07:35<04:25,  3.59s/it]v0single_obj_place:  64%|██████▎   | 127/200 [07:38<04:23,  3.61s/it]v0single_obj_place:  64%|██████▍   | 128/200 [07:42<04:20,  3.62s/it]v0single_obj_place:  64%|██████▍   | 129/200 [07:45<04:17,  3.63s/it]v0single_obj_place:  65%|██████▌   | 130/200 [07:49<04:12,  3.61s/it]v0single_obj_place:  66%|██████▌   | 131/200 [07:52<04:03,  3.53s/it]v0single_obj_place:  66%|██████▌   | 132/200 [07:56<04:02,  3.56s/it]v0single_obj_place:  66%|██████▋   | 133/200 [08:00<04:00,  3.58s/it]v0single_obj_place:  67%|██████▋   | 134/200 [08:03<03:56,  3.59s/it]v0single_obj_place:  68%|██████▊   | 135/200 [08:07<03:52,  3.58s/it]v0single_obj_place:  68%|██████▊   | 136/200 [08:10<03:49,  3.59s/it]v0single_obj_place:  68%|██████▊   | 137/200 [08:14<03:45,  3.58s/it]v0single_obj_place:  69%|██████▉   | 138/200 [08:18<03:42,  3.59s/it]v0single_obj_place:  70%|██████▉   | 139/200 [08:21<03:40,  3.61s/it]v0single_obj_place:  70%|███████   | 140/200 [08:25<03:37,  3.62s/it]v0single_obj_place:  70%|███████   | 141/200 [08:28<03:32,  3.60s/it]v0single_obj_place:  71%|███████   | 142/200 [08:32<03:29,  3.62s/it]v0single_obj_place:  72%|███████▏  | 143/200 [08:36<03:26,  3.63s/it]v0single_obj_place:  72%|███████▏  | 144/200 [08:39<03:23,  3.63s/it]v0single_obj_place:  72%|███████▎  | 145/200 [08:43<03:17,  3.60s/it]v0single_obj_place:  73%|███████▎  | 146/200 [08:47<03:14,  3.60s/it]v0single_obj_place:  74%|███████▎  | 147/200 [08:50<03:11,  3.61s/it]v0single_obj_place:  74%|███████▍  | 148/200 [08:54<03:06,  3.59s/it]v0single_obj_place:  74%|███████▍  | 149/200 [08:57<03:04,  3.61s/it]v0single_obj_place:  75%|███████▌  | 150/200 [09:01<03:00,  3.62s/it]v0single_obj_place:  76%|███████▌  | 151/200 [09:05<02:57,  3.63s/it]v0single_obj_place:  76%|███████▌  | 152/200 [09:08<02:53,  3.61s/it]v0single_obj_place:  76%|███████▋  | 153/200 [09:12<02:50,  3.62s/it]v0single_obj_place:  77%|███████▋  | 154/200 [09:16<02:46,  3.63s/it]v0single_obj_place:  78%|███████▊  | 155/200 [09:19<02:43,  3.63s/it]v0single_obj_place:  78%|███████▊  | 156/200 [09:23<02:37,  3.59s/it]v0single_obj_place:  78%|███████▊  | 157/200 [09:26<02:34,  3.59s/it]v0single_obj_place:  79%|███████▉  | 158/200 [09:30<02:31,  3.60s/it]v0single_obj_place:  80%|███████▉  | 159/200 [09:33<02:26,  3.58s/it]v0single_obj_place:  80%|████████  | 160/200 [09:37<02:24,  3.61s/it]v0single_obj_place:  80%|████████  | 161/200 [09:41<02:20,  3.61s/it]v0single_obj_place:  81%|████████  | 162/200 [09:44<02:17,  3.62s/it]v0single_obj_place:  82%|████████▏ | 163/200 [09:48<02:13,  3.61s/it]v0single_obj_place:  82%|████████▏ | 164/200 [09:52<02:10,  3.62s/it]v0single_obj_place:  82%|████████▎ | 165/200 [09:55<02:06,  3.63s/it]v0single_obj_place:  83%|████████▎ | 166/200 [09:59<02:03,  3.63s/it]v0single_obj_place:  84%|████████▎ | 167/200 [10:02<01:58,  3.60s/it]v0single_obj_place:  84%|████████▍ | 168/200 [10:06<01:55,  3.60s/it]v0single_obj_place:  84%|████████▍ | 169/200 [10:10<01:51,  3.61s/it]v0single_obj_place:  85%|████████▌ | 170/200 [10:13<01:48,  3.60s/it]v0single_obj_place:  86%|████████▌ | 171/200 [10:17<01:45,  3.62s/it]v0single_obj_place:  86%|████████▌ | 172/200 [10:21<01:41,  3.63s/it]v0single_obj_place:  86%|████████▋ | 173/200 [10:24<01:38,  3.63s/it]v0single_obj_place:  87%|████████▋ | 174/200 [10:28<01:33,  3.61s/it]v0single_obj_place:  88%|████████▊ | 175/200 [10:31<01:30,  3.62s/it]v0single_obj_place:  88%|████████▊ | 176/200 [10:35<01:27,  3.64s/it]v0single_obj_place:  88%|████████▊ | 177/200 [10:39<01:23,  3.61s/it]v0single_obj_place:  89%|████████▉ | 178/200 [10:42<01:19,  3.60s/it]v0single_obj_place:  90%|████████▉ | 179/200 [10:46<01:15,  3.61s/it]v0single_obj_place:  90%|█████████ | 180/200 [10:49<01:12,  3.61s/it]v0single_obj_place:  90%|█████████ | 181/200 [10:53<01:08,  3.60s/it]v0single_obj_place:  91%|█████████ | 182/200 [10:57<01:04,  3.61s/it]v0single_obj_place:  92%|█████████▏| 183/200 [11:00<01:01,  3.62s/it]v0single_obj_place:  92%|█████████▏| 184/200 [11:04<00:58,  3.63s/it]v0single_obj_place:  92%|█████████▎| 185/200 [11:07<00:54,  3.61s/it]v0single_obj_place:  93%|█████████▎| 186/200 [11:11<00:50,  3.62s/it]v0single_obj_place:  94%|█████████▎| 187/200 [11:15<00:46,  3.60s/it]v0single_obj_place:  94%|█████████▍| 188/200 [11:18<00:43,  3.58s/it]v0single_obj_place:  94%|█████████▍| 189/200 [11:22<00:39,  3.59s/it]v0single_obj_place:  95%|█████████▌| 190/200 [11:25<00:35,  3.60s/it]v0single_obj_place:  96%|█████████▌| 191/200 [11:29<00:32,  3.61s/it]v0single_obj_place:  96%|█████████▌| 192/200 [11:33<00:28,  3.59s/it]v0single_obj_place:  96%|█████████▋| 193/200 [11:36<00:25,  3.60s/it]v0single_obj_place:  97%|█████████▋| 194/200 [11:40<00:21,  3.61s/it]v0single_obj_place:  98%|█████████▊| 195/200 [11:44<00:18,  3.62s/it]v0single_obj_place:  98%|█████████▊| 196/200 [11:47<00:14,  3.61s/it]v0single_obj_place:  98%|█████████▊| 197/200 [11:51<00:10,  3.62s/it]v0single_obj_place:  99%|█████████▉| 198/200 [11:54<00:07,  3.61s/it]v0single_obj_place: 100%|█████████▉| 199/200 [11:58<00:03,  3.60s/it]v0single_obj_place: 100%|██████████| 200/200 [12:02<00:00,  3.61s/it]v0single_obj_place: 100%|██████████| 200/200 [12:02<00:00,  3.61s/it]

=== Variant-0 Δ flip (SINGLE L=20): obj_place ===
Baseline: 71.0%
    opposite: flip=9.5% unchanged=46.0% other=44.5%
     perp_cw: flip=21.5% unchanged=59.0% other=19.5%
    perp_ccw: flip=32.5% unchanged=55.5% other=12.0%
[SAVED] /data/takhyun03/project/2026/vlm_direction/cross-modal-info/analysis/factorial_experiment/results/variant0_flip_obj_place_single_L20.json
