Special tokens have been added in the vocabulary, make sure the associated word embeddings are fine-tuned or trained.
You are using a model of type llava to instantiate a model of type llava_qwen. This is not supported for all configurations of models and can yield errors.
You are using a model of type llava to instantiate a model of type llava_qwen. This is not supported for all configurations of models and can yield errors.
Special tokens have been added in the vocabulary, make sure the associated word embeddings are fine-tuned or trained.
/data/takhyun03/anaconda3/envs/lmms_llavavideo/lib/python3.11/site-packages/torch/nn/modules/module.py:2025: UserWarning: for vision_model.embeddings.patch_embedding.weight: copying from a non-meta parameter in the checkpoint to a meta parameter in the current model, which is a no-op. (Did you mean to pass `assign=True` to assign items in the state dictionary to their corresponding key in the module instead of copying them in place?)
  warnings.warn(f'for {key}: copying from a non-meta parameter in the checkpoint to a meta '
/data/takhyun03/anaconda3/envs/lmms_llavavideo/lib/python3.11/site-packages/torch/nn/modules/module.py:2025: UserWarning: for vision_model.embeddings.patch_embedding.bias: copying from a non-meta parameter in the checkpoint to a meta parameter in the current model, which is a no-op. (Did you mean to pass `assign=True` to assign items in the state dictionary to their corresponding key in the module instead of copying them in place?)
  warnings.warn(f'for {key}: copying from a non-meta parameter in the checkpoint to a meta '
/data/takhyun03/anaconda3/envs/lmms_llavavideo/lib/python3.11/site-packages/torch/nn/modules/module.py:2025: UserWarning: for vision_model.embeddings.position_embedding.weight: copying from a non-meta parameter in the checkpoint to a meta parameter in the current model, which is a no-op. (Did you mean to pass `assign=True` to assign items in the state dictionary to their corresponding key in the module instead of copying them in place?)
  warnings.warn(f'for {key}: copying from a non-meta parameter in the checkpoint to a meta '
/data/takhyun03/anaconda3/envs/lmms_llavavideo/lib/python3.11/site-packages/torch/nn/modules/module.py:2025: UserWarning: for vision_model.encoder.layers.0.self_attn.k_proj.weight: copying from a non-meta parameter in the checkpoint to a meta parameter in the current model, which is a no-op. (Did you mean to pass `assign=True` to assign items in the state dictionary to their corresponding key in the module instead of copying them in place?)
  warnings.warn(f'for {key}: copying from a non-meta parameter in the checkpoint to a meta '
/data/takhyun03/anaconda3/envs/lmms_llavavideo/lib/python3.11/site-packages/torch/nn/modules/module.py:2025: UserWarning: for vision_model.encoder.layers.0.self_attn.k_proj.bias: copying from a non-meta parameter in the checkpoint to a meta parameter in the current model, which is a no-op. (Did you mean to pass `assign=True` to assign items in the state dictionary to their corresponding key in the module instead of copying them in place?)
  warnings.warn(f'for {key}: copying from a non-meta parameter in the checkpoint to a meta '
/data/takhyun03/anaconda3/envs/lmms_llavavideo/lib/python3.11/site-packages/torch/nn/modules/module.py:2025: UserWarning: for vision_model.encoder.layers.0.self_attn.v_proj.weight: copying from a non-meta parameter in the checkpoint to a meta parameter in the current model, which is a no-op. (Did you mean to pass `assign=True` to assign items in the state dictionary to their corresponding key in the module instead of copying them in place?)
  warnings.warn(f'for {key}: copying from a non-meta parameter in the checkpoint to a meta '
/data/takhyun03/anaconda3/envs/lmms_llavavideo/lib/python3.11/site-packages/torch/nn/modules/module.py:2025: UserWarning: for vision_model.encoder.layers.0.self_attn.v_proj.bias: copying from a non-meta parameter in the checkpoint to a meta parameter in the current model, which is a no-op. (Did you mean to pass `assign=True` to assign items in the state dictionary to their corresponding key in the module instead of copying them in place?)
  warnings.warn(f'for {key}: copying from a non-meta parameter in the checkpoint to a meta '
/data/takhyun03/anaconda3/envs/lmms_llavavideo/lib/python3.11/site-packages/torch/nn/modules/module.py:2025: UserWarning: for vision_model.encoder.layers.0.self_attn.q_proj.weight: copying from a non-meta parameter in the checkpoint to a meta parameter in the current model, which is a no-op. (Did you mean to pass `assign=True` to assign items in the state dictionary to their corresponding key in the module instead of copying them in place?)
  warnings.warn(f'for {key}: copying from a non-meta parameter in the checkpoint to a meta '
/data/takhyun03/anaconda3/envs/lmms_llavavideo/lib/python3.11/site-packages/torch/nn/modules/module.py:2025: UserWarning: for vision_model.encoder.layers.0.self_attn.q_proj.bias: copying from a non-meta parameter in the checkpoint to a meta parameter in the current model, which is a no-op. (Did you mean to pass `assign=True` to assign items in the state dictionary to their corresponding key in the module instead of copying them in place?)
  warnings.warn(f'for {key}: copying from a non-meta parameter in the checkpoint to a meta '
/data/takhyun03/anaconda3/envs/lmms_llavavideo/lib/python3.11/site-packages/torch/nn/modules/module.py:2025: UserWarning: for vision_model.encoder.layers.0.self_attn.out_proj.weight: copying from a non-meta parameter in the checkpoint to a meta parameter in the current model, which is a no-op. (Did you mean to pass `assign=True` to assign items in the state dictionary to their corresponding key in the module instead of copying them in place?)
  warnings.warn(f'for {key}: copying from a non-meta parameter in the checkpoint to a meta '
/data/takhyun03/anaconda3/envs/lmms_llavavideo/lib/python3.11/site-packages/torch/nn/modules/module.py:2025: UserWarning: for vision_model.encoder.layers.0.self_attn.out_proj.bias: copying from a non-meta parameter in the checkpoint to a meta parameter in the current model, which is a no-op. (Did you mean to pass `assign=True` to assign items in the state dictionary to their corresponding key in the module instead of copying them in place?)
  warnings.warn(f'for {key}: copying from a non-meta parameter in the checkpoint to a meta '
/data/takhyun03/anaconda3/envs/lmms_llavavideo/lib/python3.11/site-packages/torch/nn/modules/module.py:2025: UserWarning: for vision_model.encoder.layers.0.layer_norm1.weight: copying from a non-meta parameter in the checkpoint to a meta parameter in the current model, which is a no-op. (Did you mean to pass `assign=True` to assign items in the state dictionary to their corresponding key in the module instead of copying them in place?)
  warnings.warn(f'for {key}: copying from a non-meta parameter in the checkpoint to a meta '
/data/takhyun03/anaconda3/envs/lmms_llavavideo/lib/python3.11/site-packages/torch/nn/modules/module.py:2025: UserWarning: for vision_model.encoder.layers.0.layer_norm1.bias: copying from a non-meta parameter in the checkpoint to a meta parameter in the current model, which is a no-op. (Did you mean to pass `assign=True` to assign items in the state dictionary to their corresponding key in the module instead of copying them in place?)
  warnings.warn(f'for {key}: copying from a non-meta parameter in the checkpoint to a meta '
/data/takhyun03/anaconda3/envs/lmms_llavavideo/lib/python3.11/site-packages/torch/nn/modules/module.py:2025: UserWarning: for vision_model.encoder.layers.0.mlp.fc1.weight: copying from a non-meta parameter in the checkpoint to a meta parameter in the current model, which is a no-op. (Did you mean to pass `assign=True` to assign items in the state dictionary to their corresponding key in the module instead of copying them in place?)
  warnings.warn(f'for {key}: copying from a non-meta parameter in the checkpoint to a meta '
/data/takhyun03/anaconda3/envs/lmms_llavavideo/lib/python3.11/site-packages/torch/nn/modules/module.py:2025: UserWarning: for vision_model.encoder.layers.0.mlp.fc1.bias: copying from a non-meta parameter in the checkpoint to a meta parameter in the current model, which is a no-op. (Did you mean to pass `assign=True` to assign items in the state dictionary to their corresponding key in the module instead of copying them in place?)
  warnings.warn(f'for {key}: copying from a non-meta parameter in the checkpoint to a meta '
/data/takhyun03/anaconda3/envs/lmms_llavavideo/lib/python3.11/site-packages/torch/nn/modules/module.py:2025: UserWarning: for vision_model.encoder.layers.0.mlp.fc2.weight: copying from a non-meta parameter in the checkpoint to a meta parameter in the current model, which is a no-op. (Did you mean to pass `assign=True` to assign items in the state dictionary to their corresponding key in the module instead of copying them in place?)
  warnings.warn(f'for {key}: copying from a non-meta parameter in the checkpoint to a meta '
/data/takhyun03/anaconda3/envs/lmms_llavavideo/lib/python3.11/site-packages/torch/nn/modules/module.py:2025: UserWarning: for vision_model.encoder.layers.0.mlp.fc2.bias: copying from a non-meta parameter in the checkpoint to a meta parameter in the current model, which is a no-op. (Did you mean to pass `assign=True` to assign items in the state dictionary to their corresponding key in the module instead of copying them in place?)
  warnings.warn(f'for {key}: copying from a non-meta parameter in the checkpoint to a meta '
/data/takhyun03/anaconda3/envs/lmms_llavavideo/lib/python3.11/site-packages/torch/nn/modules/module.py:2025: UserWarning: for vision_model.encoder.layers.0.layer_norm2.weight: copying from a non-meta parameter in the checkpoint to a meta parameter in the current model, which is a no-op. (Did you mean to pass `assign=True` to assign items in the state dictionary to their corresponding key in the module instead of copying them in place?)
  warnings.warn(f'for {key}: copying from a non-meta parameter in the checkpoint to a meta '
/data/takhyun03/anaconda3/envs/lmms_llavavideo/lib/python3.11/site-packages/torch/nn/modules/module.py:2025: UserWarning: for vision_model.encoder.layers.0.layer_norm2.bias: copying from a non-meta parameter in the checkpoint to a meta parameter in the current model, which is a no-op. (Did you mean to pass `assign=True` to assign items in the state dictionary to their corresponding key in the module instead of copying them in place?)
  warnings.warn(f'for {key}: copying from a non-meta parameter in the checkpoint to a meta '
/data/takhyun03/anaconda3/envs/lmms_llavavideo/lib/python3.11/site-packages/torch/nn/modules/module.py:2025: UserWarning: for vision_model.encoder.layers.1.self_attn.k_proj.weight: copying from a non-meta parameter in the checkpoint to a meta parameter in the current model, which is a no-op. (Did you mean to pass `assign=True` to assign items in the state dictionary to their corresponding key in the module instead of copying them in place?)
  warnings.warn(f'for {key}: copying from a non-meta parameter in the checkpoint to a meta '
/data/takhyun03/anaconda3/envs/lmms_llavavideo/lib/python3.11/site-packages/torch/nn/modules/module.py:2025: UserWarning: for vision_model.encoder.layers.1.self_attn.k_proj.bias: copying from a non-meta parameter in the checkpoint to a meta parameter in the current model, which is a no-op. (Did you mean to pass `assign=True` to assign items in the state dictionary to their corresponding key in the module instead of copying them in place?)
  warnings.warn(f'for {key}: copying from a non-meta parameter in the checkpoint to a meta '
/data/takhyun03/anaconda3/envs/lmms_llavavideo/lib/python3.11/site-packages/torch/nn/modules/module.py:2025: UserWarning: for vision_model.encoder.layers.1.self_attn.v_proj.weight: copying from a non-meta parameter in the checkpoint to a meta parameter in the current model, which is a no-op. (Did you mean to pass `assign=True` to assign items in the state dictionary to their corresponding key in the module instead of copying them in place?)
  warnings.warn(f'for {key}: copying from a non-meta parameter in the checkpoint to a meta '
/data/takhyun03/anaconda3/envs/lmms_llavavideo/lib/python3.11/site-packages/torch/nn/modules/module.py:2025: UserWarning: for vision_model.encoder.layers.1.self_attn.v_proj.bias: copying from a non-meta parameter in the checkpoint to a meta parameter in the current model, which is a no-op. (Did you mean to pass `assign=True` to assign items in the state dictionary to their corresponding key in the module instead of copying them in place?)
  warnings.warn(f'for {key}: copying from a non-meta parameter in the checkpoint to a meta '
/data/takhyun03/anaconda3/envs/lmms_llavavideo/lib/python3.11/site-packages/torch/nn/modules/module.py:2025: UserWarning: for vision_model.encoder.layers.1.self_attn.q_proj.weight: copying from a non-meta parameter in the checkpoint to a meta parameter in the current model, which is a no-op. (Did you mean to pass `assign=True` to assign items in the state dictionary to their corresponding key in the module instead of copying them in place?)
  warnings.warn(f'for {key}: copying from a non-meta parameter in the checkpoint to a meta '
/data/takhyun03/anaconda3/envs/lmms_llavavideo/lib/python3.11/site-packages/torch/nn/modules/module.py:2025: UserWarning: for vision_model.encoder.layers.1.self_attn.q_proj.bias: copying from a non-meta parameter in the checkpoint to a meta parameter in the current model, which is a no-op. (Did you mean to pass `assign=True` to assign items in the state dictionary to their corresponding key in the module instead of copying them in place?)
  warnings.warn(f'for {key}: copying from a non-meta parameter in the checkpoint to a meta '
/data/takhyun03/anaconda3/envs/lmms_llavavideo/lib/python3.11/site-packages/torch/nn/modules/module.py:2025: UserWarning: for vision_model.encoder.layers.1.self_attn.out_proj.weight: copying from a non-meta parameter in the checkpoint to a meta parameter in the current model, which is a no-op. (Did you mean to pass `assign=True` to assign items in the state dictionary to their corresponding key in the module instead of copying them in place?)
  warnings.warn(f'for {key}: copying from a non-meta parameter in the checkpoint to a meta '
/data/takhyun03/anaconda3/envs/lmms_llavavideo/lib/python3.11/site-packages/torch/nn/modules/module.py:2025: UserWarning: for vision_model.encoder.layers.1.self_attn.out_proj.bias: copying from a non-meta parameter in the checkpoint to a meta parameter in the current model, which is a no-op. (Did you mean to pass `assign=True` to assign items in the state dictionary to their corresponding key in the module instead of copying them in place?)
  warnings.warn(f'for {key}: copying from a non-meta parameter in the checkpoint to a meta '
/data/takhyun03/anaconda3/envs/lmms_llavavideo/lib/python3.11/site-packages/torch/nn/modules/module.py:2025: UserWarning: for vision_model.encoder.layers.1.layer_norm1.weight: copying from a non-meta parameter in the checkpoint to a meta parameter in the current model, which is a no-op. (Did you mean to pass `assign=True` to assign items in the state dictionary to their corresponding key in the module instead of copying them in place?)
  warnings.warn(f'for {key}: copying from a non-meta parameter in the checkpoint to a meta '
/data/takhyun03/anaconda3/envs/lmms_llavavideo/lib/python3.11/site-packages/torch/nn/modules/module.py:2025: UserWarning: for vision_model.encoder.layers.1.layer_norm1.bias: copying from a non-meta parameter in the checkpoint to a meta parameter in the current model, which is a no-op. (Did you mean to pass `assign=True` to assign items in the state dictionary to their corresponding key in the module instead of copying them in place?)
  warnings.warn(f'for {key}: copying from a non-meta parameter in the checkpoint to a meta '
/data/takhyun03/anaconda3/envs/lmms_llavavideo/lib/python3.11/site-packages/torch/nn/modules/module.py:2025: UserWarning: for vision_model.encoder.layers.1.mlp.fc1.weight: copying from a non-meta parameter in the checkpoint to a meta parameter in the current model, which is a no-op. (Did you mean to pass `assign=True` to assign items in the state dictionary to their corresponding key in the module instead of copying them in place?)
  warnings.warn(f'for {key}: copying from a non-meta parameter in the checkpoint to a meta '
/data/takhyun03/anaconda3/envs/lmms_llavavideo/lib/python3.11/site-packages/torch/nn/modules/module.py:2025: UserWarning: for vision_model.encoder.layers.1.mlp.fc1.bias: copying from a non-meta parameter in the checkpoint to a meta parameter in the current model, which is a no-op. (Did you mean to pass `assign=True` to assign items in the state dictionary to their corresponding key in the module instead of copying them in place?)
  warnings.warn(f'for {key}: copying from a non-meta parameter in the checkpoint to a meta '
/data/takhyun03/anaconda3/envs/lmms_llavavideo/lib/python3.11/site-packages/torch/nn/modules/module.py:2025: UserWarning: for vision_model.encoder.layers.1.mlp.fc2.weight: copying from a non-meta parameter in the checkpoint to a meta parameter in the current model, which is a no-op. (Did you mean to pass `assign=True` to assign items in the state dictionary to their corresponding key in the module instead of copying them in place?)
  warnings.warn(f'for {key}: copying from a non-meta parameter in the checkpoint to a meta '
/data/takhyun03/anaconda3/envs/lmms_llavavideo/lib/python3.11/site-packages/torch/nn/modules/module.py:2025: UserWarning: for vision_model.encoder.layers.1.mlp.fc2.bias: copying from a non-meta parameter in the checkpoint to a meta parameter in the current model, which is a no-op. (Did you mean to pass `assign=True` to assign items in the state dictionary to their corresponding key in the module instead of copying them in place?)
  warnings.warn(f'for {key}: copying from a non-meta parameter in the checkpoint to a meta '
/data/takhyun03/anaconda3/envs/lmms_llavavideo/lib/python3.11/site-packages/torch/nn/modules/module.py:2025: UserWarning: for vision_model.encoder.layers.1.layer_norm2.weight: copying from a non-meta parameter in the checkpoint to a meta parameter in the current model, which is a no-op. (Did you mean to pass `assign=True` to assign items in the state dictionary to their corresponding key in the module instead of copying them in place?)
  warnings.warn(f'for {key}: copying from a non-meta parameter in the checkpoint to a meta '
/data/takhyun03/anaconda3/envs/lmms_llavavideo/lib/python3.11/site-packages/torch/nn/modules/module.py:2025: UserWarning: for vision_model.encoder.layers.1.layer_norm2.bias: copying from a non-meta parameter in the checkpoint to a meta parameter in the current model, which is a no-op. (Did you mean to pass `assign=True` to assign items in the state dictionary to their corresponding key in the module instead of copying them in place?)
  warnings.warn(f'for {key}: copying from a non-meta parameter in the checkpoint to a meta '
/data/takhyun03/anaconda3/envs/lmms_llavavideo/lib/python3.11/site-packages/torch/nn/modules/module.py:2025: UserWarning: for vision_model.encoder.layers.2.self_attn.k_proj.weight: copying from a non-meta parameter in the checkpoint to a meta parameter in the current model, which is a no-op. (Did you mean to pass `assign=True` to assign items in the state dictionary to their corresponding key in the module instead of copying them in place?)
  warnings.warn(f'for {key}: copying from a non-meta parameter in the checkpoint to a meta '
/data/takhyun03/anaconda3/envs/lmms_llavavideo/lib/python3.11/site-packages/torch/nn/modules/module.py:2025: UserWarning: for vision_model.encoder.layers.2.self_attn.k_proj.bias: copying from a non-meta parameter in the checkpoint to a meta parameter in the current model, which is a no-op. (Did you mean to pass `assign=True` to assign items in the state dictionary to their corresponding key in the module instead of copying them in place?)
  warnings.warn(f'for {key}: copying from a non-meta parameter in the checkpoint to a meta '
/data/takhyun03/anaconda3/envs/lmms_llavavideo/lib/python3.11/site-packages/torch/nn/modules/module.py:2025: UserWarning: for vision_model.encoder.layers.2.self_attn.v_proj.weight: copying from a non-meta parameter in the checkpoint to a meta parameter in the current model, which is a no-op. (Did you mean to pass `assign=True` to assign items in the state dictionary to their corresponding key in the module instead of copying them in place?)
  warnings.warn(f'for {key}: copying from a non-meta parameter in the checkpoint to a meta '
/data/takhyun03/anaconda3/envs/lmms_llavavideo/lib/python3.11/site-packages/torch/nn/modules/module.py:2025: UserWarning: for vision_model.encoder.layers.2.self_attn.v_proj.bias: copying from a non-meta parameter in the checkpoint to a meta parameter in the current model, which is a no-op. (Did you mean to pass `assign=True` to assign items in the state dictionary to their corresponding key in the module instead of copying them in place?)
  warnings.warn(f'for {key}: copying from a non-meta parameter in the checkpoint to a meta '
/data/takhyun03/anaconda3/envs/lmms_llavavideo/lib/python3.11/site-packages/torch/nn/modules/module.py:2025: UserWarning: for vision_model.encoder.layers.2.self_attn.q_proj.weight: copying from a non-meta parameter in the checkpoint to a meta parameter in the current model, which is a no-op. (Did you mean to pass `assign=True` to assign items in the state dictionary to their corresponding key in the module instead of copying them in place?)
  warnings.warn(f'for {key}: copying from a non-meta parameter in the checkpoint to a meta '
/data/takhyun03/anaconda3/envs/lmms_llavavideo/lib/python3.11/site-packages/torch/nn/modules/module.py:2025: UserWarning: for vision_model.encoder.layers.2.self_attn.q_proj.bias: copying from a non-meta parameter in the checkpoint to a meta parameter in the current model, which is a no-op. (Did you mean to pass `assign=True` to assign items in the state dictionary to their corresponding key in the module instead of copying them in place?)
  warnings.warn(f'for {key}: copying from a non-meta parameter in the checkpoint to a meta '
/data/takhyun03/anaconda3/envs/lmms_llavavideo/lib/python3.11/site-packages/torch/nn/modules/module.py:2025: UserWarning: for vision_model.encoder.layers.2.self_attn.out_proj.weight: copying from a non-meta parameter in the checkpoint to a meta parameter in the current model, which is a no-op. (Did you mean to pass `assign=True` to assign items in the state dictionary to their corresponding key in the module instead of copying them in place?)
  warnings.warn(f'for {key}: copying from a non-meta parameter in the checkpoint to a meta '
/data/takhyun03/anaconda3/envs/lmms_llavavideo/lib/python3.11/site-packages/torch/nn/modules/module.py:2025: UserWarning: for vision_model.encoder.layers.2.self_attn.out_proj.bias: copying from a non-meta parameter in the checkpoint to a meta parameter in the current model, which is a no-op. (Did you mean to pass `assign=True` to assign items in the state dictionary to their corresponding key in the module instead of copying them in place?)
  warnings.warn(f'for {key}: copying from a non-meta parameter in the checkpoint to a meta '
/data/takhyun03/anaconda3/envs/lmms_llavavideo/lib/python3.11/site-packages/torch/nn/modules/module.py:2025: UserWarning: for vision_model.encoder.layers.2.layer_norm1.weight: copying from a non-meta parameter in the checkpoint to a meta parameter in the current model, which is a no-op. (Did you mean to pass `assign=True` to assign items in the state dictionary to their corresponding key in the module instead of copying them in place?)
  warnings.warn(f'for {key}: copying from a non-meta parameter in the checkpoint to a meta '
/data/takhyun03/anaconda3/envs/lmms_llavavideo/lib/python3.11/site-packages/torch/nn/modules/module.py:2025: UserWarning: for vision_model.encoder.layers.2.layer_norm1.bias: copying from a non-meta parameter in the checkpoint to a meta parameter in the current model, which is a no-op. (Did you mean to pass `assign=True` to assign items in the state dictionary to their corresponding key in the module instead of copying them in place?)
  warnings.warn(f'for {key}: copying from a non-meta parameter in the checkpoint to a meta '
/data/takhyun03/anaconda3/envs/lmms_llavavideo/lib/python3.11/site-packages/torch/nn/modules/module.py:2025: UserWarning: for vision_model.encoder.layers.2.mlp.fc1.weight: copying from a non-meta parameter in the checkpoint to a meta parameter in the current model, which is a no-op. (Did you mean to pass `assign=True` to assign items in the state dictionary to their corresponding key in the module instead of copying them in place?)
  warnings.warn(f'for {key}: copying from a non-meta parameter in the checkpoint to a meta '
/data/takhyun03/anaconda3/envs/lmms_llavavideo/lib/python3.11/site-packages/torch/nn/modules/module.py:2025: UserWarning: for vision_model.encoder.layers.2.mlp.fc1.bias: copying from a non-meta parameter in the checkpoint to a meta parameter in the current model, which is a no-op. (Did you mean to pass `assign=True` to assign items in the state dictionary to their corresponding key in the module instead of copying them in place?)
  warnings.warn(f'for {key}: copying from a non-meta parameter in the checkpoint to a meta '
/data/takhyun03/anaconda3/envs/lmms_llavavideo/lib/python3.11/site-packages/torch/nn/modules/module.py:2025: UserWarning: for vision_model.encoder.layers.2.mlp.fc2.weight: copying from a non-meta parameter in the checkpoint to a meta parameter in the current model, which is a no-op. (Did you mean to pass `assign=True` to assign items in the state dictionary to their corresponding key in the module instead of copying them in place?)
  warnings.warn(f'for {key}: copying from a non-meta parameter in the checkpoint to a meta '
/data/takhyun03/anaconda3/envs/lmms_llavavideo/lib/python3.11/site-packages/torch/nn/modules/module.py:2025: UserWarning: for vision_model.encoder.layers.2.mlp.fc2.bias: copying from a non-meta parameter in the checkpoint to a meta parameter in the current model, which is a no-op. (Did you mean to pass `assign=True` to assign items in the state dictionary to their corresponding key in the module instead of copying them in place?)
  warnings.warn(f'for {key}: copying from a non-meta parameter in the checkpoint to a meta '
/data/takhyun03/anaconda3/envs/lmms_llavavideo/lib/python3.11/site-packages/torch/nn/modules/module.py:2025: UserWarning: for vision_model.encoder.layers.2.layer_norm2.weight: copying from a non-meta parameter in the checkpoint to a meta parameter in the current model, which is a no-op. (Did you mean to pass `assign=True` to assign items in the state dictionary to their corresponding key in the module instead of copying them in place?)
  warnings.warn(f'for {key}: copying from a non-meta parameter in the checkpoint to a meta '
/data/takhyun03/anaconda3/envs/lmms_llavavideo/lib/python3.11/site-packages/torch/nn/modules/module.py:2025: UserWarning: for vision_model.encoder.layers.2.layer_norm2.bias: copying from a non-meta parameter in the checkpoint to a meta parameter in the current model, which is a no-op. (Did you mean to pass `assign=True` to assign items in the state dictionary to their corresponding key in the module instead of copying them in place?)
  warnings.warn(f'for {key}: copying from a non-meta parameter in the checkpoint to a meta '
/data/takhyun03/anaconda3/envs/lmms_llavavideo/lib/python3.11/site-packages/torch/nn/modules/module.py:2025: UserWarning: for vision_model.encoder.layers.3.self_attn.k_proj.weight: copying from a non-meta parameter in the checkpoint to a meta parameter in the current model, which is a no-op. (Did you mean to pass `assign=True` to assign items in the state dictionary to their corresponding key in the module instead of copying them in place?)
  warnings.warn(f'for {key}: copying from a non-meta parameter in the checkpoint to a meta '
/data/takhyun03/anaconda3/envs/lmms_llavavideo/lib/python3.11/site-packages/torch/nn/modules/module.py:2025: UserWarning: for vision_model.encoder.layers.3.self_attn.k_proj.bias: copying from a non-meta parameter in the checkpoint to a meta parameter in the current model, which is a no-op. (Did you mean to pass `assign=True` to assign items in the state dictionary to their corresponding key in the module instead of copying them in place?)
  warnings.warn(f'for {key}: copying from a non-meta parameter in the checkpoint to a meta '
/data/takhyun03/anaconda3/envs/lmms_llavavideo/lib/python3.11/site-packages/torch/nn/modules/module.py:2025: UserWarning: for vision_model.encoder.layers.3.self_attn.v_proj.weight: copying from a non-meta parameter in the checkpoint to a meta parameter in the current model, which is a no-op. (Did you mean to pass `assign=True` to assign items in the state dictionary to their corresponding key in the module instead of copying them in place?)
  warnings.warn(f'for {key}: copying from a non-meta parameter in the checkpoint to a meta '
/data/takhyun03/anaconda3/envs/lmms_llavavideo/lib/python3.11/site-packages/torch/nn/modules/module.py:2025: UserWarning: for vision_model.encoder.layers.3.self_attn.v_proj.bias: copying from a non-meta parameter in the checkpoint to a meta parameter in the current model, which is a no-op. (Did you mean to pass `assign=True` to assign items in the state dictionary to their corresponding key in the module instead of copying them in place?)
  warnings.warn(f'for {key}: copying from a non-meta parameter in the checkpoint to a meta '
/data/takhyun03/anaconda3/envs/lmms_llavavideo/lib/python3.11/site-packages/torch/nn/modules/module.py:2025: UserWarning: for vision_model.encoder.layers.3.self_attn.q_proj.weight: copying from a non-meta parameter in the checkpoint to a meta parameter in the current model, which is a no-op. (Did you mean to pass `assign=True` to assign items in the state dictionary to their corresponding key in the module instead of copying them in place?)
  warnings.warn(f'for {key}: copying from a non-meta parameter in the checkpoint to a meta '
/data/takhyun03/anaconda3/envs/lmms_llavavideo/lib/python3.11/site-packages/torch/nn/modules/module.py:2025: UserWarning: for vision_model.encoder.layers.3.self_attn.q_proj.bias: copying from a non-meta parameter in the checkpoint to a meta parameter in the current model, which is a no-op. (Did you mean to pass `assign=True` to assign items in the state dictionary to their corresponding key in the module instead of copying them in place?)
  warnings.warn(f'for {key}: copying from a non-meta parameter in the checkpoint to a meta '
/data/takhyun03/anaconda3/envs/lmms_llavavideo/lib/python3.11/site-packages/torch/nn/modules/module.py:2025: UserWarning: for vision_model.encoder.layers.3.self_attn.out_proj.weight: copying from a non-meta parameter in the checkpoint to a meta parameter in the current model, which is a no-op. (Did you mean to pass `assign=True` to assign items in the state dictionary to their corresponding key in the module instead of copying them in place?)
  warnings.warn(f'for {key}: copying from a non-meta parameter in the checkpoint to a meta '
/data/takhyun03/anaconda3/envs/lmms_llavavideo/lib/python3.11/site-packages/torch/nn/modules/module.py:2025: UserWarning: for vision_model.encoder.layers.3.self_attn.out_proj.bias: copying from a non-meta parameter in the checkpoint to a meta parameter in the current model, which is a no-op. (Did you mean to pass `assign=True` to assign items in the state dictionary to their corresponding key in the module instead of copying them in place?)
  warnings.warn(f'for {key}: copying from a non-meta parameter in the checkpoint to a meta '
/data/takhyun03/anaconda3/envs/lmms_llavavideo/lib/python3.11/site-packages/torch/nn/modules/module.py:2025: UserWarning: for vision_model.encoder.layers.3.layer_norm1.weight: copying from a non-meta parameter in the checkpoint to a meta parameter in the current model, which is a no-op. (Did you mean to pass `assign=True` to assign items in the state dictionary to their corresponding key in the module instead of copying them in place?)
  warnings.warn(f'for {key}: copying from a non-meta parameter in the checkpoint to a meta '
/data/takhyun03/anaconda3/envs/lmms_llavavideo/lib/python3.11/site-packages/torch/nn/modules/module.py:2025: UserWarning: for vision_model.encoder.layers.3.layer_norm1.bias: copying from a non-meta parameter in the checkpoint to a meta parameter in the current model, which is a no-op. (Did you mean to pass `assign=True` to assign items in the state dictionary to their corresponding key in the module instead of copying them in place?)
  warnings.warn(f'for {key}: copying from a non-meta parameter in the checkpoint to a meta '
/data/takhyun03/anaconda3/envs/lmms_llavavideo/lib/python3.11/site-packages/torch/nn/modules/module.py:2025: UserWarning: for vision_model.encoder.layers.3.mlp.fc1.weight: copying from a non-meta parameter in the checkpoint to a meta parameter in the current model, which is a no-op. (Did you mean to pass `assign=True` to assign items in the state dictionary to their corresponding key in the module instead of copying them in place?)
  warnings.warn(f'for {key}: copying from a non-meta parameter in the checkpoint to a meta '
/data/takhyun03/anaconda3/envs/lmms_llavavideo/lib/python3.11/site-packages/torch/nn/modules/module.py:2025: UserWarning: for vision_model.encoder.layers.3.mlp.fc1.bias: copying from a non-meta parameter in the checkpoint to a meta parameter in the current model, which is a no-op. (Did you mean to pass `assign=True` to assign items in the state dictionary to their corresponding key in the module instead of copying them in place?)
  warnings.warn(f'for {key}: copying from a non-meta parameter in the checkpoint to a meta '
/data/takhyun03/anaconda3/envs/lmms_llavavideo/lib/python3.11/site-packages/torch/nn/modules/module.py:2025: UserWarning: for vision_model.encoder.layers.3.mlp.fc2.weight: copying from a non-meta parameter in the checkpoint to a meta parameter in the current model, which is a no-op. (Did you mean to pass `assign=True` to assign items in the state dictionary to their corresponding key in the module instead of copying them in place?)
  warnings.warn(f'for {key}: copying from a non-meta parameter in the checkpoint to a meta '
/data/takhyun03/anaconda3/envs/lmms_llavavideo/lib/python3.11/site-packages/torch/nn/modules/module.py:2025: UserWarning: for vision_model.encoder.layers.3.mlp.fc2.bias: copying from a non-meta parameter in the checkpoint to a meta parameter in the current model, which is a no-op. (Did you mean to pass `assign=True` to assign items in the state dictionary to their corresponding key in the module instead of copying them in place?)
  warnings.warn(f'for {key}: copying from a non-meta parameter in the checkpoint to a meta '
/data/takhyun03/anaconda3/envs/lmms_llavavideo/lib/python3.11/site-packages/torch/nn/modules/module.py:2025: UserWarning: for vision_model.encoder.layers.3.layer_norm2.weight: copying from a non-meta parameter in the checkpoint to a meta parameter in the current model, which is a no-op. (Did you mean to pass `assign=True` to assign items in the state dictionary to their corresponding key in the module instead of copying them in place?)
  warnings.warn(f'for {key}: copying from a non-meta parameter in the checkpoint to a meta '
/data/takhyun03/anaconda3/envs/lmms_llavavideo/lib/python3.11/site-packages/torch/nn/modules/module.py:2025: UserWarning: for vision_model.encoder.layers.3.layer_norm2.bias: copying from a non-meta parameter in the checkpoint to a meta parameter in the current model, which is a no-op. (Did you mean to pass `assign=True` to assign items in the state dictionary to their corresponding key in the module instead of copying them in place?)
  warnings.warn(f'for {key}: copying from a non-meta parameter in the checkpoint to a meta '
/data/takhyun03/anaconda3/envs/lmms_llavavideo/lib/python3.11/site-packages/torch/nn/modules/module.py:2025: UserWarning: for vision_model.encoder.layers.4.self_attn.k_proj.weight: copying from a non-meta parameter in the checkpoint to a meta parameter in the current model, which is a no-op. (Did you mean to pass `assign=True` to assign items in the state dictionary to their corresponding key in the module instead of copying them in place?)
  warnings.warn(f'for {key}: copying from a non-meta parameter in the checkpoint to a meta '
/data/takhyun03/anaconda3/envs/lmms_llavavideo/lib/python3.11/site-packages/torch/nn/modules/module.py:2025: UserWarning: for vision_model.encoder.layers.4.self_attn.k_proj.bias: copying from a non-meta parameter in the checkpoint to a meta parameter in the current model, which is a no-op. (Did you mean to pass `assign=True` to assign items in the state dictionary to their corresponding key in the module instead of copying them in place?)
  warnings.warn(f'for {key}: copying from a non-meta parameter in the checkpoint to a meta '
/data/takhyun03/anaconda3/envs/lmms_llavavideo/lib/python3.11/site-packages/torch/nn/modules/module.py:2025: UserWarning: for vision_model.encoder.layers.4.self_attn.v_proj.weight: copying from a non-meta parameter in the checkpoint to a meta parameter in the current model, which is a no-op. (Did you mean to pass `assign=True` to assign items in the state dictionary to their corresponding key in the module instead of copying them in place?)
  warnings.warn(f'for {key}: copying from a non-meta parameter in the checkpoint to a meta '
/data/takhyun03/anaconda3/envs/lmms_llavavideo/lib/python3.11/site-packages/torch/nn/modules/module.py:2025: UserWarning: for vision_model.encoder.layers.4.self_attn.v_proj.bias: copying from a non-meta parameter in the checkpoint to a meta parameter in the current model, which is a no-op. (Did you mean to pass `assign=True` to assign items in the state dictionary to their corresponding key in the module instead of copying them in place?)
  warnings.warn(f'for {key}: copying from a non-meta parameter in the checkpoint to a meta '
/data/takhyun03/anaconda3/envs/lmms_llavavideo/lib/python3.11/site-packages/torch/nn/modules/module.py:2025: UserWarning: for vision_model.encoder.layers.4.self_attn.q_proj.weight: copying from a non-meta parameter in the checkpoint to a meta parameter in the current model, which is a no-op. (Did you mean to pass `assign=True` to assign items in the state dictionary to their corresponding key in the module instead of copying them in place?)
  warnings.warn(f'for {key}: copying from a non-meta parameter in the checkpoint to a meta '
/data/takhyun03/anaconda3/envs/lmms_llavavideo/lib/python3.11/site-packages/torch/nn/modules/module.py:2025: UserWarning: for vision_model.encoder.layers.4.self_attn.q_proj.bias: copying from a non-meta parameter in the checkpoint to a meta parameter in the current model, which is a no-op. (Did you mean to pass `assign=True` to assign items in the state dictionary to their corresponding key in the module instead of copying them in place?)
  warnings.warn(f'for {key}: copying from a non-meta parameter in the checkpoint to a meta '
/data/takhyun03/anaconda3/envs/lmms_llavavideo/lib/python3.11/site-packages/torch/nn/modules/module.py:2025: UserWarning: for vision_model.encoder.layers.4.self_attn.out_proj.weight: copying from a non-meta parameter in the checkpoint to a meta parameter in the current model, which is a no-op. (Did you mean to pass `assign=True` to assign items in the state dictionary to their corresponding key in the module instead of copying them in place?)
  warnings.warn(f'for {key}: copying from a non-meta parameter in the checkpoint to a meta '
/data/takhyun03/anaconda3/envs/lmms_llavavideo/lib/python3.11/site-packages/torch/nn/modules/module.py:2025: UserWarning: for vision_model.encoder.layers.4.self_attn.out_proj.bias: copying from a non-meta parameter in the checkpoint to a meta parameter in the current model, which is a no-op. (Did you mean to pass `assign=True` to assign items in the state dictionary to their corresponding key in the module instead of copying them in place?)
  warnings.warn(f'for {key}: copying from a non-meta parameter in the checkpoint to a meta '
/data/takhyun03/anaconda3/envs/lmms_llavavideo/lib/python3.11/site-packages/torch/nn/modules/module.py:2025: UserWarning: for vision_model.encoder.layers.4.layer_norm1.weight: copying from a non-meta parameter in the checkpoint to a meta parameter in the current model, which is a no-op. (Did you mean to pass `assign=True` to assign items in the state dictionary to their corresponding key in the module instead of copying them in place?)
  warnings.warn(f'for {key}: copying from a non-meta parameter in the checkpoint to a meta '
/data/takhyun03/anaconda3/envs/lmms_llavavideo/lib/python3.11/site-packages/torch/nn/modules/module.py:2025: UserWarning: for vision_model.encoder.layers.4.layer_norm1.bias: copying from a non-meta parameter in the checkpoint to a meta parameter in the current model, which is a no-op. (Did you mean to pass `assign=True` to assign items in the state dictionary to their corresponding key in the module instead of copying them in place?)
  warnings.warn(f'for {key}: copying from a non-meta parameter in the checkpoint to a meta '
/data/takhyun03/anaconda3/envs/lmms_llavavideo/lib/python3.11/site-packages/torch/nn/modules/module.py:2025: UserWarning: for vision_model.encoder.layers.4.mlp.fc1.weight: copying from a non-meta parameter in the checkpoint to a meta parameter in the current model, which is a no-op. (Did you mean to pass `assign=True` to assign items in the state dictionary to their corresponding key in the module instead of copying them in place?)
  warnings.warn(f'for {key}: copying from a non-meta parameter in the checkpoint to a meta '
/data/takhyun03/anaconda3/envs/lmms_llavavideo/lib/python3.11/site-packages/torch/nn/modules/module.py:2025: UserWarning: for vision_model.encoder.layers.4.mlp.fc1.bias: copying from a non-meta parameter in the checkpoint to a meta parameter in the current model, which is a no-op. (Did you mean to pass `assign=True` to assign items in the state dictionary to their corresponding key in the module instead of copying them in place?)
  warnings.warn(f'for {key}: copying from a non-meta parameter in the checkpoint to a meta '
/data/takhyun03/anaconda3/envs/lmms_llavavideo/lib/python3.11/site-packages/torch/nn/modules/module.py:2025: UserWarning: for vision_model.encoder.layers.4.mlp.fc2.weight: copying from a non-meta parameter in the checkpoint to a meta parameter in the current model, which is a no-op. (Did you mean to pass `assign=True` to assign items in the state dictionary to their corresponding key in the module instead of copying them in place?)
  warnings.warn(f'for {key}: copying from a non-meta parameter in the checkpoint to a meta '
/data/takhyun03/anaconda3/envs/lmms_llavavideo/lib/python3.11/site-packages/torch/nn/modules/module.py:2025: UserWarning: for vision_model.encoder.layers.4.mlp.fc2.bias: copying from a non-meta parameter in the checkpoint to a meta parameter in the current model, which is a no-op. (Did you mean to pass `assign=True` to assign items in the state dictionary to their corresponding key in the module instead of copying them in place?)
  warnings.warn(f'for {key}: copying from a non-meta parameter in the checkpoint to a meta '
/data/takhyun03/anaconda3/envs/lmms_llavavideo/lib/python3.11/site-packages/torch/nn/modules/module.py:2025: UserWarning: for vision_model.encoder.layers.4.layer_norm2.weight: copying from a non-meta parameter in the checkpoint to a meta parameter in the current model, which is a no-op. (Did you mean to pass `assign=True` to assign items in the state dictionary to their corresponding key in the module instead of copying them in place?)
  warnings.warn(f'for {key}: copying from a non-meta parameter in the checkpoint to a meta '
/data/takhyun03/anaconda3/envs/lmms_llavavideo/lib/python3.11/site-packages/torch/nn/modules/module.py:2025: UserWarning: for vision_model.encoder.layers.4.layer_norm2.bias: copying from a non-meta parameter in the checkpoint to a meta parameter in the current model, which is a no-op. (Did you mean to pass `assign=True` to assign items in the state dictionary to their corresponding key in the module instead of copying them in place?)
  warnings.warn(f'for {key}: copying from a non-meta parameter in the checkpoint to a meta '
/data/takhyun03/anaconda3/envs/lmms_llavavideo/lib/python3.11/site-packages/torch/nn/modules/module.py:2025: UserWarning: for vision_model.encoder.layers.5.self_attn.k_proj.weight: copying from a non-meta parameter in the checkpoint to a meta parameter in the current model, which is a no-op. (Did you mean to pass `assign=True` to assign items in the state dictionary to their corresponding key in the module instead of copying them in place?)
  warnings.warn(f'for {key}: copying from a non-meta parameter in the checkpoint to a meta '
/data/takhyun03/anaconda3/envs/lmms_llavavideo/lib/python3.11/site-packages/torch/nn/modules/module.py:2025: UserWarning: for vision_model.encoder.layers.5.self_attn.k_proj.bias: copying from a non-meta parameter in the checkpoint to a meta parameter in the current model, which is a no-op. (Did you mean to pass `assign=True` to assign items in the state dictionary to their corresponding key in the module instead of copying them in place?)
  warnings.warn(f'for {key}: copying from a non-meta parameter in the checkpoint to a meta '
/data/takhyun03/anaconda3/envs/lmms_llavavideo/lib/python3.11/site-packages/torch/nn/modules/module.py:2025: UserWarning: for vision_model.encoder.layers.5.self_attn.v_proj.weight: copying from a non-meta parameter in the checkpoint to a meta parameter in the current model, which is a no-op. (Did you mean to pass `assign=True` to assign items in the state dictionary to their corresponding key in the module instead of copying them in place?)
  warnings.warn(f'for {key}: copying from a non-meta parameter in the checkpoint to a meta '
/data/takhyun03/anaconda3/envs/lmms_llavavideo/lib/python3.11/site-packages/torch/nn/modules/module.py:2025: UserWarning: for vision_model.encoder.layers.5.self_attn.v_proj.bias: copying from a non-meta parameter in the checkpoint to a meta parameter in the current model, which is a no-op. (Did you mean to pass `assign=True` to assign items in the state dictionary to their corresponding key in the module instead of copying them in place?)
  warnings.warn(f'for {key}: copying from a non-meta parameter in the checkpoint to a meta '
/data/takhyun03/anaconda3/envs/lmms_llavavideo/lib/python3.11/site-packages/torch/nn/modules/module.py:2025: UserWarning: for vision_model.encoder.layers.5.self_attn.q_proj.weight: copying from a non-meta parameter in the checkpoint to a meta parameter in the current model, which is a no-op. (Did you mean to pass `assign=True` to assign items in the state dictionary to their corresponding key in the module instead of copying them in place?)
  warnings.warn(f'for {key}: copying from a non-meta parameter in the checkpoint to a meta '
/data/takhyun03/anaconda3/envs/lmms_llavavideo/lib/python3.11/site-packages/torch/nn/modules/module.py:2025: UserWarning: for vision_model.encoder.layers.5.self_attn.q_proj.bias: copying from a non-meta parameter in the checkpoint to a meta parameter in the current model, which is a no-op. (Did you mean to pass `assign=True` to assign items in the state dictionary to their corresponding key in the module instead of copying them in place?)
  warnings.warn(f'for {key}: copying from a non-meta parameter in the checkpoint to a meta '
/data/takhyun03/anaconda3/envs/lmms_llavavideo/lib/python3.11/site-packages/torch/nn/modules/module.py:2025: UserWarning: for vision_model.encoder.layers.5.self_attn.out_proj.weight: copying from a non-meta parameter in the checkpoint to a meta parameter in the current model, which is a no-op. (Did you mean to pass `assign=True` to assign items in the state dictionary to their corresponding key in the module instead of copying them in place?)
  warnings.warn(f'for {key}: copying from a non-meta parameter in the checkpoint to a meta '
/data/takhyun03/anaconda3/envs/lmms_llavavideo/lib/python3.11/site-packages/torch/nn/modules/module.py:2025: UserWarning: for vision_model.encoder.layers.5.self_attn.out_proj.bias: copying from a non-meta parameter in the checkpoint to a meta parameter in the current model, which is a no-op. (Did you mean to pass `assign=True` to assign items in the state dictionary to their corresponding key in the module instead of copying them in place?)
  warnings.warn(f'for {key}: copying from a non-meta parameter in the checkpoint to a meta '
/data/takhyun03/anaconda3/envs/lmms_llavavideo/lib/python3.11/site-packages/torch/nn/modules/module.py:2025: UserWarning: for vision_model.encoder.layers.5.layer_norm1.weight: copying from a non-meta parameter in the checkpoint to a meta parameter in the current model, which is a no-op. (Did you mean to pass `assign=True` to assign items in the state dictionary to their corresponding key in the module instead of copying them in place?)
  warnings.warn(f'for {key}: copying from a non-meta parameter in the checkpoint to a meta '
/data/takhyun03/anaconda3/envs/lmms_llavavideo/lib/python3.11/site-packages/torch/nn/modules/module.py:2025: UserWarning: for vision_model.encoder.layers.5.layer_norm1.bias: copying from a non-meta parameter in the checkpoint to a meta parameter in the current model, which is a no-op. (Did you mean to pass `assign=True` to assign items in the state dictionary to their corresponding key in the module instead of copying them in place?)
  warnings.warn(f'for {key}: copying from a non-meta parameter in the checkpoint to a meta '
/data/takhyun03/anaconda3/envs/lmms_llavavideo/lib/python3.11/site-packages/torch/nn/modules/module.py:2025: UserWarning: for vision_model.encoder.layers.5.mlp.fc1.weight: copying from a non-meta parameter in the checkpoint to a meta parameter in the current model, which is a no-op. (Did you mean to pass `assign=True` to assign items in the state dictionary to their corresponding key in the module instead of copying them in place?)
  warnings.warn(f'for {key}: copying from a non-meta parameter in the checkpoint to a meta '
/data/takhyun03/anaconda3/envs/lmms_llavavideo/lib/python3.11/site-packages/torch/nn/modules/module.py:2025: UserWarning: for vision_model.encoder.layers.5.mlp.fc1.bias: copying from a non-meta parameter in the checkpoint to a meta parameter in the current model, which is a no-op. (Did you mean to pass `assign=True` to assign items in the state dictionary to their corresponding key in the module instead of copying them in place?)
  warnings.warn(f'for {key}: copying from a non-meta parameter in the checkpoint to a meta '
/data/takhyun03/anaconda3/envs/lmms_llavavideo/lib/python3.11/site-packages/torch/nn/modules/module.py:2025: UserWarning: for vision_model.encoder.layers.5.mlp.fc2.weight: copying from a non-meta parameter in the checkpoint to a meta parameter in the current model, which is a no-op. (Did you mean to pass `assign=True` to assign items in the state dictionary to their corresponding key in the module instead of copying them in place?)
  warnings.warn(f'for {key}: copying from a non-meta parameter in the checkpoint to a meta '
/data/takhyun03/anaconda3/envs/lmms_llavavideo/lib/python3.11/site-packages/torch/nn/modules/module.py:2025: UserWarning: for vision_model.encoder.layers.5.mlp.fc2.bias: copying from a non-meta parameter in the checkpoint to a meta parameter in the current model, which is a no-op. (Did you mean to pass `assign=True` to assign items in the state dictionary to their corresponding key in the module instead of copying them in place?)
  warnings.warn(f'for {key}: copying from a non-meta parameter in the checkpoint to a meta '
/data/takhyun03/anaconda3/envs/lmms_llavavideo/lib/python3.11/site-packages/torch/nn/modules/module.py:2025: UserWarning: for vision_model.encoder.layers.5.layer_norm2.weight: copying from a non-meta parameter in the checkpoint to a meta parameter in the current model, which is a no-op. (Did you mean to pass `assign=True` to assign items in the state dictionary to their corresponding key in the module instead of copying them in place?)
  warnings.warn(f'for {key}: copying from a non-meta parameter in the checkpoint to a meta '
/data/takhyun03/anaconda3/envs/lmms_llavavideo/lib/python3.11/site-packages/torch/nn/modules/module.py:2025: UserWarning: for vision_model.encoder.layers.5.layer_norm2.bias: copying from a non-meta parameter in the checkpoint to a meta parameter in the current model, which is a no-op. (Did you mean to pass `assign=True` to assign items in the state dictionary to their corresponding key in the module instead of copying them in place?)
  warnings.warn(f'for {key}: copying from a non-meta parameter in the checkpoint to a meta '
/data/takhyun03/anaconda3/envs/lmms_llavavideo/lib/python3.11/site-packages/torch/nn/modules/module.py:2025: UserWarning: for vision_model.encoder.layers.6.self_attn.k_proj.weight: copying from a non-meta parameter in the checkpoint to a meta parameter in the current model, which is a no-op. (Did you mean to pass `assign=True` to assign items in the state dictionary to their corresponding key in the module instead of copying them in place?)
  warnings.warn(f'for {key}: copying from a non-meta parameter in the checkpoint to a meta '
/data/takhyun03/anaconda3/envs/lmms_llavavideo/lib/python3.11/site-packages/torch/nn/modules/module.py:2025: UserWarning: for vision_model.encoder.layers.6.self_attn.k_proj.bias: copying from a non-meta parameter in the checkpoint to a meta parameter in the current model, which is a no-op. (Did you mean to pass `assign=True` to assign items in the state dictionary to their corresponding key in the module instead of copying them in place?)
  warnings.warn(f'for {key}: copying from a non-meta parameter in the checkpoint to a meta '
/data/takhyun03/anaconda3/envs/lmms_llavavideo/lib/python3.11/site-packages/torch/nn/modules/module.py:2025: UserWarning: for vision_model.encoder.layers.6.self_attn.v_proj.weight: copying from a non-meta parameter in the checkpoint to a meta parameter in the current model, which is a no-op. (Did you mean to pass `assign=True` to assign items in the state dictionary to their corresponding key in the module instead of copying them in place?)
  warnings.warn(f'for {key}: copying from a non-meta parameter in the checkpoint to a meta '
/data/takhyun03/anaconda3/envs/lmms_llavavideo/lib/python3.11/site-packages/torch/nn/modules/module.py:2025: UserWarning: for vision_model.encoder.layers.6.self_attn.v_proj.bias: copying from a non-meta parameter in the checkpoint to a meta parameter in the current model, which is a no-op. (Did you mean to pass `assign=True` to assign items in the state dictionary to their corresponding key in the module instead of copying them in place?)
  warnings.warn(f'for {key}: copying from a non-meta parameter in the checkpoint to a meta '
/data/takhyun03/anaconda3/envs/lmms_llavavideo/lib/python3.11/site-packages/torch/nn/modules/module.py:2025: UserWarning: for vision_model.encoder.layers.6.self_attn.q_proj.weight: copying from a non-meta parameter in the checkpoint to a meta parameter in the current model, which is a no-op. (Did you mean to pass `assign=True` to assign items in the state dictionary to their corresponding key in the module instead of copying them in place?)
  warnings.warn(f'for {key}: copying from a non-meta parameter in the checkpoint to a meta '
/data/takhyun03/anaconda3/envs/lmms_llavavideo/lib/python3.11/site-packages/torch/nn/modules/module.py:2025: UserWarning: for vision_model.encoder.layers.6.self_attn.q_proj.bias: copying from a non-meta parameter in the checkpoint to a meta parameter in the current model, which is a no-op. (Did you mean to pass `assign=True` to assign items in the state dictionary to their corresponding key in the module instead of copying them in place?)
  warnings.warn(f'for {key}: copying from a non-meta parameter in the checkpoint to a meta '
/data/takhyun03/anaconda3/envs/lmms_llavavideo/lib/python3.11/site-packages/torch/nn/modules/module.py:2025: UserWarning: for vision_model.encoder.layers.6.self_attn.out_proj.weight: copying from a non-meta parameter in the checkpoint to a meta parameter in the current model, which is a no-op. (Did you mean to pass `assign=True` to assign items in the state dictionary to their corresponding key in the module instead of copying them in place?)
  warnings.warn(f'for {key}: copying from a non-meta parameter in the checkpoint to a meta '
/data/takhyun03/anaconda3/envs/lmms_llavavideo/lib/python3.11/site-packages/torch/nn/modules/module.py:2025: UserWarning: for vision_model.encoder.layers.6.self_attn.out_proj.bias: copying from a non-meta parameter in the checkpoint to a meta parameter in the current model, which is a no-op. (Did you mean to pass `assign=True` to assign items in the state dictionary to their corresponding key in the module instead of copying them in place?)
  warnings.warn(f'for {key}: copying from a non-meta parameter in the checkpoint to a meta '
/data/takhyun03/anaconda3/envs/lmms_llavavideo/lib/python3.11/site-packages/torch/nn/modules/module.py:2025: UserWarning: for vision_model.encoder.layers.6.layer_norm1.weight: copying from a non-meta parameter in the checkpoint to a meta parameter in the current model, which is a no-op. (Did you mean to pass `assign=True` to assign items in the state dictionary to their corresponding key in the module instead of copying them in place?)
  warnings.warn(f'for {key}: copying from a non-meta parameter in the checkpoint to a meta '
/data/takhyun03/anaconda3/envs/lmms_llavavideo/lib/python3.11/site-packages/torch/nn/modules/module.py:2025: UserWarning: for vision_model.encoder.layers.6.layer_norm1.bias: copying from a non-meta parameter in the checkpoint to a meta parameter in the current model, which is a no-op. (Did you mean to pass `assign=True` to assign items in the state dictionary to their corresponding key in the module instead of copying them in place?)
  warnings.warn(f'for {key}: copying from a non-meta parameter in the checkpoint to a meta '
/data/takhyun03/anaconda3/envs/lmms_llavavideo/lib/python3.11/site-packages/torch/nn/modules/module.py:2025: UserWarning: for vision_model.encoder.layers.6.mlp.fc1.weight: copying from a non-meta parameter in the checkpoint to a meta parameter in the current model, which is a no-op. (Did you mean to pass `assign=True` to assign items in the state dictionary to their corresponding key in the module instead of copying them in place?)
  warnings.warn(f'for {key}: copying from a non-meta parameter in the checkpoint to a meta '
/data/takhyun03/anaconda3/envs/lmms_llavavideo/lib/python3.11/site-packages/torch/nn/modules/module.py:2025: UserWarning: for vision_model.encoder.layers.6.mlp.fc1.bias: copying from a non-meta parameter in the checkpoint to a meta parameter in the current model, which is a no-op. (Did you mean to pass `assign=True` to assign items in the state dictionary to their corresponding key in the module instead of copying them in place?)
  warnings.warn(f'for {key}: copying from a non-meta parameter in the checkpoint to a meta '
/data/takhyun03/anaconda3/envs/lmms_llavavideo/lib/python3.11/site-packages/torch/nn/modules/module.py:2025: UserWarning: for vision_model.encoder.layers.6.mlp.fc2.weight: copying from a non-meta parameter in the checkpoint to a meta parameter in the current model, which is a no-op. (Did you mean to pass `assign=True` to assign items in the state dictionary to their corresponding key in the module instead of copying them in place?)
  warnings.warn(f'for {key}: copying from a non-meta parameter in the checkpoint to a meta '
/data/takhyun03/anaconda3/envs/lmms_llavavideo/lib/python3.11/site-packages/torch/nn/modules/module.py:2025: UserWarning: for vision_model.encoder.layers.6.mlp.fc2.bias: copying from a non-meta parameter in the checkpoint to a meta parameter in the current model, which is a no-op. (Did you mean to pass `assign=True` to assign items in the state dictionary to their corresponding key in the module instead of copying them in place?)
  warnings.warn(f'for {key}: copying from a non-meta parameter in the checkpoint to a meta '
/data/takhyun03/anaconda3/envs/lmms_llavavideo/lib/python3.11/site-packages/torch/nn/modules/module.py:2025: UserWarning: for vision_model.encoder.layers.6.layer_norm2.weight: copying from a non-meta parameter in the checkpoint to a meta parameter in the current model, which is a no-op. (Did you mean to pass `assign=True` to assign items in the state dictionary to their corresponding key in the module instead of copying them in place?)
  warnings.warn(f'for {key}: copying from a non-meta parameter in the checkpoint to a meta '
/data/takhyun03/anaconda3/envs/lmms_llavavideo/lib/python3.11/site-packages/torch/nn/modules/module.py:2025: UserWarning: for vision_model.encoder.layers.6.layer_norm2.bias: copying from a non-meta parameter in the checkpoint to a meta parameter in the current model, which is a no-op. (Did you mean to pass `assign=True` to assign items in the state dictionary to their corresponding key in the module instead of copying them in place?)
  warnings.warn(f'for {key}: copying from a non-meta parameter in the checkpoint to a meta '
/data/takhyun03/anaconda3/envs/lmms_llavavideo/lib/python3.11/site-packages/torch/nn/modules/module.py:2025: UserWarning: for vision_model.encoder.layers.7.self_attn.k_proj.weight: copying from a non-meta parameter in the checkpoint to a meta parameter in the current model, which is a no-op. (Did you mean to pass `assign=True` to assign items in the state dictionary to their corresponding key in the module instead of copying them in place?)
  warnings.warn(f'for {key}: copying from a non-meta parameter in the checkpoint to a meta '
/data/takhyun03/anaconda3/envs/lmms_llavavideo/lib/python3.11/site-packages/torch/nn/modules/module.py:2025: UserWarning: for vision_model.encoder.layers.7.self_attn.k_proj.bias: copying from a non-meta parameter in the checkpoint to a meta parameter in the current model, which is a no-op. (Did you mean to pass `assign=True` to assign items in the state dictionary to their corresponding key in the module instead of copying them in place?)
  warnings.warn(f'for {key}: copying from a non-meta parameter in the checkpoint to a meta '
/data/takhyun03/anaconda3/envs/lmms_llavavideo/lib/python3.11/site-packages/torch/nn/modules/module.py:2025: UserWarning: for vision_model.encoder.layers.7.self_attn.v_proj.weight: copying from a non-meta parameter in the checkpoint to a meta parameter in the current model, which is a no-op. (Did you mean to pass `assign=True` to assign items in the state dictionary to their corresponding key in the module instead of copying them in place?)
  warnings.warn(f'for {key}: copying from a non-meta parameter in the checkpoint to a meta '
/data/takhyun03/anaconda3/envs/lmms_llavavideo/lib/python3.11/site-packages/torch/nn/modules/module.py:2025: UserWarning: for vision_model.encoder.layers.7.self_attn.v_proj.bias: copying from a non-meta parameter in the checkpoint to a meta parameter in the current model, which is a no-op. (Did you mean to pass `assign=True` to assign items in the state dictionary to their corresponding key in the module instead of copying them in place?)
  warnings.warn(f'for {key}: copying from a non-meta parameter in the checkpoint to a meta '
/data/takhyun03/anaconda3/envs/lmms_llavavideo/lib/python3.11/site-packages/torch/nn/modules/module.py:2025: UserWarning: for vision_model.encoder.layers.7.self_attn.q_proj.weight: copying from a non-meta parameter in the checkpoint to a meta parameter in the current model, which is a no-op. (Did you mean to pass `assign=True` to assign items in the state dictionary to their corresponding key in the module instead of copying them in place?)
  warnings.warn(f'for {key}: copying from a non-meta parameter in the checkpoint to a meta '
/data/takhyun03/anaconda3/envs/lmms_llavavideo/lib/python3.11/site-packages/torch/nn/modules/module.py:2025: UserWarning: for vision_model.encoder.layers.7.self_attn.q_proj.bias: copying from a non-meta parameter in the checkpoint to a meta parameter in the current model, which is a no-op. (Did you mean to pass `assign=True` to assign items in the state dictionary to their corresponding key in the module instead of copying them in place?)
  warnings.warn(f'for {key}: copying from a non-meta parameter in the checkpoint to a meta '
/data/takhyun03/anaconda3/envs/lmms_llavavideo/lib/python3.11/site-packages/torch/nn/modules/module.py:2025: UserWarning: for vision_model.encoder.layers.7.self_attn.out_proj.weight: copying from a non-meta parameter in the checkpoint to a meta parameter in the current model, which is a no-op. (Did you mean to pass `assign=True` to assign items in the state dictionary to their corresponding key in the module instead of copying them in place?)
  warnings.warn(f'for {key}: copying from a non-meta parameter in the checkpoint to a meta '
/data/takhyun03/anaconda3/envs/lmms_llavavideo/lib/python3.11/site-packages/torch/nn/modules/module.py:2025: UserWarning: for vision_model.encoder.layers.7.self_attn.out_proj.bias: copying from a non-meta parameter in the checkpoint to a meta parameter in the current model, which is a no-op. (Did you mean to pass `assign=True` to assign items in the state dictionary to their corresponding key in the module instead of copying them in place?)
  warnings.warn(f'for {key}: copying from a non-meta parameter in the checkpoint to a meta '
/data/takhyun03/anaconda3/envs/lmms_llavavideo/lib/python3.11/site-packages/torch/nn/modules/module.py:2025: UserWarning: for vision_model.encoder.layers.7.layer_norm1.weight: copying from a non-meta parameter in the checkpoint to a meta parameter in the current model, which is a no-op. (Did you mean to pass `assign=True` to assign items in the state dictionary to their corresponding key in the module instead of copying them in place?)
  warnings.warn(f'for {key}: copying from a non-meta parameter in the checkpoint to a meta '
/data/takhyun03/anaconda3/envs/lmms_llavavideo/lib/python3.11/site-packages/torch/nn/modules/module.py:2025: UserWarning: for vision_model.encoder.layers.7.layer_norm1.bias: copying from a non-meta parameter in the checkpoint to a meta parameter in the current model, which is a no-op. (Did you mean to pass `assign=True` to assign items in the state dictionary to their corresponding key in the module instead of copying them in place?)
  warnings.warn(f'for {key}: copying from a non-meta parameter in the checkpoint to a meta '
/data/takhyun03/anaconda3/envs/lmms_llavavideo/lib/python3.11/site-packages/torch/nn/modules/module.py:2025: UserWarning: for vision_model.encoder.layers.7.mlp.fc1.weight: copying from a non-meta parameter in the checkpoint to a meta parameter in the current model, which is a no-op. (Did you mean to pass `assign=True` to assign items in the state dictionary to their corresponding key in the module instead of copying them in place?)
  warnings.warn(f'for {key}: copying from a non-meta parameter in the checkpoint to a meta '
/data/takhyun03/anaconda3/envs/lmms_llavavideo/lib/python3.11/site-packages/torch/nn/modules/module.py:2025: UserWarning: for vision_model.encoder.layers.7.mlp.fc1.bias: copying from a non-meta parameter in the checkpoint to a meta parameter in the current model, which is a no-op. (Did you mean to pass `assign=True` to assign items in the state dictionary to their corresponding key in the module instead of copying them in place?)
  warnings.warn(f'for {key}: copying from a non-meta parameter in the checkpoint to a meta '
/data/takhyun03/anaconda3/envs/lmms_llavavideo/lib/python3.11/site-packages/torch/nn/modules/module.py:2025: UserWarning: for vision_model.encoder.layers.7.mlp.fc2.weight: copying from a non-meta parameter in the checkpoint to a meta parameter in the current model, which is a no-op. (Did you mean to pass `assign=True` to assign items in the state dictionary to their corresponding key in the module instead of copying them in place?)
  warnings.warn(f'for {key}: copying from a non-meta parameter in the checkpoint to a meta '
/data/takhyun03/anaconda3/envs/lmms_llavavideo/lib/python3.11/site-packages/torch/nn/modules/module.py:2025: UserWarning: for vision_model.encoder.layers.7.mlp.fc2.bias: copying from a non-meta parameter in the checkpoint to a meta parameter in the current model, which is a no-op. (Did you mean to pass `assign=True` to assign items in the state dictionary to their corresponding key in the module instead of copying them in place?)
  warnings.warn(f'for {key}: copying from a non-meta parameter in the checkpoint to a meta '
/data/takhyun03/anaconda3/envs/lmms_llavavideo/lib/python3.11/site-packages/torch/nn/modules/module.py:2025: UserWarning: for vision_model.encoder.layers.7.layer_norm2.weight: copying from a non-meta parameter in the checkpoint to a meta parameter in the current model, which is a no-op. (Did you mean to pass `assign=True` to assign items in the state dictionary to their corresponding key in the module instead of copying them in place?)
  warnings.warn(f'for {key}: copying from a non-meta parameter in the checkpoint to a meta '
/data/takhyun03/anaconda3/envs/lmms_llavavideo/lib/python3.11/site-packages/torch/nn/modules/module.py:2025: UserWarning: for vision_model.encoder.layers.7.layer_norm2.bias: copying from a non-meta parameter in the checkpoint to a meta parameter in the current model, which is a no-op. (Did you mean to pass `assign=True` to assign items in the state dictionary to their corresponding key in the module instead of copying them in place?)
  warnings.warn(f'for {key}: copying from a non-meta parameter in the checkpoint to a meta '
/data/takhyun03/anaconda3/envs/lmms_llavavideo/lib/python3.11/site-packages/torch/nn/modules/module.py:2025: UserWarning: for vision_model.encoder.layers.8.self_attn.k_proj.weight: copying from a non-meta parameter in the checkpoint to a meta parameter in the current model, which is a no-op. (Did you mean to pass `assign=True` to assign items in the state dictionary to their corresponding key in the module instead of copying them in place?)
  warnings.warn(f'for {key}: copying from a non-meta parameter in the checkpoint to a meta '
/data/takhyun03/anaconda3/envs/lmms_llavavideo/lib/python3.11/site-packages/torch/nn/modules/module.py:2025: UserWarning: for vision_model.encoder.layers.8.self_attn.k_proj.bias: copying from a non-meta parameter in the checkpoint to a meta parameter in the current model, which is a no-op. (Did you mean to pass `assign=True` to assign items in the state dictionary to their corresponding key in the module instead of copying them in place?)
  warnings.warn(f'for {key}: copying from a non-meta parameter in the checkpoint to a meta '
/data/takhyun03/anaconda3/envs/lmms_llavavideo/lib/python3.11/site-packages/torch/nn/modules/module.py:2025: UserWarning: for vision_model.encoder.layers.8.self_attn.v_proj.weight: copying from a non-meta parameter in the checkpoint to a meta parameter in the current model, which is a no-op. (Did you mean to pass `assign=True` to assign items in the state dictionary to their corresponding key in the module instead of copying them in place?)
  warnings.warn(f'for {key}: copying from a non-meta parameter in the checkpoint to a meta '
/data/takhyun03/anaconda3/envs/lmms_llavavideo/lib/python3.11/site-packages/torch/nn/modules/module.py:2025: UserWarning: for vision_model.encoder.layers.8.self_attn.v_proj.bias: copying from a non-meta parameter in the checkpoint to a meta parameter in the current model, which is a no-op. (Did you mean to pass `assign=True` to assign items in the state dictionary to their corresponding key in the module instead of copying them in place?)
  warnings.warn(f'for {key}: copying from a non-meta parameter in the checkpoint to a meta '
/data/takhyun03/anaconda3/envs/lmms_llavavideo/lib/python3.11/site-packages/torch/nn/modules/module.py:2025: UserWarning: for vision_model.encoder.layers.8.self_attn.q_proj.weight: copying from a non-meta parameter in the checkpoint to a meta parameter in the current model, which is a no-op. (Did you mean to pass `assign=True` to assign items in the state dictionary to their corresponding key in the module instead of copying them in place?)
  warnings.warn(f'for {key}: copying from a non-meta parameter in the checkpoint to a meta '
/data/takhyun03/anaconda3/envs/lmms_llavavideo/lib/python3.11/site-packages/torch/nn/modules/module.py:2025: UserWarning: for vision_model.encoder.layers.8.self_attn.q_proj.bias: copying from a non-meta parameter in the checkpoint to a meta parameter in the current model, which is a no-op. (Did you mean to pass `assign=True` to assign items in the state dictionary to their corresponding key in the module instead of copying them in place?)
  warnings.warn(f'for {key}: copying from a non-meta parameter in the checkpoint to a meta '
/data/takhyun03/anaconda3/envs/lmms_llavavideo/lib/python3.11/site-packages/torch/nn/modules/module.py:2025: UserWarning: for vision_model.encoder.layers.8.self_attn.out_proj.weight: copying from a non-meta parameter in the checkpoint to a meta parameter in the current model, which is a no-op. (Did you mean to pass `assign=True` to assign items in the state dictionary to their corresponding key in the module instead of copying them in place?)
  warnings.warn(f'for {key}: copying from a non-meta parameter in the checkpoint to a meta '
/data/takhyun03/anaconda3/envs/lmms_llavavideo/lib/python3.11/site-packages/torch/nn/modules/module.py:2025: UserWarning: for vision_model.encoder.layers.8.self_attn.out_proj.bias: copying from a non-meta parameter in the checkpoint to a meta parameter in the current model, which is a no-op. (Did you mean to pass `assign=True` to assign items in the state dictionary to their corresponding key in the module instead of copying them in place?)
  warnings.warn(f'for {key}: copying from a non-meta parameter in the checkpoint to a meta '
/data/takhyun03/anaconda3/envs/lmms_llavavideo/lib/python3.11/site-packages/torch/nn/modules/module.py:2025: UserWarning: for vision_model.encoder.layers.8.layer_norm1.weight: copying from a non-meta parameter in the checkpoint to a meta parameter in the current model, which is a no-op. (Did you mean to pass `assign=True` to assign items in the state dictionary to their corresponding key in the module instead of copying them in place?)
  warnings.warn(f'for {key}: copying from a non-meta parameter in the checkpoint to a meta '
/data/takhyun03/anaconda3/envs/lmms_llavavideo/lib/python3.11/site-packages/torch/nn/modules/module.py:2025: UserWarning: for vision_model.encoder.layers.8.layer_norm1.bias: copying from a non-meta parameter in the checkpoint to a meta parameter in the current model, which is a no-op. (Did you mean to pass `assign=True` to assign items in the state dictionary to their corresponding key in the module instead of copying them in place?)
  warnings.warn(f'for {key}: copying from a non-meta parameter in the checkpoint to a meta '
/data/takhyun03/anaconda3/envs/lmms_llavavideo/lib/python3.11/site-packages/torch/nn/modules/module.py:2025: UserWarning: for vision_model.encoder.layers.8.mlp.fc1.weight: copying from a non-meta parameter in the checkpoint to a meta parameter in the current model, which is a no-op. (Did you mean to pass `assign=True` to assign items in the state dictionary to their corresponding key in the module instead of copying them in place?)
  warnings.warn(f'for {key}: copying from a non-meta parameter in the checkpoint to a meta '
/data/takhyun03/anaconda3/envs/lmms_llavavideo/lib/python3.11/site-packages/torch/nn/modules/module.py:2025: UserWarning: for vision_model.encoder.layers.8.mlp.fc1.bias: copying from a non-meta parameter in the checkpoint to a meta parameter in the current model, which is a no-op. (Did you mean to pass `assign=True` to assign items in the state dictionary to their corresponding key in the module instead of copying them in place?)
  warnings.warn(f'for {key}: copying from a non-meta parameter in the checkpoint to a meta '
/data/takhyun03/anaconda3/envs/lmms_llavavideo/lib/python3.11/site-packages/torch/nn/modules/module.py:2025: UserWarning: for vision_model.encoder.layers.8.mlp.fc2.weight: copying from a non-meta parameter in the checkpoint to a meta parameter in the current model, which is a no-op. (Did you mean to pass `assign=True` to assign items in the state dictionary to their corresponding key in the module instead of copying them in place?)
  warnings.warn(f'for {key}: copying from a non-meta parameter in the checkpoint to a meta '
/data/takhyun03/anaconda3/envs/lmms_llavavideo/lib/python3.11/site-packages/torch/nn/modules/module.py:2025: UserWarning: for vision_model.encoder.layers.8.mlp.fc2.bias: copying from a non-meta parameter in the checkpoint to a meta parameter in the current model, which is a no-op. (Did you mean to pass `assign=True` to assign items in the state dictionary to their corresponding key in the module instead of copying them in place?)
  warnings.warn(f'for {key}: copying from a non-meta parameter in the checkpoint to a meta '
/data/takhyun03/anaconda3/envs/lmms_llavavideo/lib/python3.11/site-packages/torch/nn/modules/module.py:2025: UserWarning: for vision_model.encoder.layers.8.layer_norm2.weight: copying from a non-meta parameter in the checkpoint to a meta parameter in the current model, which is a no-op. (Did you mean to pass `assign=True` to assign items in the state dictionary to their corresponding key in the module instead of copying them in place?)
  warnings.warn(f'for {key}: copying from a non-meta parameter in the checkpoint to a meta '
/data/takhyun03/anaconda3/envs/lmms_llavavideo/lib/python3.11/site-packages/torch/nn/modules/module.py:2025: UserWarning: for vision_model.encoder.layers.8.layer_norm2.bias: copying from a non-meta parameter in the checkpoint to a meta parameter in the current model, which is a no-op. (Did you mean to pass `assign=True` to assign items in the state dictionary to their corresponding key in the module instead of copying them in place?)
  warnings.warn(f'for {key}: copying from a non-meta parameter in the checkpoint to a meta '
/data/takhyun03/anaconda3/envs/lmms_llavavideo/lib/python3.11/site-packages/torch/nn/modules/module.py:2025: UserWarning: for vision_model.encoder.layers.9.self_attn.k_proj.weight: copying from a non-meta parameter in the checkpoint to a meta parameter in the current model, which is a no-op. (Did you mean to pass `assign=True` to assign items in the state dictionary to their corresponding key in the module instead of copying them in place?)
  warnings.warn(f'for {key}: copying from a non-meta parameter in the checkpoint to a meta '
/data/takhyun03/anaconda3/envs/lmms_llavavideo/lib/python3.11/site-packages/torch/nn/modules/module.py:2025: UserWarning: for vision_model.encoder.layers.9.self_attn.k_proj.bias: copying from a non-meta parameter in the checkpoint to a meta parameter in the current model, which is a no-op. (Did you mean to pass `assign=True` to assign items in the state dictionary to their corresponding key in the module instead of copying them in place?)
  warnings.warn(f'for {key}: copying from a non-meta parameter in the checkpoint to a meta '
/data/takhyun03/anaconda3/envs/lmms_llavavideo/lib/python3.11/site-packages/torch/nn/modules/module.py:2025: UserWarning: for vision_model.encoder.layers.9.self_attn.v_proj.weight: copying from a non-meta parameter in the checkpoint to a meta parameter in the current model, which is a no-op. (Did you mean to pass `assign=True` to assign items in the state dictionary to their corresponding key in the module instead of copying them in place?)
  warnings.warn(f'for {key}: copying from a non-meta parameter in the checkpoint to a meta '
/data/takhyun03/anaconda3/envs/lmms_llavavideo/lib/python3.11/site-packages/torch/nn/modules/module.py:2025: UserWarning: for vision_model.encoder.layers.9.self_attn.v_proj.bias: copying from a non-meta parameter in the checkpoint to a meta parameter in the current model, which is a no-op. (Did you mean to pass `assign=True` to assign items in the state dictionary to their corresponding key in the module instead of copying them in place?)
  warnings.warn(f'for {key}: copying from a non-meta parameter in the checkpoint to a meta '
/data/takhyun03/anaconda3/envs/lmms_llavavideo/lib/python3.11/site-packages/torch/nn/modules/module.py:2025: UserWarning: for vision_model.encoder.layers.9.self_attn.q_proj.weight: copying from a non-meta parameter in the checkpoint to a meta parameter in the current model, which is a no-op. (Did you mean to pass `assign=True` to assign items in the state dictionary to their corresponding key in the module instead of copying them in place?)
  warnings.warn(f'for {key}: copying from a non-meta parameter in the checkpoint to a meta '
/data/takhyun03/anaconda3/envs/lmms_llavavideo/lib/python3.11/site-packages/torch/nn/modules/module.py:2025: UserWarning: for vision_model.encoder.layers.9.self_attn.q_proj.bias: copying from a non-meta parameter in the checkpoint to a meta parameter in the current model, which is a no-op. (Did you mean to pass `assign=True` to assign items in the state dictionary to their corresponding key in the module instead of copying them in place?)
  warnings.warn(f'for {key}: copying from a non-meta parameter in the checkpoint to a meta '
/data/takhyun03/anaconda3/envs/lmms_llavavideo/lib/python3.11/site-packages/torch/nn/modules/module.py:2025: UserWarning: for vision_model.encoder.layers.9.self_attn.out_proj.weight: copying from a non-meta parameter in the checkpoint to a meta parameter in the current model, which is a no-op. (Did you mean to pass `assign=True` to assign items in the state dictionary to their corresponding key in the module instead of copying them in place?)
  warnings.warn(f'for {key}: copying from a non-meta parameter in the checkpoint to a meta '
/data/takhyun03/anaconda3/envs/lmms_llavavideo/lib/python3.11/site-packages/torch/nn/modules/module.py:2025: UserWarning: for vision_model.encoder.layers.9.self_attn.out_proj.bias: copying from a non-meta parameter in the checkpoint to a meta parameter in the current model, which is a no-op. (Did you mean to pass `assign=True` to assign items in the state dictionary to their corresponding key in the module instead of copying them in place?)
  warnings.warn(f'for {key}: copying from a non-meta parameter in the checkpoint to a meta '
/data/takhyun03/anaconda3/envs/lmms_llavavideo/lib/python3.11/site-packages/torch/nn/modules/module.py:2025: UserWarning: for vision_model.encoder.layers.9.layer_norm1.weight: copying from a non-meta parameter in the checkpoint to a meta parameter in the current model, which is a no-op. (Did you mean to pass `assign=True` to assign items in the state dictionary to their corresponding key in the module instead of copying them in place?)
  warnings.warn(f'for {key}: copying from a non-meta parameter in the checkpoint to a meta '
/data/takhyun03/anaconda3/envs/lmms_llavavideo/lib/python3.11/site-packages/torch/nn/modules/module.py:2025: UserWarning: for vision_model.encoder.layers.9.layer_norm1.bias: copying from a non-meta parameter in the checkpoint to a meta parameter in the current model, which is a no-op. (Did you mean to pass `assign=True` to assign items in the state dictionary to their corresponding key in the module instead of copying them in place?)
  warnings.warn(f'for {key}: copying from a non-meta parameter in the checkpoint to a meta '
/data/takhyun03/anaconda3/envs/lmms_llavavideo/lib/python3.11/site-packages/torch/nn/modules/module.py:2025: UserWarning: for vision_model.encoder.layers.9.mlp.fc1.weight: copying from a non-meta parameter in the checkpoint to a meta parameter in the current model, which is a no-op. (Did you mean to pass `assign=True` to assign items in the state dictionary to their corresponding key in the module instead of copying them in place?)
  warnings.warn(f'for {key}: copying from a non-meta parameter in the checkpoint to a meta '
/data/takhyun03/anaconda3/envs/lmms_llavavideo/lib/python3.11/site-packages/torch/nn/modules/module.py:2025: UserWarning: for vision_model.encoder.layers.9.mlp.fc1.bias: copying from a non-meta parameter in the checkpoint to a meta parameter in the current model, which is a no-op. (Did you mean to pass `assign=True` to assign items in the state dictionary to their corresponding key in the module instead of copying them in place?)
  warnings.warn(f'for {key}: copying from a non-meta parameter in the checkpoint to a meta '
/data/takhyun03/anaconda3/envs/lmms_llavavideo/lib/python3.11/site-packages/torch/nn/modules/module.py:2025: UserWarning: for vision_model.encoder.layers.9.mlp.fc2.weight: copying from a non-meta parameter in the checkpoint to a meta parameter in the current model, which is a no-op. (Did you mean to pass `assign=True` to assign items in the state dictionary to their corresponding key in the module instead of copying them in place?)
  warnings.warn(f'for {key}: copying from a non-meta parameter in the checkpoint to a meta '
/data/takhyun03/anaconda3/envs/lmms_llavavideo/lib/python3.11/site-packages/torch/nn/modules/module.py:2025: UserWarning: for vision_model.encoder.layers.9.mlp.fc2.bias: copying from a non-meta parameter in the checkpoint to a meta parameter in the current model, which is a no-op. (Did you mean to pass `assign=True` to assign items in the state dictionary to their corresponding key in the module instead of copying them in place?)
  warnings.warn(f'for {key}: copying from a non-meta parameter in the checkpoint to a meta '
/data/takhyun03/anaconda3/envs/lmms_llavavideo/lib/python3.11/site-packages/torch/nn/modules/module.py:2025: UserWarning: for vision_model.encoder.layers.9.layer_norm2.weight: copying from a non-meta parameter in the checkpoint to a meta parameter in the current model, which is a no-op. (Did you mean to pass `assign=True` to assign items in the state dictionary to their corresponding key in the module instead of copying them in place?)
  warnings.warn(f'for {key}: copying from a non-meta parameter in the checkpoint to a meta '
/data/takhyun03/anaconda3/envs/lmms_llavavideo/lib/python3.11/site-packages/torch/nn/modules/module.py:2025: UserWarning: for vision_model.encoder.layers.9.layer_norm2.bias: copying from a non-meta parameter in the checkpoint to a meta parameter in the current model, which is a no-op. (Did you mean to pass `assign=True` to assign items in the state dictionary to their corresponding key in the module instead of copying them in place?)
  warnings.warn(f'for {key}: copying from a non-meta parameter in the checkpoint to a meta '
/data/takhyun03/anaconda3/envs/lmms_llavavideo/lib/python3.11/site-packages/torch/nn/modules/module.py:2025: UserWarning: for vision_model.encoder.layers.10.self_attn.k_proj.weight: copying from a non-meta parameter in the checkpoint to a meta parameter in the current model, which is a no-op. (Did you mean to pass `assign=True` to assign items in the state dictionary to their corresponding key in the module instead of copying them in place?)
  warnings.warn(f'for {key}: copying from a non-meta parameter in the checkpoint to a meta '
/data/takhyun03/anaconda3/envs/lmms_llavavideo/lib/python3.11/site-packages/torch/nn/modules/module.py:2025: UserWarning: for vision_model.encoder.layers.10.self_attn.k_proj.bias: copying from a non-meta parameter in the checkpoint to a meta parameter in the current model, which is a no-op. (Did you mean to pass `assign=True` to assign items in the state dictionary to their corresponding key in the module instead of copying them in place?)
  warnings.warn(f'for {key}: copying from a non-meta parameter in the checkpoint to a meta '
/data/takhyun03/anaconda3/envs/lmms_llavavideo/lib/python3.11/site-packages/torch/nn/modules/module.py:2025: UserWarning: for vision_model.encoder.layers.10.self_attn.v_proj.weight: copying from a non-meta parameter in the checkpoint to a meta parameter in the current model, which is a no-op. (Did you mean to pass `assign=True` to assign items in the state dictionary to their corresponding key in the module instead of copying them in place?)
  warnings.warn(f'for {key}: copying from a non-meta parameter in the checkpoint to a meta '
/data/takhyun03/anaconda3/envs/lmms_llavavideo/lib/python3.11/site-packages/torch/nn/modules/module.py:2025: UserWarning: for vision_model.encoder.layers.10.self_attn.v_proj.bias: copying from a non-meta parameter in the checkpoint to a meta parameter in the current model, which is a no-op. (Did you mean to pass `assign=True` to assign items in the state dictionary to their corresponding key in the module instead of copying them in place?)
  warnings.warn(f'for {key}: copying from a non-meta parameter in the checkpoint to a meta '
/data/takhyun03/anaconda3/envs/lmms_llavavideo/lib/python3.11/site-packages/torch/nn/modules/module.py:2025: UserWarning: for vision_model.encoder.layers.10.self_attn.q_proj.weight: copying from a non-meta parameter in the checkpoint to a meta parameter in the current model, which is a no-op. (Did you mean to pass `assign=True` to assign items in the state dictionary to their corresponding key in the module instead of copying them in place?)
  warnings.warn(f'for {key}: copying from a non-meta parameter in the checkpoint to a meta '
/data/takhyun03/anaconda3/envs/lmms_llavavideo/lib/python3.11/site-packages/torch/nn/modules/module.py:2025: UserWarning: for vision_model.encoder.layers.10.self_attn.q_proj.bias: copying from a non-meta parameter in the checkpoint to a meta parameter in the current model, which is a no-op. (Did you mean to pass `assign=True` to assign items in the state dictionary to their corresponding key in the module instead of copying them in place?)
  warnings.warn(f'for {key}: copying from a non-meta parameter in the checkpoint to a meta '
/data/takhyun03/anaconda3/envs/lmms_llavavideo/lib/python3.11/site-packages/torch/nn/modules/module.py:2025: UserWarning: for vision_model.encoder.layers.10.self_attn.out_proj.weight: copying from a non-meta parameter in the checkpoint to a meta parameter in the current model, which is a no-op. (Did you mean to pass `assign=True` to assign items in the state dictionary to their corresponding key in the module instead of copying them in place?)
  warnings.warn(f'for {key}: copying from a non-meta parameter in the checkpoint to a meta '
/data/takhyun03/anaconda3/envs/lmms_llavavideo/lib/python3.11/site-packages/torch/nn/modules/module.py:2025: UserWarning: for vision_model.encoder.layers.10.self_attn.out_proj.bias: copying from a non-meta parameter in the checkpoint to a meta parameter in the current model, which is a no-op. (Did you mean to pass `assign=True` to assign items in the state dictionary to their corresponding key in the module instead of copying them in place?)
  warnings.warn(f'for {key}: copying from a non-meta parameter in the checkpoint to a meta '
/data/takhyun03/anaconda3/envs/lmms_llavavideo/lib/python3.11/site-packages/torch/nn/modules/module.py:2025: UserWarning: for vision_model.encoder.layers.10.layer_norm1.weight: copying from a non-meta parameter in the checkpoint to a meta parameter in the current model, which is a no-op. (Did you mean to pass `assign=True` to assign items in the state dictionary to their corresponding key in the module instead of copying them in place?)
  warnings.warn(f'for {key}: copying from a non-meta parameter in the checkpoint to a meta '
/data/takhyun03/anaconda3/envs/lmms_llavavideo/lib/python3.11/site-packages/torch/nn/modules/module.py:2025: UserWarning: for vision_model.encoder.layers.10.layer_norm1.bias: copying from a non-meta parameter in the checkpoint to a meta parameter in the current model, which is a no-op. (Did you mean to pass `assign=True` to assign items in the state dictionary to their corresponding key in the module instead of copying them in place?)
  warnings.warn(f'for {key}: copying from a non-meta parameter in the checkpoint to a meta '
/data/takhyun03/anaconda3/envs/lmms_llavavideo/lib/python3.11/site-packages/torch/nn/modules/module.py:2025: UserWarning: for vision_model.encoder.layers.10.mlp.fc1.weight: copying from a non-meta parameter in the checkpoint to a meta parameter in the current model, which is a no-op. (Did you mean to pass `assign=True` to assign items in the state dictionary to their corresponding key in the module instead of copying them in place?)
  warnings.warn(f'for {key}: copying from a non-meta parameter in the checkpoint to a meta '
/data/takhyun03/anaconda3/envs/lmms_llavavideo/lib/python3.11/site-packages/torch/nn/modules/module.py:2025: UserWarning: for vision_model.encoder.layers.10.mlp.fc1.bias: copying from a non-meta parameter in the checkpoint to a meta parameter in the current model, which is a no-op. (Did you mean to pass `assign=True` to assign items in the state dictionary to their corresponding key in the module instead of copying them in place?)
  warnings.warn(f'for {key}: copying from a non-meta parameter in the checkpoint to a meta '
/data/takhyun03/anaconda3/envs/lmms_llavavideo/lib/python3.11/site-packages/torch/nn/modules/module.py:2025: UserWarning: for vision_model.encoder.layers.10.mlp.fc2.weight: copying from a non-meta parameter in the checkpoint to a meta parameter in the current model, which is a no-op. (Did you mean to pass `assign=True` to assign items in the state dictionary to their corresponding key in the module instead of copying them in place?)
  warnings.warn(f'for {key}: copying from a non-meta parameter in the checkpoint to a meta '
/data/takhyun03/anaconda3/envs/lmms_llavavideo/lib/python3.11/site-packages/torch/nn/modules/module.py:2025: UserWarning: for vision_model.encoder.layers.10.mlp.fc2.bias: copying from a non-meta parameter in the checkpoint to a meta parameter in the current model, which is a no-op. (Did you mean to pass `assign=True` to assign items in the state dictionary to their corresponding key in the module instead of copying them in place?)
  warnings.warn(f'for {key}: copying from a non-meta parameter in the checkpoint to a meta '
/data/takhyun03/anaconda3/envs/lmms_llavavideo/lib/python3.11/site-packages/torch/nn/modules/module.py:2025: UserWarning: for vision_model.encoder.layers.10.layer_norm2.weight: copying from a non-meta parameter in the checkpoint to a meta parameter in the current model, which is a no-op. (Did you mean to pass `assign=True` to assign items in the state dictionary to their corresponding key in the module instead of copying them in place?)
  warnings.warn(f'for {key}: copying from a non-meta parameter in the checkpoint to a meta '
/data/takhyun03/anaconda3/envs/lmms_llavavideo/lib/python3.11/site-packages/torch/nn/modules/module.py:2025: UserWarning: for vision_model.encoder.layers.10.layer_norm2.bias: copying from a non-meta parameter in the checkpoint to a meta parameter in the current model, which is a no-op. (Did you mean to pass `assign=True` to assign items in the state dictionary to their corresponding key in the module instead of copying them in place?)
  warnings.warn(f'for {key}: copying from a non-meta parameter in the checkpoint to a meta '
/data/takhyun03/anaconda3/envs/lmms_llavavideo/lib/python3.11/site-packages/torch/nn/modules/module.py:2025: UserWarning: for vision_model.encoder.layers.11.self_attn.k_proj.weight: copying from a non-meta parameter in the checkpoint to a meta parameter in the current model, which is a no-op. (Did you mean to pass `assign=True` to assign items in the state dictionary to their corresponding key in the module instead of copying them in place?)
  warnings.warn(f'for {key}: copying from a non-meta parameter in the checkpoint to a meta '
/data/takhyun03/anaconda3/envs/lmms_llavavideo/lib/python3.11/site-packages/torch/nn/modules/module.py:2025: UserWarning: for vision_model.encoder.layers.11.self_attn.k_proj.bias: copying from a non-meta parameter in the checkpoint to a meta parameter in the current model, which is a no-op. (Did you mean to pass `assign=True` to assign items in the state dictionary to their corresponding key in the module instead of copying them in place?)
  warnings.warn(f'for {key}: copying from a non-meta parameter in the checkpoint to a meta '
/data/takhyun03/anaconda3/envs/lmms_llavavideo/lib/python3.11/site-packages/torch/nn/modules/module.py:2025: UserWarning: for vision_model.encoder.layers.11.self_attn.v_proj.weight: copying from a non-meta parameter in the checkpoint to a meta parameter in the current model, which is a no-op. (Did you mean to pass `assign=True` to assign items in the state dictionary to their corresponding key in the module instead of copying them in place?)
  warnings.warn(f'for {key}: copying from a non-meta parameter in the checkpoint to a meta '
/data/takhyun03/anaconda3/envs/lmms_llavavideo/lib/python3.11/site-packages/torch/nn/modules/module.py:2025: UserWarning: for vision_model.encoder.layers.11.self_attn.v_proj.bias: copying from a non-meta parameter in the checkpoint to a meta parameter in the current model, which is a no-op. (Did you mean to pass `assign=True` to assign items in the state dictionary to their corresponding key in the module instead of copying them in place?)
  warnings.warn(f'for {key}: copying from a non-meta parameter in the checkpoint to a meta '
/data/takhyun03/anaconda3/envs/lmms_llavavideo/lib/python3.11/site-packages/torch/nn/modules/module.py:2025: UserWarning: for vision_model.encoder.layers.11.self_attn.q_proj.weight: copying from a non-meta parameter in the checkpoint to a meta parameter in the current model, which is a no-op. (Did you mean to pass `assign=True` to assign items in the state dictionary to their corresponding key in the module instead of copying them in place?)
  warnings.warn(f'for {key}: copying from a non-meta parameter in the checkpoint to a meta '
/data/takhyun03/anaconda3/envs/lmms_llavavideo/lib/python3.11/site-packages/torch/nn/modules/module.py:2025: UserWarning: for vision_model.encoder.layers.11.self_attn.q_proj.bias: copying from a non-meta parameter in the checkpoint to a meta parameter in the current model, which is a no-op. (Did you mean to pass `assign=True` to assign items in the state dictionary to their corresponding key in the module instead of copying them in place?)
  warnings.warn(f'for {key}: copying from a non-meta parameter in the checkpoint to a meta '
/data/takhyun03/anaconda3/envs/lmms_llavavideo/lib/python3.11/site-packages/torch/nn/modules/module.py:2025: UserWarning: for vision_model.encoder.layers.11.self_attn.out_proj.weight: copying from a non-meta parameter in the checkpoint to a meta parameter in the current model, which is a no-op. (Did you mean to pass `assign=True` to assign items in the state dictionary to their corresponding key in the module instead of copying them in place?)
  warnings.warn(f'for {key}: copying from a non-meta parameter in the checkpoint to a meta '
/data/takhyun03/anaconda3/envs/lmms_llavavideo/lib/python3.11/site-packages/torch/nn/modules/module.py:2025: UserWarning: for vision_model.encoder.layers.11.self_attn.out_proj.bias: copying from a non-meta parameter in the checkpoint to a meta parameter in the current model, which is a no-op. (Did you mean to pass `assign=True` to assign items in the state dictionary to their corresponding key in the module instead of copying them in place?)
  warnings.warn(f'for {key}: copying from a non-meta parameter in the checkpoint to a meta '
/data/takhyun03/anaconda3/envs/lmms_llavavideo/lib/python3.11/site-packages/torch/nn/modules/module.py:2025: UserWarning: for vision_model.encoder.layers.11.layer_norm1.weight: copying from a non-meta parameter in the checkpoint to a meta parameter in the current model, which is a no-op. (Did you mean to pass `assign=True` to assign items in the state dictionary to their corresponding key in the module instead of copying them in place?)
  warnings.warn(f'for {key}: copying from a non-meta parameter in the checkpoint to a meta '
/data/takhyun03/anaconda3/envs/lmms_llavavideo/lib/python3.11/site-packages/torch/nn/modules/module.py:2025: UserWarning: for vision_model.encoder.layers.11.layer_norm1.bias: copying from a non-meta parameter in the checkpoint to a meta parameter in the current model, which is a no-op. (Did you mean to pass `assign=True` to assign items in the state dictionary to their corresponding key in the module instead of copying them in place?)
  warnings.warn(f'for {key}: copying from a non-meta parameter in the checkpoint to a meta '
/data/takhyun03/anaconda3/envs/lmms_llavavideo/lib/python3.11/site-packages/torch/nn/modules/module.py:2025: UserWarning: for vision_model.encoder.layers.11.mlp.fc1.weight: copying from a non-meta parameter in the checkpoint to a meta parameter in the current model, which is a no-op. (Did you mean to pass `assign=True` to assign items in the state dictionary to their corresponding key in the module instead of copying them in place?)
  warnings.warn(f'for {key}: copying from a non-meta parameter in the checkpoint to a meta '
/data/takhyun03/anaconda3/envs/lmms_llavavideo/lib/python3.11/site-packages/torch/nn/modules/module.py:2025: UserWarning: for vision_model.encoder.layers.11.mlp.fc1.bias: copying from a non-meta parameter in the checkpoint to a meta parameter in the current model, which is a no-op. (Did you mean to pass `assign=True` to assign items in the state dictionary to their corresponding key in the module instead of copying them in place?)
  warnings.warn(f'for {key}: copying from a non-meta parameter in the checkpoint to a meta '
/data/takhyun03/anaconda3/envs/lmms_llavavideo/lib/python3.11/site-packages/torch/nn/modules/module.py:2025: UserWarning: for vision_model.encoder.layers.11.mlp.fc2.weight: copying from a non-meta parameter in the checkpoint to a meta parameter in the current model, which is a no-op. (Did you mean to pass `assign=True` to assign items in the state dictionary to their corresponding key in the module instead of copying them in place?)
  warnings.warn(f'for {key}: copying from a non-meta parameter in the checkpoint to a meta '
/data/takhyun03/anaconda3/envs/lmms_llavavideo/lib/python3.11/site-packages/torch/nn/modules/module.py:2025: UserWarning: for vision_model.encoder.layers.11.mlp.fc2.bias: copying from a non-meta parameter in the checkpoint to a meta parameter in the current model, which is a no-op. (Did you mean to pass `assign=True` to assign items in the state dictionary to their corresponding key in the module instead of copying them in place?)
  warnings.warn(f'for {key}: copying from a non-meta parameter in the checkpoint to a meta '
/data/takhyun03/anaconda3/envs/lmms_llavavideo/lib/python3.11/site-packages/torch/nn/modules/module.py:2025: UserWarning: for vision_model.encoder.layers.11.layer_norm2.weight: copying from a non-meta parameter in the checkpoint to a meta parameter in the current model, which is a no-op. (Did you mean to pass `assign=True` to assign items in the state dictionary to their corresponding key in the module instead of copying them in place?)
  warnings.warn(f'for {key}: copying from a non-meta parameter in the checkpoint to a meta '
/data/takhyun03/anaconda3/envs/lmms_llavavideo/lib/python3.11/site-packages/torch/nn/modules/module.py:2025: UserWarning: for vision_model.encoder.layers.11.layer_norm2.bias: copying from a non-meta parameter in the checkpoint to a meta parameter in the current model, which is a no-op. (Did you mean to pass `assign=True` to assign items in the state dictionary to their corresponding key in the module instead of copying them in place?)
  warnings.warn(f'for {key}: copying from a non-meta parameter in the checkpoint to a meta '
/data/takhyun03/anaconda3/envs/lmms_llavavideo/lib/python3.11/site-packages/torch/nn/modules/module.py:2025: UserWarning: for vision_model.encoder.layers.12.self_attn.k_proj.weight: copying from a non-meta parameter in the checkpoint to a meta parameter in the current model, which is a no-op. (Did you mean to pass `assign=True` to assign items in the state dictionary to their corresponding key in the module instead of copying them in place?)
  warnings.warn(f'for {key}: copying from a non-meta parameter in the checkpoint to a meta '
/data/takhyun03/anaconda3/envs/lmms_llavavideo/lib/python3.11/site-packages/torch/nn/modules/module.py:2025: UserWarning: for vision_model.encoder.layers.12.self_attn.k_proj.bias: copying from a non-meta parameter in the checkpoint to a meta parameter in the current model, which is a no-op. (Did you mean to pass `assign=True` to assign items in the state dictionary to their corresponding key in the module instead of copying them in place?)
  warnings.warn(f'for {key}: copying from a non-meta parameter in the checkpoint to a meta '
/data/takhyun03/anaconda3/envs/lmms_llavavideo/lib/python3.11/site-packages/torch/nn/modules/module.py:2025: UserWarning: for vision_model.encoder.layers.12.self_attn.v_proj.weight: copying from a non-meta parameter in the checkpoint to a meta parameter in the current model, which is a no-op. (Did you mean to pass `assign=True` to assign items in the state dictionary to their corresponding key in the module instead of copying them in place?)
  warnings.warn(f'for {key}: copying from a non-meta parameter in the checkpoint to a meta '
/data/takhyun03/anaconda3/envs/lmms_llavavideo/lib/python3.11/site-packages/torch/nn/modules/module.py:2025: UserWarning: for vision_model.encoder.layers.12.self_attn.v_proj.bias: copying from a non-meta parameter in the checkpoint to a meta parameter in the current model, which is a no-op. (Did you mean to pass `assign=True` to assign items in the state dictionary to their corresponding key in the module instead of copying them in place?)
  warnings.warn(f'for {key}: copying from a non-meta parameter in the checkpoint to a meta '
/data/takhyun03/anaconda3/envs/lmms_llavavideo/lib/python3.11/site-packages/torch/nn/modules/module.py:2025: UserWarning: for vision_model.encoder.layers.12.self_attn.q_proj.weight: copying from a non-meta parameter in the checkpoint to a meta parameter in the current model, which is a no-op. (Did you mean to pass `assign=True` to assign items in the state dictionary to their corresponding key in the module instead of copying them in place?)
  warnings.warn(f'for {key}: copying from a non-meta parameter in the checkpoint to a meta '
/data/takhyun03/anaconda3/envs/lmms_llavavideo/lib/python3.11/site-packages/torch/nn/modules/module.py:2025: UserWarning: for vision_model.encoder.layers.12.self_attn.q_proj.bias: copying from a non-meta parameter in the checkpoint to a meta parameter in the current model, which is a no-op. (Did you mean to pass `assign=True` to assign items in the state dictionary to their corresponding key in the module instead of copying them in place?)
  warnings.warn(f'for {key}: copying from a non-meta parameter in the checkpoint to a meta '
/data/takhyun03/anaconda3/envs/lmms_llavavideo/lib/python3.11/site-packages/torch/nn/modules/module.py:2025: UserWarning: for vision_model.encoder.layers.12.self_attn.out_proj.weight: copying from a non-meta parameter in the checkpoint to a meta parameter in the current model, which is a no-op. (Did you mean to pass `assign=True` to assign items in the state dictionary to their corresponding key in the module instead of copying them in place?)
  warnings.warn(f'for {key}: copying from a non-meta parameter in the checkpoint to a meta '
/data/takhyun03/anaconda3/envs/lmms_llavavideo/lib/python3.11/site-packages/torch/nn/modules/module.py:2025: UserWarning: for vision_model.encoder.layers.12.self_attn.out_proj.bias: copying from a non-meta parameter in the checkpoint to a meta parameter in the current model, which is a no-op. (Did you mean to pass `assign=True` to assign items in the state dictionary to their corresponding key in the module instead of copying them in place?)
  warnings.warn(f'for {key}: copying from a non-meta parameter in the checkpoint to a meta '
/data/takhyun03/anaconda3/envs/lmms_llavavideo/lib/python3.11/site-packages/torch/nn/modules/module.py:2025: UserWarning: for vision_model.encoder.layers.12.layer_norm1.weight: copying from a non-meta parameter in the checkpoint to a meta parameter in the current model, which is a no-op. (Did you mean to pass `assign=True` to assign items in the state dictionary to their corresponding key in the module instead of copying them in place?)
  warnings.warn(f'for {key}: copying from a non-meta parameter in the checkpoint to a meta '
/data/takhyun03/anaconda3/envs/lmms_llavavideo/lib/python3.11/site-packages/torch/nn/modules/module.py:2025: UserWarning: for vision_model.encoder.layers.12.layer_norm1.bias: copying from a non-meta parameter in the checkpoint to a meta parameter in the current model, which is a no-op. (Did you mean to pass `assign=True` to assign items in the state dictionary to their corresponding key in the module instead of copying them in place?)
  warnings.warn(f'for {key}: copying from a non-meta parameter in the checkpoint to a meta '
/data/takhyun03/anaconda3/envs/lmms_llavavideo/lib/python3.11/site-packages/torch/nn/modules/module.py:2025: UserWarning: for vision_model.encoder.layers.12.mlp.fc1.weight: copying from a non-meta parameter in the checkpoint to a meta parameter in the current model, which is a no-op. (Did you mean to pass `assign=True` to assign items in the state dictionary to their corresponding key in the module instead of copying them in place?)
  warnings.warn(f'for {key}: copying from a non-meta parameter in the checkpoint to a meta '
/data/takhyun03/anaconda3/envs/lmms_llavavideo/lib/python3.11/site-packages/torch/nn/modules/module.py:2025: UserWarning: for vision_model.encoder.layers.12.mlp.fc1.bias: copying from a non-meta parameter in the checkpoint to a meta parameter in the current model, which is a no-op. (Did you mean to pass `assign=True` to assign items in the state dictionary to their corresponding key in the module instead of copying them in place?)
  warnings.warn(f'for {key}: copying from a non-meta parameter in the checkpoint to a meta '
/data/takhyun03/anaconda3/envs/lmms_llavavideo/lib/python3.11/site-packages/torch/nn/modules/module.py:2025: UserWarning: for vision_model.encoder.layers.12.mlp.fc2.weight: copying from a non-meta parameter in the checkpoint to a meta parameter in the current model, which is a no-op. (Did you mean to pass `assign=True` to assign items in the state dictionary to their corresponding key in the module instead of copying them in place?)
  warnings.warn(f'for {key}: copying from a non-meta parameter in the checkpoint to a meta '
/data/takhyun03/anaconda3/envs/lmms_llavavideo/lib/python3.11/site-packages/torch/nn/modules/module.py:2025: UserWarning: for vision_model.encoder.layers.12.mlp.fc2.bias: copying from a non-meta parameter in the checkpoint to a meta parameter in the current model, which is a no-op. (Did you mean to pass `assign=True` to assign items in the state dictionary to their corresponding key in the module instead of copying them in place?)
  warnings.warn(f'for {key}: copying from a non-meta parameter in the checkpoint to a meta '
/data/takhyun03/anaconda3/envs/lmms_llavavideo/lib/python3.11/site-packages/torch/nn/modules/module.py:2025: UserWarning: for vision_model.encoder.layers.12.layer_norm2.weight: copying from a non-meta parameter in the checkpoint to a meta parameter in the current model, which is a no-op. (Did you mean to pass `assign=True` to assign items in the state dictionary to their corresponding key in the module instead of copying them in place?)
  warnings.warn(f'for {key}: copying from a non-meta parameter in the checkpoint to a meta '
/data/takhyun03/anaconda3/envs/lmms_llavavideo/lib/python3.11/site-packages/torch/nn/modules/module.py:2025: UserWarning: for vision_model.encoder.layers.12.layer_norm2.bias: copying from a non-meta parameter in the checkpoint to a meta parameter in the current model, which is a no-op. (Did you mean to pass `assign=True` to assign items in the state dictionary to their corresponding key in the module instead of copying them in place?)
  warnings.warn(f'for {key}: copying from a non-meta parameter in the checkpoint to a meta '
/data/takhyun03/anaconda3/envs/lmms_llavavideo/lib/python3.11/site-packages/torch/nn/modules/module.py:2025: UserWarning: for vision_model.encoder.layers.13.self_attn.k_proj.weight: copying from a non-meta parameter in the checkpoint to a meta parameter in the current model, which is a no-op. (Did you mean to pass `assign=True` to assign items in the state dictionary to their corresponding key in the module instead of copying them in place?)
  warnings.warn(f'for {key}: copying from a non-meta parameter in the checkpoint to a meta '
/data/takhyun03/anaconda3/envs/lmms_llavavideo/lib/python3.11/site-packages/torch/nn/modules/module.py:2025: UserWarning: for vision_model.encoder.layers.13.self_attn.k_proj.bias: copying from a non-meta parameter in the checkpoint to a meta parameter in the current model, which is a no-op. (Did you mean to pass `assign=True` to assign items in the state dictionary to their corresponding key in the module instead of copying them in place?)
  warnings.warn(f'for {key}: copying from a non-meta parameter in the checkpoint to a meta '
/data/takhyun03/anaconda3/envs/lmms_llavavideo/lib/python3.11/site-packages/torch/nn/modules/module.py:2025: UserWarning: for vision_model.encoder.layers.13.self_attn.v_proj.weight: copying from a non-meta parameter in the checkpoint to a meta parameter in the current model, which is a no-op. (Did you mean to pass `assign=True` to assign items in the state dictionary to their corresponding key in the module instead of copying them in place?)
  warnings.warn(f'for {key}: copying from a non-meta parameter in the checkpoint to a meta '
/data/takhyun03/anaconda3/envs/lmms_llavavideo/lib/python3.11/site-packages/torch/nn/modules/module.py:2025: UserWarning: for vision_model.encoder.layers.13.self_attn.v_proj.bias: copying from a non-meta parameter in the checkpoint to a meta parameter in the current model, which is a no-op. (Did you mean to pass `assign=True` to assign items in the state dictionary to their corresponding key in the module instead of copying them in place?)
  warnings.warn(f'for {key}: copying from a non-meta parameter in the checkpoint to a meta '
/data/takhyun03/anaconda3/envs/lmms_llavavideo/lib/python3.11/site-packages/torch/nn/modules/module.py:2025: UserWarning: for vision_model.encoder.layers.13.self_attn.q_proj.weight: copying from a non-meta parameter in the checkpoint to a meta parameter in the current model, which is a no-op. (Did you mean to pass `assign=True` to assign items in the state dictionary to their corresponding key in the module instead of copying them in place?)
  warnings.warn(f'for {key}: copying from a non-meta parameter in the checkpoint to a meta '
/data/takhyun03/anaconda3/envs/lmms_llavavideo/lib/python3.11/site-packages/torch/nn/modules/module.py:2025: UserWarning: for vision_model.encoder.layers.13.self_attn.q_proj.bias: copying from a non-meta parameter in the checkpoint to a meta parameter in the current model, which is a no-op. (Did you mean to pass `assign=True` to assign items in the state dictionary to their corresponding key in the module instead of copying them in place?)
  warnings.warn(f'for {key}: copying from a non-meta parameter in the checkpoint to a meta '
/data/takhyun03/anaconda3/envs/lmms_llavavideo/lib/python3.11/site-packages/torch/nn/modules/module.py:2025: UserWarning: for vision_model.encoder.layers.13.self_attn.out_proj.weight: copying from a non-meta parameter in the checkpoint to a meta parameter in the current model, which is a no-op. (Did you mean to pass `assign=True` to assign items in the state dictionary to their corresponding key in the module instead of copying them in place?)
  warnings.warn(f'for {key}: copying from a non-meta parameter in the checkpoint to a meta '
/data/takhyun03/anaconda3/envs/lmms_llavavideo/lib/python3.11/site-packages/torch/nn/modules/module.py:2025: UserWarning: for vision_model.encoder.layers.13.self_attn.out_proj.bias: copying from a non-meta parameter in the checkpoint to a meta parameter in the current model, which is a no-op. (Did you mean to pass `assign=True` to assign items in the state dictionary to their corresponding key in the module instead of copying them in place?)
  warnings.warn(f'for {key}: copying from a non-meta parameter in the checkpoint to a meta '
/data/takhyun03/anaconda3/envs/lmms_llavavideo/lib/python3.11/site-packages/torch/nn/modules/module.py:2025: UserWarning: for vision_model.encoder.layers.13.layer_norm1.weight: copying from a non-meta parameter in the checkpoint to a meta parameter in the current model, which is a no-op. (Did you mean to pass `assign=True` to assign items in the state dictionary to their corresponding key in the module instead of copying them in place?)
  warnings.warn(f'for {key}: copying from a non-meta parameter in the checkpoint to a meta '
/data/takhyun03/anaconda3/envs/lmms_llavavideo/lib/python3.11/site-packages/torch/nn/modules/module.py:2025: UserWarning: for vision_model.encoder.layers.13.layer_norm1.bias: copying from a non-meta parameter in the checkpoint to a meta parameter in the current model, which is a no-op. (Did you mean to pass `assign=True` to assign items in the state dictionary to their corresponding key in the module instead of copying them in place?)
  warnings.warn(f'for {key}: copying from a non-meta parameter in the checkpoint to a meta '
/data/takhyun03/anaconda3/envs/lmms_llavavideo/lib/python3.11/site-packages/torch/nn/modules/module.py:2025: UserWarning: for vision_model.encoder.layers.13.mlp.fc1.weight: copying from a non-meta parameter in the checkpoint to a meta parameter in the current model, which is a no-op. (Did you mean to pass `assign=True` to assign items in the state dictionary to their corresponding key in the module instead of copying them in place?)
  warnings.warn(f'for {key}: copying from a non-meta parameter in the checkpoint to a meta '
/data/takhyun03/anaconda3/envs/lmms_llavavideo/lib/python3.11/site-packages/torch/nn/modules/module.py:2025: UserWarning: for vision_model.encoder.layers.13.mlp.fc1.bias: copying from a non-meta parameter in the checkpoint to a meta parameter in the current model, which is a no-op. (Did you mean to pass `assign=True` to assign items in the state dictionary to their corresponding key in the module instead of copying them in place?)
  warnings.warn(f'for {key}: copying from a non-meta parameter in the checkpoint to a meta '
/data/takhyun03/anaconda3/envs/lmms_llavavideo/lib/python3.11/site-packages/torch/nn/modules/module.py:2025: UserWarning: for vision_model.encoder.layers.13.mlp.fc2.weight: copying from a non-meta parameter in the checkpoint to a meta parameter in the current model, which is a no-op. (Did you mean to pass `assign=True` to assign items in the state dictionary to their corresponding key in the module instead of copying them in place?)
  warnings.warn(f'for {key}: copying from a non-meta parameter in the checkpoint to a meta '
/data/takhyun03/anaconda3/envs/lmms_llavavideo/lib/python3.11/site-packages/torch/nn/modules/module.py:2025: UserWarning: for vision_model.encoder.layers.13.mlp.fc2.bias: copying from a non-meta parameter in the checkpoint to a meta parameter in the current model, which is a no-op. (Did you mean to pass `assign=True` to assign items in the state dictionary to their corresponding key in the module instead of copying them in place?)
  warnings.warn(f'for {key}: copying from a non-meta parameter in the checkpoint to a meta '
/data/takhyun03/anaconda3/envs/lmms_llavavideo/lib/python3.11/site-packages/torch/nn/modules/module.py:2025: UserWarning: for vision_model.encoder.layers.13.layer_norm2.weight: copying from a non-meta parameter in the checkpoint to a meta parameter in the current model, which is a no-op. (Did you mean to pass `assign=True` to assign items in the state dictionary to their corresponding key in the module instead of copying them in place?)
  warnings.warn(f'for {key}: copying from a non-meta parameter in the checkpoint to a meta '
/data/takhyun03/anaconda3/envs/lmms_llavavideo/lib/python3.11/site-packages/torch/nn/modules/module.py:2025: UserWarning: for vision_model.encoder.layers.13.layer_norm2.bias: copying from a non-meta parameter in the checkpoint to a meta parameter in the current model, which is a no-op. (Did you mean to pass `assign=True` to assign items in the state dictionary to their corresponding key in the module instead of copying them in place?)
  warnings.warn(f'for {key}: copying from a non-meta parameter in the checkpoint to a meta '
/data/takhyun03/anaconda3/envs/lmms_llavavideo/lib/python3.11/site-packages/torch/nn/modules/module.py:2025: UserWarning: for vision_model.encoder.layers.14.self_attn.k_proj.weight: copying from a non-meta parameter in the checkpoint to a meta parameter in the current model, which is a no-op. (Did you mean to pass `assign=True` to assign items in the state dictionary to their corresponding key in the module instead of copying them in place?)
  warnings.warn(f'for {key}: copying from a non-meta parameter in the checkpoint to a meta '
/data/takhyun03/anaconda3/envs/lmms_llavavideo/lib/python3.11/site-packages/torch/nn/modules/module.py:2025: UserWarning: for vision_model.encoder.layers.14.self_attn.k_proj.bias: copying from a non-meta parameter in the checkpoint to a meta parameter in the current model, which is a no-op. (Did you mean to pass `assign=True` to assign items in the state dictionary to their corresponding key in the module instead of copying them in place?)
  warnings.warn(f'for {key}: copying from a non-meta parameter in the checkpoint to a meta '
/data/takhyun03/anaconda3/envs/lmms_llavavideo/lib/python3.11/site-packages/torch/nn/modules/module.py:2025: UserWarning: for vision_model.encoder.layers.14.self_attn.v_proj.weight: copying from a non-meta parameter in the checkpoint to a meta parameter in the current model, which is a no-op. (Did you mean to pass `assign=True` to assign items in the state dictionary to their corresponding key in the module instead of copying them in place?)
  warnings.warn(f'for {key}: copying from a non-meta parameter in the checkpoint to a meta '
/data/takhyun03/anaconda3/envs/lmms_llavavideo/lib/python3.11/site-packages/torch/nn/modules/module.py:2025: UserWarning: for vision_model.encoder.layers.14.self_attn.v_proj.bias: copying from a non-meta parameter in the checkpoint to a meta parameter in the current model, which is a no-op. (Did you mean to pass `assign=True` to assign items in the state dictionary to their corresponding key in the module instead of copying them in place?)
  warnings.warn(f'for {key}: copying from a non-meta parameter in the checkpoint to a meta '
/data/takhyun03/anaconda3/envs/lmms_llavavideo/lib/python3.11/site-packages/torch/nn/modules/module.py:2025: UserWarning: for vision_model.encoder.layers.14.self_attn.q_proj.weight: copying from a non-meta parameter in the checkpoint to a meta parameter in the current model, which is a no-op. (Did you mean to pass `assign=True` to assign items in the state dictionary to their corresponding key in the module instead of copying them in place?)
  warnings.warn(f'for {key}: copying from a non-meta parameter in the checkpoint to a meta '
/data/takhyun03/anaconda3/envs/lmms_llavavideo/lib/python3.11/site-packages/torch/nn/modules/module.py:2025: UserWarning: for vision_model.encoder.layers.14.self_attn.q_proj.bias: copying from a non-meta parameter in the checkpoint to a meta parameter in the current model, which is a no-op. (Did you mean to pass `assign=True` to assign items in the state dictionary to their corresponding key in the module instead of copying them in place?)
  warnings.warn(f'for {key}: copying from a non-meta parameter in the checkpoint to a meta '
/data/takhyun03/anaconda3/envs/lmms_llavavideo/lib/python3.11/site-packages/torch/nn/modules/module.py:2025: UserWarning: for vision_model.encoder.layers.14.self_attn.out_proj.weight: copying from a non-meta parameter in the checkpoint to a meta parameter in the current model, which is a no-op. (Did you mean to pass `assign=True` to assign items in the state dictionary to their corresponding key in the module instead of copying them in place?)
  warnings.warn(f'for {key}: copying from a non-meta parameter in the checkpoint to a meta '
/data/takhyun03/anaconda3/envs/lmms_llavavideo/lib/python3.11/site-packages/torch/nn/modules/module.py:2025: UserWarning: for vision_model.encoder.layers.14.self_attn.out_proj.bias: copying from a non-meta parameter in the checkpoint to a meta parameter in the current model, which is a no-op. (Did you mean to pass `assign=True` to assign items in the state dictionary to their corresponding key in the module instead of copying them in place?)
  warnings.warn(f'for {key}: copying from a non-meta parameter in the checkpoint to a meta '
/data/takhyun03/anaconda3/envs/lmms_llavavideo/lib/python3.11/site-packages/torch/nn/modules/module.py:2025: UserWarning: for vision_model.encoder.layers.14.layer_norm1.weight: copying from a non-meta parameter in the checkpoint to a meta parameter in the current model, which is a no-op. (Did you mean to pass `assign=True` to assign items in the state dictionary to their corresponding key in the module instead of copying them in place?)
  warnings.warn(f'for {key}: copying from a non-meta parameter in the checkpoint to a meta '
/data/takhyun03/anaconda3/envs/lmms_llavavideo/lib/python3.11/site-packages/torch/nn/modules/module.py:2025: UserWarning: for vision_model.encoder.layers.14.layer_norm1.bias: copying from a non-meta parameter in the checkpoint to a meta parameter in the current model, which is a no-op. (Did you mean to pass `assign=True` to assign items in the state dictionary to their corresponding key in the module instead of copying them in place?)
  warnings.warn(f'for {key}: copying from a non-meta parameter in the checkpoint to a meta '
/data/takhyun03/anaconda3/envs/lmms_llavavideo/lib/python3.11/site-packages/torch/nn/modules/module.py:2025: UserWarning: for vision_model.encoder.layers.14.mlp.fc1.weight: copying from a non-meta parameter in the checkpoint to a meta parameter in the current model, which is a no-op. (Did you mean to pass `assign=True` to assign items in the state dictionary to their corresponding key in the module instead of copying them in place?)
  warnings.warn(f'for {key}: copying from a non-meta parameter in the checkpoint to a meta '
/data/takhyun03/anaconda3/envs/lmms_llavavideo/lib/python3.11/site-packages/torch/nn/modules/module.py:2025: UserWarning: for vision_model.encoder.layers.14.mlp.fc1.bias: copying from a non-meta parameter in the checkpoint to a meta parameter in the current model, which is a no-op. (Did you mean to pass `assign=True` to assign items in the state dictionary to their corresponding key in the module instead of copying them in place?)
  warnings.warn(f'for {key}: copying from a non-meta parameter in the checkpoint to a meta '
/data/takhyun03/anaconda3/envs/lmms_llavavideo/lib/python3.11/site-packages/torch/nn/modules/module.py:2025: UserWarning: for vision_model.encoder.layers.14.mlp.fc2.weight: copying from a non-meta parameter in the checkpoint to a meta parameter in the current model, which is a no-op. (Did you mean to pass `assign=True` to assign items in the state dictionary to their corresponding key in the module instead of copying them in place?)
  warnings.warn(f'for {key}: copying from a non-meta parameter in the checkpoint to a meta '
/data/takhyun03/anaconda3/envs/lmms_llavavideo/lib/python3.11/site-packages/torch/nn/modules/module.py:2025: UserWarning: for vision_model.encoder.layers.14.mlp.fc2.bias: copying from a non-meta parameter in the checkpoint to a meta parameter in the current model, which is a no-op. (Did you mean to pass `assign=True` to assign items in the state dictionary to their corresponding key in the module instead of copying them in place?)
  warnings.warn(f'for {key}: copying from a non-meta parameter in the checkpoint to a meta '
/data/takhyun03/anaconda3/envs/lmms_llavavideo/lib/python3.11/site-packages/torch/nn/modules/module.py:2025: UserWarning: for vision_model.encoder.layers.14.layer_norm2.weight: copying from a non-meta parameter in the checkpoint to a meta parameter in the current model, which is a no-op. (Did you mean to pass `assign=True` to assign items in the state dictionary to their corresponding key in the module instead of copying them in place?)
  warnings.warn(f'for {key}: copying from a non-meta parameter in the checkpoint to a meta '
/data/takhyun03/anaconda3/envs/lmms_llavavideo/lib/python3.11/site-packages/torch/nn/modules/module.py:2025: UserWarning: for vision_model.encoder.layers.14.layer_norm2.bias: copying from a non-meta parameter in the checkpoint to a meta parameter in the current model, which is a no-op. (Did you mean to pass `assign=True` to assign items in the state dictionary to their corresponding key in the module instead of copying them in place?)
  warnings.warn(f'for {key}: copying from a non-meta parameter in the checkpoint to a meta '
/data/takhyun03/anaconda3/envs/lmms_llavavideo/lib/python3.11/site-packages/torch/nn/modules/module.py:2025: UserWarning: for vision_model.encoder.layers.15.self_attn.k_proj.weight: copying from a non-meta parameter in the checkpoint to a meta parameter in the current model, which is a no-op. (Did you mean to pass `assign=True` to assign items in the state dictionary to their corresponding key in the module instead of copying them in place?)
  warnings.warn(f'for {key}: copying from a non-meta parameter in the checkpoint to a meta '
/data/takhyun03/anaconda3/envs/lmms_llavavideo/lib/python3.11/site-packages/torch/nn/modules/module.py:2025: UserWarning: for vision_model.encoder.layers.15.self_attn.k_proj.bias: copying from a non-meta parameter in the checkpoint to a meta parameter in the current model, which is a no-op. (Did you mean to pass `assign=True` to assign items in the state dictionary to their corresponding key in the module instead of copying them in place?)
  warnings.warn(f'for {key}: copying from a non-meta parameter in the checkpoint to a meta '
/data/takhyun03/anaconda3/envs/lmms_llavavideo/lib/python3.11/site-packages/torch/nn/modules/module.py:2025: UserWarning: for vision_model.encoder.layers.15.self_attn.v_proj.weight: copying from a non-meta parameter in the checkpoint to a meta parameter in the current model, which is a no-op. (Did you mean to pass `assign=True` to assign items in the state dictionary to their corresponding key in the module instead of copying them in place?)
  warnings.warn(f'for {key}: copying from a non-meta parameter in the checkpoint to a meta '
/data/takhyun03/anaconda3/envs/lmms_llavavideo/lib/python3.11/site-packages/torch/nn/modules/module.py:2025: UserWarning: for vision_model.encoder.layers.15.self_attn.v_proj.bias: copying from a non-meta parameter in the checkpoint to a meta parameter in the current model, which is a no-op. (Did you mean to pass `assign=True` to assign items in the state dictionary to their corresponding key in the module instead of copying them in place?)
  warnings.warn(f'for {key}: copying from a non-meta parameter in the checkpoint to a meta '
/data/takhyun03/anaconda3/envs/lmms_llavavideo/lib/python3.11/site-packages/torch/nn/modules/module.py:2025: UserWarning: for vision_model.encoder.layers.15.self_attn.q_proj.weight: copying from a non-meta parameter in the checkpoint to a meta parameter in the current model, which is a no-op. (Did you mean to pass `assign=True` to assign items in the state dictionary to their corresponding key in the module instead of copying them in place?)
  warnings.warn(f'for {key}: copying from a non-meta parameter in the checkpoint to a meta '
/data/takhyun03/anaconda3/envs/lmms_llavavideo/lib/python3.11/site-packages/torch/nn/modules/module.py:2025: UserWarning: for vision_model.encoder.layers.15.self_attn.q_proj.bias: copying from a non-meta parameter in the checkpoint to a meta parameter in the current model, which is a no-op. (Did you mean to pass `assign=True` to assign items in the state dictionary to their corresponding key in the module instead of copying them in place?)
  warnings.warn(f'for {key}: copying from a non-meta parameter in the checkpoint to a meta '
/data/takhyun03/anaconda3/envs/lmms_llavavideo/lib/python3.11/site-packages/torch/nn/modules/module.py:2025: UserWarning: for vision_model.encoder.layers.15.self_attn.out_proj.weight: copying from a non-meta parameter in the checkpoint to a meta parameter in the current model, which is a no-op. (Did you mean to pass `assign=True` to assign items in the state dictionary to their corresponding key in the module instead of copying them in place?)
  warnings.warn(f'for {key}: copying from a non-meta parameter in the checkpoint to a meta '
/data/takhyun03/anaconda3/envs/lmms_llavavideo/lib/python3.11/site-packages/torch/nn/modules/module.py:2025: UserWarning: for vision_model.encoder.layers.15.self_attn.out_proj.bias: copying from a non-meta parameter in the checkpoint to a meta parameter in the current model, which is a no-op. (Did you mean to pass `assign=True` to assign items in the state dictionary to their corresponding key in the module instead of copying them in place?)
  warnings.warn(f'for {key}: copying from a non-meta parameter in the checkpoint to a meta '
/data/takhyun03/anaconda3/envs/lmms_llavavideo/lib/python3.11/site-packages/torch/nn/modules/module.py:2025: UserWarning: for vision_model.encoder.layers.15.layer_norm1.weight: copying from a non-meta parameter in the checkpoint to a meta parameter in the current model, which is a no-op. (Did you mean to pass `assign=True` to assign items in the state dictionary to their corresponding key in the module instead of copying them in place?)
  warnings.warn(f'for {key}: copying from a non-meta parameter in the checkpoint to a meta '
/data/takhyun03/anaconda3/envs/lmms_llavavideo/lib/python3.11/site-packages/torch/nn/modules/module.py:2025: UserWarning: for vision_model.encoder.layers.15.layer_norm1.bias: copying from a non-meta parameter in the checkpoint to a meta parameter in the current model, which is a no-op. (Did you mean to pass `assign=True` to assign items in the state dictionary to their corresponding key in the module instead of copying them in place?)
  warnings.warn(f'for {key}: copying from a non-meta parameter in the checkpoint to a meta '
/data/takhyun03/anaconda3/envs/lmms_llavavideo/lib/python3.11/site-packages/torch/nn/modules/module.py:2025: UserWarning: for vision_model.encoder.layers.15.mlp.fc1.weight: copying from a non-meta parameter in the checkpoint to a meta parameter in the current model, which is a no-op. (Did you mean to pass `assign=True` to assign items in the state dictionary to their corresponding key in the module instead of copying them in place?)
  warnings.warn(f'for {key}: copying from a non-meta parameter in the checkpoint to a meta '
/data/takhyun03/anaconda3/envs/lmms_llavavideo/lib/python3.11/site-packages/torch/nn/modules/module.py:2025: UserWarning: for vision_model.encoder.layers.15.mlp.fc1.bias: copying from a non-meta parameter in the checkpoint to a meta parameter in the current model, which is a no-op. (Did you mean to pass `assign=True` to assign items in the state dictionary to their corresponding key in the module instead of copying them in place?)
  warnings.warn(f'for {key}: copying from a non-meta parameter in the checkpoint to a meta '
/data/takhyun03/anaconda3/envs/lmms_llavavideo/lib/python3.11/site-packages/torch/nn/modules/module.py:2025: UserWarning: for vision_model.encoder.layers.15.mlp.fc2.weight: copying from a non-meta parameter in the checkpoint to a meta parameter in the current model, which is a no-op. (Did you mean to pass `assign=True` to assign items in the state dictionary to their corresponding key in the module instead of copying them in place?)
  warnings.warn(f'for {key}: copying from a non-meta parameter in the checkpoint to a meta '
/data/takhyun03/anaconda3/envs/lmms_llavavideo/lib/python3.11/site-packages/torch/nn/modules/module.py:2025: UserWarning: for vision_model.encoder.layers.15.mlp.fc2.bias: copying from a non-meta parameter in the checkpoint to a meta parameter in the current model, which is a no-op. (Did you mean to pass `assign=True` to assign items in the state dictionary to their corresponding key in the module instead of copying them in place?)
  warnings.warn(f'for {key}: copying from a non-meta parameter in the checkpoint to a meta '
/data/takhyun03/anaconda3/envs/lmms_llavavideo/lib/python3.11/site-packages/torch/nn/modules/module.py:2025: UserWarning: for vision_model.encoder.layers.15.layer_norm2.weight: copying from a non-meta parameter in the checkpoint to a meta parameter in the current model, which is a no-op. (Did you mean to pass `assign=True` to assign items in the state dictionary to their corresponding key in the module instead of copying them in place?)
  warnings.warn(f'for {key}: copying from a non-meta parameter in the checkpoint to a meta '
/data/takhyun03/anaconda3/envs/lmms_llavavideo/lib/python3.11/site-packages/torch/nn/modules/module.py:2025: UserWarning: for vision_model.encoder.layers.15.layer_norm2.bias: copying from a non-meta parameter in the checkpoint to a meta parameter in the current model, which is a no-op. (Did you mean to pass `assign=True` to assign items in the state dictionary to their corresponding key in the module instead of copying them in place?)
  warnings.warn(f'for {key}: copying from a non-meta parameter in the checkpoint to a meta '
/data/takhyun03/anaconda3/envs/lmms_llavavideo/lib/python3.11/site-packages/torch/nn/modules/module.py:2025: UserWarning: for vision_model.encoder.layers.16.self_attn.k_proj.weight: copying from a non-meta parameter in the checkpoint to a meta parameter in the current model, which is a no-op. (Did you mean to pass `assign=True` to assign items in the state dictionary to their corresponding key in the module instead of copying them in place?)
  warnings.warn(f'for {key}: copying from a non-meta parameter in the checkpoint to a meta '
/data/takhyun03/anaconda3/envs/lmms_llavavideo/lib/python3.11/site-packages/torch/nn/modules/module.py:2025: UserWarning: for vision_model.encoder.layers.16.self_attn.k_proj.bias: copying from a non-meta parameter in the checkpoint to a meta parameter in the current model, which is a no-op. (Did you mean to pass `assign=True` to assign items in the state dictionary to their corresponding key in the module instead of copying them in place?)
  warnings.warn(f'for {key}: copying from a non-meta parameter in the checkpoint to a meta '
/data/takhyun03/anaconda3/envs/lmms_llavavideo/lib/python3.11/site-packages/torch/nn/modules/module.py:2025: UserWarning: for vision_model.encoder.layers.16.self_attn.v_proj.weight: copying from a non-meta parameter in the checkpoint to a meta parameter in the current model, which is a no-op. (Did you mean to pass `assign=True` to assign items in the state dictionary to their corresponding key in the module instead of copying them in place?)
  warnings.warn(f'for {key}: copying from a non-meta parameter in the checkpoint to a meta '
/data/takhyun03/anaconda3/envs/lmms_llavavideo/lib/python3.11/site-packages/torch/nn/modules/module.py:2025: UserWarning: for vision_model.encoder.layers.16.self_attn.v_proj.bias: copying from a non-meta parameter in the checkpoint to a meta parameter in the current model, which is a no-op. (Did you mean to pass `assign=True` to assign items in the state dictionary to their corresponding key in the module instead of copying them in place?)
  warnings.warn(f'for {key}: copying from a non-meta parameter in the checkpoint to a meta '
/data/takhyun03/anaconda3/envs/lmms_llavavideo/lib/python3.11/site-packages/torch/nn/modules/module.py:2025: UserWarning: for vision_model.encoder.layers.16.self_attn.q_proj.weight: copying from a non-meta parameter in the checkpoint to a meta parameter in the current model, which is a no-op. (Did you mean to pass `assign=True` to assign items in the state dictionary to their corresponding key in the module instead of copying them in place?)
  warnings.warn(f'for {key}: copying from a non-meta parameter in the checkpoint to a meta '
/data/takhyun03/anaconda3/envs/lmms_llavavideo/lib/python3.11/site-packages/torch/nn/modules/module.py:2025: UserWarning: for vision_model.encoder.layers.16.self_attn.q_proj.bias: copying from a non-meta parameter in the checkpoint to a meta parameter in the current model, which is a no-op. (Did you mean to pass `assign=True` to assign items in the state dictionary to their corresponding key in the module instead of copying them in place?)
  warnings.warn(f'for {key}: copying from a non-meta parameter in the checkpoint to a meta '
/data/takhyun03/anaconda3/envs/lmms_llavavideo/lib/python3.11/site-packages/torch/nn/modules/module.py:2025: UserWarning: for vision_model.encoder.layers.16.self_attn.out_proj.weight: copying from a non-meta parameter in the checkpoint to a meta parameter in the current model, which is a no-op. (Did you mean to pass `assign=True` to assign items in the state dictionary to their corresponding key in the module instead of copying them in place?)
  warnings.warn(f'for {key}: copying from a non-meta parameter in the checkpoint to a meta '
/data/takhyun03/anaconda3/envs/lmms_llavavideo/lib/python3.11/site-packages/torch/nn/modules/module.py:2025: UserWarning: for vision_model.encoder.layers.16.self_attn.out_proj.bias: copying from a non-meta parameter in the checkpoint to a meta parameter in the current model, which is a no-op. (Did you mean to pass `assign=True` to assign items in the state dictionary to their corresponding key in the module instead of copying them in place?)
  warnings.warn(f'for {key}: copying from a non-meta parameter in the checkpoint to a meta '
/data/takhyun03/anaconda3/envs/lmms_llavavideo/lib/python3.11/site-packages/torch/nn/modules/module.py:2025: UserWarning: for vision_model.encoder.layers.16.layer_norm1.weight: copying from a non-meta parameter in the checkpoint to a meta parameter in the current model, which is a no-op. (Did you mean to pass `assign=True` to assign items in the state dictionary to their corresponding key in the module instead of copying them in place?)
  warnings.warn(f'for {key}: copying from a non-meta parameter in the checkpoint to a meta '
/data/takhyun03/anaconda3/envs/lmms_llavavideo/lib/python3.11/site-packages/torch/nn/modules/module.py:2025: UserWarning: for vision_model.encoder.layers.16.layer_norm1.bias: copying from a non-meta parameter in the checkpoint to a meta parameter in the current model, which is a no-op. (Did you mean to pass `assign=True` to assign items in the state dictionary to their corresponding key in the module instead of copying them in place?)
  warnings.warn(f'for {key}: copying from a non-meta parameter in the checkpoint to a meta '
/data/takhyun03/anaconda3/envs/lmms_llavavideo/lib/python3.11/site-packages/torch/nn/modules/module.py:2025: UserWarning: for vision_model.encoder.layers.16.mlp.fc1.weight: copying from a non-meta parameter in the checkpoint to a meta parameter in the current model, which is a no-op. (Did you mean to pass `assign=True` to assign items in the state dictionary to their corresponding key in the module instead of copying them in place?)
  warnings.warn(f'for {key}: copying from a non-meta parameter in the checkpoint to a meta '
/data/takhyun03/anaconda3/envs/lmms_llavavideo/lib/python3.11/site-packages/torch/nn/modules/module.py:2025: UserWarning: for vision_model.encoder.layers.16.mlp.fc1.bias: copying from a non-meta parameter in the checkpoint to a meta parameter in the current model, which is a no-op. (Did you mean to pass `assign=True` to assign items in the state dictionary to their corresponding key in the module instead of copying them in place?)
  warnings.warn(f'for {key}: copying from a non-meta parameter in the checkpoint to a meta '
/data/takhyun03/anaconda3/envs/lmms_llavavideo/lib/python3.11/site-packages/torch/nn/modules/module.py:2025: UserWarning: for vision_model.encoder.layers.16.mlp.fc2.weight: copying from a non-meta parameter in the checkpoint to a meta parameter in the current model, which is a no-op. (Did you mean to pass `assign=True` to assign items in the state dictionary to their corresponding key in the module instead of copying them in place?)
  warnings.warn(f'for {key}: copying from a non-meta parameter in the checkpoint to a meta '
/data/takhyun03/anaconda3/envs/lmms_llavavideo/lib/python3.11/site-packages/torch/nn/modules/module.py:2025: UserWarning: for vision_model.encoder.layers.16.mlp.fc2.bias: copying from a non-meta parameter in the checkpoint to a meta parameter in the current model, which is a no-op. (Did you mean to pass `assign=True` to assign items in the state dictionary to their corresponding key in the module instead of copying them in place?)
  warnings.warn(f'for {key}: copying from a non-meta parameter in the checkpoint to a meta '
/data/takhyun03/anaconda3/envs/lmms_llavavideo/lib/python3.11/site-packages/torch/nn/modules/module.py:2025: UserWarning: for vision_model.encoder.layers.16.layer_norm2.weight: copying from a non-meta parameter in the checkpoint to a meta parameter in the current model, which is a no-op. (Did you mean to pass `assign=True` to assign items in the state dictionary to their corresponding key in the module instead of copying them in place?)
  warnings.warn(f'for {key}: copying from a non-meta parameter in the checkpoint to a meta '
/data/takhyun03/anaconda3/envs/lmms_llavavideo/lib/python3.11/site-packages/torch/nn/modules/module.py:2025: UserWarning: for vision_model.encoder.layers.16.layer_norm2.bias: copying from a non-meta parameter in the checkpoint to a meta parameter in the current model, which is a no-op. (Did you mean to pass `assign=True` to assign items in the state dictionary to their corresponding key in the module instead of copying them in place?)
  warnings.warn(f'for {key}: copying from a non-meta parameter in the checkpoint to a meta '
/data/takhyun03/anaconda3/envs/lmms_llavavideo/lib/python3.11/site-packages/torch/nn/modules/module.py:2025: UserWarning: for vision_model.encoder.layers.17.self_attn.k_proj.weight: copying from a non-meta parameter in the checkpoint to a meta parameter in the current model, which is a no-op. (Did you mean to pass `assign=True` to assign items in the state dictionary to their corresponding key in the module instead of copying them in place?)
  warnings.warn(f'for {key}: copying from a non-meta parameter in the checkpoint to a meta '
/data/takhyun03/anaconda3/envs/lmms_llavavideo/lib/python3.11/site-packages/torch/nn/modules/module.py:2025: UserWarning: for vision_model.encoder.layers.17.self_attn.k_proj.bias: copying from a non-meta parameter in the checkpoint to a meta parameter in the current model, which is a no-op. (Did you mean to pass `assign=True` to assign items in the state dictionary to their corresponding key in the module instead of copying them in place?)
  warnings.warn(f'for {key}: copying from a non-meta parameter in the checkpoint to a meta '
/data/takhyun03/anaconda3/envs/lmms_llavavideo/lib/python3.11/site-packages/torch/nn/modules/module.py:2025: UserWarning: for vision_model.encoder.layers.17.self_attn.v_proj.weight: copying from a non-meta parameter in the checkpoint to a meta parameter in the current model, which is a no-op. (Did you mean to pass `assign=True` to assign items in the state dictionary to their corresponding key in the module instead of copying them in place?)
  warnings.warn(f'for {key}: copying from a non-meta parameter in the checkpoint to a meta '
/data/takhyun03/anaconda3/envs/lmms_llavavideo/lib/python3.11/site-packages/torch/nn/modules/module.py:2025: UserWarning: for vision_model.encoder.layers.17.self_attn.v_proj.bias: copying from a non-meta parameter in the checkpoint to a meta parameter in the current model, which is a no-op. (Did you mean to pass `assign=True` to assign items in the state dictionary to their corresponding key in the module instead of copying them in place?)
  warnings.warn(f'for {key}: copying from a non-meta parameter in the checkpoint to a meta '
/data/takhyun03/anaconda3/envs/lmms_llavavideo/lib/python3.11/site-packages/torch/nn/modules/module.py:2025: UserWarning: for vision_model.encoder.layers.17.self_attn.q_proj.weight: copying from a non-meta parameter in the checkpoint to a meta parameter in the current model, which is a no-op. (Did you mean to pass `assign=True` to assign items in the state dictionary to their corresponding key in the module instead of copying them in place?)
  warnings.warn(f'for {key}: copying from a non-meta parameter in the checkpoint to a meta '
/data/takhyun03/anaconda3/envs/lmms_llavavideo/lib/python3.11/site-packages/torch/nn/modules/module.py:2025: UserWarning: for vision_model.encoder.layers.17.self_attn.q_proj.bias: copying from a non-meta parameter in the checkpoint to a meta parameter in the current model, which is a no-op. (Did you mean to pass `assign=True` to assign items in the state dictionary to their corresponding key in the module instead of copying them in place?)
  warnings.warn(f'for {key}: copying from a non-meta parameter in the checkpoint to a meta '
/data/takhyun03/anaconda3/envs/lmms_llavavideo/lib/python3.11/site-packages/torch/nn/modules/module.py:2025: UserWarning: for vision_model.encoder.layers.17.self_attn.out_proj.weight: copying from a non-meta parameter in the checkpoint to a meta parameter in the current model, which is a no-op. (Did you mean to pass `assign=True` to assign items in the state dictionary to their corresponding key in the module instead of copying them in place?)
  warnings.warn(f'for {key}: copying from a non-meta parameter in the checkpoint to a meta '
/data/takhyun03/anaconda3/envs/lmms_llavavideo/lib/python3.11/site-packages/torch/nn/modules/module.py:2025: UserWarning: for vision_model.encoder.layers.17.self_attn.out_proj.bias: copying from a non-meta parameter in the checkpoint to a meta parameter in the current model, which is a no-op. (Did you mean to pass `assign=True` to assign items in the state dictionary to their corresponding key in the module instead of copying them in place?)
  warnings.warn(f'for {key}: copying from a non-meta parameter in the checkpoint to a meta '
/data/takhyun03/anaconda3/envs/lmms_llavavideo/lib/python3.11/site-packages/torch/nn/modules/module.py:2025: UserWarning: for vision_model.encoder.layers.17.layer_norm1.weight: copying from a non-meta parameter in the checkpoint to a meta parameter in the current model, which is a no-op. (Did you mean to pass `assign=True` to assign items in the state dictionary to their corresponding key in the module instead of copying them in place?)
  warnings.warn(f'for {key}: copying from a non-meta parameter in the checkpoint to a meta '
/data/takhyun03/anaconda3/envs/lmms_llavavideo/lib/python3.11/site-packages/torch/nn/modules/module.py:2025: UserWarning: for vision_model.encoder.layers.17.layer_norm1.bias: copying from a non-meta parameter in the checkpoint to a meta parameter in the current model, which is a no-op. (Did you mean to pass `assign=True` to assign items in the state dictionary to their corresponding key in the module instead of copying them in place?)
  warnings.warn(f'for {key}: copying from a non-meta parameter in the checkpoint to a meta '
/data/takhyun03/anaconda3/envs/lmms_llavavideo/lib/python3.11/site-packages/torch/nn/modules/module.py:2025: UserWarning: for vision_model.encoder.layers.17.mlp.fc1.weight: copying from a non-meta parameter in the checkpoint to a meta parameter in the current model, which is a no-op. (Did you mean to pass `assign=True` to assign items in the state dictionary to their corresponding key in the module instead of copying them in place?)
  warnings.warn(f'for {key}: copying from a non-meta parameter in the checkpoint to a meta '
/data/takhyun03/anaconda3/envs/lmms_llavavideo/lib/python3.11/site-packages/torch/nn/modules/module.py:2025: UserWarning: for vision_model.encoder.layers.17.mlp.fc1.bias: copying from a non-meta parameter in the checkpoint to a meta parameter in the current model, which is a no-op. (Did you mean to pass `assign=True` to assign items in the state dictionary to their corresponding key in the module instead of copying them in place?)
  warnings.warn(f'for {key}: copying from a non-meta parameter in the checkpoint to a meta '
/data/takhyun03/anaconda3/envs/lmms_llavavideo/lib/python3.11/site-packages/torch/nn/modules/module.py:2025: UserWarning: for vision_model.encoder.layers.17.mlp.fc2.weight: copying from a non-meta parameter in the checkpoint to a meta parameter in the current model, which is a no-op. (Did you mean to pass `assign=True` to assign items in the state dictionary to their corresponding key in the module instead of copying them in place?)
  warnings.warn(f'for {key}: copying from a non-meta parameter in the checkpoint to a meta '
/data/takhyun03/anaconda3/envs/lmms_llavavideo/lib/python3.11/site-packages/torch/nn/modules/module.py:2025: UserWarning: for vision_model.encoder.layers.17.mlp.fc2.bias: copying from a non-meta parameter in the checkpoint to a meta parameter in the current model, which is a no-op. (Did you mean to pass `assign=True` to assign items in the state dictionary to their corresponding key in the module instead of copying them in place?)
  warnings.warn(f'for {key}: copying from a non-meta parameter in the checkpoint to a meta '
/data/takhyun03/anaconda3/envs/lmms_llavavideo/lib/python3.11/site-packages/torch/nn/modules/module.py:2025: UserWarning: for vision_model.encoder.layers.17.layer_norm2.weight: copying from a non-meta parameter in the checkpoint to a meta parameter in the current model, which is a no-op. (Did you mean to pass `assign=True` to assign items in the state dictionary to their corresponding key in the module instead of copying them in place?)
  warnings.warn(f'for {key}: copying from a non-meta parameter in the checkpoint to a meta '
/data/takhyun03/anaconda3/envs/lmms_llavavideo/lib/python3.11/site-packages/torch/nn/modules/module.py:2025: UserWarning: for vision_model.encoder.layers.17.layer_norm2.bias: copying from a non-meta parameter in the checkpoint to a meta parameter in the current model, which is a no-op. (Did you mean to pass `assign=True` to assign items in the state dictionary to their corresponding key in the module instead of copying them in place?)
  warnings.warn(f'for {key}: copying from a non-meta parameter in the checkpoint to a meta '
/data/takhyun03/anaconda3/envs/lmms_llavavideo/lib/python3.11/site-packages/torch/nn/modules/module.py:2025: UserWarning: for vision_model.encoder.layers.18.self_attn.k_proj.weight: copying from a non-meta parameter in the checkpoint to a meta parameter in the current model, which is a no-op. (Did you mean to pass `assign=True` to assign items in the state dictionary to their corresponding key in the module instead of copying them in place?)
  warnings.warn(f'for {key}: copying from a non-meta parameter in the checkpoint to a meta '
/data/takhyun03/anaconda3/envs/lmms_llavavideo/lib/python3.11/site-packages/torch/nn/modules/module.py:2025: UserWarning: for vision_model.encoder.layers.18.self_attn.k_proj.bias: copying from a non-meta parameter in the checkpoint to a meta parameter in the current model, which is a no-op. (Did you mean to pass `assign=True` to assign items in the state dictionary to their corresponding key in the module instead of copying them in place?)
  warnings.warn(f'for {key}: copying from a non-meta parameter in the checkpoint to a meta '
/data/takhyun03/anaconda3/envs/lmms_llavavideo/lib/python3.11/site-packages/torch/nn/modules/module.py:2025: UserWarning: for vision_model.encoder.layers.18.self_attn.v_proj.weight: copying from a non-meta parameter in the checkpoint to a meta parameter in the current model, which is a no-op. (Did you mean to pass `assign=True` to assign items in the state dictionary to their corresponding key in the module instead of copying them in place?)
  warnings.warn(f'for {key}: copying from a non-meta parameter in the checkpoint to a meta '
/data/takhyun03/anaconda3/envs/lmms_llavavideo/lib/python3.11/site-packages/torch/nn/modules/module.py:2025: UserWarning: for vision_model.encoder.layers.18.self_attn.v_proj.bias: copying from a non-meta parameter in the checkpoint to a meta parameter in the current model, which is a no-op. (Did you mean to pass `assign=True` to assign items in the state dictionary to their corresponding key in the module instead of copying them in place?)
  warnings.warn(f'for {key}: copying from a non-meta parameter in the checkpoint to a meta '
/data/takhyun03/anaconda3/envs/lmms_llavavideo/lib/python3.11/site-packages/torch/nn/modules/module.py:2025: UserWarning: for vision_model.encoder.layers.18.self_attn.q_proj.weight: copying from a non-meta parameter in the checkpoint to a meta parameter in the current model, which is a no-op. (Did you mean to pass `assign=True` to assign items in the state dictionary to their corresponding key in the module instead of copying them in place?)
  warnings.warn(f'for {key}: copying from a non-meta parameter in the checkpoint to a meta '
/data/takhyun03/anaconda3/envs/lmms_llavavideo/lib/python3.11/site-packages/torch/nn/modules/module.py:2025: UserWarning: for vision_model.encoder.layers.18.self_attn.q_proj.bias: copying from a non-meta parameter in the checkpoint to a meta parameter in the current model, which is a no-op. (Did you mean to pass `assign=True` to assign items in the state dictionary to their corresponding key in the module instead of copying them in place?)
  warnings.warn(f'for {key}: copying from a non-meta parameter in the checkpoint to a meta '
/data/takhyun03/anaconda3/envs/lmms_llavavideo/lib/python3.11/site-packages/torch/nn/modules/module.py:2025: UserWarning: for vision_model.encoder.layers.18.self_attn.out_proj.weight: copying from a non-meta parameter in the checkpoint to a meta parameter in the current model, which is a no-op. (Did you mean to pass `assign=True` to assign items in the state dictionary to their corresponding key in the module instead of copying them in place?)
  warnings.warn(f'for {key}: copying from a non-meta parameter in the checkpoint to a meta '
/data/takhyun03/anaconda3/envs/lmms_llavavideo/lib/python3.11/site-packages/torch/nn/modules/module.py:2025: UserWarning: for vision_model.encoder.layers.18.self_attn.out_proj.bias: copying from a non-meta parameter in the checkpoint to a meta parameter in the current model, which is a no-op. (Did you mean to pass `assign=True` to assign items in the state dictionary to their corresponding key in the module instead of copying them in place?)
  warnings.warn(f'for {key}: copying from a non-meta parameter in the checkpoint to a meta '
/data/takhyun03/anaconda3/envs/lmms_llavavideo/lib/python3.11/site-packages/torch/nn/modules/module.py:2025: UserWarning: for vision_model.encoder.layers.18.layer_norm1.weight: copying from a non-meta parameter in the checkpoint to a meta parameter in the current model, which is a no-op. (Did you mean to pass `assign=True` to assign items in the state dictionary to their corresponding key in the module instead of copying them in place?)
  warnings.warn(f'for {key}: copying from a non-meta parameter in the checkpoint to a meta '
/data/takhyun03/anaconda3/envs/lmms_llavavideo/lib/python3.11/site-packages/torch/nn/modules/module.py:2025: UserWarning: for vision_model.encoder.layers.18.layer_norm1.bias: copying from a non-meta parameter in the checkpoint to a meta parameter in the current model, which is a no-op. (Did you mean to pass `assign=True` to assign items in the state dictionary to their corresponding key in the module instead of copying them in place?)
  warnings.warn(f'for {key}: copying from a non-meta parameter in the checkpoint to a meta '
/data/takhyun03/anaconda3/envs/lmms_llavavideo/lib/python3.11/site-packages/torch/nn/modules/module.py:2025: UserWarning: for vision_model.encoder.layers.18.mlp.fc1.weight: copying from a non-meta parameter in the checkpoint to a meta parameter in the current model, which is a no-op. (Did you mean to pass `assign=True` to assign items in the state dictionary to their corresponding key in the module instead of copying them in place?)
  warnings.warn(f'for {key}: copying from a non-meta parameter in the checkpoint to a meta '
/data/takhyun03/anaconda3/envs/lmms_llavavideo/lib/python3.11/site-packages/torch/nn/modules/module.py:2025: UserWarning: for vision_model.encoder.layers.18.mlp.fc1.bias: copying from a non-meta parameter in the checkpoint to a meta parameter in the current model, which is a no-op. (Did you mean to pass `assign=True` to assign items in the state dictionary to their corresponding key in the module instead of copying them in place?)
  warnings.warn(f'for {key}: copying from a non-meta parameter in the checkpoint to a meta '
/data/takhyun03/anaconda3/envs/lmms_llavavideo/lib/python3.11/site-packages/torch/nn/modules/module.py:2025: UserWarning: for vision_model.encoder.layers.18.mlp.fc2.weight: copying from a non-meta parameter in the checkpoint to a meta parameter in the current model, which is a no-op. (Did you mean to pass `assign=True` to assign items in the state dictionary to their corresponding key in the module instead of copying them in place?)
  warnings.warn(f'for {key}: copying from a non-meta parameter in the checkpoint to a meta '
/data/takhyun03/anaconda3/envs/lmms_llavavideo/lib/python3.11/site-packages/torch/nn/modules/module.py:2025: UserWarning: for vision_model.encoder.layers.18.mlp.fc2.bias: copying from a non-meta parameter in the checkpoint to a meta parameter in the current model, which is a no-op. (Did you mean to pass `assign=True` to assign items in the state dictionary to their corresponding key in the module instead of copying them in place?)
  warnings.warn(f'for {key}: copying from a non-meta parameter in the checkpoint to a meta '
/data/takhyun03/anaconda3/envs/lmms_llavavideo/lib/python3.11/site-packages/torch/nn/modules/module.py:2025: UserWarning: for vision_model.encoder.layers.18.layer_norm2.weight: copying from a non-meta parameter in the checkpoint to a meta parameter in the current model, which is a no-op. (Did you mean to pass `assign=True` to assign items in the state dictionary to their corresponding key in the module instead of copying them in place?)
  warnings.warn(f'for {key}: copying from a non-meta parameter in the checkpoint to a meta '
/data/takhyun03/anaconda3/envs/lmms_llavavideo/lib/python3.11/site-packages/torch/nn/modules/module.py:2025: UserWarning: for vision_model.encoder.layers.18.layer_norm2.bias: copying from a non-meta parameter in the checkpoint to a meta parameter in the current model, which is a no-op. (Did you mean to pass `assign=True` to assign items in the state dictionary to their corresponding key in the module instead of copying them in place?)
  warnings.warn(f'for {key}: copying from a non-meta parameter in the checkpoint to a meta '
/data/takhyun03/anaconda3/envs/lmms_llavavideo/lib/python3.11/site-packages/torch/nn/modules/module.py:2025: UserWarning: for vision_model.encoder.layers.19.self_attn.k_proj.weight: copying from a non-meta parameter in the checkpoint to a meta parameter in the current model, which is a no-op. (Did you mean to pass `assign=True` to assign items in the state dictionary to their corresponding key in the module instead of copying them in place?)
  warnings.warn(f'for {key}: copying from a non-meta parameter in the checkpoint to a meta '
/data/takhyun03/anaconda3/envs/lmms_llavavideo/lib/python3.11/site-packages/torch/nn/modules/module.py:2025: UserWarning: for vision_model.encoder.layers.19.self_attn.k_proj.bias: copying from a non-meta parameter in the checkpoint to a meta parameter in the current model, which is a no-op. (Did you mean to pass `assign=True` to assign items in the state dictionary to their corresponding key in the module instead of copying them in place?)
  warnings.warn(f'for {key}: copying from a non-meta parameter in the checkpoint to a meta '
/data/takhyun03/anaconda3/envs/lmms_llavavideo/lib/python3.11/site-packages/torch/nn/modules/module.py:2025: UserWarning: for vision_model.encoder.layers.19.self_attn.v_proj.weight: copying from a non-meta parameter in the checkpoint to a meta parameter in the current model, which is a no-op. (Did you mean to pass `assign=True` to assign items in the state dictionary to their corresponding key in the module instead of copying them in place?)
  warnings.warn(f'for {key}: copying from a non-meta parameter in the checkpoint to a meta '
/data/takhyun03/anaconda3/envs/lmms_llavavideo/lib/python3.11/site-packages/torch/nn/modules/module.py:2025: UserWarning: for vision_model.encoder.layers.19.self_attn.v_proj.bias: copying from a non-meta parameter in the checkpoint to a meta parameter in the current model, which is a no-op. (Did you mean to pass `assign=True` to assign items in the state dictionary to their corresponding key in the module instead of copying them in place?)
  warnings.warn(f'for {key}: copying from a non-meta parameter in the checkpoint to a meta '
/data/takhyun03/anaconda3/envs/lmms_llavavideo/lib/python3.11/site-packages/torch/nn/modules/module.py:2025: UserWarning: for vision_model.encoder.layers.19.self_attn.q_proj.weight: copying from a non-meta parameter in the checkpoint to a meta parameter in the current model, which is a no-op. (Did you mean to pass `assign=True` to assign items in the state dictionary to their corresponding key in the module instead of copying them in place?)
  warnings.warn(f'for {key}: copying from a non-meta parameter in the checkpoint to a meta '
/data/takhyun03/anaconda3/envs/lmms_llavavideo/lib/python3.11/site-packages/torch/nn/modules/module.py:2025: UserWarning: for vision_model.encoder.layers.19.self_attn.q_proj.bias: copying from a non-meta parameter in the checkpoint to a meta parameter in the current model, which is a no-op. (Did you mean to pass `assign=True` to assign items in the state dictionary to their corresponding key in the module instead of copying them in place?)
  warnings.warn(f'for {key}: copying from a non-meta parameter in the checkpoint to a meta '
/data/takhyun03/anaconda3/envs/lmms_llavavideo/lib/python3.11/site-packages/torch/nn/modules/module.py:2025: UserWarning: for vision_model.encoder.layers.19.self_attn.out_proj.weight: copying from a non-meta parameter in the checkpoint to a meta parameter in the current model, which is a no-op. (Did you mean to pass `assign=True` to assign items in the state dictionary to their corresponding key in the module instead of copying them in place?)
  warnings.warn(f'for {key}: copying from a non-meta parameter in the checkpoint to a meta '
/data/takhyun03/anaconda3/envs/lmms_llavavideo/lib/python3.11/site-packages/torch/nn/modules/module.py:2025: UserWarning: for vision_model.encoder.layers.19.self_attn.out_proj.bias: copying from a non-meta parameter in the checkpoint to a meta parameter in the current model, which is a no-op. (Did you mean to pass `assign=True` to assign items in the state dictionary to their corresponding key in the module instead of copying them in place?)
  warnings.warn(f'for {key}: copying from a non-meta parameter in the checkpoint to a meta '
/data/takhyun03/anaconda3/envs/lmms_llavavideo/lib/python3.11/site-packages/torch/nn/modules/module.py:2025: UserWarning: for vision_model.encoder.layers.19.layer_norm1.weight: copying from a non-meta parameter in the checkpoint to a meta parameter in the current model, which is a no-op. (Did you mean to pass `assign=True` to assign items in the state dictionary to their corresponding key in the module instead of copying them in place?)
  warnings.warn(f'for {key}: copying from a non-meta parameter in the checkpoint to a meta '
/data/takhyun03/anaconda3/envs/lmms_llavavideo/lib/python3.11/site-packages/torch/nn/modules/module.py:2025: UserWarning: for vision_model.encoder.layers.19.layer_norm1.bias: copying from a non-meta parameter in the checkpoint to a meta parameter in the current model, which is a no-op. (Did you mean to pass `assign=True` to assign items in the state dictionary to their corresponding key in the module instead of copying them in place?)
  warnings.warn(f'for {key}: copying from a non-meta parameter in the checkpoint to a meta '
/data/takhyun03/anaconda3/envs/lmms_llavavideo/lib/python3.11/site-packages/torch/nn/modules/module.py:2025: UserWarning: for vision_model.encoder.layers.19.mlp.fc1.weight: copying from a non-meta parameter in the checkpoint to a meta parameter in the current model, which is a no-op. (Did you mean to pass `assign=True` to assign items in the state dictionary to their corresponding key in the module instead of copying them in place?)
  warnings.warn(f'for {key}: copying from a non-meta parameter in the checkpoint to a meta '
/data/takhyun03/anaconda3/envs/lmms_llavavideo/lib/python3.11/site-packages/torch/nn/modules/module.py:2025: UserWarning: for vision_model.encoder.layers.19.mlp.fc1.bias: copying from a non-meta parameter in the checkpoint to a meta parameter in the current model, which is a no-op. (Did you mean to pass `assign=True` to assign items in the state dictionary to their corresponding key in the module instead of copying them in place?)
  warnings.warn(f'for {key}: copying from a non-meta parameter in the checkpoint to a meta '
/data/takhyun03/anaconda3/envs/lmms_llavavideo/lib/python3.11/site-packages/torch/nn/modules/module.py:2025: UserWarning: for vision_model.encoder.layers.19.mlp.fc2.weight: copying from a non-meta parameter in the checkpoint to a meta parameter in the current model, which is a no-op. (Did you mean to pass `assign=True` to assign items in the state dictionary to their corresponding key in the module instead of copying them in place?)
  warnings.warn(f'for {key}: copying from a non-meta parameter in the checkpoint to a meta '
/data/takhyun03/anaconda3/envs/lmms_llavavideo/lib/python3.11/site-packages/torch/nn/modules/module.py:2025: UserWarning: for vision_model.encoder.layers.19.mlp.fc2.bias: copying from a non-meta parameter in the checkpoint to a meta parameter in the current model, which is a no-op. (Did you mean to pass `assign=True` to assign items in the state dictionary to their corresponding key in the module instead of copying them in place?)
  warnings.warn(f'for {key}: copying from a non-meta parameter in the checkpoint to a meta '
/data/takhyun03/anaconda3/envs/lmms_llavavideo/lib/python3.11/site-packages/torch/nn/modules/module.py:2025: UserWarning: for vision_model.encoder.layers.19.layer_norm2.weight: copying from a non-meta parameter in the checkpoint to a meta parameter in the current model, which is a no-op. (Did you mean to pass `assign=True` to assign items in the state dictionary to their corresponding key in the module instead of copying them in place?)
  warnings.warn(f'for {key}: copying from a non-meta parameter in the checkpoint to a meta '
/data/takhyun03/anaconda3/envs/lmms_llavavideo/lib/python3.11/site-packages/torch/nn/modules/module.py:2025: UserWarning: for vision_model.encoder.layers.19.layer_norm2.bias: copying from a non-meta parameter in the checkpoint to a meta parameter in the current model, which is a no-op. (Did you mean to pass `assign=True` to assign items in the state dictionary to their corresponding key in the module instead of copying them in place?)
  warnings.warn(f'for {key}: copying from a non-meta parameter in the checkpoint to a meta '
/data/takhyun03/anaconda3/envs/lmms_llavavideo/lib/python3.11/site-packages/torch/nn/modules/module.py:2025: UserWarning: for vision_model.encoder.layers.20.self_attn.k_proj.weight: copying from a non-meta parameter in the checkpoint to a meta parameter in the current model, which is a no-op. (Did you mean to pass `assign=True` to assign items in the state dictionary to their corresponding key in the module instead of copying them in place?)
  warnings.warn(f'for {key}: copying from a non-meta parameter in the checkpoint to a meta '
/data/takhyun03/anaconda3/envs/lmms_llavavideo/lib/python3.11/site-packages/torch/nn/modules/module.py:2025: UserWarning: for vision_model.encoder.layers.20.self_attn.k_proj.bias: copying from a non-meta parameter in the checkpoint to a meta parameter in the current model, which is a no-op. (Did you mean to pass `assign=True` to assign items in the state dictionary to their corresponding key in the module instead of copying them in place?)
  warnings.warn(f'for {key}: copying from a non-meta parameter in the checkpoint to a meta '
/data/takhyun03/anaconda3/envs/lmms_llavavideo/lib/python3.11/site-packages/torch/nn/modules/module.py:2025: UserWarning: for vision_model.encoder.layers.20.self_attn.v_proj.weight: copying from a non-meta parameter in the checkpoint to a meta parameter in the current model, which is a no-op. (Did you mean to pass `assign=True` to assign items in the state dictionary to their corresponding key in the module instead of copying them in place?)
  warnings.warn(f'for {key}: copying from a non-meta parameter in the checkpoint to a meta '
/data/takhyun03/anaconda3/envs/lmms_llavavideo/lib/python3.11/site-packages/torch/nn/modules/module.py:2025: UserWarning: for vision_model.encoder.layers.20.self_attn.v_proj.bias: copying from a non-meta parameter in the checkpoint to a meta parameter in the current model, which is a no-op. (Did you mean to pass `assign=True` to assign items in the state dictionary to their corresponding key in the module instead of copying them in place?)
  warnings.warn(f'for {key}: copying from a non-meta parameter in the checkpoint to a meta '
/data/takhyun03/anaconda3/envs/lmms_llavavideo/lib/python3.11/site-packages/torch/nn/modules/module.py:2025: UserWarning: for vision_model.encoder.layers.20.self_attn.q_proj.weight: copying from a non-meta parameter in the checkpoint to a meta parameter in the current model, which is a no-op. (Did you mean to pass `assign=True` to assign items in the state dictionary to their corresponding key in the module instead of copying them in place?)
  warnings.warn(f'for {key}: copying from a non-meta parameter in the checkpoint to a meta '
/data/takhyun03/anaconda3/envs/lmms_llavavideo/lib/python3.11/site-packages/torch/nn/modules/module.py:2025: UserWarning: for vision_model.encoder.layers.20.self_attn.q_proj.bias: copying from a non-meta parameter in the checkpoint to a meta parameter in the current model, which is a no-op. (Did you mean to pass `assign=True` to assign items in the state dictionary to their corresponding key in the module instead of copying them in place?)
  warnings.warn(f'for {key}: copying from a non-meta parameter in the checkpoint to a meta '
/data/takhyun03/anaconda3/envs/lmms_llavavideo/lib/python3.11/site-packages/torch/nn/modules/module.py:2025: UserWarning: for vision_model.encoder.layers.20.self_attn.out_proj.weight: copying from a non-meta parameter in the checkpoint to a meta parameter in the current model, which is a no-op. (Did you mean to pass `assign=True` to assign items in the state dictionary to their corresponding key in the module instead of copying them in place?)
  warnings.warn(f'for {key}: copying from a non-meta parameter in the checkpoint to a meta '
/data/takhyun03/anaconda3/envs/lmms_llavavideo/lib/python3.11/site-packages/torch/nn/modules/module.py:2025: UserWarning: for vision_model.encoder.layers.20.self_attn.out_proj.bias: copying from a non-meta parameter in the checkpoint to a meta parameter in the current model, which is a no-op. (Did you mean to pass `assign=True` to assign items in the state dictionary to their corresponding key in the module instead of copying them in place?)
  warnings.warn(f'for {key}: copying from a non-meta parameter in the checkpoint to a meta '
/data/takhyun03/anaconda3/envs/lmms_llavavideo/lib/python3.11/site-packages/torch/nn/modules/module.py:2025: UserWarning: for vision_model.encoder.layers.20.layer_norm1.weight: copying from a non-meta parameter in the checkpoint to a meta parameter in the current model, which is a no-op. (Did you mean to pass `assign=True` to assign items in the state dictionary to their corresponding key in the module instead of copying them in place?)
  warnings.warn(f'for {key}: copying from a non-meta parameter in the checkpoint to a meta '
/data/takhyun03/anaconda3/envs/lmms_llavavideo/lib/python3.11/site-packages/torch/nn/modules/module.py:2025: UserWarning: for vision_model.encoder.layers.20.layer_norm1.bias: copying from a non-meta parameter in the checkpoint to a meta parameter in the current model, which is a no-op. (Did you mean to pass `assign=True` to assign items in the state dictionary to their corresponding key in the module instead of copying them in place?)
  warnings.warn(f'for {key}: copying from a non-meta parameter in the checkpoint to a meta '
/data/takhyun03/anaconda3/envs/lmms_llavavideo/lib/python3.11/site-packages/torch/nn/modules/module.py:2025: UserWarning: for vision_model.encoder.layers.20.mlp.fc1.weight: copying from a non-meta parameter in the checkpoint to a meta parameter in the current model, which is a no-op. (Did you mean to pass `assign=True` to assign items in the state dictionary to their corresponding key in the module instead of copying them in place?)
  warnings.warn(f'for {key}: copying from a non-meta parameter in the checkpoint to a meta '
/data/takhyun03/anaconda3/envs/lmms_llavavideo/lib/python3.11/site-packages/torch/nn/modules/module.py:2025: UserWarning: for vision_model.encoder.layers.20.mlp.fc1.bias: copying from a non-meta parameter in the checkpoint to a meta parameter in the current model, which is a no-op. (Did you mean to pass `assign=True` to assign items in the state dictionary to their corresponding key in the module instead of copying them in place?)
  warnings.warn(f'for {key}: copying from a non-meta parameter in the checkpoint to a meta '
/data/takhyun03/anaconda3/envs/lmms_llavavideo/lib/python3.11/site-packages/torch/nn/modules/module.py:2025: UserWarning: for vision_model.encoder.layers.20.mlp.fc2.weight: copying from a non-meta parameter in the checkpoint to a meta parameter in the current model, which is a no-op. (Did you mean to pass `assign=True` to assign items in the state dictionary to their corresponding key in the module instead of copying them in place?)
  warnings.warn(f'for {key}: copying from a non-meta parameter in the checkpoint to a meta '
/data/takhyun03/anaconda3/envs/lmms_llavavideo/lib/python3.11/site-packages/torch/nn/modules/module.py:2025: UserWarning: for vision_model.encoder.layers.20.mlp.fc2.bias: copying from a non-meta parameter in the checkpoint to a meta parameter in the current model, which is a no-op. (Did you mean to pass `assign=True` to assign items in the state dictionary to their corresponding key in the module instead of copying them in place?)
  warnings.warn(f'for {key}: copying from a non-meta parameter in the checkpoint to a meta '
/data/takhyun03/anaconda3/envs/lmms_llavavideo/lib/python3.11/site-packages/torch/nn/modules/module.py:2025: UserWarning: for vision_model.encoder.layers.20.layer_norm2.weight: copying from a non-meta parameter in the checkpoint to a meta parameter in the current model, which is a no-op. (Did you mean to pass `assign=True` to assign items in the state dictionary to their corresponding key in the module instead of copying them in place?)
  warnings.warn(f'for {key}: copying from a non-meta parameter in the checkpoint to a meta '
/data/takhyun03/anaconda3/envs/lmms_llavavideo/lib/python3.11/site-packages/torch/nn/modules/module.py:2025: UserWarning: for vision_model.encoder.layers.20.layer_norm2.bias: copying from a non-meta parameter in the checkpoint to a meta parameter in the current model, which is a no-op. (Did you mean to pass `assign=True` to assign items in the state dictionary to their corresponding key in the module instead of copying them in place?)
  warnings.warn(f'for {key}: copying from a non-meta parameter in the checkpoint to a meta '
/data/takhyun03/anaconda3/envs/lmms_llavavideo/lib/python3.11/site-packages/torch/nn/modules/module.py:2025: UserWarning: for vision_model.encoder.layers.21.self_attn.k_proj.weight: copying from a non-meta parameter in the checkpoint to a meta parameter in the current model, which is a no-op. (Did you mean to pass `assign=True` to assign items in the state dictionary to their corresponding key in the module instead of copying them in place?)
  warnings.warn(f'for {key}: copying from a non-meta parameter in the checkpoint to a meta '
/data/takhyun03/anaconda3/envs/lmms_llavavideo/lib/python3.11/site-packages/torch/nn/modules/module.py:2025: UserWarning: for vision_model.encoder.layers.21.self_attn.k_proj.bias: copying from a non-meta parameter in the checkpoint to a meta parameter in the current model, which is a no-op. (Did you mean to pass `assign=True` to assign items in the state dictionary to their corresponding key in the module instead of copying them in place?)
  warnings.warn(f'for {key}: copying from a non-meta parameter in the checkpoint to a meta '
/data/takhyun03/anaconda3/envs/lmms_llavavideo/lib/python3.11/site-packages/torch/nn/modules/module.py:2025: UserWarning: for vision_model.encoder.layers.21.self_attn.v_proj.weight: copying from a non-meta parameter in the checkpoint to a meta parameter in the current model, which is a no-op. (Did you mean to pass `assign=True` to assign items in the state dictionary to their corresponding key in the module instead of copying them in place?)
  warnings.warn(f'for {key}: copying from a non-meta parameter in the checkpoint to a meta '
/data/takhyun03/anaconda3/envs/lmms_llavavideo/lib/python3.11/site-packages/torch/nn/modules/module.py:2025: UserWarning: for vision_model.encoder.layers.21.self_attn.v_proj.bias: copying from a non-meta parameter in the checkpoint to a meta parameter in the current model, which is a no-op. (Did you mean to pass `assign=True` to assign items in the state dictionary to their corresponding key in the module instead of copying them in place?)
  warnings.warn(f'for {key}: copying from a non-meta parameter in the checkpoint to a meta '
/data/takhyun03/anaconda3/envs/lmms_llavavideo/lib/python3.11/site-packages/torch/nn/modules/module.py:2025: UserWarning: for vision_model.encoder.layers.21.self_attn.q_proj.weight: copying from a non-meta parameter in the checkpoint to a meta parameter in the current model, which is a no-op. (Did you mean to pass `assign=True` to assign items in the state dictionary to their corresponding key in the module instead of copying them in place?)
  warnings.warn(f'for {key}: copying from a non-meta parameter in the checkpoint to a meta '
/data/takhyun03/anaconda3/envs/lmms_llavavideo/lib/python3.11/site-packages/torch/nn/modules/module.py:2025: UserWarning: for vision_model.encoder.layers.21.self_attn.q_proj.bias: copying from a non-meta parameter in the checkpoint to a meta parameter in the current model, which is a no-op. (Did you mean to pass `assign=True` to assign items in the state dictionary to their corresponding key in the module instead of copying them in place?)
  warnings.warn(f'for {key}: copying from a non-meta parameter in the checkpoint to a meta '
/data/takhyun03/anaconda3/envs/lmms_llavavideo/lib/python3.11/site-packages/torch/nn/modules/module.py:2025: UserWarning: for vision_model.encoder.layers.21.self_attn.out_proj.weight: copying from a non-meta parameter in the checkpoint to a meta parameter in the current model, which is a no-op. (Did you mean to pass `assign=True` to assign items in the state dictionary to their corresponding key in the module instead of copying them in place?)
  warnings.warn(f'for {key}: copying from a non-meta parameter in the checkpoint to a meta '
/data/takhyun03/anaconda3/envs/lmms_llavavideo/lib/python3.11/site-packages/torch/nn/modules/module.py:2025: UserWarning: for vision_model.encoder.layers.21.self_attn.out_proj.bias: copying from a non-meta parameter in the checkpoint to a meta parameter in the current model, which is a no-op. (Did you mean to pass `assign=True` to assign items in the state dictionary to their corresponding key in the module instead of copying them in place?)
  warnings.warn(f'for {key}: copying from a non-meta parameter in the checkpoint to a meta '
/data/takhyun03/anaconda3/envs/lmms_llavavideo/lib/python3.11/site-packages/torch/nn/modules/module.py:2025: UserWarning: for vision_model.encoder.layers.21.layer_norm1.weight: copying from a non-meta parameter in the checkpoint to a meta parameter in the current model, which is a no-op. (Did you mean to pass `assign=True` to assign items in the state dictionary to their corresponding key in the module instead of copying them in place?)
  warnings.warn(f'for {key}: copying from a non-meta parameter in the checkpoint to a meta '
/data/takhyun03/anaconda3/envs/lmms_llavavideo/lib/python3.11/site-packages/torch/nn/modules/module.py:2025: UserWarning: for vision_model.encoder.layers.21.layer_norm1.bias: copying from a non-meta parameter in the checkpoint to a meta parameter in the current model, which is a no-op. (Did you mean to pass `assign=True` to assign items in the state dictionary to their corresponding key in the module instead of copying them in place?)
  warnings.warn(f'for {key}: copying from a non-meta parameter in the checkpoint to a meta '
/data/takhyun03/anaconda3/envs/lmms_llavavideo/lib/python3.11/site-packages/torch/nn/modules/module.py:2025: UserWarning: for vision_model.encoder.layers.21.mlp.fc1.weight: copying from a non-meta parameter in the checkpoint to a meta parameter in the current model, which is a no-op. (Did you mean to pass `assign=True` to assign items in the state dictionary to their corresponding key in the module instead of copying them in place?)
  warnings.warn(f'for {key}: copying from a non-meta parameter in the checkpoint to a meta '
/data/takhyun03/anaconda3/envs/lmms_llavavideo/lib/python3.11/site-packages/torch/nn/modules/module.py:2025: UserWarning: for vision_model.encoder.layers.21.mlp.fc1.bias: copying from a non-meta parameter in the checkpoint to a meta parameter in the current model, which is a no-op. (Did you mean to pass `assign=True` to assign items in the state dictionary to their corresponding key in the module instead of copying them in place?)
  warnings.warn(f'for {key}: copying from a non-meta parameter in the checkpoint to a meta '
/data/takhyun03/anaconda3/envs/lmms_llavavideo/lib/python3.11/site-packages/torch/nn/modules/module.py:2025: UserWarning: for vision_model.encoder.layers.21.mlp.fc2.weight: copying from a non-meta parameter in the checkpoint to a meta parameter in the current model, which is a no-op. (Did you mean to pass `assign=True` to assign items in the state dictionary to their corresponding key in the module instead of copying them in place?)
  warnings.warn(f'for {key}: copying from a non-meta parameter in the checkpoint to a meta '
/data/takhyun03/anaconda3/envs/lmms_llavavideo/lib/python3.11/site-packages/torch/nn/modules/module.py:2025: UserWarning: for vision_model.encoder.layers.21.mlp.fc2.bias: copying from a non-meta parameter in the checkpoint to a meta parameter in the current model, which is a no-op. (Did you mean to pass `assign=True` to assign items in the state dictionary to their corresponding key in the module instead of copying them in place?)
  warnings.warn(f'for {key}: copying from a non-meta parameter in the checkpoint to a meta '
/data/takhyun03/anaconda3/envs/lmms_llavavideo/lib/python3.11/site-packages/torch/nn/modules/module.py:2025: UserWarning: for vision_model.encoder.layers.21.layer_norm2.weight: copying from a non-meta parameter in the checkpoint to a meta parameter in the current model, which is a no-op. (Did you mean to pass `assign=True` to assign items in the state dictionary to their corresponding key in the module instead of copying them in place?)
  warnings.warn(f'for {key}: copying from a non-meta parameter in the checkpoint to a meta '
/data/takhyun03/anaconda3/envs/lmms_llavavideo/lib/python3.11/site-packages/torch/nn/modules/module.py:2025: UserWarning: for vision_model.encoder.layers.21.layer_norm2.bias: copying from a non-meta parameter in the checkpoint to a meta parameter in the current model, which is a no-op. (Did you mean to pass `assign=True` to assign items in the state dictionary to their corresponding key in the module instead of copying them in place?)
  warnings.warn(f'for {key}: copying from a non-meta parameter in the checkpoint to a meta '
/data/takhyun03/anaconda3/envs/lmms_llavavideo/lib/python3.11/site-packages/torch/nn/modules/module.py:2025: UserWarning: for vision_model.encoder.layers.22.self_attn.k_proj.weight: copying from a non-meta parameter in the checkpoint to a meta parameter in the current model, which is a no-op. (Did you mean to pass `assign=True` to assign items in the state dictionary to their corresponding key in the module instead of copying them in place?)
  warnings.warn(f'for {key}: copying from a non-meta parameter in the checkpoint to a meta '
/data/takhyun03/anaconda3/envs/lmms_llavavideo/lib/python3.11/site-packages/torch/nn/modules/module.py:2025: UserWarning: for vision_model.encoder.layers.22.self_attn.k_proj.bias: copying from a non-meta parameter in the checkpoint to a meta parameter in the current model, which is a no-op. (Did you mean to pass `assign=True` to assign items in the state dictionary to their corresponding key in the module instead of copying them in place?)
  warnings.warn(f'for {key}: copying from a non-meta parameter in the checkpoint to a meta '
/data/takhyun03/anaconda3/envs/lmms_llavavideo/lib/python3.11/site-packages/torch/nn/modules/module.py:2025: UserWarning: for vision_model.encoder.layers.22.self_attn.v_proj.weight: copying from a non-meta parameter in the checkpoint to a meta parameter in the current model, which is a no-op. (Did you mean to pass `assign=True` to assign items in the state dictionary to their corresponding key in the module instead of copying them in place?)
  warnings.warn(f'for {key}: copying from a non-meta parameter in the checkpoint to a meta '
/data/takhyun03/anaconda3/envs/lmms_llavavideo/lib/python3.11/site-packages/torch/nn/modules/module.py:2025: UserWarning: for vision_model.encoder.layers.22.self_attn.v_proj.bias: copying from a non-meta parameter in the checkpoint to a meta parameter in the current model, which is a no-op. (Did you mean to pass `assign=True` to assign items in the state dictionary to their corresponding key in the module instead of copying them in place?)
  warnings.warn(f'for {key}: copying from a non-meta parameter in the checkpoint to a meta '
/data/takhyun03/anaconda3/envs/lmms_llavavideo/lib/python3.11/site-packages/torch/nn/modules/module.py:2025: UserWarning: for vision_model.encoder.layers.22.self_attn.q_proj.weight: copying from a non-meta parameter in the checkpoint to a meta parameter in the current model, which is a no-op. (Did you mean to pass `assign=True` to assign items in the state dictionary to their corresponding key in the module instead of copying them in place?)
  warnings.warn(f'for {key}: copying from a non-meta parameter in the checkpoint to a meta '
/data/takhyun03/anaconda3/envs/lmms_llavavideo/lib/python3.11/site-packages/torch/nn/modules/module.py:2025: UserWarning: for vision_model.encoder.layers.22.self_attn.q_proj.bias: copying from a non-meta parameter in the checkpoint to a meta parameter in the current model, which is a no-op. (Did you mean to pass `assign=True` to assign items in the state dictionary to their corresponding key in the module instead of copying them in place?)
  warnings.warn(f'for {key}: copying from a non-meta parameter in the checkpoint to a meta '
/data/takhyun03/anaconda3/envs/lmms_llavavideo/lib/python3.11/site-packages/torch/nn/modules/module.py:2025: UserWarning: for vision_model.encoder.layers.22.self_attn.out_proj.weight: copying from a non-meta parameter in the checkpoint to a meta parameter in the current model, which is a no-op. (Did you mean to pass `assign=True` to assign items in the state dictionary to their corresponding key in the module instead of copying them in place?)
  warnings.warn(f'for {key}: copying from a non-meta parameter in the checkpoint to a meta '
/data/takhyun03/anaconda3/envs/lmms_llavavideo/lib/python3.11/site-packages/torch/nn/modules/module.py:2025: UserWarning: for vision_model.encoder.layers.22.self_attn.out_proj.bias: copying from a non-meta parameter in the checkpoint to a meta parameter in the current model, which is a no-op. (Did you mean to pass `assign=True` to assign items in the state dictionary to their corresponding key in the module instead of copying them in place?)
  warnings.warn(f'for {key}: copying from a non-meta parameter in the checkpoint to a meta '
/data/takhyun03/anaconda3/envs/lmms_llavavideo/lib/python3.11/site-packages/torch/nn/modules/module.py:2025: UserWarning: for vision_model.encoder.layers.22.layer_norm1.weight: copying from a non-meta parameter in the checkpoint to a meta parameter in the current model, which is a no-op. (Did you mean to pass `assign=True` to assign items in the state dictionary to their corresponding key in the module instead of copying them in place?)
  warnings.warn(f'for {key}: copying from a non-meta parameter in the checkpoint to a meta '
/data/takhyun03/anaconda3/envs/lmms_llavavideo/lib/python3.11/site-packages/torch/nn/modules/module.py:2025: UserWarning: for vision_model.encoder.layers.22.layer_norm1.bias: copying from a non-meta parameter in the checkpoint to a meta parameter in the current model, which is a no-op. (Did you mean to pass `assign=True` to assign items in the state dictionary to their corresponding key in the module instead of copying them in place?)
  warnings.warn(f'for {key}: copying from a non-meta parameter in the checkpoint to a meta '
/data/takhyun03/anaconda3/envs/lmms_llavavideo/lib/python3.11/site-packages/torch/nn/modules/module.py:2025: UserWarning: for vision_model.encoder.layers.22.mlp.fc1.weight: copying from a non-meta parameter in the checkpoint to a meta parameter in the current model, which is a no-op. (Did you mean to pass `assign=True` to assign items in the state dictionary to their corresponding key in the module instead of copying them in place?)
  warnings.warn(f'for {key}: copying from a non-meta parameter in the checkpoint to a meta '
/data/takhyun03/anaconda3/envs/lmms_llavavideo/lib/python3.11/site-packages/torch/nn/modules/module.py:2025: UserWarning: for vision_model.encoder.layers.22.mlp.fc1.bias: copying from a non-meta parameter in the checkpoint to a meta parameter in the current model, which is a no-op. (Did you mean to pass `assign=True` to assign items in the state dictionary to their corresponding key in the module instead of copying them in place?)
  warnings.warn(f'for {key}: copying from a non-meta parameter in the checkpoint to a meta '
/data/takhyun03/anaconda3/envs/lmms_llavavideo/lib/python3.11/site-packages/torch/nn/modules/module.py:2025: UserWarning: for vision_model.encoder.layers.22.mlp.fc2.weight: copying from a non-meta parameter in the checkpoint to a meta parameter in the current model, which is a no-op. (Did you mean to pass `assign=True` to assign items in the state dictionary to their corresponding key in the module instead of copying them in place?)
  warnings.warn(f'for {key}: copying from a non-meta parameter in the checkpoint to a meta '
/data/takhyun03/anaconda3/envs/lmms_llavavideo/lib/python3.11/site-packages/torch/nn/modules/module.py:2025: UserWarning: for vision_model.encoder.layers.22.mlp.fc2.bias: copying from a non-meta parameter in the checkpoint to a meta parameter in the current model, which is a no-op. (Did you mean to pass `assign=True` to assign items in the state dictionary to their corresponding key in the module instead of copying them in place?)
  warnings.warn(f'for {key}: copying from a non-meta parameter in the checkpoint to a meta '
/data/takhyun03/anaconda3/envs/lmms_llavavideo/lib/python3.11/site-packages/torch/nn/modules/module.py:2025: UserWarning: for vision_model.encoder.layers.22.layer_norm2.weight: copying from a non-meta parameter in the checkpoint to a meta parameter in the current model, which is a no-op. (Did you mean to pass `assign=True` to assign items in the state dictionary to their corresponding key in the module instead of copying them in place?)
  warnings.warn(f'for {key}: copying from a non-meta parameter in the checkpoint to a meta '
/data/takhyun03/anaconda3/envs/lmms_llavavideo/lib/python3.11/site-packages/torch/nn/modules/module.py:2025: UserWarning: for vision_model.encoder.layers.22.layer_norm2.bias: copying from a non-meta parameter in the checkpoint to a meta parameter in the current model, which is a no-op. (Did you mean to pass `assign=True` to assign items in the state dictionary to their corresponding key in the module instead of copying them in place?)
  warnings.warn(f'for {key}: copying from a non-meta parameter in the checkpoint to a meta '
/data/takhyun03/anaconda3/envs/lmms_llavavideo/lib/python3.11/site-packages/torch/nn/modules/module.py:2025: UserWarning: for vision_model.encoder.layers.23.self_attn.k_proj.weight: copying from a non-meta parameter in the checkpoint to a meta parameter in the current model, which is a no-op. (Did you mean to pass `assign=True` to assign items in the state dictionary to their corresponding key in the module instead of copying them in place?)
  warnings.warn(f'for {key}: copying from a non-meta parameter in the checkpoint to a meta '
/data/takhyun03/anaconda3/envs/lmms_llavavideo/lib/python3.11/site-packages/torch/nn/modules/module.py:2025: UserWarning: for vision_model.encoder.layers.23.self_attn.k_proj.bias: copying from a non-meta parameter in the checkpoint to a meta parameter in the current model, which is a no-op. (Did you mean to pass `assign=True` to assign items in the state dictionary to their corresponding key in the module instead of copying them in place?)
  warnings.warn(f'for {key}: copying from a non-meta parameter in the checkpoint to a meta '
/data/takhyun03/anaconda3/envs/lmms_llavavideo/lib/python3.11/site-packages/torch/nn/modules/module.py:2025: UserWarning: for vision_model.encoder.layers.23.self_attn.v_proj.weight: copying from a non-meta parameter in the checkpoint to a meta parameter in the current model, which is a no-op. (Did you mean to pass `assign=True` to assign items in the state dictionary to their corresponding key in the module instead of copying them in place?)
  warnings.warn(f'for {key}: copying from a non-meta parameter in the checkpoint to a meta '
/data/takhyun03/anaconda3/envs/lmms_llavavideo/lib/python3.11/site-packages/torch/nn/modules/module.py:2025: UserWarning: for vision_model.encoder.layers.23.self_attn.v_proj.bias: copying from a non-meta parameter in the checkpoint to a meta parameter in the current model, which is a no-op. (Did you mean to pass `assign=True` to assign items in the state dictionary to their corresponding key in the module instead of copying them in place?)
  warnings.warn(f'for {key}: copying from a non-meta parameter in the checkpoint to a meta '
/data/takhyun03/anaconda3/envs/lmms_llavavideo/lib/python3.11/site-packages/torch/nn/modules/module.py:2025: UserWarning: for vision_model.encoder.layers.23.self_attn.q_proj.weight: copying from a non-meta parameter in the checkpoint to a meta parameter in the current model, which is a no-op. (Did you mean to pass `assign=True` to assign items in the state dictionary to their corresponding key in the module instead of copying them in place?)
  warnings.warn(f'for {key}: copying from a non-meta parameter in the checkpoint to a meta '
/data/takhyun03/anaconda3/envs/lmms_llavavideo/lib/python3.11/site-packages/torch/nn/modules/module.py:2025: UserWarning: for vision_model.encoder.layers.23.self_attn.q_proj.bias: copying from a non-meta parameter in the checkpoint to a meta parameter in the current model, which is a no-op. (Did you mean to pass `assign=True` to assign items in the state dictionary to their corresponding key in the module instead of copying them in place?)
  warnings.warn(f'for {key}: copying from a non-meta parameter in the checkpoint to a meta '
/data/takhyun03/anaconda3/envs/lmms_llavavideo/lib/python3.11/site-packages/torch/nn/modules/module.py:2025: UserWarning: for vision_model.encoder.layers.23.self_attn.out_proj.weight: copying from a non-meta parameter in the checkpoint to a meta parameter in the current model, which is a no-op. (Did you mean to pass `assign=True` to assign items in the state dictionary to their corresponding key in the module instead of copying them in place?)
  warnings.warn(f'for {key}: copying from a non-meta parameter in the checkpoint to a meta '
/data/takhyun03/anaconda3/envs/lmms_llavavideo/lib/python3.11/site-packages/torch/nn/modules/module.py:2025: UserWarning: for vision_model.encoder.layers.23.self_attn.out_proj.bias: copying from a non-meta parameter in the checkpoint to a meta parameter in the current model, which is a no-op. (Did you mean to pass `assign=True` to assign items in the state dictionary to their corresponding key in the module instead of copying them in place?)
  warnings.warn(f'for {key}: copying from a non-meta parameter in the checkpoint to a meta '
/data/takhyun03/anaconda3/envs/lmms_llavavideo/lib/python3.11/site-packages/torch/nn/modules/module.py:2025: UserWarning: for vision_model.encoder.layers.23.layer_norm1.weight: copying from a non-meta parameter in the checkpoint to a meta parameter in the current model, which is a no-op. (Did you mean to pass `assign=True` to assign items in the state dictionary to their corresponding key in the module instead of copying them in place?)
  warnings.warn(f'for {key}: copying from a non-meta parameter in the checkpoint to a meta '
/data/takhyun03/anaconda3/envs/lmms_llavavideo/lib/python3.11/site-packages/torch/nn/modules/module.py:2025: UserWarning: for vision_model.encoder.layers.23.layer_norm1.bias: copying from a non-meta parameter in the checkpoint to a meta parameter in the current model, which is a no-op. (Did you mean to pass `assign=True` to assign items in the state dictionary to their corresponding key in the module instead of copying them in place?)
  warnings.warn(f'for {key}: copying from a non-meta parameter in the checkpoint to a meta '
/data/takhyun03/anaconda3/envs/lmms_llavavideo/lib/python3.11/site-packages/torch/nn/modules/module.py:2025: UserWarning: for vision_model.encoder.layers.23.mlp.fc1.weight: copying from a non-meta parameter in the checkpoint to a meta parameter in the current model, which is a no-op. (Did you mean to pass `assign=True` to assign items in the state dictionary to their corresponding key in the module instead of copying them in place?)
  warnings.warn(f'for {key}: copying from a non-meta parameter in the checkpoint to a meta '
/data/takhyun03/anaconda3/envs/lmms_llavavideo/lib/python3.11/site-packages/torch/nn/modules/module.py:2025: UserWarning: for vision_model.encoder.layers.23.mlp.fc1.bias: copying from a non-meta parameter in the checkpoint to a meta parameter in the current model, which is a no-op. (Did you mean to pass `assign=True` to assign items in the state dictionary to their corresponding key in the module instead of copying them in place?)
  warnings.warn(f'for {key}: copying from a non-meta parameter in the checkpoint to a meta '
/data/takhyun03/anaconda3/envs/lmms_llavavideo/lib/python3.11/site-packages/torch/nn/modules/module.py:2025: UserWarning: for vision_model.encoder.layers.23.mlp.fc2.weight: copying from a non-meta parameter in the checkpoint to a meta parameter in the current model, which is a no-op. (Did you mean to pass `assign=True` to assign items in the state dictionary to their corresponding key in the module instead of copying them in place?)
  warnings.warn(f'for {key}: copying from a non-meta parameter in the checkpoint to a meta '
/data/takhyun03/anaconda3/envs/lmms_llavavideo/lib/python3.11/site-packages/torch/nn/modules/module.py:2025: UserWarning: for vision_model.encoder.layers.23.mlp.fc2.bias: copying from a non-meta parameter in the checkpoint to a meta parameter in the current model, which is a no-op. (Did you mean to pass `assign=True` to assign items in the state dictionary to their corresponding key in the module instead of copying them in place?)
  warnings.warn(f'for {key}: copying from a non-meta parameter in the checkpoint to a meta '
/data/takhyun03/anaconda3/envs/lmms_llavavideo/lib/python3.11/site-packages/torch/nn/modules/module.py:2025: UserWarning: for vision_model.encoder.layers.23.layer_norm2.weight: copying from a non-meta parameter in the checkpoint to a meta parameter in the current model, which is a no-op. (Did you mean to pass `assign=True` to assign items in the state dictionary to their corresponding key in the module instead of copying them in place?)
  warnings.warn(f'for {key}: copying from a non-meta parameter in the checkpoint to a meta '
/data/takhyun03/anaconda3/envs/lmms_llavavideo/lib/python3.11/site-packages/torch/nn/modules/module.py:2025: UserWarning: for vision_model.encoder.layers.23.layer_norm2.bias: copying from a non-meta parameter in the checkpoint to a meta parameter in the current model, which is a no-op. (Did you mean to pass `assign=True` to assign items in the state dictionary to their corresponding key in the module instead of copying them in place?)
  warnings.warn(f'for {key}: copying from a non-meta parameter in the checkpoint to a meta '
/data/takhyun03/anaconda3/envs/lmms_llavavideo/lib/python3.11/site-packages/torch/nn/modules/module.py:2025: UserWarning: for vision_model.encoder.layers.24.self_attn.k_proj.weight: copying from a non-meta parameter in the checkpoint to a meta parameter in the current model, which is a no-op. (Did you mean to pass `assign=True` to assign items in the state dictionary to their corresponding key in the module instead of copying them in place?)
  warnings.warn(f'for {key}: copying from a non-meta parameter in the checkpoint to a meta '
/data/takhyun03/anaconda3/envs/lmms_llavavideo/lib/python3.11/site-packages/torch/nn/modules/module.py:2025: UserWarning: for vision_model.encoder.layers.24.self_attn.k_proj.bias: copying from a non-meta parameter in the checkpoint to a meta parameter in the current model, which is a no-op. (Did you mean to pass `assign=True` to assign items in the state dictionary to their corresponding key in the module instead of copying them in place?)
  warnings.warn(f'for {key}: copying from a non-meta parameter in the checkpoint to a meta '
/data/takhyun03/anaconda3/envs/lmms_llavavideo/lib/python3.11/site-packages/torch/nn/modules/module.py:2025: UserWarning: for vision_model.encoder.layers.24.self_attn.v_proj.weight: copying from a non-meta parameter in the checkpoint to a meta parameter in the current model, which is a no-op. (Did you mean to pass `assign=True` to assign items in the state dictionary to their corresponding key in the module instead of copying them in place?)
  warnings.warn(f'for {key}: copying from a non-meta parameter in the checkpoint to a meta '
/data/takhyun03/anaconda3/envs/lmms_llavavideo/lib/python3.11/site-packages/torch/nn/modules/module.py:2025: UserWarning: for vision_model.encoder.layers.24.self_attn.v_proj.bias: copying from a non-meta parameter in the checkpoint to a meta parameter in the current model, which is a no-op. (Did you mean to pass `assign=True` to assign items in the state dictionary to their corresponding key in the module instead of copying them in place?)
  warnings.warn(f'for {key}: copying from a non-meta parameter in the checkpoint to a meta '
/data/takhyun03/anaconda3/envs/lmms_llavavideo/lib/python3.11/site-packages/torch/nn/modules/module.py:2025: UserWarning: for vision_model.encoder.layers.24.self_attn.q_proj.weight: copying from a non-meta parameter in the checkpoint to a meta parameter in the current model, which is a no-op. (Did you mean to pass `assign=True` to assign items in the state dictionary to their corresponding key in the module instead of copying them in place?)
  warnings.warn(f'for {key}: copying from a non-meta parameter in the checkpoint to a meta '
/data/takhyun03/anaconda3/envs/lmms_llavavideo/lib/python3.11/site-packages/torch/nn/modules/module.py:2025: UserWarning: for vision_model.encoder.layers.24.self_attn.q_proj.bias: copying from a non-meta parameter in the checkpoint to a meta parameter in the current model, which is a no-op. (Did you mean to pass `assign=True` to assign items in the state dictionary to their corresponding key in the module instead of copying them in place?)
  warnings.warn(f'for {key}: copying from a non-meta parameter in the checkpoint to a meta '
/data/takhyun03/anaconda3/envs/lmms_llavavideo/lib/python3.11/site-packages/torch/nn/modules/module.py:2025: UserWarning: for vision_model.encoder.layers.24.self_attn.out_proj.weight: copying from a non-meta parameter in the checkpoint to a meta parameter in the current model, which is a no-op. (Did you mean to pass `assign=True` to assign items in the state dictionary to their corresponding key in the module instead of copying them in place?)
  warnings.warn(f'for {key}: copying from a non-meta parameter in the checkpoint to a meta '
/data/takhyun03/anaconda3/envs/lmms_llavavideo/lib/python3.11/site-packages/torch/nn/modules/module.py:2025: UserWarning: for vision_model.encoder.layers.24.self_attn.out_proj.bias: copying from a non-meta parameter in the checkpoint to a meta parameter in the current model, which is a no-op. (Did you mean to pass `assign=True` to assign items in the state dictionary to their corresponding key in the module instead of copying them in place?)
  warnings.warn(f'for {key}: copying from a non-meta parameter in the checkpoint to a meta '
/data/takhyun03/anaconda3/envs/lmms_llavavideo/lib/python3.11/site-packages/torch/nn/modules/module.py:2025: UserWarning: for vision_model.encoder.layers.24.layer_norm1.weight: copying from a non-meta parameter in the checkpoint to a meta parameter in the current model, which is a no-op. (Did you mean to pass `assign=True` to assign items in the state dictionary to their corresponding key in the module instead of copying them in place?)
  warnings.warn(f'for {key}: copying from a non-meta parameter in the checkpoint to a meta '
/data/takhyun03/anaconda3/envs/lmms_llavavideo/lib/python3.11/site-packages/torch/nn/modules/module.py:2025: UserWarning: for vision_model.encoder.layers.24.layer_norm1.bias: copying from a non-meta parameter in the checkpoint to a meta parameter in the current model, which is a no-op. (Did you mean to pass `assign=True` to assign items in the state dictionary to their corresponding key in the module instead of copying them in place?)
  warnings.warn(f'for {key}: copying from a non-meta parameter in the checkpoint to a meta '
/data/takhyun03/anaconda3/envs/lmms_llavavideo/lib/python3.11/site-packages/torch/nn/modules/module.py:2025: UserWarning: for vision_model.encoder.layers.24.mlp.fc1.weight: copying from a non-meta parameter in the checkpoint to a meta parameter in the current model, which is a no-op. (Did you mean to pass `assign=True` to assign items in the state dictionary to their corresponding key in the module instead of copying them in place?)
  warnings.warn(f'for {key}: copying from a non-meta parameter in the checkpoint to a meta '
/data/takhyun03/anaconda3/envs/lmms_llavavideo/lib/python3.11/site-packages/torch/nn/modules/module.py:2025: UserWarning: for vision_model.encoder.layers.24.mlp.fc1.bias: copying from a non-meta parameter in the checkpoint to a meta parameter in the current model, which is a no-op. (Did you mean to pass `assign=True` to assign items in the state dictionary to their corresponding key in the module instead of copying them in place?)
  warnings.warn(f'for {key}: copying from a non-meta parameter in the checkpoint to a meta '
/data/takhyun03/anaconda3/envs/lmms_llavavideo/lib/python3.11/site-packages/torch/nn/modules/module.py:2025: UserWarning: for vision_model.encoder.layers.24.mlp.fc2.weight: copying from a non-meta parameter in the checkpoint to a meta parameter in the current model, which is a no-op. (Did you mean to pass `assign=True` to assign items in the state dictionary to their corresponding key in the module instead of copying them in place?)
  warnings.warn(f'for {key}: copying from a non-meta parameter in the checkpoint to a meta '
/data/takhyun03/anaconda3/envs/lmms_llavavideo/lib/python3.11/site-packages/torch/nn/modules/module.py:2025: UserWarning: for vision_model.encoder.layers.24.mlp.fc2.bias: copying from a non-meta parameter in the checkpoint to a meta parameter in the current model, which is a no-op. (Did you mean to pass `assign=True` to assign items in the state dictionary to their corresponding key in the module instead of copying them in place?)
  warnings.warn(f'for {key}: copying from a non-meta parameter in the checkpoint to a meta '
/data/takhyun03/anaconda3/envs/lmms_llavavideo/lib/python3.11/site-packages/torch/nn/modules/module.py:2025: UserWarning: for vision_model.encoder.layers.24.layer_norm2.weight: copying from a non-meta parameter in the checkpoint to a meta parameter in the current model, which is a no-op. (Did you mean to pass `assign=True` to assign items in the state dictionary to their corresponding key in the module instead of copying them in place?)
  warnings.warn(f'for {key}: copying from a non-meta parameter in the checkpoint to a meta '
/data/takhyun03/anaconda3/envs/lmms_llavavideo/lib/python3.11/site-packages/torch/nn/modules/module.py:2025: UserWarning: for vision_model.encoder.layers.24.layer_norm2.bias: copying from a non-meta parameter in the checkpoint to a meta parameter in the current model, which is a no-op. (Did you mean to pass `assign=True` to assign items in the state dictionary to their corresponding key in the module instead of copying them in place?)
  warnings.warn(f'for {key}: copying from a non-meta parameter in the checkpoint to a meta '
/data/takhyun03/anaconda3/envs/lmms_llavavideo/lib/python3.11/site-packages/torch/nn/modules/module.py:2025: UserWarning: for vision_model.encoder.layers.25.self_attn.k_proj.weight: copying from a non-meta parameter in the checkpoint to a meta parameter in the current model, which is a no-op. (Did you mean to pass `assign=True` to assign items in the state dictionary to their corresponding key in the module instead of copying them in place?)
  warnings.warn(f'for {key}: copying from a non-meta parameter in the checkpoint to a meta '
/data/takhyun03/anaconda3/envs/lmms_llavavideo/lib/python3.11/site-packages/torch/nn/modules/module.py:2025: UserWarning: for vision_model.encoder.layers.25.self_attn.k_proj.bias: copying from a non-meta parameter in the checkpoint to a meta parameter in the current model, which is a no-op. (Did you mean to pass `assign=True` to assign items in the state dictionary to their corresponding key in the module instead of copying them in place?)
  warnings.warn(f'for {key}: copying from a non-meta parameter in the checkpoint to a meta '
/data/takhyun03/anaconda3/envs/lmms_llavavideo/lib/python3.11/site-packages/torch/nn/modules/module.py:2025: UserWarning: for vision_model.encoder.layers.25.self_attn.v_proj.weight: copying from a non-meta parameter in the checkpoint to a meta parameter in the current model, which is a no-op. (Did you mean to pass `assign=True` to assign items in the state dictionary to their corresponding key in the module instead of copying them in place?)
  warnings.warn(f'for {key}: copying from a non-meta parameter in the checkpoint to a meta '
/data/takhyun03/anaconda3/envs/lmms_llavavideo/lib/python3.11/site-packages/torch/nn/modules/module.py:2025: UserWarning: for vision_model.encoder.layers.25.self_attn.v_proj.bias: copying from a non-meta parameter in the checkpoint to a meta parameter in the current model, which is a no-op. (Did you mean to pass `assign=True` to assign items in the state dictionary to their corresponding key in the module instead of copying them in place?)
  warnings.warn(f'for {key}: copying from a non-meta parameter in the checkpoint to a meta '
/data/takhyun03/anaconda3/envs/lmms_llavavideo/lib/python3.11/site-packages/torch/nn/modules/module.py:2025: UserWarning: for vision_model.encoder.layers.25.self_attn.q_proj.weight: copying from a non-meta parameter in the checkpoint to a meta parameter in the current model, which is a no-op. (Did you mean to pass `assign=True` to assign items in the state dictionary to their corresponding key in the module instead of copying them in place?)
  warnings.warn(f'for {key}: copying from a non-meta parameter in the checkpoint to a meta '
/data/takhyun03/anaconda3/envs/lmms_llavavideo/lib/python3.11/site-packages/torch/nn/modules/module.py:2025: UserWarning: for vision_model.encoder.layers.25.self_attn.q_proj.bias: copying from a non-meta parameter in the checkpoint to a meta parameter in the current model, which is a no-op. (Did you mean to pass `assign=True` to assign items in the state dictionary to their corresponding key in the module instead of copying them in place?)
  warnings.warn(f'for {key}: copying from a non-meta parameter in the checkpoint to a meta '
/data/takhyun03/anaconda3/envs/lmms_llavavideo/lib/python3.11/site-packages/torch/nn/modules/module.py:2025: UserWarning: for vision_model.encoder.layers.25.self_attn.out_proj.weight: copying from a non-meta parameter in the checkpoint to a meta parameter in the current model, which is a no-op. (Did you mean to pass `assign=True` to assign items in the state dictionary to their corresponding key in the module instead of copying them in place?)
  warnings.warn(f'for {key}: copying from a non-meta parameter in the checkpoint to a meta '
/data/takhyun03/anaconda3/envs/lmms_llavavideo/lib/python3.11/site-packages/torch/nn/modules/module.py:2025: UserWarning: for vision_model.encoder.layers.25.self_attn.out_proj.bias: copying from a non-meta parameter in the checkpoint to a meta parameter in the current model, which is a no-op. (Did you mean to pass `assign=True` to assign items in the state dictionary to their corresponding key in the module instead of copying them in place?)
  warnings.warn(f'for {key}: copying from a non-meta parameter in the checkpoint to a meta '
/data/takhyun03/anaconda3/envs/lmms_llavavideo/lib/python3.11/site-packages/torch/nn/modules/module.py:2025: UserWarning: for vision_model.encoder.layers.25.layer_norm1.weight: copying from a non-meta parameter in the checkpoint to a meta parameter in the current model, which is a no-op. (Did you mean to pass `assign=True` to assign items in the state dictionary to their corresponding key in the module instead of copying them in place?)
  warnings.warn(f'for {key}: copying from a non-meta parameter in the checkpoint to a meta '
/data/takhyun03/anaconda3/envs/lmms_llavavideo/lib/python3.11/site-packages/torch/nn/modules/module.py:2025: UserWarning: for vision_model.encoder.layers.25.layer_norm1.bias: copying from a non-meta parameter in the checkpoint to a meta parameter in the current model, which is a no-op. (Did you mean to pass `assign=True` to assign items in the state dictionary to their corresponding key in the module instead of copying them in place?)
  warnings.warn(f'for {key}: copying from a non-meta parameter in the checkpoint to a meta '
/data/takhyun03/anaconda3/envs/lmms_llavavideo/lib/python3.11/site-packages/torch/nn/modules/module.py:2025: UserWarning: for vision_model.encoder.layers.25.mlp.fc1.weight: copying from a non-meta parameter in the checkpoint to a meta parameter in the current model, which is a no-op. (Did you mean to pass `assign=True` to assign items in the state dictionary to their corresponding key in the module instead of copying them in place?)
  warnings.warn(f'for {key}: copying from a non-meta parameter in the checkpoint to a meta '
/data/takhyun03/anaconda3/envs/lmms_llavavideo/lib/python3.11/site-packages/torch/nn/modules/module.py:2025: UserWarning: for vision_model.encoder.layers.25.mlp.fc1.bias: copying from a non-meta parameter in the checkpoint to a meta parameter in the current model, which is a no-op. (Did you mean to pass `assign=True` to assign items in the state dictionary to their corresponding key in the module instead of copying them in place?)
  warnings.warn(f'for {key}: copying from a non-meta parameter in the checkpoint to a meta '
/data/takhyun03/anaconda3/envs/lmms_llavavideo/lib/python3.11/site-packages/torch/nn/modules/module.py:2025: UserWarning: for vision_model.encoder.layers.25.mlp.fc2.weight: copying from a non-meta parameter in the checkpoint to a meta parameter in the current model, which is a no-op. (Did you mean to pass `assign=True` to assign items in the state dictionary to their corresponding key in the module instead of copying them in place?)
  warnings.warn(f'for {key}: copying from a non-meta parameter in the checkpoint to a meta '
/data/takhyun03/anaconda3/envs/lmms_llavavideo/lib/python3.11/site-packages/torch/nn/modules/module.py:2025: UserWarning: for vision_model.encoder.layers.25.mlp.fc2.bias: copying from a non-meta parameter in the checkpoint to a meta parameter in the current model, which is a no-op. (Did you mean to pass `assign=True` to assign items in the state dictionary to their corresponding key in the module instead of copying them in place?)
  warnings.warn(f'for {key}: copying from a non-meta parameter in the checkpoint to a meta '
/data/takhyun03/anaconda3/envs/lmms_llavavideo/lib/python3.11/site-packages/torch/nn/modules/module.py:2025: UserWarning: for vision_model.encoder.layers.25.layer_norm2.weight: copying from a non-meta parameter in the checkpoint to a meta parameter in the current model, which is a no-op. (Did you mean to pass `assign=True` to assign items in the state dictionary to their corresponding key in the module instead of copying them in place?)
  warnings.warn(f'for {key}: copying from a non-meta parameter in the checkpoint to a meta '
/data/takhyun03/anaconda3/envs/lmms_llavavideo/lib/python3.11/site-packages/torch/nn/modules/module.py:2025: UserWarning: for vision_model.encoder.layers.25.layer_norm2.bias: copying from a non-meta parameter in the checkpoint to a meta parameter in the current model, which is a no-op. (Did you mean to pass `assign=True` to assign items in the state dictionary to their corresponding key in the module instead of copying them in place?)
  warnings.warn(f'for {key}: copying from a non-meta parameter in the checkpoint to a meta '
/data/takhyun03/anaconda3/envs/lmms_llavavideo/lib/python3.11/site-packages/torch/nn/modules/module.py:2025: UserWarning: for vision_model.encoder.layers.26.self_attn.k_proj.weight: copying from a non-meta parameter in the checkpoint to a meta parameter in the current model, which is a no-op. (Did you mean to pass `assign=True` to assign items in the state dictionary to their corresponding key in the module instead of copying them in place?)
  warnings.warn(f'for {key}: copying from a non-meta parameter in the checkpoint to a meta '
/data/takhyun03/anaconda3/envs/lmms_llavavideo/lib/python3.11/site-packages/torch/nn/modules/module.py:2025: UserWarning: for vision_model.encoder.layers.26.self_attn.k_proj.bias: copying from a non-meta parameter in the checkpoint to a meta parameter in the current model, which is a no-op. (Did you mean to pass `assign=True` to assign items in the state dictionary to their corresponding key in the module instead of copying them in place?)
  warnings.warn(f'for {key}: copying from a non-meta parameter in the checkpoint to a meta '
/data/takhyun03/anaconda3/envs/lmms_llavavideo/lib/python3.11/site-packages/torch/nn/modules/module.py:2025: UserWarning: for vision_model.encoder.layers.26.self_attn.v_proj.weight: copying from a non-meta parameter in the checkpoint to a meta parameter in the current model, which is a no-op. (Did you mean to pass `assign=True` to assign items in the state dictionary to their corresponding key in the module instead of copying them in place?)
  warnings.warn(f'for {key}: copying from a non-meta parameter in the checkpoint to a meta '
/data/takhyun03/anaconda3/envs/lmms_llavavideo/lib/python3.11/site-packages/torch/nn/modules/module.py:2025: UserWarning: for vision_model.encoder.layers.26.self_attn.v_proj.bias: copying from a non-meta parameter in the checkpoint to a meta parameter in the current model, which is a no-op. (Did you mean to pass `assign=True` to assign items in the state dictionary to their corresponding key in the module instead of copying them in place?)
  warnings.warn(f'for {key}: copying from a non-meta parameter in the checkpoint to a meta '
/data/takhyun03/anaconda3/envs/lmms_llavavideo/lib/python3.11/site-packages/torch/nn/modules/module.py:2025: UserWarning: for vision_model.encoder.layers.26.self_attn.q_proj.weight: copying from a non-meta parameter in the checkpoint to a meta parameter in the current model, which is a no-op. (Did you mean to pass `assign=True` to assign items in the state dictionary to their corresponding key in the module instead of copying them in place?)
  warnings.warn(f'for {key}: copying from a non-meta parameter in the checkpoint to a meta '
/data/takhyun03/anaconda3/envs/lmms_llavavideo/lib/python3.11/site-packages/torch/nn/modules/module.py:2025: UserWarning: for vision_model.encoder.layers.26.self_attn.q_proj.bias: copying from a non-meta parameter in the checkpoint to a meta parameter in the current model, which is a no-op. (Did you mean to pass `assign=True` to assign items in the state dictionary to their corresponding key in the module instead of copying them in place?)
  warnings.warn(f'for {key}: copying from a non-meta parameter in the checkpoint to a meta '
/data/takhyun03/anaconda3/envs/lmms_llavavideo/lib/python3.11/site-packages/torch/nn/modules/module.py:2025: UserWarning: for vision_model.encoder.layers.26.self_attn.out_proj.weight: copying from a non-meta parameter in the checkpoint to a meta parameter in the current model, which is a no-op. (Did you mean to pass `assign=True` to assign items in the state dictionary to their corresponding key in the module instead of copying them in place?)
  warnings.warn(f'for {key}: copying from a non-meta parameter in the checkpoint to a meta '
/data/takhyun03/anaconda3/envs/lmms_llavavideo/lib/python3.11/site-packages/torch/nn/modules/module.py:2025: UserWarning: for vision_model.encoder.layers.26.self_attn.out_proj.bias: copying from a non-meta parameter in the checkpoint to a meta parameter in the current model, which is a no-op. (Did you mean to pass `assign=True` to assign items in the state dictionary to their corresponding key in the module instead of copying them in place?)
  warnings.warn(f'for {key}: copying from a non-meta parameter in the checkpoint to a meta '
/data/takhyun03/anaconda3/envs/lmms_llavavideo/lib/python3.11/site-packages/torch/nn/modules/module.py:2025: UserWarning: for vision_model.encoder.layers.26.layer_norm1.weight: copying from a non-meta parameter in the checkpoint to a meta parameter in the current model, which is a no-op. (Did you mean to pass `assign=True` to assign items in the state dictionary to their corresponding key in the module instead of copying them in place?)
  warnings.warn(f'for {key}: copying from a non-meta parameter in the checkpoint to a meta '
/data/takhyun03/anaconda3/envs/lmms_llavavideo/lib/python3.11/site-packages/torch/nn/modules/module.py:2025: UserWarning: for vision_model.encoder.layers.26.layer_norm1.bias: copying from a non-meta parameter in the checkpoint to a meta parameter in the current model, which is a no-op. (Did you mean to pass `assign=True` to assign items in the state dictionary to their corresponding key in the module instead of copying them in place?)
  warnings.warn(f'for {key}: copying from a non-meta parameter in the checkpoint to a meta '
/data/takhyun03/anaconda3/envs/lmms_llavavideo/lib/python3.11/site-packages/torch/nn/modules/module.py:2025: UserWarning: for vision_model.encoder.layers.26.mlp.fc1.weight: copying from a non-meta parameter in the checkpoint to a meta parameter in the current model, which is a no-op. (Did you mean to pass `assign=True` to assign items in the state dictionary to their corresponding key in the module instead of copying them in place?)
  warnings.warn(f'for {key}: copying from a non-meta parameter in the checkpoint to a meta '
/data/takhyun03/anaconda3/envs/lmms_llavavideo/lib/python3.11/site-packages/torch/nn/modules/module.py:2025: UserWarning: for vision_model.encoder.layers.26.mlp.fc1.bias: copying from a non-meta parameter in the checkpoint to a meta parameter in the current model, which is a no-op. (Did you mean to pass `assign=True` to assign items in the state dictionary to their corresponding key in the module instead of copying them in place?)
  warnings.warn(f'for {key}: copying from a non-meta parameter in the checkpoint to a meta '
/data/takhyun03/anaconda3/envs/lmms_llavavideo/lib/python3.11/site-packages/torch/nn/modules/module.py:2025: UserWarning: for vision_model.encoder.layers.26.mlp.fc2.weight: copying from a non-meta parameter in the checkpoint to a meta parameter in the current model, which is a no-op. (Did you mean to pass `assign=True` to assign items in the state dictionary to their corresponding key in the module instead of copying them in place?)
  warnings.warn(f'for {key}: copying from a non-meta parameter in the checkpoint to a meta '
/data/takhyun03/anaconda3/envs/lmms_llavavideo/lib/python3.11/site-packages/torch/nn/modules/module.py:2025: UserWarning: for vision_model.encoder.layers.26.mlp.fc2.bias: copying from a non-meta parameter in the checkpoint to a meta parameter in the current model, which is a no-op. (Did you mean to pass `assign=True` to assign items in the state dictionary to their corresponding key in the module instead of copying them in place?)
  warnings.warn(f'for {key}: copying from a non-meta parameter in the checkpoint to a meta '
/data/takhyun03/anaconda3/envs/lmms_llavavideo/lib/python3.11/site-packages/torch/nn/modules/module.py:2025: UserWarning: for vision_model.encoder.layers.26.layer_norm2.weight: copying from a non-meta parameter in the checkpoint to a meta parameter in the current model, which is a no-op. (Did you mean to pass `assign=True` to assign items in the state dictionary to their corresponding key in the module instead of copying them in place?)
  warnings.warn(f'for {key}: copying from a non-meta parameter in the checkpoint to a meta '
/data/takhyun03/anaconda3/envs/lmms_llavavideo/lib/python3.11/site-packages/torch/nn/modules/module.py:2025: UserWarning: for vision_model.encoder.layers.26.layer_norm2.bias: copying from a non-meta parameter in the checkpoint to a meta parameter in the current model, which is a no-op. (Did you mean to pass `assign=True` to assign items in the state dictionary to their corresponding key in the module instead of copying them in place?)
  warnings.warn(f'for {key}: copying from a non-meta parameter in the checkpoint to a meta '
/data/takhyun03/anaconda3/envs/lmms_llavavideo/lib/python3.11/site-packages/torch/nn/modules/module.py:2025: UserWarning: for vision_model.post_layernorm.weight: copying from a non-meta parameter in the checkpoint to a meta parameter in the current model, which is a no-op. (Did you mean to pass `assign=True` to assign items in the state dictionary to their corresponding key in the module instead of copying them in place?)
  warnings.warn(f'for {key}: copying from a non-meta parameter in the checkpoint to a meta '
/data/takhyun03/anaconda3/envs/lmms_llavavideo/lib/python3.11/site-packages/torch/nn/modules/module.py:2025: UserWarning: for vision_model.post_layernorm.bias: copying from a non-meta parameter in the checkpoint to a meta parameter in the current model, which is a no-op. (Did you mean to pass `assign=True` to assign items in the state dictionary to their corresponding key in the module instead of copying them in place?)
  warnings.warn(f'for {key}: copying from a non-meta parameter in the checkpoint to a meta '
/data/takhyun03/anaconda3/envs/lmms_llavavideo/lib/python3.11/site-packages/torch/nn/modules/module.py:2025: UserWarning: for vision_model.head.probe: copying from a non-meta parameter in the checkpoint to a meta parameter in the current model, which is a no-op. (Did you mean to pass `assign=True` to assign items in the state dictionary to their corresponding key in the module instead of copying them in place?)
  warnings.warn(f'for {key}: copying from a non-meta parameter in the checkpoint to a meta '
/data/takhyun03/anaconda3/envs/lmms_llavavideo/lib/python3.11/site-packages/torch/nn/modules/module.py:2025: UserWarning: for vision_model.head.attention.in_proj_weight: copying from a non-meta parameter in the checkpoint to a meta parameter in the current model, which is a no-op. (Did you mean to pass `assign=True` to assign items in the state dictionary to their corresponding key in the module instead of copying them in place?)
  warnings.warn(f'for {key}: copying from a non-meta parameter in the checkpoint to a meta '
/data/takhyun03/anaconda3/envs/lmms_llavavideo/lib/python3.11/site-packages/torch/nn/modules/module.py:2025: UserWarning: for vision_model.head.attention.in_proj_bias: copying from a non-meta parameter in the checkpoint to a meta parameter in the current model, which is a no-op. (Did you mean to pass `assign=True` to assign items in the state dictionary to their corresponding key in the module instead of copying them in place?)
  warnings.warn(f'for {key}: copying from a non-meta parameter in the checkpoint to a meta '
/data/takhyun03/anaconda3/envs/lmms_llavavideo/lib/python3.11/site-packages/torch/nn/modules/module.py:2025: UserWarning: for vision_model.head.attention.out_proj.weight: copying from a non-meta parameter in the checkpoint to a meta parameter in the current model, which is a no-op. (Did you mean to pass `assign=True` to assign items in the state dictionary to their corresponding key in the module instead of copying them in place?)
  warnings.warn(f'for {key}: copying from a non-meta parameter in the checkpoint to a meta '
/data/takhyun03/anaconda3/envs/lmms_llavavideo/lib/python3.11/site-packages/torch/nn/modules/module.py:2025: UserWarning: for vision_model.head.attention.out_proj.bias: copying from a non-meta parameter in the checkpoint to a meta parameter in the current model, which is a no-op. (Did you mean to pass `assign=True` to assign items in the state dictionary to their corresponding key in the module instead of copying them in place?)
  warnings.warn(f'for {key}: copying from a non-meta parameter in the checkpoint to a meta '
/data/takhyun03/anaconda3/envs/lmms_llavavideo/lib/python3.11/site-packages/torch/nn/modules/module.py:2025: UserWarning: for vision_model.head.layernorm.weight: copying from a non-meta parameter in the checkpoint to a meta parameter in the current model, which is a no-op. (Did you mean to pass `assign=True` to assign items in the state dictionary to their corresponding key in the module instead of copying them in place?)
  warnings.warn(f'for {key}: copying from a non-meta parameter in the checkpoint to a meta '
/data/takhyun03/anaconda3/envs/lmms_llavavideo/lib/python3.11/site-packages/torch/nn/modules/module.py:2025: UserWarning: for vision_model.head.layernorm.bias: copying from a non-meta parameter in the checkpoint to a meta parameter in the current model, which is a no-op. (Did you mean to pass `assign=True` to assign items in the state dictionary to their corresponding key in the module instead of copying them in place?)
  warnings.warn(f'for {key}: copying from a non-meta parameter in the checkpoint to a meta '
/data/takhyun03/anaconda3/envs/lmms_llavavideo/lib/python3.11/site-packages/torch/nn/modules/module.py:2025: UserWarning: for vision_model.head.mlp.fc1.weight: copying from a non-meta parameter in the checkpoint to a meta parameter in the current model, which is a no-op. (Did you mean to pass `assign=True` to assign items in the state dictionary to their corresponding key in the module instead of copying them in place?)
  warnings.warn(f'for {key}: copying from a non-meta parameter in the checkpoint to a meta '
/data/takhyun03/anaconda3/envs/lmms_llavavideo/lib/python3.11/site-packages/torch/nn/modules/module.py:2025: UserWarning: for vision_model.head.mlp.fc1.bias: copying from a non-meta parameter in the checkpoint to a meta parameter in the current model, which is a no-op. (Did you mean to pass `assign=True` to assign items in the state dictionary to their corresponding key in the module instead of copying them in place?)
  warnings.warn(f'for {key}: copying from a non-meta parameter in the checkpoint to a meta '
/data/takhyun03/anaconda3/envs/lmms_llavavideo/lib/python3.11/site-packages/torch/nn/modules/module.py:2025: UserWarning: for vision_model.head.mlp.fc2.weight: copying from a non-meta parameter in the checkpoint to a meta parameter in the current model, which is a no-op. (Did you mean to pass `assign=True` to assign items in the state dictionary to their corresponding key in the module instead of copying them in place?)
  warnings.warn(f'for {key}: copying from a non-meta parameter in the checkpoint to a meta '
/data/takhyun03/anaconda3/envs/lmms_llavavideo/lib/python3.11/site-packages/torch/nn/modules/module.py:2025: UserWarning: for vision_model.head.mlp.fc2.bias: copying from a non-meta parameter in the checkpoint to a meta parameter in the current model, which is a no-op. (Did you mean to pass `assign=True` to assign items in the state dictionary to their corresponding key in the module instead of copying them in place?)
  warnings.warn(f'for {key}: copying from a non-meta parameter in the checkpoint to a meta '
[load] 8000 QAs for averaging
[load model] baseline
OpenCLIP not installed
[MODEL] LoRA loading: base=lmms-lab/LLaVA-Video-7B-Qwen2, lora=/data/takhyun03/project/2026/vlm_direction/LLaVA-NeXT/work_dirs/llava-video-7b-qwen2_baseline_shape_simple_new_lora-r64_f8_ep1_lr1e-5
Loading LLaVA from base model...
Loading vision tower: google/siglip-so400m-patch14-384
Loading checkpoint shards:   0%|          | 0/4 [00:00<?, ?it/s]Loading checkpoint shards:  25%|██▌       | 1/4 [00:02<00:07,  2.66s/it]Loading checkpoint shards:  50%|█████     | 2/4 [00:05<00:05,  2.75s/it]Loading checkpoint shards:  75%|███████▌  | 3/4 [00:11<00:04,  4.10s/it]Loading checkpoint shards: 100%|██████████| 4/4 [00:12<00:00,  2.81s/it]Loading checkpoint shards: 100%|██████████| 4/4 [00:12<00:00,  3.01s/it]
/data/takhyun03/anaconda3/envs/lmms_llavavideo/lib/python3.11/site-packages/peft/config.py:162: UserWarning: Unexpected keyword arguments ['alora_invocation_tokens', 'arrow_config', 'corda_config', 'ensure_weight_tying', 'peft_version', 'qalora_group_size', 'target_parameters', 'trainable_token_indices', 'use_qalora'] for class LoraConfig, these are ignored. This probably means that you're loading a configuration file that was saved using a higher version of the library and additional parameters have been introduced since. It is highly recommended to upgrade the PEFT version before continuing (e.g. by running `pip install -U peft`).
  warnings.warn(
Loading additional LLaVA weights...
Loading LoRA weights...
Merging LoRA weights...
Model is loaded...
Model Class: LlavaQwenForCausalLM
phase1_shape_color_acc:   0%|          | 0/8000 [00:00<?, ?it/s]phase1_shape_color_acc:   0%|          | 1/8000 [00:01<2:43:05,  1.22s/it]phase1_shape_color_acc:   0%|          | 2/8000 [00:01<1:31:45,  1.45it/s]phase1_shape_color_acc:   0%|          | 3/8000 [00:01<1:09:04,  1.93it/s]phase1_shape_color_acc:   0%|          | 4/8000 [00:02<58:59,  2.26it/s]  phase1_shape_color_acc:   0%|          | 5/8000 [00:02<54:36,  2.44it/s]phase1_shape_color_acc:   0%|          | 6/8000 [00:02<52:06,  2.56it/s]phase1_shape_color_acc:   0%|          | 7/8000 [00:03<50:19,  2.65it/s]phase1_shape_color_acc:   0%|          | 8/8000 [00:03<49:09,  2.71it/s]phase1_shape_color_acc:   0%|          | 9/8000 [00:03<48:24,  2.75it/s]phase1_shape_color_acc:   0%|          | 10/8000 [00:04<47:53,  2.78it/s]phase1_shape_color_acc:   0%|          | 11/8000 [00:04<44:54,  2.96it/s]phase1_shape_color_acc:   0%|          | 12/8000 [00:04<43:59,  3.03it/s]phase1_shape_color_acc:   0%|          | 13/8000 [00:05<43:22,  3.07it/s]phase1_shape_color_acc:   0%|          | 14/8000 [00:05<44:24,  3.00it/s]phase1_shape_color_acc:   0%|          | 15/8000 [00:05<45:14,  2.94it/s]phase1_shape_color_acc:   0%|          | 16/8000 [00:06<45:36,  2.92it/s]phase1_shape_color_acc:   0%|          | 17/8000 [00:06<45:55,  2.90it/s]phase1_shape_color_acc:   0%|          | 18/8000 [00:06<46:08,  2.88it/s]phase1_shape_color_acc:   0%|          | 19/8000 [00:07<46:15,  2.88it/s]phase1_shape_color_acc:   0%|          | 20/8000 [00:07<44:58,  2.96it/s]phase1_shape_color_acc:   0%|          | 21/8000 [00:07<40:44,  3.26it/s]phase1_shape_color_acc:   0%|          | 22/8000 [00:08<40:36,  3.27it/s]phase1_shape_color_acc:   0%|          | 23/8000 [00:08<41:24,  3.21it/s]phase1_shape_color_acc:   0%|          | 24/8000 [00:08<42:58,  3.09it/s]phase1_shape_color_acc:   0%|          | 25/8000 [00:09<44:07,  3.01it/s]phase1_shape_color_acc:   0%|          | 26/8000 [00:09<44:50,  2.96it/s]phase1_shape_color_acc:   0%|          | 27/8000 [00:09<45:17,  2.93it/s]phase1_shape_color_acc:   0%|          | 28/8000 [00:10<45:38,  2.91it/s]phase1_shape_color_acc:   0%|          | 29/8000 [00:10<45:56,  2.89it/s]phase1_shape_color_acc:   0%|          | 30/8000 [00:10<42:16,  3.14it/s]phase1_shape_color_acc:   0%|          | 31/8000 [00:11<42:03,  3.16it/s]phase1_shape_color_acc:   0%|          | 32/8000 [00:11<42:20,  3.14it/s]phase1_shape_color_acc:   0%|          | 33/8000 [00:11<43:39,  3.04it/s]phase1_shape_color_acc:   0%|          | 34/8000 [00:12<44:32,  2.98it/s]phase1_shape_color_acc:   0%|          | 35/8000 [00:12<45:11,  2.94it/s]phase1_shape_color_acc:   0%|          | 36/8000 [00:12<45:32,  2.92it/s]phase1_shape_color_acc:   0%|          | 37/8000 [00:13<45:50,  2.90it/s]phase1_shape_color_acc:   0%|          | 38/8000 [00:13<46:00,  2.88it/s]phase1_shape_color_acc:   0%|          | 39/8000 [00:13<42:24,  3.13it/s]phase1_shape_color_acc:   0%|          | 40/8000 [00:14<42:11,  3.14it/s]phase1_shape_color_acc:   1%|          | 41/8000 [00:14<42:30,  3.12it/s]phase1_shape_color_acc:   1%|          | 42/8000 [00:14<43:44,  3.03it/s]phase1_shape_color_acc:   1%|          | 43/8000 [00:15<44:33,  2.98it/s]phase1_shape_color_acc:   1%|          | 44/8000 [00:15<45:06,  2.94it/s]phase1_shape_color_acc:   1%|          | 45/8000 [00:15<45:31,  2.91it/s]phase1_shape_color_acc:   1%|          | 46/8000 [00:16<45:47,  2.89it/s]phase1_shape_color_acc:   1%|          | 47/8000 [00:16<45:55,  2.89it/s]phase1_shape_color_acc:   1%|          | 48/8000 [00:16<42:53,  3.09it/s]phase1_shape_color_acc:   1%|          | 49/8000 [00:17<42:37,  3.11it/s]phase1_shape_color_acc:   1%|          | 50/8000 [00:17<41:56,  3.16it/s]phase1_shape_color_acc:   1%|          | 51/8000 [00:17<43:16,  3.06it/s]phase1_shape_color_acc:   1%|          | 52/8000 [00:18<44:21,  2.99it/s]phase1_shape_color_acc:   1%|          | 53/8000 [00:18<45:00,  2.94it/s]phase1_shape_color_acc:   1%|          | 54/8000 [00:18<45:25,  2.92it/s]phase1_shape_color_acc:   1%|          | 55/8000 [00:19<45:41,  2.90it/s]phase1_shape_color_acc:   1%|          | 56/8000 [00:19<45:52,  2.89it/s]phase1_shape_color_acc:   1%|          | 57/8000 [00:19<43:19,  3.06it/s]phase1_shape_color_acc:   1%|          | 58/8000 [00:20<41:15,  3.21it/s]phase1_shape_color_acc:   1%|          | 59/8000 [00:20<40:55,  3.23it/s]phase1_shape_color_acc:   1%|          | 60/8000 [00:20<41:46,  3.17it/s]phase1_shape_color_acc:   1%|          | 61/8000 [00:21<43:12,  3.06it/s]phase1_shape_color_acc:   1%|          | 62/8000 [00:21<44:11,  2.99it/s]phase1_shape_color_acc:   1%|          | 63/8000 [00:21<44:55,  2.94it/s]phase1_shape_color_acc:   1%|          | 64/8000 [00:22<45:24,  2.91it/s]phase1_shape_color_acc:   1%|          | 65/8000 [00:22<45:47,  2.89it/s]phase1_shape_color_acc:   1%|          | 66/8000 [00:22<45:58,  2.88it/s]phase1_shape_color_acc:   1%|          | 67/8000 [00:23<42:22,  3.12it/s]phase1_shape_color_acc:   1%|          | 68/8000 [00:23<42:08,  3.14it/s]phase1_shape_color_acc:   1%|          | 69/8000 [00:23<42:34,  3.11it/s]phase1_shape_color_acc:   1%|          | 70/8000 [00:24<43:43,  3.02it/s]phase1_shape_color_acc:   1%|          | 71/8000 [00:24<44:30,  2.97it/s]phase1_shape_color_acc:   1%|          | 72/8000 [00:24<45:00,  2.94it/s]phase1_shape_color_acc:   1%|          | 73/8000 [00:25<45:25,  2.91it/s]phase1_shape_color_acc:   1%|          | 74/8000 [00:25<45:36,  2.90it/s]phase1_shape_color_acc:   1%|          | 75/8000 [00:25<45:46,  2.89it/s]phase1_shape_color_acc:   1%|          | 76/8000 [00:26<42:24,  3.11it/s]phase1_shape_color_acc:   1%|          | 77/8000 [00:26<42:08,  3.13it/s]phase1_shape_color_acc:   1%|          | 78/8000 [00:26<41:29,  3.18it/s]phase1_shape_color_acc:   1%|          | 79/8000 [00:27<42:54,  3.08it/s]phase1_shape_color_acc:   1%|          | 80/8000 [00:27<44:03,  3.00it/s]phase1_shape_color_acc:   1%|          | 81/8000 [00:27<44:41,  2.95it/s]phase1_shape_color_acc:   1%|          | 82/8000 [00:28<45:22,  2.91it/s]phase1_shape_color_acc:   1%|          | 83/8000 [00:28<45:40,  2.89it/s]phase1_shape_color_acc:   1%|          | 84/8000 [00:28<45:48,  2.88it/s]phase1_shape_color_acc:   1%|          | 85/8000 [00:29<44:11,  2.99it/s]phase1_shape_color_acc:   1%|          | 86/8000 [00:29<42:59,  3.07it/s]phase1_shape_color_acc:   1%|          | 87/8000 [00:29<42:27,  3.11it/s]phase1_shape_color_acc:   1%|          | 88/8000 [00:30<43:13,  3.05it/s]phase1_shape_color_acc:   1%|          | 89/8000 [00:30<44:12,  2.98it/s]phase1_shape_color_acc:   1%|          | 90/8000 [00:30<44:42,  2.95it/s]phase1_shape_color_acc:   1%|          | 91/8000 [00:31<45:15,  2.91it/s]phase1_shape_color_acc:   1%|          | 92/8000 [00:31<45:43,  2.88it/s]phase1_shape_color_acc:   1%|          | 93/8000 [00:31<45:57,  2.87it/s]phase1_shape_color_acc:   1%|          | 94/8000 [00:32<43:35,  3.02it/s]phase1_shape_color_acc:   1%|          | 95/8000 [00:32<40:48,  3.23it/s]phase1_shape_color_acc:   1%|          | 96/8000 [00:32<40:57,  3.22it/s]phase1_shape_color_acc:   1%|          | 97/8000 [00:33<41:49,  3.15it/s]phase1_shape_color_acc:   1%|          | 98/8000 [00:33<43:14,  3.05it/s]phase1_shape_color_acc:   1%|          | 99/8000 [00:33<44:11,  2.98it/s]phase1_shape_color_acc:   1%|▏         | 100/8000 [00:34<44:48,  2.94it/s]phase1_shape_color_acc:   1%|▏         | 101/8000 [00:34<45:23,  2.90it/s]phase1_shape_color_acc:   1%|▏         | 102/8000 [00:34<45:35,  2.89it/s]phase1_shape_color_acc:   1%|▏         | 103/8000 [00:35<45:18,  2.90it/s]phase1_shape_color_acc:   1%|▏         | 104/8000 [00:35<42:04,  3.13it/s]phase1_shape_color_acc:   1%|▏         | 105/8000 [00:35<41:52,  3.14it/s]phase1_shape_color_acc:   1%|▏         | 106/8000 [00:36<42:26,  3.10it/s]phase1_shape_color_acc:   1%|▏         | 107/8000 [00:36<43:33,  3.02it/s]phase1_shape_color_acc:   1%|▏         | 108/8000 [00:36<44:19,  2.97it/s]phase1_shape_color_acc:   1%|▏         | 109/8000 [00:37<44:52,  2.93it/s]phase1_shape_color_acc:   1%|▏         | 110/8000 [00:37<45:16,  2.90it/s]phase1_shape_color_acc:   1%|▏         | 111/8000 [00:37<45:28,  2.89it/s]phase1_shape_color_acc:   1%|▏         | 112/8000 [00:38<45:38,  2.88it/s]phase1_shape_color_acc:   1%|▏         | 113/8000 [00:38<42:39,  3.08it/s]phase1_shape_color_acc:   1%|▏         | 114/8000 [00:38<42:08,  3.12it/s]phase1_shape_color_acc:   1%|▏         | 115/8000 [00:39<42:29,  3.09it/s]phase1_shape_color_acc:   1%|▏         | 116/8000 [00:39<43:34,  3.02it/s]phase1_shape_color_acc:   1%|▏         | 117/8000 [00:39<44:22,  2.96it/s]phase1_shape_color_acc:   1%|▏         | 118/8000 [00:40<44:48,  2.93it/s]phase1_shape_color_acc:   1%|▏         | 119/8000 [00:40<45:09,  2.91it/s]phase1_shape_color_acc:   2%|▏         | 120/8000 [00:40<45:21,  2.90it/s]phase1_shape_color_acc:   2%|▏         | 121/8000 [00:41<45:33,  2.88it/s]phase1_shape_color_acc:   2%|▏         | 122/8000 [00:41<42:33,  3.09it/s]phase1_shape_color_acc:   2%|▏         | 123/8000 [00:41<42:06,  3.12it/s]phase1_shape_color_acc:   2%|▏         | 124/8000 [00:42<42:11,  3.11it/s]phase1_shape_color_acc:   2%|▏         | 125/8000 [00:42<43:24,  3.02it/s]phase1_shape_color_acc:   2%|▏         | 126/8000 [00:42<44:12,  2.97it/s]phase1_shape_color_acc:   2%|▏         | 127/8000 [00:43<44:41,  2.94it/s]phase1_shape_color_acc:   2%|▏         | 128/8000 [00:43<45:04,  2.91it/s]phase1_shape_color_acc:   2%|▏         | 129/8000 [00:43<45:21,  2.89it/s]phase1_shape_color_acc:   2%|▏         | 130/8000 [00:44<45:28,  2.88it/s]phase1_shape_color_acc:   2%|▏         | 131/8000 [00:44<41:35,  3.15it/s]phase1_shape_color_acc:   2%|▏         | 132/8000 [00:44<41:41,  3.15it/s]phase1_shape_color_acc:   2%|▏         | 133/8000 [00:45<41:35,  3.15it/s]phase1_shape_color_acc:   2%|▏         | 134/8000 [00:45<42:55,  3.05it/s]phase1_shape_color_acc:   2%|▏         | 135/8000 [00:45<43:51,  2.99it/s]phase1_shape_color_acc:   2%|▏         | 136/8000 [00:46<44:25,  2.95it/s]phase1_shape_color_acc:   2%|▏         | 137/8000 [00:46<44:53,  2.92it/s]phase1_shape_color_acc:   2%|▏         | 138/8000 [00:46<45:11,  2.90it/s]phase1_shape_color_acc:   2%|▏         | 139/8000 [00:47<45:24,  2.89it/s]phase1_shape_color_acc:   2%|▏         | 140/8000 [00:47<44:09,  2.97it/s]phase1_shape_color_acc:   2%|▏         | 141/8000 [00:47<43:38,  3.00it/s]phase1_shape_color_acc:   2%|▏         | 142/8000 [00:48<42:46,  3.06it/s]phase1_shape_color_acc:   2%|▏         | 143/8000 [00:48<43:40,  3.00it/s]phase1_shape_color_acc:   2%|▏         | 144/8000 [00:48<44:28,  2.94it/s]phase1_shape_color_acc:   2%|▏         | 145/8000 [00:49<44:53,  2.92it/s]phase1_shape_color_acc:   2%|▏         | 146/8000 [00:49<45:13,  2.89it/s]phase1_shape_color_acc:   2%|▏         | 147/8000 [00:49<45:22,  2.88it/s]phase1_shape_color_acc:   2%|▏         | 148/8000 [00:50<45:28,  2.88it/s]phase1_shape_color_acc:   2%|▏         | 149/8000 [00:50<42:55,  3.05it/s]phase1_shape_color_acc:   2%|▏         | 150/8000 [00:50<42:21,  3.09it/s]phase1_shape_color_acc:   2%|▏         | 151/8000 [00:51<41:33,  3.15it/s]phase1_shape_color_acc:   2%|▏         | 152/8000 [00:51<42:57,  3.05it/s]phase1_shape_color_acc:   2%|▏         | 153/8000 [00:51<43:59,  2.97it/s]phase1_shape_color_acc:   2%|▏         | 154/8000 [00:52<44:28,  2.94it/s]phase1_shape_color_acc:   2%|▏         | 155/8000 [00:52<44:52,  2.91it/s]phase1_shape_color_acc:   2%|▏         | 156/8000 [00:52<45:08,  2.90it/s]phase1_shape_color_acc:   2%|▏         | 157/8000 [00:53<45:21,  2.88it/s]phase1_shape_color_acc:   2%|▏         | 158/8000 [00:53<43:46,  2.99it/s]phase1_shape_color_acc:   2%|▏         | 159/8000 [00:53<43:10,  3.03it/s]phase1_shape_color_acc:   2%|▏         | 160/8000 [00:54<42:30,  3.07it/s]phase1_shape_color_acc:   2%|▏         | 161/8000 [00:54<43:28,  3.01it/s]phase1_shape_color_acc:   2%|▏         | 162/8000 [00:54<44:26,  2.94it/s]phase1_shape_color_acc:   2%|▏         | 163/8000 [00:55<44:51,  2.91it/s]phase1_shape_color_acc:   2%|▏         | 164/8000 [00:55<45:06,  2.90it/s]phase1_shape_color_acc:   2%|▏         | 165/8000 [00:55<45:20,  2.88it/s]phase1_shape_color_acc:   2%|▏         | 166/8000 [00:56<45:28,  2.87it/s]phase1_shape_color_acc:   2%|▏         | 167/8000 [00:56<42:06,  3.10it/s]phase1_shape_color_acc:   2%|▏         | 168/8000 [00:56<40:21,  3.24it/s]phase1_shape_color_acc:   2%|▏         | 169/8000 [00:57<40:12,  3.25it/s]phase1_shape_color_acc:   2%|▏         | 170/8000 [00:57<41:07,  3.17it/s]phase1_shape_color_acc:   2%|▏         | 171/8000 [00:57<42:28,  3.07it/s]phase1_shape_color_acc:   2%|▏         | 172/8000 [00:58<43:33,  3.00it/s]phase1_shape_color_acc:   2%|▏         | 173/8000 [00:58<44:17,  2.94it/s]phase1_shape_color_acc:   2%|▏         | 174/8000 [00:58<44:48,  2.91it/s]phase1_shape_color_acc:   2%|▏         | 175/8000 [00:59<45:08,  2.89it/s]phase1_shape_color_acc:   2%|▏         | 176/8000 [00:59<45:21,  2.88it/s]phase1_shape_color_acc:   2%|▏         | 177/8000 [00:59<41:58,  3.11it/s]phase1_shape_color_acc:   2%|▏         | 178/8000 [01:00<41:32,  3.14it/s]phase1_shape_color_acc:   2%|▏         | 179/8000 [01:00<41:58,  3.11it/s]phase1_shape_color_acc:   2%|▏         | 180/8000 [01:00<43:04,  3.03it/s]phase1_shape_color_acc:   2%|▏         | 181/8000 [01:01<43:54,  2.97it/s]phase1_shape_color_acc:   2%|▏         | 182/8000 [01:01<44:20,  2.94it/s]phase1_shape_color_acc:   2%|▏         | 183/8000 [01:01<44:42,  2.91it/s]phase1_shape_color_acc:   2%|▏         | 184/8000 [01:02<44:56,  2.90it/s]phase1_shape_color_acc:   2%|▏         | 185/8000 [01:02<45:10,  2.88it/s]phase1_shape_color_acc:   2%|▏         | 186/8000 [01:02<42:09,  3.09it/s]phase1_shape_color_acc:   2%|▏         | 187/8000 [01:03<41:44,  3.12it/s]phase1_shape_color_acc:   2%|▏         | 188/8000 [01:03<42:11,  3.09it/s]phase1_shape_color_acc:   2%|▏         | 189/8000 [01:03<43:15,  3.01it/s]phase1_shape_color_acc:   2%|▏         | 190/8000 [01:04<43:54,  2.96it/s]phase1_shape_color_acc:   2%|▏         | 191/8000 [01:04<44:23,  2.93it/s]phase1_shape_color_acc:   2%|▏         | 192/8000 [01:04<44:43,  2.91it/s]phase1_shape_color_acc:   2%|▏         | 193/8000 [01:05<44:59,  2.89it/s]phase1_shape_color_acc:   2%|▏         | 194/8000 [01:05<45:05,  2.89it/s]phase1_shape_color_acc:   2%|▏         | 195/8000 [01:05<41:54,  3.10it/s]phase1_shape_color_acc:   2%|▏         | 196/8000 [01:06<41:32,  3.13it/s]phase1_shape_color_acc:   2%|▏         | 197/8000 [01:06<42:08,  3.09it/s]phase1_shape_color_acc:   2%|▏         | 198/8000 [01:06<43:14,  3.01it/s]phase1_shape_color_acc:   2%|▏         | 199/8000 [01:07<43:54,  2.96it/s]phase1_shape_color_acc:   2%|▎         | 200/8000 [01:07<44:22,  2.93it/s]phase1_shape_color_acc:   3%|▎         | 201/8000 [01:07<44:44,  2.91it/s]phase1_shape_color_acc:   3%|▎         | 202/8000 [01:08<44:54,  2.89it/s]phase1_shape_color_acc:   3%|▎         | 203/8000 [01:08<45:02,  2.89it/s]phase1_shape_color_acc:   3%|▎         | 204/8000 [01:08<40:15,  3.23it/s]phase1_shape_color_acc:   3%|▎         | 205/8000 [01:09<40:25,  3.21it/s]phase1_shape_color_acc:   3%|▎         | 206/8000 [01:09<40:25,  3.21it/s]phase1_shape_color_acc:   3%|▎         | 207/8000 [01:09<41:55,  3.10it/s]phase1_shape_color_acc:   3%|▎         | 208/8000 [01:10<43:07,  3.01it/s]phase1_shape_color_acc:   3%|▎         | 209/8000 [01:10<43:50,  2.96it/s]phase1_shape_color_acc:   3%|▎         | 210/8000 [01:10<44:17,  2.93it/s]phase1_shape_color_acc:   3%|▎         | 211/8000 [01:11<44:41,  2.90it/s]phase1_shape_color_acc:   3%|▎         | 212/8000 [01:11<44:55,  2.89it/s]phase1_shape_color_acc:   3%|▎         | 213/8000 [01:11<42:23,  3.06it/s]phase1_shape_color_acc:   3%|▎         | 214/8000 [01:12<41:50,  3.10it/s]phase1_shape_color_acc:   3%|▎         | 215/8000 [01:12<41:06,  3.16it/s]phase1_shape_color_acc:   3%|▎         | 216/8000 [01:12<42:26,  3.06it/s]phase1_shape_color_acc:   3%|▎         | 217/8000 [01:13<43:30,  2.98it/s]phase1_shape_color_acc:   3%|▎         | 218/8000 [01:13<44:01,  2.95it/s]phase1_shape_color_acc:   3%|▎         | 219/8000 [01:13<44:25,  2.92it/s]phase1_shape_color_acc:   3%|▎         | 220/8000 [01:14<44:42,  2.90it/s]phase1_shape_color_acc:   3%|▎         | 221/8000 [01:14<44:55,  2.89it/s]phase1_shape_color_acc:   3%|▎         | 222/8000 [01:14<42:21,  3.06it/s]phase1_shape_color_acc:   3%|▎         | 223/8000 [01:15<41:50,  3.10it/s]phase1_shape_color_acc:   3%|▎         | 224/8000 [01:15<41:13,  3.14it/s]phase1_shape_color_acc:   3%|▎         | 225/8000 [01:15<42:29,  3.05it/s]phase1_shape_color_acc:   3%|▎         | 226/8000 [01:16<43:27,  2.98it/s]phase1_shape_color_acc:   3%|▎         | 227/8000 [01:16<43:59,  2.95it/s]phase1_shape_color_acc:   3%|▎         | 228/8000 [01:16<44:22,  2.92it/s]phase1_shape_color_acc:   3%|▎         | 229/8000 [01:17<44:41,  2.90it/s]phase1_shape_color_acc:   3%|▎         | 230/8000 [01:17<44:49,  2.89it/s]phase1_shape_color_acc:   3%|▎         | 231/8000 [01:17<43:35,  2.97it/s]phase1_shape_color_acc:   3%|▎         | 232/8000 [01:18<42:56,  3.02it/s]phase1_shape_color_acc:   3%|▎         | 233/8000 [01:18<42:15,  3.06it/s]phase1_shape_color_acc:   3%|▎         | 234/8000 [01:18<43:12,  3.00it/s]phase1_shape_color_acc:   3%|▎         | 235/8000 [01:19<43:58,  2.94it/s]phase1_shape_color_acc:   3%|▎         | 236/8000 [01:19<44:21,  2.92it/s]phase1_shape_color_acc:   3%|▎         | 237/8000 [01:19<44:45,  2.89it/s]phase1_shape_color_acc:   3%|▎         | 238/8000 [01:20<44:55,  2.88it/s]phase1_shape_color_acc:   3%|▎         | 239/8000 [01:20<45:00,  2.87it/s]phase1_shape_color_acc:   3%|▎         | 240/8000 [01:20<43:19,  2.98it/s]phase1_shape_color_acc:   3%|▎         | 241/8000 [01:21<41:00,  3.15it/s]phase1_shape_color_acc:   3%|▎         | 242/8000 [01:21<41:04,  3.15it/s]phase1_shape_color_acc:   3%|▎         | 243/8000 [01:21<41:44,  3.10it/s]phase1_shape_color_acc:   3%|▎         | 244/8000 [01:22<42:49,  3.02it/s]phase1_shape_color_acc:   3%|▎         | 245/8000 [01:22<43:35,  2.96it/s]phase1_shape_color_acc:   3%|▎         | 246/8000 [01:22<44:03,  2.93it/s]phase1_shape_color_acc:   3%|▎         | 247/8000 [01:23<44:23,  2.91it/s]phase1_shape_color_acc:   3%|▎         | 248/8000 [01:23<44:37,  2.90it/s]phase1_shape_color_acc:   3%|▎         | 249/8000 [01:24<44:49,  2.88it/s]phase1_shape_color_acc:   3%|▎         | 250/8000 [01:24<41:58,  3.08it/s]phase1_shape_color_acc:   3%|▎         | 251/8000 [01:24<41:30,  3.11it/s]phase1_shape_color_acc:   3%|▎         | 252/8000 [01:24<42:02,  3.07it/s]phase1_shape_color_acc:   3%|▎         | 253/8000 [01:25<43:06,  2.99it/s]phase1_shape_color_acc:   3%|▎         | 254/8000 [01:25<43:43,  2.95it/s]phase1_shape_color_acc:   3%|▎         | 255/8000 [01:25<44:07,  2.93it/s]phase1_shape_color_acc:   3%|▎         | 256/8000 [01:26<44:25,  2.91it/s]phase1_shape_color_acc:   3%|▎         | 257/8000 [01:26<44:40,  2.89it/s]phase1_shape_color_acc:   3%|▎         | 258/8000 [01:27<44:46,  2.88it/s]phase1_shape_color_acc:   3%|▎         | 259/8000 [01:27<41:31,  3.11it/s]phase1_shape_color_acc:   3%|▎         | 260/8000 [01:27<41:39,  3.10it/s]phase1_shape_color_acc:   3%|▎         | 261/8000 [01:27<42:07,  3.06it/s]phase1_shape_color_acc:   3%|▎         | 262/8000 [01:28<43:03,  3.00it/s]phase1_shape_color_acc:   3%|▎         | 263/8000 [01:28<43:41,  2.95it/s]phase1_shape_color_acc:   3%|▎         | 264/8000 [01:29<44:06,  2.92it/s]phase1_shape_color_acc:   3%|▎         | 265/8000 [01:29<44:26,  2.90it/s]phase1_shape_color_acc:   3%|▎         | 266/8000 [01:29<44:36,  2.89it/s]phase1_shape_color_acc:   3%|▎         | 267/8000 [01:30<44:43,  2.88it/s]phase1_shape_color_acc:   3%|▎         | 268/8000 [01:30<41:28,  3.11it/s]phase1_shape_color_acc:   3%|▎         | 269/8000 [01:30<41:10,  3.13it/s]phase1_shape_color_acc:   3%|▎         | 270/8000 [01:30<41:42,  3.09it/s]phase1_shape_color_acc:   3%|▎         | 271/8000 [01:31<42:42,  3.02it/s]phase1_shape_color_acc:   3%|▎         | 272/8000 [01:31<43:25,  2.97it/s]phase1_shape_color_acc:   3%|▎         | 273/8000 [01:32<43:55,  2.93it/s]phase1_shape_color_acc:   3%|▎         | 274/8000 [01:32<44:15,  2.91it/s]phase1_shape_color_acc:   3%|▎         | 275/8000 [01:32<44:28,  2.90it/s]phase1_shape_color_acc:   3%|▎         | 276/8000 [01:33<44:37,  2.88it/s]phase1_shape_color_acc:   3%|▎         | 277/8000 [01:33<39:41,  3.24it/s]phase1_shape_color_acc:   3%|▎         | 278/8000 [01:33<39:49,  3.23it/s]phase1_shape_color_acc:   3%|▎         | 279/8000 [01:33<39:54,  3.22it/s]phase1_shape_color_acc:   4%|▎         | 280/8000 [01:34<41:24,  3.11it/s]phase1_shape_color_acc:   4%|▎         | 281/8000 [01:34<42:34,  3.02it/s]phase1_shape_color_acc:   4%|▎         | 282/8000 [01:34<43:13,  2.98it/s]phase1_shape_color_acc:   4%|▎         | 283/8000 [01:35<43:42,  2.94it/s]phase1_shape_color_acc:   4%|▎         | 284/8000 [01:35<44:04,  2.92it/s]phase1_shape_color_acc:   4%|▎         | 285/8000 [01:36<44:20,  2.90it/s]phase1_shape_color_acc:   4%|▎         | 286/8000 [01:36<41:46,  3.08it/s]phase1_shape_color_acc:   4%|▎         | 287/8000 [01:36<41:17,  3.11it/s]phase1_shape_color_acc:   4%|▎         | 288/8000 [01:36<40:34,  3.17it/s]phase1_shape_color_acc:   4%|▎         | 289/8000 [01:37<41:59,  3.06it/s]phase1_shape_color_acc:   4%|▎         | 290/8000 [01:37<42:56,  2.99it/s]phase1_shape_color_acc:   4%|▎         | 291/8000 [01:37<43:31,  2.95it/s]phase1_shape_color_acc:   4%|▎         | 292/8000 [01:38<43:53,  2.93it/s]phase1_shape_color_acc:   4%|▎         | 293/8000 [01:38<44:13,  2.90it/s]phase1_shape_color_acc:   4%|▎         | 294/8000 [01:39<44:21,  2.90it/s]phase1_shape_color_acc:   4%|▎         | 295/8000 [01:39<41:47,  3.07it/s]phase1_shape_color_acc:   4%|▎         | 296/8000 [01:39<41:13,  3.11it/s]phase1_shape_color_acc:   4%|▎         | 297/8000 [01:39<40:32,  3.17it/s]phase1_shape_color_acc:   4%|▎         | 298/8000 [01:40<41:50,  3.07it/s]phase1_shape_color_acc:   4%|▎         | 299/8000 [01:40<42:48,  3.00it/s]phase1_shape_color_acc:   4%|▍         | 300/8000 [01:40<43:24,  2.96it/s]phase1_shape_color_acc:   4%|▍         | 301/8000 [01:41<43:51,  2.93it/s]phase1_shape_color_acc:   4%|▍         | 302/8000 [01:41<44:06,  2.91it/s]phase1_shape_color_acc:   4%|▍         | 303/8000 [01:42<44:19,  2.89it/s]phase1_shape_color_acc:   4%|▍         | 304/8000 [01:42<41:42,  3.08it/s]phase1_shape_color_acc:   4%|▍         | 305/8000 [01:42<41:16,  3.11it/s]phase1_shape_color_acc:   4%|▍         | 306/8000 [01:42<40:32,  3.16it/s]phase1_shape_color_acc:   4%|▍         | 307/8000 [01:43<41:51,  3.06it/s]phase1_shape_color_acc:   4%|▍         | 308/8000 [01:43<42:48,  2.99it/s]phase1_shape_color_acc:   4%|▍         | 309/8000 [01:43<43:25,  2.95it/s]phase1_shape_color_acc:   4%|▍         | 310/8000 [01:44<43:58,  2.91it/s]phase1_shape_color_acc:   4%|▍         | 311/8000 [01:44<44:13,  2.90it/s]phase1_shape_color_acc:   4%|▍         | 312/8000 [01:45<44:22,  2.89it/s]phase1_shape_color_acc:   4%|▍         | 313/8000 [01:45<42:57,  2.98it/s]phase1_shape_color_acc:   4%|▍         | 314/8000 [01:45<40:25,  3.17it/s]phase1_shape_color_acc:   4%|▍         | 315/8000 [01:45<40:18,  3.18it/s]phase1_shape_color_acc:   4%|▍         | 316/8000 [01:46<34:40,  3.69it/s]phase1_shape_color_acc:   4%|▍         | 317/8000 [01:46<30:40,  4.17it/s]phase1_shape_color_acc:   4%|▍         | 318/8000 [01:46<34:24,  3.72it/s]phase1_shape_color_acc:   4%|▍         | 319/8000 [01:46<37:31,  3.41it/s]phase1_shape_color_acc:   4%|▍         | 320/8000 [01:47<39:40,  3.23it/s]phase1_shape_color_acc:   4%|▍         | 321/8000 [01:47<41:15,  3.10it/s]phase1_shape_color_acc:   4%|▍         | 322/8000 [01:47<42:33,  3.01it/s]phase1_shape_color_acc:   4%|▍         | 323/8000 [01:48<43:09,  2.97it/s]phase1_shape_color_acc:   4%|▍         | 324/8000 [01:48<43:36,  2.93it/s]phase1_shape_color_acc:   4%|▍         | 325/8000 [01:48<40:39,  3.15it/s]phase1_shape_color_acc:   4%|▍         | 326/8000 [01:49<40:35,  3.15it/s]phase1_shape_color_acc:   4%|▍         | 327/8000 [01:49<41:14,  3.10it/s]phase1_shape_color_acc:   4%|▍         | 328/8000 [01:49<42:20,  3.02it/s]phase1_shape_color_acc:   4%|▍         | 329/8000 [01:50<43:06,  2.97it/s]phase1_shape_color_acc:   4%|▍         | 330/8000 [01:50<43:30,  2.94it/s]phase1_shape_color_acc:   4%|▍         | 331/8000 [01:50<43:50,  2.92it/s]phase1_shape_color_acc:   4%|▍         | 332/8000 [01:51<44:03,  2.90it/s]phase1_shape_color_acc:   4%|▍         | 333/8000 [01:51<43:51,  2.91it/s]phase1_shape_color_acc:   4%|▍         | 334/8000 [01:51<41:07,  3.11it/s]phase1_shape_color_acc:   4%|▍         | 335/8000 [01:52<40:43,  3.14it/s]phase1_shape_color_acc:   4%|▍         | 336/8000 [01:52<41:17,  3.09it/s]phase1_shape_color_acc:   4%|▍         | 337/8000 [01:52<42:22,  3.01it/s]phase1_shape_color_acc:   4%|▍         | 338/8000 [01:53<43:03,  2.97it/s]phase1_shape_color_acc:   4%|▍         | 339/8000 [01:53<43:29,  2.94it/s]phase1_shape_color_acc:   4%|▍         | 340/8000 [01:53<43:48,  2.91it/s]phase1_shape_color_acc:   4%|▍         | 341/8000 [01:54<44:04,  2.90it/s]phase1_shape_color_acc:   4%|▍         | 342/8000 [01:54<44:16,  2.88it/s]phase1_shape_color_acc:   4%|▍         | 343/8000 [01:54<41:10,  3.10it/s]phase1_shape_color_acc:   4%|▍         | 344/8000 [01:55<40:49,  3.13it/s]phase1_shape_color_acc:   4%|▍         | 345/8000 [01:55<41:20,  3.09it/s]phase1_shape_color_acc:   4%|▍         | 346/8000 [01:55<42:17,  3.02it/s]phase1_shape_color_acc:   4%|▍         | 347/8000 [01:56<42:59,  2.97it/s]phase1_shape_color_acc:   4%|▍         | 348/8000 [01:56<43:25,  2.94it/s]phase1_shape_color_acc:   4%|▍         | 349/8000 [01:57<43:47,  2.91it/s]phase1_shape_color_acc:   4%|▍         | 350/8000 [01:57<43:57,  2.90it/s]phase1_shape_color_acc:   4%|▍         | 351/8000 [01:57<44:05,  2.89it/s]phase1_shape_color_acc:   4%|▍         | 352/8000 [01:57<39:21,  3.24it/s]phase1_shape_color_acc:   4%|▍         | 353/8000 [01:58<39:29,  3.23it/s]phase1_shape_color_acc:   4%|▍         | 354/8000 [01:58<39:40,  3.21it/s]phase1_shape_color_acc:   4%|▍         | 355/8000 [01:58<41:05,  3.10it/s]phase1_shape_color_acc:   4%|▍         | 356/8000 [01:59<42:11,  3.02it/s]phase1_shape_color_acc:   4%|▍         | 357/8000 [01:59<42:47,  2.98it/s]phase1_shape_color_acc:   4%|▍         | 358/8000 [01:59<43:15,  2.94it/s]phase1_shape_color_acc:   4%|▍         | 359/8000 [02:00<43:36,  2.92it/s]phase1_shape_color_acc:   4%|▍         | 360/8000 [02:00<43:51,  2.90it/s]phase1_shape_color_acc:   5%|▍         | 361/8000 [02:00<42:52,  2.97it/s]phase1_shape_color_acc:   5%|▍         | 362/8000 [02:01<42:08,  3.02it/s]phase1_shape_color_acc:   5%|▍         | 363/8000 [02:01<41:25,  3.07it/s]phase1_shape_color_acc:   5%|▍         | 364/8000 [02:01<42:28,  3.00it/s]phase1_shape_color_acc:   5%|▍         | 365/8000 [02:02<43:09,  2.95it/s]phase1_shape_color_acc:   5%|▍         | 366/8000 [02:02<43:32,  2.92it/s]phase1_shape_color_acc:   5%|▍         | 367/8000 [02:02<43:47,  2.90it/s]phase1_shape_color_acc:   5%|▍         | 368/8000 [02:03<43:56,  2.89it/s]phase1_shape_color_acc:   5%|▍         | 369/8000 [02:03<44:01,  2.89it/s]phase1_shape_color_acc:   5%|▍         | 370/8000 [02:03<41:11,  3.09it/s]phase1_shape_color_acc:   5%|▍         | 371/8000 [02:04<40:42,  3.12it/s]phase1_shape_color_acc:   5%|▍         | 372/8000 [02:04<40:01,  3.18it/s]phase1_shape_color_acc:   5%|▍         | 373/8000 [02:04<41:22,  3.07it/s]phase1_shape_color_acc:   5%|▍         | 374/8000 [02:05<42:16,  3.01it/s]phase1_shape_color_acc:   5%|▍         | 375/8000 [02:05<42:46,  2.97it/s]phase1_shape_color_acc:   5%|▍         | 376/8000 [02:05<43:14,  2.94it/s]phase1_shape_color_acc:   5%|▍         | 377/8000 [02:06<43:34,  2.92it/s]phase1_shape_color_acc:   5%|▍         | 378/8000 [02:06<43:49,  2.90it/s]phase1_shape_color_acc:   5%|▍         | 379/8000 [02:06<41:12,  3.08it/s]phase1_shape_color_acc:   5%|▍         | 380/8000 [02:07<40:42,  3.12it/s]phase1_shape_color_acc:   5%|▍         | 381/8000 [02:07<40:02,  3.17it/s]phase1_shape_color_acc:   5%|▍         | 382/8000 [02:07<41:22,  3.07it/s]phase1_shape_color_acc:   5%|▍         | 383/8000 [02:08<42:18,  3.00it/s]phase1_shape_color_acc:   5%|▍         | 384/8000 [02:08<42:52,  2.96it/s]phase1_shape_color_acc:   5%|▍         | 385/8000 [02:08<43:20,  2.93it/s]phase1_shape_color_acc:   5%|▍         | 386/8000 [02:09<43:39,  2.91it/s]phase1_shape_color_acc:   5%|▍         | 387/8000 [02:09<43:50,  2.89it/s]phase1_shape_color_acc:   5%|▍         | 388/8000 [02:09<41:08,  3.08it/s]phase1_shape_color_acc:   5%|▍         | 389/8000 [02:10<38:37,  3.28it/s]phase1_shape_color_acc:   5%|▍         | 390/8000 [02:10<38:47,  3.27it/s]phase1_shape_color_acc:   5%|▍         | 391/8000 [02:10<39:43,  3.19it/s]phase1_shape_color_acc:   5%|▍         | 392/8000 [02:11<41:05,  3.09it/s]phase1_shape_color_acc:   5%|▍         | 393/8000 [02:11<42:04,  3.01it/s]phase1_shape_color_acc:   5%|▍         | 394/8000 [02:11<42:48,  2.96it/s]phase1_shape_color_acc:   5%|▍         | 395/8000 [02:12<43:17,  2.93it/s]phase1_shape_color_acc:   5%|▍         | 396/8000 [02:12<43:42,  2.90it/s]phase1_shape_color_acc:   5%|▍         | 397/8000 [02:12<44:06,  2.87it/s]phase1_shape_color_acc:   5%|▍         | 398/8000 [02:13<40:37,  3.12it/s]phase1_shape_color_acc:   5%|▍         | 399/8000 [02:13<40:20,  3.14it/s]phase1_shape_color_acc:   5%|▌         | 400/8000 [02:13<40:48,  3.10it/s]phase1_shape_color_acc:   5%|▌         | 401/8000 [02:14<42:04,  3.01it/s]phase1_shape_color_acc:   5%|▌         | 402/8000 [02:14<42:50,  2.96it/s]phase1_shape_color_acc:   5%|▌         | 403/8000 [02:14<43:19,  2.92it/s]phase1_shape_color_acc:   5%|▌         | 404/8000 [02:15<43:31,  2.91it/s]phase1_shape_color_acc:   5%|▌         | 405/8000 [02:15<43:46,  2.89it/s]phase1_shape_color_acc:   5%|▌         | 406/8000 [02:15<43:54,  2.88it/s]phase1_shape_color_acc:   5%|▌         | 407/8000 [02:16<40:16,  3.14it/s]phase1_shape_color_acc:   5%|▌         | 408/8000 [02:16<40:01,  3.16it/s]phase1_shape_color_acc:   5%|▌         | 409/8000 [02:16<40:34,  3.12it/s]phase1_shape_color_acc:   5%|▌         | 410/8000 [02:17<41:42,  3.03it/s]phase1_shape_color_acc:   5%|▌         | 411/8000 [02:17<42:28,  2.98it/s]phase1_shape_color_acc:   5%|▌         | 412/8000 [02:17<42:56,  2.94it/s]phase1_shape_color_acc:   5%|▌         | 413/8000 [02:18<43:19,  2.92it/s]phase1_shape_color_acc:   5%|▌         | 414/8000 [02:18<43:31,  2.91it/s]phase1_shape_color_acc:   5%|▌         | 415/8000 [02:18<43:48,  2.89it/s]phase1_shape_color_acc:   5%|▌         | 416/8000 [02:19<40:58,  3.08it/s]phase1_shape_color_acc:   5%|▌         | 417/8000 [02:19<40:55,  3.09it/s]phase1_shape_color_acc:   5%|▌         | 418/8000 [02:19<41:19,  3.06it/s]phase1_shape_color_acc:   5%|▌         | 419/8000 [02:20<42:15,  2.99it/s]phase1_shape_color_acc:   5%|▌         | 420/8000 [02:20<42:54,  2.94it/s]phase1_shape_color_acc:   5%|▌         | 421/8000 [02:20<43:22,  2.91it/s]phase1_shape_color_acc:   5%|▌         | 422/8000 [02:21<43:42,  2.89it/s]phase1_shape_color_acc:   5%|▌         | 423/8000 [02:21<43:52,  2.88it/s]phase1_shape_color_acc:   5%|▌         | 424/8000 [02:21<43:54,  2.88it/s]phase1_shape_color_acc:   5%|▌         | 425/8000 [02:22<38:47,  3.25it/s]phase1_shape_color_acc:   5%|▌         | 426/8000 [02:22<39:12,  3.22it/s]phase1_shape_color_acc:   5%|▌         | 427/8000 [02:22<39:15,  3.21it/s]phase1_shape_color_acc:   5%|▌         | 428/8000 [02:23<40:50,  3.09it/s]phase1_shape_color_acc:   5%|▌         | 429/8000 [02:23<41:47,  3.02it/s]phase1_shape_color_acc:   5%|▌         | 430/8000 [02:23<42:32,  2.97it/s]phase1_shape_color_acc:   5%|▌         | 431/8000 [02:24<43:02,  2.93it/s]phase1_shape_color_acc:   5%|▌         | 432/8000 [02:24<43:19,  2.91it/s]phase1_shape_color_acc:   5%|▌         | 433/8000 [02:24<43:32,  2.90it/s]phase1_shape_color_acc:   5%|▌         | 434/8000 [02:25<40:38,  3.10it/s]phase1_shape_color_acc:   5%|▌         | 435/8000 [02:25<40:13,  3.13it/s]phase1_shape_color_acc:   5%|▌         | 436/8000 [02:25<39:41,  3.18it/s]phase1_shape_color_acc:   5%|▌         | 437/8000 [02:26<41:04,  3.07it/s]phase1_shape_color_acc:   5%|▌         | 438/8000 [02:26<41:46,  3.02it/s]phase1_shape_color_acc:   5%|▌         | 439/8000 [02:26<42:20,  2.98it/s]phase1_shape_color_acc:   6%|▌         | 440/8000 [02:27<42:49,  2.94it/s]phase1_shape_color_acc:   6%|▌         | 441/8000 [02:27<43:04,  2.92it/s]phase1_shape_color_acc:   6%|▌         | 442/8000 [02:27<43:22,  2.90it/s]phase1_shape_color_acc:   6%|▌         | 443/8000 [02:28<42:12,  2.98it/s]phase1_shape_color_acc:   6%|▌         | 444/8000 [02:28<41:15,  3.05it/s]phase1_shape_color_acc:   6%|▌         | 445/8000 [02:28<40:43,  3.09it/s]phase1_shape_color_acc:   6%|▌         | 446/8000 [02:29<41:22,  3.04it/s]phase1_shape_color_acc:   6%|▌         | 447/8000 [02:29<41:39,  3.02it/s]phase1_shape_color_acc:   6%|▌         | 448/8000 [02:29<42:12,  2.98it/s]phase1_shape_color_acc:   6%|▌         | 449/8000 [02:30<42:46,  2.94it/s]phase1_shape_color_acc:   6%|▌         | 450/8000 [02:30<43:06,  2.92it/s]phase1_shape_color_acc:   6%|▌         | 451/8000 [02:30<43:20,  2.90it/s]phase1_shape_color_acc:   6%|▌         | 452/8000 [02:31<43:28,  2.89it/s]phase1_shape_color_acc:   6%|▌         | 453/8000 [02:31<40:36,  3.10it/s]phase1_shape_color_acc:   6%|▌         | 454/8000 [02:31<40:20,  3.12it/s]phase1_shape_color_acc:   6%|▌         | 455/8000 [02:32<40:52,  3.08it/s]phase1_shape_color_acc:   6%|▌         | 456/8000 [02:32<41:44,  3.01it/s]phase1_shape_color_acc:   6%|▌         | 457/8000 [02:32<42:11,  2.98it/s]phase1_shape_color_acc:   6%|▌         | 458/8000 [02:33<42:38,  2.95it/s]phase1_shape_color_acc:   6%|▌         | 459/8000 [02:33<42:53,  2.93it/s]phase1_shape_color_acc:   6%|▌         | 460/8000 [02:33<43:10,  2.91it/s]phase1_shape_color_acc:   6%|▌         | 461/8000 [02:34<43:24,  2.90it/s]phase1_shape_color_acc:   6%|▌         | 462/8000 [02:34<38:45,  3.24it/s]phase1_shape_color_acc:   6%|▌         | 463/8000 [02:34<38:50,  3.23it/s]phase1_shape_color_acc:   6%|▌         | 464/8000 [02:35<38:31,  3.26it/s]phase1_shape_color_acc:   6%|▌         | 465/8000 [02:35<40:09,  3.13it/s]phase1_shape_color_acc:   6%|▌         | 466/8000 [02:35<41:16,  3.04it/s]phase1_shape_color_acc:   6%|▌         | 467/8000 [02:36<41:54,  3.00it/s]phase1_shape_color_acc:   6%|▌         | 468/8000 [02:36<42:21,  2.96it/s]phase1_shape_color_acc:   6%|▌         | 469/8000 [02:36<42:49,  2.93it/s]phase1_shape_color_acc:   6%|▌         | 470/8000 [02:37<43:03,  2.91it/s]phase1_shape_color_acc:   6%|▌         | 471/8000 [02:37<41:52,  3.00it/s]phase1_shape_color_acc:   6%|▌         | 472/8000 [02:37<41:23,  3.03it/s]phase1_shape_color_acc:   6%|▌         | 473/8000 [02:38<40:46,  3.08it/s]phase1_shape_color_acc:   6%|▌         | 474/8000 [02:38<41:42,  3.01it/s]phase1_shape_color_acc:   6%|▌         | 475/8000 [02:38<42:21,  2.96it/s]phase1_shape_color_acc:   6%|▌         | 476/8000 [02:39<42:45,  2.93it/s]phase1_shape_color_acc:   6%|▌         | 477/8000 [02:39<42:59,  2.92it/s]phase1_shape_color_acc:   6%|▌         | 478/8000 [02:39<43:08,  2.91it/s]phase1_shape_color_acc:   6%|▌         | 479/8000 [02:40<43:18,  2.89it/s]phase1_shape_color_acc:   6%|▌         | 480/8000 [02:40<41:58,  2.99it/s]phase1_shape_color_acc:   6%|▌         | 481/8000 [02:40<41:32,  3.02it/s]phase1_shape_color_acc:   6%|▌         | 482/8000 [02:41<40:43,  3.08it/s]phase1_shape_color_acc:   6%|▌         | 483/8000 [02:41<41:36,  3.01it/s]phase1_shape_color_acc:   6%|▌         | 484/8000 [02:41<42:16,  2.96it/s]phase1_shape_color_acc:   6%|▌         | 485/8000 [02:42<42:45,  2.93it/s]phase1_shape_color_acc:   6%|▌         | 486/8000 [02:42<43:01,  2.91it/s]phase1_shape_color_acc:   6%|▌         | 487/8000 [02:42<43:08,  2.90it/s]phase1_shape_color_acc:   6%|▌         | 488/8000 [02:43<43:09,  2.90it/s]phase1_shape_color_acc:   6%|▌         | 489/8000 [02:43<41:56,  2.99it/s]phase1_shape_color_acc:   6%|▌         | 490/8000 [02:43<41:20,  3.03it/s]phase1_shape_color_acc:   6%|▌         | 491/8000 [02:44<40:40,  3.08it/s]phase1_shape_color_acc:   6%|▌         | 492/8000 [02:44<41:32,  3.01it/s]phase1_shape_color_acc:   6%|▌         | 493/8000 [02:44<42:14,  2.96it/s]phase1_shape_color_acc:   6%|▌         | 494/8000 [02:45<42:28,  2.95it/s]phase1_shape_color_acc:   6%|▌         | 495/8000 [02:45<42:41,  2.93it/s]phase1_shape_color_acc:   6%|▌         | 496/8000 [02:45<42:50,  2.92it/s]phase1_shape_color_acc:   6%|▌         | 497/8000 [02:46<42:59,  2.91it/s]phase1_shape_color_acc:   6%|▌         | 498/8000 [02:46<40:12,  3.11it/s]phase1_shape_color_acc:   6%|▌         | 499/8000 [02:46<38:10,  3.28it/s]phase1_shape_color_acc:   6%|▋         | 500/8000 [02:47<38:06,  3.28it/s]phase1_shape_color_acc:   6%|▋         | 501/8000 [02:47<39:06,  3.20it/s]phase1_shape_color_acc:   6%|▋         | 502/8000 [02:47<40:29,  3.09it/s]phase1_shape_color_acc:   6%|▋         | 503/8000 [02:48<41:25,  3.02it/s]phase1_shape_color_acc:   6%|▋         | 504/8000 [02:48<41:56,  2.98it/s]phase1_shape_color_acc:   6%|▋         | 505/8000 [02:48<42:21,  2.95it/s]phase1_shape_color_acc:   6%|▋         | 506/8000 [02:49<42:38,  2.93it/s]phase1_shape_color_acc:   6%|▋         | 507/8000 [02:49<42:53,  2.91it/s]phase1_shape_color_acc:   6%|▋         | 508/8000 [02:49<39:58,  3.12it/s]phase1_shape_color_acc:   6%|▋         | 509/8000 [02:50<39:40,  3.15it/s]phase1_shape_color_acc:   6%|▋         | 510/8000 [02:50<40:00,  3.12it/s]phase1_shape_color_acc:   6%|▋         | 511/8000 [02:50<41:04,  3.04it/s]phase1_shape_color_acc:   6%|▋         | 512/8000 [02:51<41:43,  2.99it/s]phase1_shape_color_acc:   6%|▋         | 513/8000 [02:51<42:12,  2.96it/s]phase1_shape_color_acc:   6%|▋         | 514/8000 [02:51<42:29,  2.94it/s]phase1_shape_color_acc:   6%|▋         | 515/8000 [02:52<42:42,  2.92it/s]phase1_shape_color_acc:   6%|▋         | 516/8000 [02:52<42:51,  2.91it/s]phase1_shape_color_acc:   6%|▋         | 517/8000 [02:52<39:58,  3.12it/s]phase1_shape_color_acc:   6%|▋         | 518/8000 [02:53<39:29,  3.16it/s]phase1_shape_color_acc:   6%|▋         | 519/8000 [02:53<38:53,  3.21it/s]phase1_shape_color_acc:   6%|▋         | 520/8000 [02:53<40:13,  3.10it/s]phase1_shape_color_acc:   7%|▋         | 521/8000 [02:54<41:16,  3.02it/s]phase1_shape_color_acc:   7%|▋         | 522/8000 [02:54<41:49,  2.98it/s]phase1_shape_color_acc:   7%|▋         | 523/8000 [02:54<42:11,  2.95it/s]phase1_shape_color_acc:   7%|▋         | 524/8000 [02:55<42:26,  2.94it/s]phase1_shape_color_acc:   7%|▋         | 525/8000 [02:55<42:40,  2.92it/s]phase1_shape_color_acc:   7%|▋         | 526/8000 [02:55<41:29,  3.00it/s]phase1_shape_color_acc:   7%|▋         | 527/8000 [02:56<40:59,  3.04it/s]phase1_shape_color_acc:   7%|▋         | 528/8000 [02:56<40:19,  3.09it/s]phase1_shape_color_acc:   7%|▋         | 529/8000 [02:56<41:11,  3.02it/s]phase1_shape_color_acc:   7%|▋         | 530/8000 [02:57<41:56,  2.97it/s]phase1_shape_color_acc:   7%|▋         | 531/8000 [02:57<42:15,  2.95it/s]phase1_shape_color_acc:   7%|▋         | 532/8000 [02:57<42:29,  2.93it/s]phase1_shape_color_acc:   7%|▋         | 533/8000 [02:58<42:40,  2.92it/s]phase1_shape_color_acc:   7%|▋         | 534/8000 [02:58<42:48,  2.91it/s]phase1_shape_color_acc:   7%|▋         | 535/8000 [02:58<41:45,  2.98it/s]phase1_shape_color_acc:   7%|▋         | 536/8000 [02:59<37:26,  3.32it/s]phase1_shape_color_acc:   7%|▋         | 537/8000 [02:59<37:45,  3.29it/s]phase1_shape_color_acc:   7%|▋         | 538/8000 [02:59<38:38,  3.22it/s]phase1_shape_color_acc:   7%|▋         | 539/8000 [03:00<40:05,  3.10it/s]phase1_shape_color_acc:   7%|▋         | 540/8000 [03:00<41:04,  3.03it/s]phase1_shape_color_acc:   7%|▋         | 541/8000 [03:00<41:50,  2.97it/s]phase1_shape_color_acc:   7%|▋         | 542/8000 [03:01<42:12,  2.95it/s]phase1_shape_color_acc:   7%|▋         | 543/8000 [03:01<42:27,  2.93it/s]phase1_shape_color_acc:   7%|▋         | 544/8000 [03:01<42:35,  2.92it/s]phase1_shape_color_acc:   7%|▋         | 545/8000 [03:02<39:45,  3.13it/s]phase1_shape_color_acc:   7%|▋         | 546/8000 [03:02<39:20,  3.16it/s]phase1_shape_color_acc:   7%|▋         | 547/8000 [03:02<38:44,  3.21it/s]phase1_shape_color_acc:   7%|▋         | 548/8000 [03:02<40:08,  3.09it/s]phase1_shape_color_acc:   7%|▋         | 549/8000 [03:03<41:10,  3.02it/s]phase1_shape_color_acc:   7%|▋         | 550/8000 [03:03<41:43,  2.98it/s]phase1_shape_color_acc:   7%|▋         | 551/8000 [03:04<42:02,  2.95it/s]phase1_shape_color_acc:   7%|▋         | 552/8000 [03:04<42:17,  2.94it/s]phase1_shape_color_acc:   7%|▋         | 553/8000 [03:04<42:30,  2.92it/s]phase1_shape_color_acc:   7%|▋         | 554/8000 [03:05<40:00,  3.10it/s]phase1_shape_color_acc:   7%|▋         | 555/8000 [03:05<39:33,  3.14it/s]phase1_shape_color_acc:   7%|▋         | 556/8000 [03:05<38:53,  3.19it/s]phase1_shape_color_acc:   7%|▋         | 557/8000 [03:05<40:09,  3.09it/s]phase1_shape_color_acc:   7%|▋         | 558/8000 [03:06<41:09,  3.01it/s]phase1_shape_color_acc:   7%|▋         | 559/8000 [03:06<41:41,  2.98it/s]phase1_shape_color_acc:   7%|▋         | 560/8000 [03:07<42:00,  2.95it/s]phase1_shape_color_acc:   7%|▋         | 561/8000 [03:07<42:21,  2.93it/s]phase1_shape_color_acc:   7%|▋         | 562/8000 [03:07<42:28,  2.92it/s]phase1_shape_color_acc:   7%|▋         | 563/8000 [03:07<40:00,  3.10it/s]phase1_shape_color_acc:   7%|▋         | 564/8000 [03:08<39:32,  3.13it/s]phase1_shape_color_acc:   7%|▋         | 565/8000 [03:08<38:58,  3.18it/s]phase1_shape_color_acc:   7%|▋         | 566/8000 [03:08<40:08,  3.09it/s]phase1_shape_color_acc:   7%|▋         | 567/8000 [03:09<41:04,  3.02it/s]phase1_shape_color_acc:   7%|▋         | 568/8000 [03:09<41:34,  2.98it/s]phase1_shape_color_acc:   7%|▋         | 569/8000 [03:09<41:59,  2.95it/s]phase1_shape_color_acc:   7%|▋         | 570/8000 [03:10<42:10,  2.94it/s]phase1_shape_color_acc:   7%|▋         | 571/8000 [03:10<42:21,  2.92it/s]phase1_shape_color_acc:   7%|▋         | 572/8000 [03:10<41:47,  2.96it/s]phase1_shape_color_acc:   7%|▋         | 573/8000 [03:11<37:10,  3.33it/s]phase1_shape_color_acc:   7%|▋         | 574/8000 [03:11<37:27,  3.30it/s]phase1_shape_color_acc:   7%|▋         | 575/8000 [03:11<38:09,  3.24it/s]phase1_shape_color_acc:   7%|▋         | 576/8000 [03:12<39:38,  3.12it/s]phase1_shape_color_acc:   7%|▋         | 577/8000 [03:12<40:44,  3.04it/s]phase1_shape_color_acc:   7%|▋         | 578/8000 [03:12<41:19,  2.99it/s]phase1_shape_color_acc:   7%|▋         | 579/8000 [03:13<41:42,  2.97it/s]phase1_shape_color_acc:   7%|▋         | 580/8000 [03:13<42:00,  2.94it/s]phase1_shape_color_acc:   7%|▋         | 581/8000 [03:13<42:15,  2.93it/s]phase1_shape_color_acc:   7%|▋         | 582/8000 [03:14<40:04,  3.09it/s]phase1_shape_color_acc:   7%|▋         | 583/8000 [03:14<39:32,  3.13it/s]phase1_shape_color_acc:   7%|▋         | 584/8000 [03:14<38:49,  3.18it/s]phase1_shape_color_acc:   7%|▋         | 585/8000 [03:15<40:12,  3.07it/s]phase1_shape_color_acc:   7%|▋         | 586/8000 [03:15<41:06,  3.01it/s]phase1_shape_color_acc:   7%|▋         | 587/8000 [03:15<41:34,  2.97it/s]phase1_shape_color_acc:   7%|▋         | 588/8000 [03:16<41:55,  2.95it/s]phase1_shape_color_acc:   7%|▋         | 589/8000 [03:16<42:10,  2.93it/s]phase1_shape_color_acc:   7%|▋         | 590/8000 [03:16<42:21,  2.92it/s]phase1_shape_color_acc:   7%|▋         | 591/8000 [03:17<39:49,  3.10it/s]phase1_shape_color_acc:   7%|▋         | 592/8000 [03:17<39:23,  3.13it/s]phase1_shape_color_acc:   7%|▋         | 593/8000 [03:17<38:44,  3.19it/s]phase1_shape_color_acc:   7%|▋         | 594/8000 [03:18<39:55,  3.09it/s]phase1_shape_color_acc:   7%|▋         | 595/8000 [03:18<40:52,  3.02it/s]phase1_shape_color_acc:   7%|▋         | 596/8000 [03:18<41:22,  2.98it/s]phase1_shape_color_acc:   7%|▋         | 597/8000 [03:19<41:47,  2.95it/s]phase1_shape_color_acc:   7%|▋         | 598/8000 [03:19<42:04,  2.93it/s]phase1_shape_color_acc:   7%|▋         | 599/8000 [03:19<42:14,  2.92it/s]phase1_shape_color_acc:   8%|▊         | 600/8000 [03:20<40:52,  3.02it/s]phase1_shape_color_acc:   8%|▊         | 601/8000 [03:20<40:23,  3.05it/s]phase1_shape_color_acc:   8%|▊         | 602/8000 [03:20<39:42,  3.11it/s]phase1_shape_color_acc:   8%|▊         | 603/8000 [03:21<40:37,  3.03it/s]phase1_shape_color_acc:   8%|▊         | 604/8000 [03:21<41:21,  2.98it/s]phase1_shape_color_acc:   8%|▊         | 605/8000 [03:21<41:45,  2.95it/s]phase1_shape_color_acc:   8%|▊         | 606/8000 [03:22<41:57,  2.94it/s]phase1_shape_color_acc:   8%|▊         | 607/8000 [03:22<42:06,  2.93it/s]phase1_shape_color_acc:   8%|▊         | 608/8000 [03:22<42:13,  2.92it/s]phase1_shape_color_acc:   8%|▊         | 609/8000 [03:23<39:33,  3.11it/s]phase1_shape_color_acc:   8%|▊         | 610/8000 [03:23<37:35,  3.28it/s]phase1_shape_color_acc:   8%|▊         | 611/8000 [03:23<37:45,  3.26it/s]phase1_shape_color_acc:   8%|▊         | 612/8000 [03:24<38:30,  3.20it/s]phase1_shape_color_acc:   8%|▊         | 613/8000 [03:24<39:52,  3.09it/s]phase1_shape_color_acc:   8%|▊         | 614/8000 [03:24<40:38,  3.03it/s]phase1_shape_color_acc:   8%|▊         | 615/8000 [03:25<41:12,  2.99it/s]phase1_shape_color_acc:   8%|▊         | 616/8000 [03:25<41:35,  2.96it/s]phase1_shape_color_acc:   8%|▊         | 617/8000 [03:25<41:53,  2.94it/s]phase1_shape_color_acc:   8%|▊         | 618/8000 [03:26<42:01,  2.93it/s]phase1_shape_color_acc:   8%|▊         | 619/8000 [03:26<39:02,  3.15it/s]phase1_shape_color_acc:   8%|▊         | 620/8000 [03:26<38:40,  3.18it/s]phase1_shape_color_acc:   8%|▊         | 621/8000 [03:27<39:04,  3.15it/s]phase1_shape_color_acc:   8%|▊         | 622/8000 [03:27<40:09,  3.06it/s]phase1_shape_color_acc:   8%|▊         | 623/8000 [03:27<40:58,  3.00it/s]phase1_shape_color_acc:   8%|▊         | 624/8000 [03:28<41:23,  2.97it/s]phase1_shape_color_acc:   8%|▊         | 625/8000 [03:28<41:45,  2.94it/s]phase1_shape_color_acc:   8%|▊         | 626/8000 [03:28<41:56,  2.93it/s]phase1_shape_color_acc:   8%|▊         | 627/8000 [03:29<42:06,  2.92it/s]phase1_shape_color_acc:   8%|▊         | 628/8000 [03:29<39:22,  3.12it/s]phase1_shape_color_acc:   8%|▊         | 629/8000 [03:29<39:04,  3.14it/s]phase1_shape_color_acc:   8%|▊         | 630/8000 [03:29<39:08,  3.14it/s]phase1_shape_color_acc:   8%|▊         | 631/8000 [03:30<40:08,  3.06it/s]phase1_shape_color_acc:   8%|▊         | 632/8000 [03:30<40:59,  3.00it/s]phase1_shape_color_acc:   8%|▊         | 633/8000 [03:31<41:27,  2.96it/s]phase1_shape_color_acc:   8%|▊         | 634/8000 [03:31<41:41,  2.94it/s]phase1_shape_color_acc:   8%|▊         | 635/8000 [03:31<41:54,  2.93it/s]phase1_shape_color_acc:   8%|▊         | 636/8000 [03:32<42:06,  2.92it/s]phase1_shape_color_acc:   8%|▊         | 637/8000 [03:32<40:12,  3.05it/s]phase1_shape_color_acc:   8%|▊         | 638/8000 [03:32<39:37,  3.10it/s]phase1_shape_color_acc:   8%|▊         | 639/8000 [03:32<39:10,  3.13it/s]phase1_shape_color_acc:   8%|▊         | 640/8000 [03:33<40:10,  3.05it/s]phase1_shape_color_acc:   8%|▊         | 641/8000 [03:33<41:05,  2.98it/s]phase1_shape_color_acc:   8%|▊         | 642/8000 [03:34<41:42,  2.94it/s]phase1_shape_color_acc:   8%|▊         | 643/8000 [03:34<41:56,  2.92it/s]phase1_shape_color_acc:   8%|▊         | 644/8000 [03:34<42:04,  2.91it/s]phase1_shape_color_acc:   8%|▊         | 645/8000 [03:35<42:10,  2.91it/s]phase1_shape_color_acc:   8%|▊         | 646/8000 [03:35<41:56,  2.92it/s]phase1_shape_color_acc:   8%|▊         | 647/8000 [03:35<37:32,  3.27it/s]phase1_shape_color_acc:   8%|▊         | 648/8000 [03:35<37:41,  3.25it/s]phase1_shape_color_acc:   8%|▊         | 649/8000 [03:36<37:57,  3.23it/s]phase1_shape_color_acc:   8%|▊         | 650/8000 [03:36<39:18,  3.12it/s]phase1_shape_color_acc:   8%|▊         | 651/8000 [03:36<40:21,  3.03it/s]phase1_shape_color_acc:   8%|▊         | 652/8000 [03:37<40:55,  2.99it/s]phase1_shape_color_acc:   8%|▊         | 653/8000 [03:37<41:22,  2.96it/s]phase1_shape_color_acc:   8%|▊         | 654/8000 [03:38<41:40,  2.94it/s]phase1_shape_color_acc:   8%|▊         | 655/8000 [03:38<41:51,  2.92it/s]phase1_shape_color_acc:   8%|▊         | 656/8000 [03:38<40:30,  3.02it/s]phase1_shape_color_acc:   8%|▊         | 657/8000 [03:38<39:58,  3.06it/s]phase1_shape_color_acc:   8%|▊         | 658/8000 [03:39<39:20,  3.11it/s]phase1_shape_color_acc:   8%|▊         | 659/8000 [03:39<40:12,  3.04it/s]phase1_shape_color_acc:   8%|▊         | 660/8000 [03:39<40:57,  2.99it/s]phase1_shape_color_acc:   8%|▊         | 661/8000 [03:40<41:23,  2.96it/s]phase1_shape_color_acc:   8%|▊         | 662/8000 [03:40<41:36,  2.94it/s]phase1_shape_color_acc:   8%|▊         | 663/8000 [03:41<41:50,  2.92it/s]phase1_shape_color_acc:   8%|▊         | 664/8000 [03:41<41:57,  2.91it/s]phase1_shape_color_acc:   8%|▊         | 665/8000 [03:41<39:42,  3.08it/s]phase1_shape_color_acc:   8%|▊         | 666/8000 [03:41<39:06,  3.13it/s]phase1_shape_color_acc:   8%|▊         | 667/8000 [03:42<38:23,  3.18it/s]phase1_shape_color_acc:   8%|▊         | 668/8000 [03:42<39:36,  3.09it/s]phase1_shape_color_acc:   8%|▊         | 669/8000 [03:42<40:34,  3.01it/s]phase1_shape_color_acc:   8%|▊         | 670/8000 [03:43<41:05,  2.97it/s]phase1_shape_color_acc:   8%|▊         | 671/8000 [03:43<41:25,  2.95it/s]phase1_shape_color_acc:   8%|▊         | 672/8000 [03:43<41:40,  2.93it/s]phase1_shape_color_acc:   8%|▊         | 673/8000 [03:44<41:52,  2.92it/s]phase1_shape_color_acc:   8%|▊         | 674/8000 [03:44<40:43,  3.00it/s]phase1_shape_color_acc:   8%|▊         | 675/8000 [03:44<39:20,  3.10it/s]phase1_shape_color_acc:   8%|▊         | 676/8000 [03:45<38:52,  3.14it/s]phase1_shape_color_acc:   8%|▊         | 677/8000 [03:45<39:32,  3.09it/s]phase1_shape_color_acc:   8%|▊         | 678/8000 [03:45<40:18,  3.03it/s]phase1_shape_color_acc:   8%|▊         | 679/8000 [03:46<40:50,  2.99it/s]phase1_shape_color_acc:   8%|▊         | 680/8000 [03:46<41:13,  2.96it/s]phase1_shape_color_acc:   9%|▊         | 681/8000 [03:46<41:32,  2.94it/s]phase1_shape_color_acc:   9%|▊         | 682/8000 [03:47<41:40,  2.93it/s]phase1_shape_color_acc:   9%|▊         | 683/8000 [03:47<40:28,  3.01it/s]phase1_shape_color_acc:   9%|▊         | 684/8000 [03:47<36:14,  3.36it/s]phase1_shape_color_acc:   9%|▊         | 685/8000 [03:48<36:41,  3.32it/s]phase1_shape_color_acc:   9%|▊         | 686/8000 [03:48<37:27,  3.25it/s]phase1_shape_color_acc:   9%|▊         | 687/8000 [03:48<38:58,  3.13it/s]phase1_shape_color_acc:   9%|▊         | 688/8000 [03:49<40:06,  3.04it/s]phase1_shape_color_acc:   9%|▊         | 689/8000 [03:49<40:46,  2.99it/s]phase1_shape_color_acc:   9%|▊         | 690/8000 [03:49<41:08,  2.96it/s]phase1_shape_color_acc:   9%|▊         | 691/8000 [03:50<41:26,  2.94it/s]phase1_shape_color_acc:   9%|▊         | 692/8000 [03:50<41:38,  2.93it/s]phase1_shape_color_acc:   9%|▊         | 693/8000 [03:50<39:06,  3.11it/s]phase1_shape_color_acc:   9%|▊         | 694/8000 [03:51<38:41,  3.15it/s]phase1_shape_color_acc:   9%|▊         | 695/8000 [03:51<38:01,  3.20it/s]phase1_shape_color_acc:   9%|▊         | 696/8000 [03:51<39:16,  3.10it/s]phase1_shape_color_acc:   9%|▊         | 697/8000 [03:52<40:20,  3.02it/s]phase1_shape_color_acc:   9%|▊         | 698/8000 [03:52<40:51,  2.98it/s]phase1_shape_color_acc:   9%|▊         | 699/8000 [03:52<41:12,  2.95it/s]phase1_shape_color_acc:   9%|▉         | 700/8000 [03:53<41:25,  2.94it/s]phase1_shape_color_acc:   9%|▉         | 701/8000 [03:53<41:38,  2.92it/s]phase1_shape_color_acc:   9%|▉         | 702/8000 [03:53<39:17,  3.10it/s]phase1_shape_color_acc:   9%|▉         | 703/8000 [03:54<38:50,  3.13it/s]phase1_shape_color_acc:   9%|▉         | 704/8000 [03:54<38:09,  3.19it/s]phase1_shape_color_acc:   9%|▉         | 705/8000 [03:54<39:22,  3.09it/s]phase1_shape_color_acc:   9%|▉         | 706/8000 [03:55<40:16,  3.02it/s]phase1_shape_color_acc:   9%|▉         | 707/8000 [03:55<40:45,  2.98it/s]phase1_shape_color_acc:   9%|▉         | 708/8000 [03:55<41:06,  2.96it/s]phase1_shape_color_acc:   9%|▉         | 709/8000 [03:56<41:24,  2.93it/s]phase1_shape_color_acc:   9%|▉         | 710/8000 [03:56<41:37,  2.92it/s]phase1_shape_color_acc:   9%|▉         | 711/8000 [03:56<39:19,  3.09it/s]phase1_shape_color_acc:   9%|▉         | 712/8000 [03:57<38:55,  3.12it/s]phase1_shape_color_acc:   9%|▉         | 713/8000 [03:57<38:13,  3.18it/s]phase1_shape_color_acc:   9%|▉         | 714/8000 [03:57<39:25,  3.08it/s]phase1_shape_color_acc:   9%|▉         | 715/8000 [03:58<40:21,  3.01it/s]phase1_shape_color_acc:   9%|▉         | 716/8000 [03:58<40:48,  2.97it/s]phase1_shape_color_acc:   9%|▉         | 717/8000 [03:58<41:12,  2.95it/s]phase1_shape_color_acc:   9%|▉         | 718/8000 [03:59<41:26,  2.93it/s]phase1_shape_color_acc:   9%|▉         | 719/8000 [03:59<41:34,  2.92it/s]phase1_shape_color_acc:   9%|▉         | 720/8000 [03:59<40:16,  3.01it/s]phase1_shape_color_acc:   9%|▉         | 721/8000 [04:00<37:32,  3.23it/s]phase1_shape_color_acc:   9%|▉         | 722/8000 [04:00<37:16,  3.25it/s]phase1_shape_color_acc:   9%|▉         | 723/8000 [04:00<38:00,  3.19it/s]phase1_shape_color_acc:   9%|▉         | 724/8000 [04:01<39:12,  3.09it/s]phase1_shape_color_acc:   9%|▉         | 725/8000 [04:01<40:03,  3.03it/s]phase1_shape_color_acc:   9%|▉         | 726/8000 [04:01<40:32,  2.99it/s]phase1_shape_color_acc:   9%|▉         | 727/8000 [04:02<40:55,  2.96it/s]phase1_shape_color_acc:   9%|▉         | 728/8000 [04:02<41:13,  2.94it/s]phase1_shape_color_acc:   9%|▉         | 729/8000 [04:02<41:29,  2.92it/s]phase1_shape_color_acc:   9%|▉         | 730/8000 [04:02<38:39,  3.13it/s]phase1_shape_color_acc:   9%|▉         | 731/8000 [04:03<38:18,  3.16it/s]phase1_shape_color_acc:   9%|▉         | 732/8000 [04:03<38:23,  3.15it/s]phase1_shape_color_acc:   9%|▉         | 733/8000 [04:03<39:30,  3.07it/s]phase1_shape_color_acc:   9%|▉         | 734/8000 [04:04<40:23,  3.00it/s]phase1_shape_color_acc:   9%|▉         | 735/8000 [04:04<40:49,  2.97it/s]phase1_shape_color_acc:   9%|▉         | 736/8000 [04:05<41:07,  2.94it/s]phase1_shape_color_acc:   9%|▉         | 737/8000 [04:05<41:21,  2.93it/s]phase1_shape_color_acc:   9%|▉         | 738/8000 [04:05<41:32,  2.91it/s]phase1_shape_color_acc:   9%|▉         | 739/8000 [04:05<39:20,  3.08it/s]phase1_shape_color_acc:   9%|▉         | 740/8000 [04:06<38:49,  3.12it/s]phase1_shape_color_acc:   9%|▉         | 741/8000 [04:06<38:26,  3.15it/s]phase1_shape_color_acc:   9%|▉         | 742/8000 [04:06<39:27,  3.07it/s]phase1_shape_color_acc:   9%|▉         | 743/8000 [04:07<40:19,  3.00it/s]phase1_shape_color_acc:   9%|▉         | 744/8000 [04:07<40:43,  2.97it/s]phase1_shape_color_acc:   9%|▉         | 745/8000 [04:07<41:04,  2.94it/s]phase1_shape_color_acc:   9%|▉         | 746/8000 [04:08<41:13,  2.93it/s]phase1_shape_color_acc:   9%|▉         | 747/8000 [04:08<41:22,  2.92it/s]phase1_shape_color_acc:   9%|▉         | 748/8000 [04:08<39:09,  3.09it/s]phase1_shape_color_acc:   9%|▉         | 749/8000 [04:09<38:41,  3.12it/s]phase1_shape_color_acc:   9%|▉         | 750/8000 [04:09<37:55,  3.19it/s]phase1_shape_color_acc:   9%|▉         | 751/8000 [04:09<39:07,  3.09it/s]phase1_shape_color_acc:   9%|▉         | 752/8000 [04:10<40:03,  3.02it/s]phase1_shape_color_acc:   9%|▉         | 753/8000 [04:10<40:34,  2.98it/s]phase1_shape_color_acc:   9%|▉         | 754/8000 [04:10<40:51,  2.96it/s]phase1_shape_color_acc:   9%|▉         | 755/8000 [04:11<41:05,  2.94it/s]phase1_shape_color_acc:   9%|▉         | 756/8000 [04:11<41:17,  2.92it/s]phase1_shape_color_acc:   9%|▉         | 757/8000 [04:11<38:46,  3.11it/s]phase1_shape_color_acc:   9%|▉         | 758/8000 [04:12<36:57,  3.27it/s]phase1_shape_color_acc:   9%|▉         | 759/8000 [04:12<37:03,  3.26it/s]phase1_shape_color_acc:  10%|▉         | 760/8000 [04:12<37:50,  3.19it/s]phase1_shape_color_acc:  10%|▉         | 761/8000 [04:13<39:11,  3.08it/s]phase1_shape_color_acc:  10%|▉         | 762/8000 [04:13<39:57,  3.02it/s]phase1_shape_color_acc:  10%|▉         | 763/8000 [04:13<40:28,  2.98it/s]phase1_shape_color_acc:  10%|▉         | 764/8000 [04:14<40:49,  2.95it/s]phase1_shape_color_acc:  10%|▉         | 765/8000 [04:14<41:06,  2.93it/s]phase1_shape_color_acc:  10%|▉         | 766/8000 [04:14<41:17,  2.92it/s]phase1_shape_color_acc:  10%|▉         | 767/8000 [04:15<38:27,  3.13it/s]phase1_shape_color_acc:  10%|▉         | 768/8000 [04:15<38:07,  3.16it/s]phase1_shape_color_acc:  10%|▉         | 769/8000 [04:15<38:30,  3.13it/s]phase1_shape_color_acc:  10%|▉         | 770/8000 [04:16<39:32,  3.05it/s]phase1_shape_color_acc:  10%|▉         | 771/8000 [04:16<40:12,  3.00it/s]phase1_shape_color_acc:  10%|▉         | 772/8000 [04:16<40:36,  2.97it/s]phase1_shape_color_acc:  10%|▉         | 773/8000 [04:17<40:56,  2.94it/s]phase1_shape_color_acc:  10%|▉         | 774/8000 [04:17<41:06,  2.93it/s]phase1_shape_color_acc:  10%|▉         | 775/8000 [04:17<41:14,  2.92it/s]phase1_shape_color_acc:  10%|▉         | 776/8000 [04:18<38:34,  3.12it/s]phase1_shape_color_acc:  10%|▉         | 777/8000 [04:18<38:13,  3.15it/s]phase1_shape_color_acc:  10%|▉         | 778/8000 [04:18<38:20,  3.14it/s]phase1_shape_color_acc:  10%|▉         | 779/8000 [04:19<39:27,  3.05it/s]phase1_shape_color_acc:  10%|▉         | 780/8000 [04:19<40:12,  2.99it/s]phase1_shape_color_acc:  10%|▉         | 781/8000 [04:19<40:39,  2.96it/s]phase1_shape_color_acc:  10%|▉         | 782/8000 [04:20<40:52,  2.94it/s]phase1_shape_color_acc:  10%|▉         | 783/8000 [04:20<41:03,  2.93it/s]phase1_shape_color_acc:  10%|▉         | 784/8000 [04:20<41:12,  2.92it/s]phase1_shape_color_acc:  10%|▉         | 785/8000 [04:21<38:34,  3.12it/s]phase1_shape_color_acc:  10%|▉         | 786/8000 [04:21<38:07,  3.15it/s]phase1_shape_color_acc:  10%|▉         | 787/8000 [04:21<38:11,  3.15it/s]phase1_shape_color_acc:  10%|▉         | 788/8000 [04:22<39:19,  3.06it/s]phase1_shape_color_acc:  10%|▉         | 789/8000 [04:22<40:12,  2.99it/s]phase1_shape_color_acc:  10%|▉         | 790/8000 [04:22<40:34,  2.96it/s]phase1_shape_color_acc:  10%|▉         | 791/8000 [04:23<40:50,  2.94it/s]phase1_shape_color_acc:  10%|▉         | 792/8000 [04:23<41:02,  2.93it/s]phase1_shape_color_acc:  10%|▉         | 793/8000 [04:23<41:10,  2.92it/s]phase1_shape_color_acc:  10%|▉         | 794/8000 [04:24<37:11,  3.23it/s]phase1_shape_color_acc:  10%|▉         | 795/8000 [04:24<37:23,  3.21it/s]phase1_shape_color_acc:  10%|▉         | 796/8000 [04:24<37:21,  3.21it/s]phase1_shape_color_acc:  10%|▉         | 797/8000 [04:25<38:40,  3.10it/s]phase1_shape_color_acc:  10%|▉         | 798/8000 [04:25<39:36,  3.03it/s]phase1_shape_color_acc:  10%|▉         | 799/8000 [04:25<40:09,  2.99it/s]phase1_shape_color_acc:  10%|█         | 800/8000 [04:26<40:34,  2.96it/s]phase1_shape_color_acc:  10%|█         | 801/8000 [04:26<40:58,  2.93it/s]phase1_shape_color_acc:  10%|█         | 802/8000 [04:26<41:05,  2.92it/s]phase1_shape_color_acc:  10%|█         | 803/8000 [04:27<39:51,  3.01it/s]phase1_shape_color_acc:  10%|█         | 804/8000 [04:27<37:31,  3.20it/s]phase1_shape_color_acc:  10%|█         | 805/8000 [04:27<37:10,  3.23it/s]phase1_shape_color_acc:  10%|█         | 806/8000 [04:28<37:45,  3.18it/s]phase1_shape_color_acc:  10%|█         | 807/8000 [04:28<38:58,  3.08it/s]phase1_shape_color_acc:  10%|█         | 808/8000 [04:28<39:49,  3.01it/s]phase1_shape_color_acc:  10%|█         | 809/8000 [04:29<40:19,  2.97it/s]phase1_shape_color_acc:  10%|█         | 810/8000 [04:29<40:41,  2.94it/s]phase1_shape_color_acc:  10%|█         | 811/8000 [04:29<40:54,  2.93it/s]phase1_shape_color_acc:  10%|█         | 812/8000 [04:30<41:02,  2.92it/s]phase1_shape_color_acc:  10%|█         | 813/8000 [04:30<38:11,  3.14it/s]phase1_shape_color_acc:  10%|█         | 814/8000 [04:30<37:57,  3.15it/s]phase1_shape_color_acc:  10%|█         | 815/8000 [04:30<38:21,  3.12it/s]phase1_shape_color_acc:  10%|█         | 816/8000 [04:31<39:18,  3.05it/s]phase1_shape_color_acc:  10%|█         | 817/8000 [04:31<39:59,  2.99it/s]phase1_shape_color_acc:  10%|█         | 818/8000 [04:32<40:24,  2.96it/s]phase1_shape_color_acc:  10%|█         | 819/8000 [04:32<40:46,  2.94it/s]phase1_shape_color_acc:  10%|█         | 820/8000 [04:32<40:56,  2.92it/s]phase1_shape_color_acc:  10%|█         | 821/8000 [04:33<41:04,  2.91it/s]phase1_shape_color_acc:  10%|█         | 822/8000 [04:33<38:18,  3.12it/s]phase1_shape_color_acc:  10%|█         | 823/8000 [04:33<37:54,  3.15it/s]phase1_shape_color_acc:  10%|█         | 824/8000 [04:33<37:17,  3.21it/s]phase1_shape_color_acc:  10%|█         | 825/8000 [04:34<38:36,  3.10it/s]phase1_shape_color_acc:  10%|█         | 826/8000 [04:34<39:36,  3.02it/s]phase1_shape_color_acc:  10%|█         | 827/8000 [04:34<40:05,  2.98it/s]phase1_shape_color_acc:  10%|█         | 828/8000 [04:35<40:28,  2.95it/s]phase1_shape_color_acc:  10%|█         | 829/8000 [04:35<40:43,  2.93it/s]phase1_shape_color_acc:  10%|█         | 830/8000 [04:36<40:50,  2.93it/s]phase1_shape_color_acc:  10%|█         | 831/8000 [04:36<39:54,  2.99it/s]phase1_shape_color_acc:  10%|█         | 832/8000 [04:36<35:51,  3.33it/s]phase1_shape_color_acc:  10%|█         | 833/8000 [04:36<36:11,  3.30it/s]phase1_shape_color_acc:  10%|█         | 834/8000 [04:37<36:46,  3.25it/s]phase1_shape_color_acc:  10%|█         | 835/8000 [04:37<38:15,  3.12it/s]phase1_shape_color_acc:  10%|█         | 836/8000 [04:37<39:10,  3.05it/s]phase1_shape_color_acc:  10%|█         | 837/8000 [04:38<39:49,  3.00it/s]phase1_shape_color_acc:  10%|█         | 838/8000 [04:38<40:12,  2.97it/s]phase1_shape_color_acc:  10%|█         | 839/8000 [04:38<40:29,  2.95it/s]phase1_shape_color_acc:  10%|█         | 840/8000 [04:39<40:42,  2.93it/s]phase1_shape_color_acc:  11%|█         | 841/8000 [04:39<37:50,  3.15it/s]phase1_shape_color_acc:  11%|█         | 842/8000 [04:39<37:33,  3.18it/s]phase1_shape_color_acc:  11%|█         | 843/8000 [04:40<37:49,  3.15it/s]phase1_shape_color_acc:  11%|█         | 844/8000 [04:40<38:52,  3.07it/s]phase1_shape_color_acc:  11%|█         | 845/8000 [04:40<39:50,  2.99it/s]phase1_shape_color_acc:  11%|█         | 846/8000 [04:41<40:17,  2.96it/s]phase1_shape_color_acc:  11%|█         | 847/8000 [04:41<40:33,  2.94it/s]phase1_shape_color_acc:  11%|█         | 848/8000 [04:41<40:47,  2.92it/s]phase1_shape_color_acc:  11%|█         | 849/8000 [04:42<40:57,  2.91it/s]phase1_shape_color_acc:  11%|█         | 850/8000 [04:42<37:53,  3.15it/s]phase1_shape_color_acc:  11%|█         | 851/8000 [04:42<37:34,  3.17it/s]phase1_shape_color_acc:  11%|█         | 852/8000 [04:43<37:50,  3.15it/s]phase1_shape_color_acc:  11%|█         | 853/8000 [04:43<38:52,  3.06it/s]phase1_shape_color_acc:  11%|█         | 854/8000 [04:43<39:39,  3.00it/s]phase1_shape_color_acc:  11%|█         | 855/8000 [04:44<40:05,  2.97it/s]phase1_shape_color_acc:  11%|█         | 856/8000 [04:44<40:23,  2.95it/s]phase1_shape_color_acc:  11%|█         | 857/8000 [04:44<40:38,  2.93it/s]phase1_shape_color_acc:  11%|█         | 858/8000 [04:45<40:49,  2.92it/s]phase1_shape_color_acc:  11%|█         | 859/8000 [04:45<37:54,  3.14it/s]phase1_shape_color_acc:  11%|█         | 860/8000 [04:45<37:38,  3.16it/s]phase1_shape_color_acc:  11%|█         | 861/8000 [04:46<38:00,  3.13it/s]phase1_shape_color_acc:  11%|█         | 862/8000 [04:46<39:05,  3.04it/s]phase1_shape_color_acc:  11%|█         | 863/8000 [04:46<39:43,  2.99it/s]phase1_shape_color_acc:  11%|█         | 864/8000 [04:47<40:07,  2.96it/s]phase1_shape_color_acc:  11%|█         | 865/8000 [04:47<40:26,  2.94it/s]phase1_shape_color_acc:  11%|█         | 866/8000 [04:47<40:35,  2.93it/s]phase1_shape_color_acc:  11%|█         | 867/8000 [04:48<40:43,  2.92it/s]phase1_shape_color_acc:  11%|█         | 868/8000 [04:48<37:10,  3.20it/s]phase1_shape_color_acc:  11%|█         | 869/8000 [04:48<35:50,  3.32it/s]phase1_shape_color_acc:  11%|█         | 870/8000 [04:49<35:59,  3.30it/s]phase1_shape_color_acc:  11%|█         | 871/8000 [04:49<36:58,  3.21it/s]phase1_shape_color_acc:  11%|█         | 872/8000 [04:49<38:20,  3.10it/s]phase1_shape_color_acc:  11%|█         | 873/8000 [04:50<39:10,  3.03it/s]phase1_shape_color_acc:  11%|█         | 874/8000 [04:50<39:42,  2.99it/s]phase1_shape_color_acc:  11%|█         | 875/8000 [04:50<40:05,  2.96it/s]phase1_shape_color_acc:  11%|█         | 876/8000 [04:51<40:21,  2.94it/s]phase1_shape_color_acc:  11%|█         | 877/8000 [04:51<40:36,  2.92it/s]phase1_shape_color_acc:  11%|█         | 878/8000 [04:51<37:23,  3.17it/s]phase1_shape_color_acc:  11%|█         | 879/8000 [04:51<37:14,  3.19it/s]phase1_shape_color_acc:  11%|█         | 880/8000 [04:52<37:34,  3.16it/s]phase1_shape_color_acc:  11%|█         | 881/8000 [04:52<38:49,  3.06it/s]phase1_shape_color_acc:  11%|█         | 882/8000 [04:53<39:30,  3.00it/s]phase1_shape_color_acc:  11%|█         | 883/8000 [04:53<39:55,  2.97it/s]phase1_shape_color_acc:  11%|█         | 884/8000 [04:53<40:13,  2.95it/s]phase1_shape_color_acc:  11%|█         | 885/8000 [04:54<40:29,  2.93it/s]phase1_shape_color_acc:  11%|█         | 886/8000 [04:54<40:35,  2.92it/s]phase1_shape_color_acc:  11%|█         | 887/8000 [04:54<38:00,  3.12it/s]phase1_shape_color_acc:  11%|█         | 888/8000 [04:54<37:39,  3.15it/s]phase1_shape_color_acc:  11%|█         | 889/8000 [04:55<37:06,  3.19it/s]phase1_shape_color_acc:  11%|█         | 890/8000 [04:55<38:14,  3.10it/s]phase1_shape_color_acc:  11%|█         | 891/8000 [04:55<39:11,  3.02it/s]phase1_shape_color_acc:  11%|█         | 892/8000 [04:56<39:42,  2.98it/s]phase1_shape_color_acc:  11%|█         | 893/8000 [04:56<40:05,  2.95it/s]phase1_shape_color_acc:  11%|█         | 894/8000 [04:57<40:18,  2.94it/s]phase1_shape_color_acc:  11%|█         | 895/8000 [04:57<40:29,  2.92it/s]phase1_shape_color_acc:  11%|█         | 896/8000 [04:57<39:28,  3.00it/s]phase1_shape_color_acc:  11%|█         | 897/8000 [04:57<38:28,  3.08it/s]phase1_shape_color_acc:  11%|█         | 898/8000 [04:58<37:53,  3.12it/s]phase1_shape_color_acc:  11%|█         | 899/8000 [04:58<38:35,  3.07it/s]phase1_shape_color_acc:  11%|█▏        | 900/8000 [04:58<39:25,  3.00it/s]phase1_shape_color_acc:  11%|█▏        | 901/8000 [04:59<39:54,  2.97it/s]phase1_shape_color_acc:  11%|█▏        | 902/8000 [04:59<40:09,  2.95it/s]phase1_shape_color_acc:  11%|█▏        | 903/8000 [05:00<40:21,  2.93it/s]phase1_shape_color_acc:  11%|█▏        | 904/8000 [05:00<40:30,  2.92it/s]phase1_shape_color_acc:  11%|█▏        | 905/8000 [05:00<38:53,  3.04it/s]phase1_shape_color_acc:  11%|█▏        | 906/8000 [05:00<36:26,  3.24it/s]phase1_shape_color_acc:  11%|█▏        | 907/8000 [05:01<36:27,  3.24it/s]phase1_shape_color_acc:  11%|█▏        | 908/8000 [05:01<37:03,  3.19it/s]phase1_shape_color_acc:  11%|█▏        | 909/8000 [05:01<38:22,  3.08it/s]phase1_shape_color_acc:  11%|█▏        | 910/8000 [05:02<39:09,  3.02it/s]phase1_shape_color_acc:  11%|█▏        | 911/8000 [05:02<39:39,  2.98it/s]phase1_shape_color_acc:  11%|█▏        | 912/8000 [05:02<39:59,  2.95it/s]phase1_shape_color_acc:  11%|█▏        | 913/8000 [05:03<40:16,  2.93it/s]phase1_shape_color_acc:  11%|█▏        | 914/8000 [05:03<40:26,  2.92it/s]phase1_shape_color_acc:  11%|█▏        | 915/8000 [05:03<37:23,  3.16it/s]phase1_shape_color_acc:  11%|█▏        | 916/8000 [05:04<37:09,  3.18it/s]phase1_shape_color_acc:  11%|█▏        | 917/8000 [05:04<37:22,  3.16it/s]phase1_shape_color_acc:  11%|█▏        | 918/8000 [05:04<38:32,  3.06it/s]phase1_shape_color_acc:  11%|█▏        | 919/8000 [05:05<39:20,  3.00it/s]phase1_shape_color_acc:  12%|█▏        | 920/8000 [05:05<39:46,  2.97it/s]phase1_shape_color_acc:  12%|█▏        | 921/8000 [05:05<40:06,  2.94it/s]phase1_shape_color_acc:  12%|█▏        | 922/8000 [05:06<40:14,  2.93it/s]phase1_shape_color_acc:  12%|█▏        | 923/8000 [05:06<40:23,  2.92it/s]phase1_shape_color_acc:  12%|█▏        | 924/8000 [05:06<38:10,  3.09it/s]phase1_shape_color_acc:  12%|█▏        | 925/8000 [05:07<37:44,  3.12it/s]phase1_shape_color_acc:  12%|█▏        | 926/8000 [05:07<37:20,  3.16it/s]phase1_shape_color_acc:  12%|█▏        | 927/8000 [05:07<38:20,  3.07it/s]phase1_shape_color_acc:  12%|█▏        | 928/8000 [05:08<39:13,  3.01it/s]phase1_shape_color_acc:  12%|█▏        | 929/8000 [05:08<39:41,  2.97it/s]phase1_shape_color_acc:  12%|█▏        | 930/8000 [05:08<40:02,  2.94it/s]phase1_shape_color_acc:  12%|█▏        | 931/8000 [05:09<40:12,  2.93it/s]phase1_shape_color_acc:  12%|█▏        | 932/8000 [05:09<40:21,  2.92it/s]phase1_shape_color_acc:  12%|█▏        | 933/8000 [05:09<38:03,  3.10it/s]phase1_shape_color_acc:  12%|█▏        | 934/8000 [05:10<37:34,  3.13it/s]phase1_shape_color_acc:  12%|█▏        | 935/8000 [05:10<36:54,  3.19it/s]phase1_shape_color_acc:  12%|█▏        | 936/8000 [05:10<38:04,  3.09it/s]phase1_shape_color_acc:  12%|█▏        | 937/8000 [05:11<39:03,  3.01it/s]phase1_shape_color_acc:  12%|█▏        | 938/8000 [05:11<39:32,  2.98it/s]phase1_shape_color_acc:  12%|█▏        | 939/8000 [05:11<39:50,  2.95it/s]phase1_shape_color_acc:  12%|█▏        | 940/8000 [05:12<40:06,  2.93it/s]phase1_shape_color_acc:  12%|█▏        | 941/8000 [05:12<40:16,  2.92it/s]phase1_shape_color_acc:  12%|█▏        | 942/8000 [05:12<37:37,  3.13it/s]phase1_shape_color_acc:  12%|█▏        | 943/8000 [05:13<35:44,  3.29it/s]phase1_shape_color_acc:  12%|█▏        | 944/8000 [05:13<35:53,  3.28it/s]phase1_shape_color_acc:  12%|█▏        | 945/8000 [05:13<36:46,  3.20it/s]phase1_shape_color_acc:  12%|█▏        | 946/8000 [05:14<38:04,  3.09it/s]phase1_shape_color_acc:  12%|█▏        | 947/8000 [05:14<38:51,  3.03it/s]phase1_shape_color_acc:  12%|█▏        | 948/8000 [05:14<39:22,  2.99it/s]phase1_shape_color_acc:  12%|█▏        | 949/8000 [05:15<39:48,  2.95it/s]phase1_shape_color_acc:  12%|█▏        | 950/8000 [05:15<40:02,  2.93it/s]phase1_shape_color_acc:  12%|█▏        | 951/8000 [05:15<40:11,  2.92it/s]phase1_shape_color_acc:  12%|█▏        | 952/8000 [05:16<37:18,  3.15it/s]phase1_shape_color_acc:  12%|█▏        | 953/8000 [05:16<37:07,  3.16it/s]phase1_shape_color_acc:  12%|█▏        | 954/8000 [05:16<37:24,  3.14it/s]phase1_shape_color_acc:  12%|█▏        | 955/8000 [05:17<38:27,  3.05it/s]phase1_shape_color_acc:  12%|█▏        | 956/8000 [05:17<39:07,  3.00it/s]phase1_shape_color_acc:  12%|█▏        | 957/8000 [05:17<39:34,  2.97it/s]phase1_shape_color_acc:  12%|█▏        | 958/8000 [05:18<39:51,  2.94it/s]phase1_shape_color_acc:  12%|█▏        | 959/8000 [05:18<40:04,  2.93it/s]phase1_shape_color_acc:  12%|█▏        | 960/8000 [05:18<40:12,  2.92it/s]phase1_shape_color_acc:  12%|█▏        | 961/8000 [05:19<37:39,  3.12it/s]phase1_shape_color_acc:  12%|█▏        | 962/8000 [05:19<37:27,  3.13it/s]phase1_shape_color_acc:  12%|█▏        | 963/8000 [05:19<37:38,  3.12it/s]phase1_shape_color_acc:  12%|█▏        | 964/8000 [05:20<38:37,  3.04it/s]phase1_shape_color_acc:  12%|█▏        | 965/8000 [05:20<39:21,  2.98it/s]phase1_shape_color_acc:  12%|█▏        | 966/8000 [05:20<39:42,  2.95it/s]phase1_shape_color_acc:  12%|█▏        | 967/8000 [05:21<39:56,  2.93it/s]phase1_shape_color_acc:  12%|█▏        | 968/8000 [05:21<40:06,  2.92it/s]phase1_shape_color_acc:  12%|█▏        | 969/8000 [05:21<40:15,  2.91it/s]phase1_shape_color_acc:  12%|█▏        | 970/8000 [05:22<37:27,  3.13it/s]phase1_shape_color_acc:  12%|█▏        | 971/8000 [05:22<37:05,  3.16it/s]phase1_shape_color_acc:  12%|█▏        | 972/8000 [05:22<37:11,  3.15it/s]phase1_shape_color_acc:  12%|█▏        | 973/8000 [05:23<38:21,  3.05it/s]phase1_shape_color_acc:  12%|█▏        | 974/8000 [05:23<39:06,  2.99it/s]phase1_shape_color_acc:  12%|█▏        | 975/8000 [05:23<39:36,  2.96it/s]phase1_shape_color_acc:  12%|█▏        | 976/8000 [05:24<39:54,  2.93it/s]phase1_shape_color_acc:  12%|█▏        | 977/8000 [05:24<40:06,  2.92it/s]phase1_shape_color_acc:  12%|█▏        | 978/8000 [05:24<40:13,  2.91it/s]phase1_shape_color_acc:  12%|█▏        | 979/8000 [05:25<37:39,  3.11it/s]phase1_shape_color_acc:  12%|█▏        | 980/8000 [05:25<35:46,  3.27it/s]phase1_shape_color_acc:  12%|█▏        | 981/8000 [05:25<35:52,  3.26it/s]phase1_shape_color_acc:  12%|█▏        | 982/8000 [05:25<36:38,  3.19it/s]phase1_shape_color_acc:  12%|█▏        | 983/8000 [05:26<37:53,  3.09it/s]phase1_shape_color_acc:  12%|█▏        | 984/8000 [05:26<38:40,  3.02it/s]phase1_shape_color_acc:  12%|█▏        | 985/8000 [05:26<39:12,  2.98it/s]phase1_shape_color_acc:  12%|█▏        | 986/8000 [05:27<39:30,  2.96it/s]phase1_shape_color_acc:  12%|█▏        | 987/8000 [05:27<39:44,  2.94it/s]phase1_shape_color_acc:  12%|█▏        | 988/8000 [05:27<39:56,  2.93it/s]phase1_shape_color_acc:  12%|█▏        | 989/8000 [05:28<37:13,  3.14it/s]phase1_shape_color_acc:  12%|█▏        | 990/8000 [05:28<36:53,  3.17it/s]phase1_shape_color_acc:  12%|█▏        | 991/8000 [05:28<37:17,  3.13it/s]phase1_shape_color_acc:  12%|█▏        | 992/8000 [05:29<38:18,  3.05it/s]phase1_shape_color_acc:  12%|█▏        | 993/8000 [05:29<39:07,  2.99it/s]phase1_shape_color_acc:  12%|█▏        | 994/8000 [05:29<39:30,  2.96it/s]phase1_shape_color_acc:  12%|█▏        | 995/8000 [05:30<39:42,  2.94it/s]phase1_shape_color_acc:  12%|█▏        | 996/8000 [05:30<39:54,  2.93it/s]phase1_shape_color_acc:  12%|█▏        | 997/8000 [05:30<40:05,  2.91it/s]phase1_shape_color_acc:  12%|█▏        | 998/8000 [05:31<37:19,  3.13it/s]phase1_shape_color_acc:  12%|█▏        | 999/8000 [05:31<36:58,  3.16it/s]phase1_shape_color_acc:  12%|█▎        | 1000/8000 [05:31<37:10,  3.14it/s]phase1_shape_color_acc:  13%|█▎        | 1001/8000 [05:32<38:18,  3.04it/s]phase1_shape_color_acc:  13%|█▎        | 1002/8000 [05:32<39:08,  2.98it/s]phase1_shape_color_acc:  13%|█▎        | 1003/8000 [05:32<39:30,  2.95it/s]phase1_shape_color_acc:  13%|█▎        | 1004/8000 [05:33<39:42,  2.94it/s]phase1_shape_color_acc:  13%|█▎        | 1005/8000 [05:33<39:55,  2.92it/s]phase1_shape_color_acc:  13%|█▎        | 1006/8000 [05:33<40:02,  2.91it/s]phase1_shape_color_acc:  13%|█▎        | 1007/8000 [05:34<37:17,  3.13it/s]phase1_shape_color_acc:  13%|█▎        | 1008/8000 [05:34<36:55,  3.16it/s]phase1_shape_color_acc:  13%|█▎        | 1009/8000 [05:34<37:09,  3.14it/s]phase1_shape_color_acc:  13%|█▎        | 1010/8000 [05:35<38:10,  3.05it/s]phase1_shape_color_acc:  13%|█▎        | 1011/8000 [05:35<38:54,  2.99it/s]phase1_shape_color_acc:  13%|█▎        | 1012/8000 [05:35<39:19,  2.96it/s]phase1_shape_color_acc:  13%|█▎        | 1013/8000 [05:36<39:36,  2.94it/s]phase1_shape_color_acc:  13%|█▎        | 1014/8000 [05:36<39:46,  2.93it/s]phase1_shape_color_acc:  13%|█▎        | 1015/8000 [05:36<39:54,  2.92it/s]phase1_shape_color_acc:  13%|█▎        | 1016/8000 [05:37<37:17,  3.12it/s]phase1_shape_color_acc:  13%|█▎        | 1017/8000 [05:37<35:40,  3.26it/s]phase1_shape_color_acc:  13%|█▎        | 1018/8000 [05:37<35:46,  3.25it/s]phase1_shape_color_acc:  13%|█▎        | 1019/8000 [05:38<36:41,  3.17it/s]phase1_shape_color_acc:  13%|█▎        | 1020/8000 [05:38<37:46,  3.08it/s]phase1_shape_color_acc:  13%|█▎        | 1021/8000 [05:38<38:39,  3.01it/s]phase1_shape_color_acc:  13%|█▎        | 1022/8000 [05:39<39:04,  2.98it/s]phase1_shape_color_acc:  13%|█▎        | 1023/8000 [05:39<39:24,  2.95it/s]phase1_shape_color_acc:  13%|█▎        | 1024/8000 [05:39<39:38,  2.93it/s]phase1_shape_color_acc:  13%|█▎        | 1025/8000 [05:40<39:50,  2.92it/s]phase1_shape_color_acc:  13%|█▎        | 1026/8000 [05:40<37:19,  3.11it/s]phase1_shape_color_acc:  13%|█▎        | 1027/8000 [05:40<37:04,  3.13it/s]phase1_shape_color_acc:  13%|█▎        | 1028/8000 [05:41<37:30,  3.10it/s]phase1_shape_color_acc:  13%|█▎        | 1029/8000 [05:41<38:20,  3.03it/s]phase1_shape_color_acc:  13%|█▎        | 1030/8000 [05:41<38:55,  2.98it/s]phase1_shape_color_acc:  13%|█▎        | 1031/8000 [05:42<39:16,  2.96it/s]phase1_shape_color_acc:  13%|█▎        | 1032/8000 [05:42<39:31,  2.94it/s]phase1_shape_color_acc:  13%|█▎        | 1033/8000 [05:42<39:42,  2.92it/s]phase1_shape_color_acc:  13%|█▎        | 1034/8000 [05:43<39:51,  2.91it/s]phase1_shape_color_acc:  13%|█▎        | 1035/8000 [05:43<36:57,  3.14it/s]phase1_shape_color_acc:  13%|█▎        | 1036/8000 [05:43<36:39,  3.17it/s]phase1_shape_color_acc:  13%|█▎        | 1037/8000 [05:44<37:11,  3.12it/s]phase1_shape_color_acc:  13%|█▎        | 1038/8000 [05:44<38:12,  3.04it/s]phase1_shape_color_acc:  13%|█▎        | 1039/8000 [05:44<38:46,  2.99it/s]phase1_shape_color_acc:  13%|█▎        | 1040/8000 [05:45<39:09,  2.96it/s]phase1_shape_color_acc:  13%|█▎        | 1041/8000 [05:45<39:30,  2.94it/s]phase1_shape_color_acc:  13%|█▎        | 1042/8000 [05:45<39:37,  2.93it/s]phase1_shape_color_acc:  13%|█▎        | 1043/8000 [05:46<39:38,  2.93it/s]phase1_shape_color_acc:  13%|█▎        | 1044/8000 [05:46<36:59,  3.13it/s]phase1_shape_color_acc:  13%|█▎        | 1045/8000 [05:46<36:49,  3.15it/s]phase1_shape_color_acc:  13%|█▎        | 1046/8000 [05:47<37:20,  3.10it/s]phase1_shape_color_acc:  13%|█▎        | 1047/8000 [05:47<38:16,  3.03it/s]phase1_shape_color_acc:  13%|█▎        | 1048/8000 [05:47<38:48,  2.99it/s]phase1_shape_color_acc:  13%|█▎        | 1049/8000 [05:48<39:11,  2.96it/s]phase1_shape_color_acc:  13%|█▎        | 1050/8000 [05:48<39:23,  2.94it/s]phase1_shape_color_acc:  13%|█▎        | 1051/8000 [05:48<39:33,  2.93it/s]phase1_shape_color_acc:  13%|█▎        | 1052/8000 [05:49<39:25,  2.94it/s]phase1_shape_color_acc:  13%|█▎        | 1053/8000 [05:49<34:55,  3.31it/s]phase1_shape_color_acc:  13%|█▎        | 1054/8000 [05:49<35:06,  3.30it/s]phase1_shape_color_acc:  13%|█▎        | 1055/8000 [05:49<35:41,  3.24it/s]phase1_shape_color_acc:  13%|█▎        | 1056/8000 [05:50<37:07,  3.12it/s]phase1_shape_color_acc:  13%|█▎        | 1057/8000 [05:50<38:02,  3.04it/s]phase1_shape_color_acc:  13%|█▎        | 1058/8000 [05:51<38:33,  3.00it/s]phase1_shape_color_acc:  13%|█▎        | 1059/8000 [05:51<38:58,  2.97it/s]phase1_shape_color_acc:  13%|█▎        | 1060/8000 [05:51<39:16,  2.95it/s]phase1_shape_color_acc:  13%|█▎        | 1061/8000 [05:52<39:31,  2.93it/s]phase1_shape_color_acc:  13%|█▎        | 1062/8000 [05:52<36:44,  3.15it/s]phase1_shape_color_acc:  13%|█▎        | 1063/8000 [05:52<36:32,  3.16it/s]phase1_shape_color_acc:  13%|█▎        | 1064/8000 [05:52<36:50,  3.14it/s]phase1_shape_color_acc:  13%|█▎        | 1065/8000 [05:53<37:58,  3.04it/s]phase1_shape_color_acc:  13%|█▎        | 1066/8000 [05:53<38:36,  2.99it/s]phase1_shape_color_acc:  13%|█▎        | 1067/8000 [05:54<38:57,  2.97it/s]phase1_shape_color_acc:  13%|█▎        | 1068/8000 [05:54<39:13,  2.94it/s]phase1_shape_color_acc:  13%|█▎        | 1069/8000 [05:54<39:27,  2.93it/s]phase1_shape_color_acc:  13%|█▎        | 1070/8000 [05:55<39:36,  2.92it/s]phase1_shape_color_acc:  13%|█▎        | 1071/8000 [05:55<36:54,  3.13it/s]phase1_shape_color_acc:  13%|█▎        | 1072/8000 [05:55<36:33,  3.16it/s]phase1_shape_color_acc:  13%|█▎        | 1073/8000 [05:55<36:51,  3.13it/s]phase1_shape_color_acc:  13%|█▎        | 1074/8000 [05:56<37:51,  3.05it/s]phase1_shape_color_acc:  13%|█▎        | 1075/8000 [05:56<38:29,  3.00it/s]phase1_shape_color_acc:  13%|█▎        | 1076/8000 [05:56<38:53,  2.97it/s]phase1_shape_color_acc:  13%|█▎        | 1077/8000 [05:57<39:12,  2.94it/s]phase1_shape_color_acc:  13%|█▎        | 1078/8000 [05:57<39:21,  2.93it/s]phase1_shape_color_acc:  13%|█▎        | 1079/8000 [05:58<39:29,  2.92it/s]phase1_shape_color_acc:  14%|█▎        | 1080/8000 [05:58<36:59,  3.12it/s]phase1_shape_color_acc:  14%|█▎        | 1081/8000 [05:58<36:38,  3.15it/s]phase1_shape_color_acc:  14%|█▎        | 1082/8000 [05:58<36:00,  3.20it/s]phase1_shape_color_acc:  14%|█▎        | 1083/8000 [05:59<37:11,  3.10it/s]phase1_shape_color_acc:  14%|█▎        | 1084/8000 [05:59<38:07,  3.02it/s]phase1_shape_color_acc:  14%|█▎        | 1085/8000 [05:59<38:39,  2.98it/s]phase1_shape_color_acc:  14%|█▎        | 1086/8000 [06:00<38:56,  2.96it/s]phase1_shape_color_acc:  14%|█▎        | 1087/8000 [06:00<39:11,  2.94it/s]phase1_shape_color_acc:  14%|█▎        | 1088/8000 [06:00<39:20,  2.93it/s]phase1_shape_color_acc:  14%|█▎        | 1089/8000 [06:01<36:56,  3.12it/s]phase1_shape_color_acc:  14%|█▎        | 1090/8000 [06:01<35:12,  3.27it/s]phase1_shape_color_acc:  14%|█▎        | 1091/8000 [06:01<35:18,  3.26it/s]phase1_shape_color_acc:  14%|█▎        | 1092/8000 [06:02<36:00,  3.20it/s]phase1_shape_color_acc:  14%|█▎        | 1093/8000 [06:02<37:18,  3.09it/s]phase1_shape_color_acc:  14%|█▎        | 1094/8000 [06:02<38:04,  3.02it/s]phase1_shape_color_acc:  14%|█▎        | 1095/8000 [06:03<38:33,  2.99it/s]phase1_shape_color_acc:  14%|█▎        | 1096/8000 [06:03<38:53,  2.96it/s]phase1_shape_color_acc:  14%|█▎        | 1097/8000 [06:03<39:09,  2.94it/s]phase1_shape_color_acc:  14%|█▎        | 1098/8000 [06:04<39:11,  2.94it/s]phase1_shape_color_acc:  14%|█▎        | 1099/8000 [06:04<36:37,  3.14it/s]phase1_shape_color_acc:  14%|█▍        | 1100/8000 [06:04<36:23,  3.16it/s]phase1_shape_color_acc:  14%|█▍        | 1101/8000 [06:05<36:56,  3.11it/s]phase1_shape_color_acc:  14%|█▍        | 1102/8000 [06:05<37:52,  3.04it/s]phase1_shape_color_acc:  14%|█▍        | 1103/8000 [06:05<38:26,  2.99it/s]phase1_shape_color_acc:  14%|█▍        | 1104/8000 [06:06<38:47,  2.96it/s]phase1_shape_color_acc:  14%|█▍        | 1105/8000 [06:06<39:06,  2.94it/s]phase1_shape_color_acc:  14%|█▍        | 1106/8000 [06:06<39:17,  2.92it/s]phase1_shape_color_acc:  14%|█▍        | 1107/8000 [06:07<39:09,  2.93it/s]phase1_shape_color_acc:  14%|█▍        | 1108/8000 [06:07<36:37,  3.14it/s]phase1_shape_color_acc:  14%|█▍        | 1109/8000 [06:07<36:29,  3.15it/s]phase1_shape_color_acc:  14%|█▍        | 1110/8000 [06:08<36:58,  3.11it/s]phase1_shape_color_acc:  14%|█▍        | 1111/8000 [06:08<37:54,  3.03it/s]phase1_shape_color_acc:  14%|█▍        | 1112/8000 [06:08<38:26,  2.99it/s]phase1_shape_color_acc:  14%|█▍        | 1113/8000 [06:09<38:49,  2.96it/s]phase1_shape_color_acc:  14%|█▍        | 1114/8000 [06:09<39:04,  2.94it/s]phase1_shape_color_acc:  14%|█▍        | 1115/8000 [06:09<39:13,  2.93it/s]phase1_shape_color_acc:  14%|█▍        | 1116/8000 [06:10<38:49,  2.95it/s]phase1_shape_color_acc:  14%|█▍        | 1117/8000 [06:10<36:22,  3.15it/s]phase1_shape_color_acc:  14%|█▍        | 1118/8000 [06:10<36:18,  3.16it/s]phase1_shape_color_acc:  14%|█▍        | 1119/8000 [06:11<36:44,  3.12it/s]phase1_shape_color_acc:  14%|█▍        | 1120/8000 [06:11<37:36,  3.05it/s]phase1_shape_color_acc:  14%|█▍        | 1121/8000 [06:11<38:20,  2.99it/s]phase1_shape_color_acc:  14%|█▍        | 1122/8000 [06:12<38:45,  2.96it/s]phase1_shape_color_acc:  14%|█▍        | 1123/8000 [06:12<39:02,  2.94it/s]phase1_shape_color_acc:  14%|█▍        | 1124/8000 [06:12<39:11,  2.92it/s]phase1_shape_color_acc:  14%|█▍        | 1125/8000 [06:13<39:00,  2.94it/s]phase1_shape_color_acc:  14%|█▍        | 1126/8000 [06:13<34:07,  3.36it/s]phase1_shape_color_acc:  14%|█▍        | 1127/8000 [06:13<34:29,  3.32it/s]phase1_shape_color_acc:  14%|█▍        | 1128/8000 [06:13<34:17,  3.34it/s]phase1_shape_color_acc:  14%|█▍        | 1129/8000 [06:14<35:58,  3.18it/s]phase1_shape_color_acc:  14%|█▍        | 1130/8000 [06:14<37:14,  3.07it/s]phase1_shape_color_acc:  14%|█▍        | 1131/8000 [06:15<37:53,  3.02it/s]phase1_shape_color_acc:  14%|█▍        | 1132/8000 [06:15<38:22,  2.98it/s]phase1_shape_color_acc:  14%|█▍        | 1133/8000 [06:15<38:48,  2.95it/s]phase1_shape_color_acc:  14%|█▍        | 1134/8000 [06:16<39:03,  2.93it/s]phase1_shape_color_acc:  14%|█▍        | 1135/8000 [06:16<36:41,  3.12it/s]phase1_shape_color_acc:  14%|█▍        | 1136/8000 [06:16<36:20,  3.15it/s]phase1_shape_color_acc:  14%|█▍        | 1137/8000 [06:16<35:51,  3.19it/s]phase1_shape_color_acc:  14%|█▍        | 1138/8000 [06:17<37:00,  3.09it/s]phase1_shape_color_acc:  14%|█▍        | 1139/8000 [06:17<37:53,  3.02it/s]phase1_shape_color_acc:  14%|█▍        | 1140/8000 [06:17<38:20,  2.98it/s]phase1_shape_color_acc:  14%|█▍        | 1141/8000 [06:18<38:43,  2.95it/s]phase1_shape_color_acc:  14%|█▍        | 1142/8000 [06:18<38:58,  2.93it/s]phase1_shape_color_acc:  14%|█▍        | 1143/8000 [06:19<39:05,  2.92it/s]phase1_shape_color_acc:  14%|█▍        | 1144/8000 [06:19<38:02,  3.00it/s]phase1_shape_color_acc:  14%|█▍        | 1145/8000 [06:19<35:55,  3.18it/s]phase1_shape_color_acc:  14%|█▍        | 1146/8000 [06:19<35:44,  3.20it/s]phase1_shape_color_acc:  14%|█▍        | 1147/8000 [06:20<36:21,  3.14it/s]phase1_shape_color_acc:  14%|█▍        | 1148/8000 [06:20<37:23,  3.05it/s]phase1_shape_color_acc:  14%|█▍        | 1149/8000 [06:20<38:03,  3.00it/s]phase1_shape_color_acc:  14%|█▍        | 1150/8000 [06:21<38:30,  2.96it/s]phase1_shape_color_acc:  14%|█▍        | 1151/8000 [06:21<38:47,  2.94it/s]phase1_shape_color_acc:  14%|█▍        | 1152/8000 [06:21<38:59,  2.93it/s]phase1_shape_color_acc:  14%|█▍        | 1153/8000 [06:22<39:09,  2.91it/s]phase1_shape_color_acc:  14%|█▍        | 1154/8000 [06:22<36:22,  3.14it/s]phase1_shape_color_acc:  14%|█▍        | 1155/8000 [06:22<36:02,  3.17it/s]phase1_shape_color_acc:  14%|█▍        | 1156/8000 [06:23<36:18,  3.14it/s]phase1_shape_color_acc:  14%|█▍        | 1157/8000 [06:23<37:18,  3.06it/s]phase1_shape_color_acc:  14%|█▍        | 1158/8000 [06:23<38:06,  2.99it/s]phase1_shape_color_acc:  14%|█▍        | 1159/8000 [06:24<38:28,  2.96it/s]phase1_shape_color_acc:  14%|█▍        | 1160/8000 [06:24<38:44,  2.94it/s]phase1_shape_color_acc:  15%|█▍        | 1161/8000 [06:24<39:01,  2.92it/s]phase1_shape_color_acc:  15%|█▍        | 1162/8000 [06:25<39:05,  2.92it/s]phase1_shape_color_acc:  15%|█▍        | 1163/8000 [06:25<34:13,  3.33it/s]phase1_shape_color_acc:  15%|█▍        | 1164/8000 [06:25<34:00,  3.35it/s]phase1_shape_color_acc:  15%|█▍        | 1165/8000 [06:26<34:35,  3.29it/s]phase1_shape_color_acc:  15%|█▍        | 1166/8000 [06:26<35:51,  3.18it/s]phase1_shape_color_acc:  15%|█▍        | 1167/8000 [06:26<36:56,  3.08it/s]phase1_shape_color_acc:  15%|█▍        | 1168/8000 [06:27<37:39,  3.02it/s]phase1_shape_color_acc:  15%|█▍        | 1169/8000 [06:27<38:11,  2.98it/s]phase1_shape_color_acc:  15%|█▍        | 1170/8000 [06:27<38:32,  2.95it/s]phase1_shape_color_acc:  15%|█▍        | 1171/8000 [06:28<38:46,  2.93it/s]phase1_shape_color_acc:  15%|█▍        | 1172/8000 [06:28<38:34,  2.95it/s]phase1_shape_color_acc:  15%|█▍        | 1173/8000 [06:28<36:05,  3.15it/s]phase1_shape_color_acc:  15%|█▍        | 1174/8000 [06:29<35:50,  3.17it/s]phase1_shape_color_acc:  15%|█▍        | 1175/8000 [06:29<36:16,  3.14it/s]phase1_shape_color_acc:  15%|█▍        | 1176/8000 [06:29<37:18,  3.05it/s]phase1_shape_color_acc:  15%|█▍        | 1177/8000 [06:30<38:01,  2.99it/s]phase1_shape_color_acc:  15%|█▍        | 1178/8000 [06:30<38:25,  2.96it/s]phase1_shape_color_acc:  15%|█▍        | 1179/8000 [06:30<38:40,  2.94it/s]phase1_shape_color_acc:  15%|█▍        | 1180/8000 [06:31<38:50,  2.93it/s]phase1_shape_color_acc:  15%|█▍        | 1181/8000 [06:31<38:54,  2.92it/s]phase1_shape_color_acc:  15%|█▍        | 1182/8000 [06:31<36:24,  3.12it/s]phase1_shape_color_acc:  15%|█▍        | 1183/8000 [06:32<36:09,  3.14it/s]phase1_shape_color_acc:  15%|█▍        | 1184/8000 [06:32<36:34,  3.11it/s]phase1_shape_color_acc:  15%|█▍        | 1185/8000 [06:32<37:33,  3.02it/s]phase1_shape_color_acc:  15%|█▍        | 1186/8000 [06:33<38:05,  2.98it/s]phase1_shape_color_acc:  15%|█▍        | 1187/8000 [06:33<38:24,  2.96it/s]phase1_shape_color_acc:  15%|█▍        | 1188/8000 [06:33<38:39,  2.94it/s]phase1_shape_color_acc:  15%|█▍        | 1189/8000 [06:34<38:51,  2.92it/s]phase1_shape_color_acc:  15%|█▍        | 1190/8000 [06:34<38:31,  2.95it/s]phase1_shape_color_acc:  15%|█▍        | 1191/8000 [06:34<36:05,  3.15it/s]phase1_shape_color_acc:  15%|█▍        | 1192/8000 [06:35<35:54,  3.16it/s]phase1_shape_color_acc:  15%|█▍        | 1193/8000 [06:35<36:25,  3.11it/s]phase1_shape_color_acc:  15%|█▍        | 1194/8000 [06:35<37:24,  3.03it/s]phase1_shape_color_acc:  15%|█▍        | 1195/8000 [06:36<37:57,  2.99it/s]phase1_shape_color_acc:  15%|█▍        | 1196/8000 [06:36<38:18,  2.96it/s]phase1_shape_color_acc:  15%|█▍        | 1197/8000 [06:36<38:34,  2.94it/s]phase1_shape_color_acc:  15%|█▍        | 1198/8000 [06:37<38:42,  2.93it/s]phase1_shape_color_acc:  15%|█▍        | 1199/8000 [06:37<38:30,  2.94it/s]phase1_shape_color_acc:  15%|█▌        | 1200/8000 [06:37<34:04,  3.33it/s]phase1_shape_color_acc:  15%|█▌        | 1201/8000 [06:37<34:12,  3.31it/s]phase1_shape_color_acc:  15%|█▌        | 1202/8000 [06:38<34:54,  3.25it/s]phase1_shape_color_acc:  15%|█▌        | 1203/8000 [06:38<36:18,  3.12it/s]phase1_shape_color_acc:  15%|█▌        | 1204/8000 [06:39<37:14,  3.04it/s]phase1_shape_color_acc:  15%|█▌        | 1205/8000 [06:39<37:50,  2.99it/s]phase1_shape_color_acc:  15%|█▌        | 1206/8000 [06:39<38:13,  2.96it/s]phase1_shape_color_acc:  15%|█▌        | 1207/8000 [06:40<38:30,  2.94it/s]phase1_shape_color_acc:  15%|█▌        | 1208/8000 [06:40<38:41,  2.93it/s]phase1_shape_color_acc:  15%|█▌        | 1209/8000 [06:40<36:14,  3.12it/s]phase1_shape_color_acc:  15%|█▌        | 1210/8000 [06:40<35:50,  3.16it/s]phase1_shape_color_acc:  15%|█▌        | 1211/8000 [06:41<36:02,  3.14it/s]phase1_shape_color_acc:  15%|█▌        | 1212/8000 [06:41<37:05,  3.05it/s]phase1_shape_color_acc:  15%|█▌        | 1213/8000 [06:41<37:51,  2.99it/s]phase1_shape_color_acc:  15%|█▌        | 1214/8000 [06:42<38:13,  2.96it/s]phase1_shape_color_acc:  15%|█▌        | 1215/8000 [06:42<38:29,  2.94it/s]phase1_shape_color_acc:  15%|█▌        | 1216/8000 [06:43<38:39,  2.92it/s]phase1_shape_color_acc:  15%|█▌        | 1217/8000 [06:43<38:47,  2.91it/s]phase1_shape_color_acc:  15%|█▌        | 1218/8000 [06:43<36:00,  3.14it/s]phase1_shape_color_acc:  15%|█▌        | 1219/8000 [06:43<35:43,  3.16it/s]phase1_shape_color_acc:  15%|█▌        | 1220/8000 [06:44<36:01,  3.14it/s]phase1_shape_color_acc:  15%|█▌        | 1221/8000 [06:44<37:04,  3.05it/s]phase1_shape_color_acc:  15%|█▌        | 1222/8000 [06:44<37:43,  2.99it/s]phase1_shape_color_acc:  15%|█▌        | 1223/8000 [06:45<38:06,  2.96it/s]phase1_shape_color_acc:  15%|█▌        | 1224/8000 [06:45<38:22,  2.94it/s]phase1_shape_color_acc:  15%|█▌        | 1225/8000 [06:46<38:36,  2.93it/s]phase1_shape_color_acc:  15%|█▌        | 1226/8000 [06:46<38:41,  2.92it/s]phase1_shape_color_acc:  15%|█▌        | 1227/8000 [06:46<35:50,  3.15it/s]phase1_shape_color_acc:  15%|█▌        | 1228/8000 [06:46<35:38,  3.17it/s]phase1_shape_color_acc:  15%|█▌        | 1229/8000 [06:47<36:03,  3.13it/s]phase1_shape_color_acc:  15%|█▌        | 1230/8000 [06:47<37:00,  3.05it/s]phase1_shape_color_acc:  15%|█▌        | 1231/8000 [06:47<37:36,  3.00it/s]phase1_shape_color_acc:  15%|█▌        | 1232/8000 [06:48<38:01,  2.97it/s]phase1_shape_color_acc:  15%|█▌        | 1233/8000 [06:48<38:20,  2.94it/s]phase1_shape_color_acc:  15%|█▌        | 1234/8000 [06:48<38:29,  2.93it/s]phase1_shape_color_acc:  15%|█▌        | 1235/8000 [06:49<38:36,  2.92it/s]phase1_shape_color_acc:  15%|█▌        | 1236/8000 [06:49<35:19,  3.19it/s]phase1_shape_color_acc:  15%|█▌        | 1237/8000 [06:49<35:26,  3.18it/s]phase1_shape_color_acc:  15%|█▌        | 1238/8000 [06:50<35:17,  3.19it/s]phase1_shape_color_acc:  15%|█▌        | 1239/8000 [06:50<36:22,  3.10it/s]phase1_shape_color_acc:  16%|█▌        | 1240/8000 [06:50<37:17,  3.02it/s]phase1_shape_color_acc:  16%|█▌        | 1241/8000 [06:51<37:47,  2.98it/s]phase1_shape_color_acc:  16%|█▌        | 1242/8000 [06:51<38:09,  2.95it/s]phase1_shape_color_acc:  16%|█▌        | 1243/8000 [06:51<38:23,  2.93it/s]phase1_shape_color_acc:  16%|█▌        | 1244/8000 [06:52<38:32,  2.92it/s]phase1_shape_color_acc:  16%|█▌        | 1245/8000 [06:52<37:20,  3.01it/s]phase1_shape_color_acc:  16%|█▌        | 1246/8000 [06:52<36:48,  3.06it/s]phase1_shape_color_acc:  16%|█▌        | 1247/8000 [06:53<36:13,  3.11it/s]phase1_shape_color_acc:  16%|█▌        | 1248/8000 [06:53<37:05,  3.03it/s]phase1_shape_color_acc:  16%|█▌        | 1249/8000 [06:53<37:46,  2.98it/s]phase1_shape_color_acc:  16%|█▌        | 1250/8000 [06:54<38:07,  2.95it/s]phase1_shape_color_acc:  16%|█▌        | 1251/8000 [06:54<38:20,  2.93it/s]phase1_shape_color_acc:  16%|█▌        | 1252/8000 [06:54<38:29,  2.92it/s]phase1_shape_color_acc:  16%|█▌        | 1253/8000 [06:55<38:37,  2.91it/s]phase1_shape_color_acc:  16%|█▌        | 1254/8000 [06:55<36:24,  3.09it/s]phase1_shape_color_acc:  16%|█▌        | 1255/8000 [06:55<35:56,  3.13it/s]phase1_shape_color_acc:  16%|█▌        | 1256/8000 [06:56<35:17,  3.19it/s]phase1_shape_color_acc:  16%|█▌        | 1257/8000 [06:56<36:30,  3.08it/s]phase1_shape_color_acc:  16%|█▌        | 1258/8000 [06:56<37:21,  3.01it/s]phase1_shape_color_acc:  16%|█▌        | 1259/8000 [06:57<37:47,  2.97it/s]phase1_shape_color_acc:  16%|█▌        | 1260/8000 [06:57<38:05,  2.95it/s]phase1_shape_color_acc:  16%|█▌        | 1261/8000 [06:57<38:20,  2.93it/s]phase1_shape_color_acc:  16%|█▌        | 1262/8000 [06:58<38:31,  2.92it/s]phase1_shape_color_acc:  16%|█▌        | 1263/8000 [06:58<36:11,  3.10it/s]phase1_shape_color_acc:  16%|█▌        | 1264/8000 [06:58<34:06,  3.29it/s]phase1_shape_color_acc:  16%|█▌        | 1265/8000 [06:58<29:07,  3.85it/s]phase1_shape_color_acc:  16%|█▌        | 1266/8000 [06:59<28:20,  3.96it/s]phase1_shape_color_acc:  16%|█▌        | 1267/8000 [06:59<30:43,  3.65it/s]phase1_shape_color_acc:  16%|█▌        | 1268/8000 [06:59<33:09,  3.38it/s]phase1_shape_color_acc:  16%|█▌        | 1269/8000 [07:00<34:58,  3.21it/s]phase1_shape_color_acc:  16%|█▌        | 1270/8000 [07:00<36:08,  3.10it/s]phase1_shape_color_acc:  16%|█▌        | 1271/8000 [07:00<36:56,  3.04it/s]phase1_shape_color_acc:  16%|█▌        | 1272/8000 [07:01<37:28,  2.99it/s]phase1_shape_color_acc:  16%|█▌        | 1273/8000 [07:01<37:53,  2.96it/s]phase1_shape_color_acc:  16%|█▌        | 1274/8000 [07:01<35:29,  3.16it/s]phase1_shape_color_acc:  16%|█▌        | 1275/8000 [07:02<33:59,  3.30it/s]phase1_shape_color_acc:  16%|█▌        | 1276/8000 [07:02<34:10,  3.28it/s]phase1_shape_color_acc:  16%|█▌        | 1277/8000 [07:02<35:06,  3.19it/s]phase1_shape_color_acc:  16%|█▌        | 1278/8000 [07:03<36:18,  3.08it/s]phase1_shape_color_acc:  16%|█▌        | 1279/8000 [07:03<37:02,  3.02it/s]phase1_shape_color_acc:  16%|█▌        | 1280/8000 [07:03<37:30,  2.99it/s]phase1_shape_color_acc:  16%|█▌        | 1281/8000 [07:04<37:56,  2.95it/s]phase1_shape_color_acc:  16%|█▌        | 1282/8000 [07:04<38:23,  2.92it/s]phase1_shape_color_acc:  16%|█▌        | 1283/8000 [07:04<38:27,  2.91it/s]phase1_shape_color_acc:  16%|█▌        | 1284/8000 [07:05<35:40,  3.14it/s]phase1_shape_color_acc:  16%|█▌        | 1285/8000 [07:05<35:26,  3.16it/s]phase1_shape_color_acc:  16%|█▌        | 1286/8000 [07:05<35:45,  3.13it/s]phase1_shape_color_acc:  16%|█▌        | 1287/8000 [07:06<36:39,  3.05it/s]phase1_shape_color_acc:  16%|█▌        | 1288/8000 [07:06<37:21,  2.99it/s]phase1_shape_color_acc:  16%|█▌        | 1289/8000 [07:06<37:50,  2.96it/s]phase1_shape_color_acc:  16%|█▌        | 1290/8000 [07:07<38:02,  2.94it/s]phase1_shape_color_acc:  16%|█▌        | 1291/8000 [07:07<38:13,  2.93it/s]phase1_shape_color_acc:  16%|█▌        | 1292/8000 [07:07<38:20,  2.92it/s]phase1_shape_color_acc:  16%|█▌        | 1293/8000 [07:08<35:46,  3.12it/s]phase1_shape_color_acc:  16%|█▌        | 1294/8000 [07:08<35:24,  3.16it/s]phase1_shape_color_acc:  16%|█▌        | 1295/8000 [07:08<35:36,  3.14it/s]phase1_shape_color_acc:  16%|█▌        | 1296/8000 [07:09<36:31,  3.06it/s]phase1_shape_color_acc:  16%|█▌        | 1297/8000 [07:09<37:16,  3.00it/s]phase1_shape_color_acc:  16%|█▌        | 1298/8000 [07:09<37:44,  2.96it/s]phase1_shape_color_acc:  16%|█▌        | 1299/8000 [07:10<37:57,  2.94it/s]phase1_shape_color_acc:  16%|█▋        | 1300/8000 [07:10<38:08,  2.93it/s]phase1_shape_color_acc:  16%|█▋        | 1301/8000 [07:10<38:17,  2.92it/s]phase1_shape_color_acc:  16%|█▋        | 1302/8000 [07:11<35:54,  3.11it/s]phase1_shape_color_acc:  16%|█▋        | 1303/8000 [07:11<35:32,  3.14it/s]phase1_shape_color_acc:  16%|█▋        | 1304/8000 [07:11<34:55,  3.20it/s]phase1_shape_color_acc:  16%|█▋        | 1305/8000 [07:12<36:06,  3.09it/s]phase1_shape_color_acc:  16%|█▋        | 1306/8000 [07:12<36:57,  3.02it/s]phase1_shape_color_acc:  16%|█▋        | 1307/8000 [07:12<37:24,  2.98it/s]phase1_shape_color_acc:  16%|█▋        | 1308/8000 [07:13<37:46,  2.95it/s]phase1_shape_color_acc:  16%|█▋        | 1309/8000 [07:13<38:00,  2.93it/s]phase1_shape_color_acc:  16%|█▋        | 1310/8000 [07:13<38:08,  2.92it/s]phase1_shape_color_acc:  16%|█▋        | 1311/8000 [07:14<37:23,  2.98it/s]phase1_shape_color_acc:  16%|█▋        | 1312/8000 [07:14<33:33,  3.32it/s]phase1_shape_color_acc:  16%|█▋        | 1313/8000 [07:14<33:54,  3.29it/s]phase1_shape_color_acc:  16%|█▋        | 1314/8000 [07:14<34:39,  3.22it/s]phase1_shape_color_acc:  16%|█▋        | 1315/8000 [07:15<35:55,  3.10it/s]phase1_shape_color_acc:  16%|█▋        | 1316/8000 [07:15<36:52,  3.02it/s]phase1_shape_color_acc:  16%|█▋        | 1317/8000 [07:16<37:27,  2.97it/s]phase1_shape_color_acc:  16%|█▋        | 1318/8000 [07:16<37:42,  2.95it/s]phase1_shape_color_acc:  16%|█▋        | 1319/8000 [07:16<37:55,  2.94it/s]phase1_shape_color_acc:  16%|█▋        | 1320/8000 [07:17<38:05,  2.92it/s]phase1_shape_color_acc:  17%|█▋        | 1321/8000 [07:17<35:37,  3.12it/s]phase1_shape_color_acc:  17%|█▋        | 1322/8000 [07:17<35:15,  3.16it/s]phase1_shape_color_acc:  17%|█▋        | 1323/8000 [07:17<34:42,  3.21it/s]phase1_shape_color_acc:  17%|█▋        | 1324/8000 [07:18<35:58,  3.09it/s]phase1_shape_color_acc:  17%|█▋        | 1325/8000 [07:18<36:53,  3.02it/s]phase1_shape_color_acc:  17%|█▋        | 1326/8000 [07:18<37:18,  2.98it/s]phase1_shape_color_acc:  17%|█▋        | 1327/8000 [07:19<37:38,  2.95it/s]phase1_shape_color_acc:  17%|█▋        | 1328/8000 [07:19<37:52,  2.94it/s]phase1_shape_color_acc:  17%|█▋        | 1329/8000 [07:20<38:03,  2.92it/s]phase1_shape_color_acc:  17%|█▋        | 1330/8000 [07:20<37:06,  3.00it/s]phase1_shape_color_acc:  17%|█▋        | 1331/8000 [07:20<36:32,  3.04it/s]phase1_shape_color_acc:  17%|█▋        | 1332/8000 [07:20<35:54,  3.09it/s]phase1_shape_color_acc:  17%|█▋        | 1333/8000 [07:21<36:40,  3.03it/s]phase1_shape_color_acc:  17%|█▋        | 1334/8000 [07:21<37:18,  2.98it/s]phase1_shape_color_acc:  17%|█▋        | 1335/8000 [07:21<37:37,  2.95it/s]phase1_shape_color_acc:  17%|█▋        | 1336/8000 [07:22<37:49,  2.94it/s]phase1_shape_color_acc:  17%|█▋        | 1337/8000 [07:22<38:01,  2.92it/s]phase1_shape_color_acc:  17%|█▋        | 1338/8000 [07:23<38:04,  2.92it/s]phase1_shape_color_acc:  17%|█▋        | 1339/8000 [07:23<36:03,  3.08it/s]phase1_shape_color_acc:  17%|█▋        | 1340/8000 [07:23<35:34,  3.12it/s]phase1_shape_color_acc:  17%|█▋        | 1341/8000 [07:23<35:00,  3.17it/s]phase1_shape_color_acc:  17%|█▋        | 1342/8000 [07:24<35:59,  3.08it/s]phase1_shape_color_acc:  17%|█▋        | 1343/8000 [07:24<36:50,  3.01it/s]phase1_shape_color_acc:  17%|█▋        | 1344/8000 [07:24<37:16,  2.98it/s]phase1_shape_color_acc:  17%|█▋        | 1345/8000 [07:25<37:38,  2.95it/s]phase1_shape_color_acc:  17%|█▋        | 1346/8000 [07:25<37:50,  2.93it/s]phase1_shape_color_acc:  17%|█▋        | 1347/8000 [07:26<37:58,  2.92it/s]phase1_shape_color_acc:  17%|█▋        | 1348/8000 [07:26<36:55,  3.00it/s]phase1_shape_color_acc:  17%|█▋        | 1349/8000 [07:26<33:15,  3.33it/s]phase1_shape_color_acc:  17%|█▋        | 1350/8000 [07:26<33:30,  3.31it/s]phase1_shape_color_acc:  17%|█▋        | 1351/8000 [07:27<34:13,  3.24it/s]phase1_shape_color_acc:  17%|█▋        | 1352/8000 [07:27<35:26,  3.13it/s]phase1_shape_color_acc:  17%|█▋        | 1353/8000 [07:27<36:26,  3.04it/s]phase1_shape_color_acc:  17%|█▋        | 1354/8000 [07:28<37:00,  2.99it/s]phase1_shape_color_acc:  17%|█▋        | 1355/8000 [07:28<37:22,  2.96it/s]phase1_shape_color_acc:  17%|█▋        | 1356/8000 [07:28<37:38,  2.94it/s]phase1_shape_color_acc:  17%|█▋        | 1357/8000 [07:29<37:51,  2.92it/s]phase1_shape_color_acc:  17%|█▋        | 1358/8000 [07:29<35:16,  3.14it/s]phase1_shape_color_acc:  17%|█▋        | 1359/8000 [07:29<35:01,  3.16it/s]phase1_shape_color_acc:  17%|█▋        | 1360/8000 [07:30<34:28,  3.21it/s]phase1_shape_color_acc:  17%|█▋        | 1361/8000 [07:30<35:45,  3.09it/s]phase1_shape_color_acc:  17%|█▋        | 1362/8000 [07:30<36:35,  3.02it/s]phase1_shape_color_acc:  17%|█▋        | 1363/8000 [07:31<37:04,  2.98it/s]phase1_shape_color_acc:  17%|█▋        | 1364/8000 [07:31<37:24,  2.96it/s]phase1_shape_color_acc:  17%|█▋        | 1365/8000 [07:31<37:41,  2.93it/s]phase1_shape_color_acc:  17%|█▋        | 1366/8000 [07:32<37:52,  2.92it/s]phase1_shape_color_acc:  17%|█▋        | 1367/8000 [07:32<36:36,  3.02it/s]phase1_shape_color_acc:  17%|█▋        | 1368/8000 [07:32<36:06,  3.06it/s]phase1_shape_color_acc:  17%|█▋        | 1369/8000 [07:33<35:35,  3.11it/s]phase1_shape_color_acc:  17%|█▋        | 1370/8000 [07:33<36:22,  3.04it/s]phase1_shape_color_acc:  17%|█▋        | 1371/8000 [07:33<37:03,  2.98it/s]phase1_shape_color_acc:  17%|█▋        | 1372/8000 [07:34<37:21,  2.96it/s]phase1_shape_color_acc:  17%|█▋        | 1373/8000 [07:34<37:37,  2.94it/s]phase1_shape_color_acc:  17%|█▋        | 1374/8000 [07:34<37:47,  2.92it/s]phase1_shape_color_acc:  17%|█▋        | 1375/8000 [07:35<37:55,  2.91it/s]phase1_shape_color_acc:  17%|█▋        | 1376/8000 [07:35<36:50,  3.00it/s]phase1_shape_color_acc:  17%|█▋        | 1377/8000 [07:35<34:44,  3.18it/s]phase1_shape_color_acc:  17%|█▋        | 1378/8000 [07:36<34:34,  3.19it/s]phase1_shape_color_acc:  17%|█▋        | 1379/8000 [07:36<35:07,  3.14it/s]phase1_shape_color_acc:  17%|█▋        | 1380/8000 [07:36<36:07,  3.05it/s]phase1_shape_color_acc:  17%|█▋        | 1381/8000 [07:37<36:47,  3.00it/s]phase1_shape_color_acc:  17%|█▋        | 1382/8000 [07:37<37:12,  2.96it/s]phase1_shape_color_acc:  17%|█▋        | 1383/8000 [07:37<37:27,  2.94it/s]phase1_shape_color_acc:  17%|█▋        | 1384/8000 [07:38<37:38,  2.93it/s]phase1_shape_color_acc:  17%|█▋        | 1385/8000 [07:38<37:48,  2.92it/s]phase1_shape_color_acc:  17%|█▋        | 1386/8000 [07:38<33:18,  3.31it/s]phase1_shape_color_acc:  17%|█▋        | 1387/8000 [07:39<33:34,  3.28it/s]phase1_shape_color_acc:  17%|█▋        | 1388/8000 [07:39<33:45,  3.26it/s]phase1_shape_color_acc:  17%|█▋        | 1389/8000 [07:39<35:07,  3.14it/s]phase1_shape_color_acc:  17%|█▋        | 1390/8000 [07:40<36:08,  3.05it/s]phase1_shape_color_acc:  17%|█▋        | 1391/8000 [07:40<36:43,  3.00it/s]phase1_shape_color_acc:  17%|█▋        | 1392/8000 [07:40<37:07,  2.97it/s]phase1_shape_color_acc:  17%|█▋        | 1393/8000 [07:41<37:25,  2.94it/s]phase1_shape_color_acc:  17%|█▋        | 1394/8000 [07:41<37:34,  2.93it/s]phase1_shape_color_acc:  17%|█▋        | 1395/8000 [07:41<35:12,  3.13it/s]phase1_shape_color_acc:  17%|█▋        | 1396/8000 [07:42<34:55,  3.15it/s]phase1_shape_color_acc:  17%|█▋        | 1397/8000 [07:42<34:43,  3.17it/s]phase1_shape_color_acc:  17%|█▋        | 1398/8000 [07:42<35:50,  3.07it/s]phase1_shape_color_acc:  17%|█▋        | 1399/8000 [07:43<36:38,  3.00it/s]phase1_shape_color_acc:  18%|█▊        | 1400/8000 [07:43<37:01,  2.97it/s]phase1_shape_color_acc:  18%|█▊        | 1401/8000 [07:43<37:21,  2.94it/s]phase1_shape_color_acc:  18%|█▊        | 1402/8000 [07:44<37:34,  2.93it/s]phase1_shape_color_acc:  18%|█▊        | 1403/8000 [07:44<37:41,  2.92it/s]phase1_shape_color_acc:  18%|█▊        | 1404/8000 [07:44<36:42,  3.00it/s]phase1_shape_color_acc:  18%|█▊        | 1405/8000 [07:45<36:09,  3.04it/s]phase1_shape_color_acc:  18%|█▊        | 1406/8000 [07:45<35:30,  3.10it/s]phase1_shape_color_acc:  18%|█▊        | 1407/8000 [07:45<36:18,  3.03it/s]phase1_shape_color_acc:  18%|█▊        | 1408/8000 [07:46<36:57,  2.97it/s]phase1_shape_color_acc:  18%|█▊        | 1409/8000 [07:46<37:16,  2.95it/s]phase1_shape_color_acc:  18%|█▊        | 1410/8000 [07:46<37:26,  2.93it/s]phase1_shape_color_acc:  18%|█▊        | 1411/8000 [07:47<37:35,  2.92it/s]phase1_shape_color_acc:  18%|█▊        | 1412/8000 [07:47<37:41,  2.91it/s]phase1_shape_color_acc:  18%|█▊        | 1413/8000 [07:47<36:44,  2.99it/s]phase1_shape_color_acc:  18%|█▊        | 1414/8000 [07:48<36:16,  3.03it/s]phase1_shape_color_acc:  18%|█▊        | 1415/8000 [07:48<35:38,  3.08it/s]phase1_shape_color_acc:  18%|█▊        | 1416/8000 [07:48<36:18,  3.02it/s]phase1_shape_color_acc:  18%|█▊        | 1417/8000 [07:49<36:56,  2.97it/s]phase1_shape_color_acc:  18%|█▊        | 1418/8000 [07:49<37:15,  2.94it/s]phase1_shape_color_acc:  18%|█▊        | 1419/8000 [07:49<37:28,  2.93it/s]phase1_shape_color_acc:  18%|█▊        | 1420/8000 [07:50<37:35,  2.92it/s]phase1_shape_color_acc:  18%|█▊        | 1421/8000 [07:50<37:41,  2.91it/s]phase1_shape_color_acc:  18%|█▊        | 1422/8000 [07:50<35:15,  3.11it/s]phase1_shape_color_acc:  18%|█▊        | 1423/8000 [07:50<33:37,  3.26it/s]phase1_shape_color_acc:  18%|█▊        | 1424/8000 [07:51<33:42,  3.25it/s]phase1_shape_color_acc:  18%|█▊        | 1425/8000 [07:51<34:31,  3.17it/s]phase1_shape_color_acc:  18%|█▊        | 1426/8000 [07:51<35:40,  3.07it/s]phase1_shape_color_acc:  18%|█▊        | 1427/8000 [07:52<36:28,  3.00it/s]phase1_shape_color_acc:  18%|█▊        | 1428/8000 [07:52<36:55,  2.97it/s]phase1_shape_color_acc:  18%|█▊        | 1429/8000 [07:53<37:16,  2.94it/s]phase1_shape_color_acc:  18%|█▊        | 1430/8000 [07:53<37:29,  2.92it/s]phase1_shape_color_acc:  18%|█▊        | 1431/8000 [07:53<36:51,  2.97it/s]phase1_shape_color_acc:  18%|█▊        | 1432/8000 [07:53<34:31,  3.17it/s]phase1_shape_color_acc:  18%|█▊        | 1433/8000 [07:54<34:20,  3.19it/s]phase1_shape_color_acc:  18%|█▊        | 1434/8000 [07:54<34:57,  3.13it/s]phase1_shape_color_acc:  18%|█▊        | 1435/8000 [07:54<35:56,  3.04it/s]phase1_shape_color_acc:  18%|█▊        | 1436/8000 [07:55<36:29,  3.00it/s]phase1_shape_color_acc:  18%|█▊        | 1437/8000 [07:55<36:55,  2.96it/s]phase1_shape_color_acc:  18%|█▊        | 1438/8000 [07:55<37:13,  2.94it/s]phase1_shape_color_acc:  18%|█▊        | 1439/8000 [07:56<37:22,  2.93it/s]phase1_shape_color_acc:  18%|█▊        | 1440/8000 [07:56<37:29,  2.92it/s]phase1_shape_color_acc:  18%|█▊        | 1441/8000 [07:56<34:52,  3.13it/s]phase1_shape_color_acc:  18%|█▊        | 1442/8000 [07:57<34:28,  3.17it/s]phase1_shape_color_acc:  18%|█▊        | 1443/8000 [07:57<34:52,  3.13it/s]phase1_shape_color_acc:  18%|█▊        | 1444/8000 [07:57<35:51,  3.05it/s]phase1_shape_color_acc:  18%|█▊        | 1445/8000 [07:58<36:32,  2.99it/s]phase1_shape_color_acc:  18%|█▊        | 1446/8000 [07:58<36:55,  2.96it/s]phase1_shape_color_acc:  18%|█▊        | 1447/8000 [07:58<37:09,  2.94it/s]phase1_shape_color_acc:  18%|█▊        | 1448/8000 [07:59<37:19,  2.93it/s]phase1_shape_color_acc:  18%|█▊        | 1449/8000 [07:59<37:26,  2.92it/s]phase1_shape_color_acc:  18%|█▊        | 1450/8000 [07:59<34:58,  3.12it/s]phase1_shape_color_acc:  18%|█▊        | 1451/8000 [08:00<34:37,  3.15it/s]phase1_shape_color_acc:  18%|█▊        | 1452/8000 [08:00<34:58,  3.12it/s]phase1_shape_color_acc:  18%|█▊        | 1453/8000 [08:00<35:51,  3.04it/s]phase1_shape_color_acc:  18%|█▊        | 1454/8000 [08:01<36:27,  2.99it/s]phase1_shape_color_acc:  18%|█▊        | 1455/8000 [08:01<36:48,  2.96it/s]phase1_shape_color_acc:  18%|█▊        | 1456/8000 [08:01<37:02,  2.94it/s]phase1_shape_color_acc:  18%|█▊        | 1457/8000 [08:02<37:17,  2.92it/s]phase1_shape_color_acc:  18%|█▊        | 1458/8000 [08:02<37:24,  2.91it/s]phase1_shape_color_acc:  18%|█▊        | 1459/8000 [08:02<33:31,  3.25it/s]phase1_shape_color_acc:  18%|█▊        | 1460/8000 [08:03<33:45,  3.23it/s]phase1_shape_color_acc:  18%|█▊        | 1461/8000 [08:03<33:50,  3.22it/s]phase1_shape_color_acc:  18%|█▊        | 1462/8000 [08:03<35:00,  3.11it/s]phase1_shape_color_acc:  18%|█▊        | 1463/8000 [08:04<35:55,  3.03it/s]phase1_shape_color_acc:  18%|█▊        | 1464/8000 [08:04<36:24,  2.99it/s]phase1_shape_color_acc:  18%|█▊        | 1465/8000 [08:04<36:48,  2.96it/s]phase1_shape_color_acc:  18%|█▊        | 1466/8000 [08:05<37:05,  2.94it/s]phase1_shape_color_acc:  18%|█▊        | 1467/8000 [08:05<37:13,  2.92it/s]phase1_shape_color_acc:  18%|█▊        | 1468/8000 [08:05<35:59,  3.02it/s]phase1_shape_color_acc:  18%|█▊        | 1469/8000 [08:06<35:33,  3.06it/s]phase1_shape_color_acc:  18%|█▊        | 1470/8000 [08:06<34:57,  3.11it/s]phase1_shape_color_acc:  18%|█▊        | 1471/8000 [08:06<35:47,  3.04it/s]phase1_shape_color_acc:  18%|█▊        | 1472/8000 [08:07<36:31,  2.98it/s]phase1_shape_color_acc:  18%|█▊        | 1473/8000 [08:07<36:57,  2.94it/s]phase1_shape_color_acc:  18%|█▊        | 1474/8000 [08:07<37:06,  2.93it/s]phase1_shape_color_acc:  18%|█▊        | 1475/8000 [08:08<37:15,  2.92it/s]phase1_shape_color_acc:  18%|█▊        | 1476/8000 [08:08<37:19,  2.91it/s]phase1_shape_color_acc:  18%|█▊        | 1477/8000 [08:08<35:11,  3.09it/s]phase1_shape_color_acc:  18%|█▊        | 1478/8000 [08:09<34:42,  3.13it/s]phase1_shape_color_acc:  18%|█▊        | 1479/8000 [08:09<34:06,  3.19it/s]phase1_shape_color_acc:  18%|█▊        | 1480/8000 [08:09<35:11,  3.09it/s]phase1_shape_color_acc:  19%|█▊        | 1481/8000 [08:10<36:02,  3.01it/s]phase1_shape_color_acc:  19%|█▊        | 1482/8000 [08:10<36:30,  2.98it/s]phase1_shape_color_acc:  19%|█▊        | 1483/8000 [08:10<36:47,  2.95it/s]phase1_shape_color_acc:  19%|█▊        | 1484/8000 [08:11<37:00,  2.93it/s]phase1_shape_color_acc:  19%|█▊        | 1485/8000 [08:11<37:11,  2.92it/s]phase1_shape_color_acc:  19%|█▊        | 1486/8000 [08:11<35:05,  3.09it/s]phase1_shape_color_acc:  19%|█▊        | 1487/8000 [08:12<34:40,  3.13it/s]phase1_shape_color_acc:  19%|█▊        | 1488/8000 [08:12<34:01,  3.19it/s]phase1_shape_color_acc:  19%|█▊        | 1489/8000 [08:12<35:08,  3.09it/s]phase1_shape_color_acc:  19%|█▊        | 1490/8000 [08:13<36:00,  3.01it/s]phase1_shape_color_acc:  19%|█▊        | 1491/8000 [08:13<36:25,  2.98it/s]phase1_shape_color_acc:  19%|█▊        | 1492/8000 [08:13<36:43,  2.95it/s]phase1_shape_color_acc:  19%|█▊        | 1493/8000 [08:14<36:59,  2.93it/s]phase1_shape_color_acc:  19%|█▊        | 1494/8000 [08:14<37:07,  2.92it/s]phase1_shape_color_acc:  19%|█▊        | 1495/8000 [08:14<37:13,  2.91it/s]phase1_shape_color_acc:  19%|█▊        | 1496/8000 [08:15<32:46,  3.31it/s]phase1_shape_color_acc:  19%|█▊        | 1497/8000 [08:15<33:04,  3.28it/s]phase1_shape_color_acc:  19%|█▊        | 1498/8000 [08:15<33:29,  3.24it/s]phase1_shape_color_acc:  19%|█▊        | 1499/8000 [08:16<34:46,  3.12it/s]phase1_shape_color_acc:  19%|█▉        | 1500/8000 [08:16<35:42,  3.03it/s]phase1_shape_color_acc:  19%|█▉        | 1501/8000 [08:16<36:15,  2.99it/s]phase1_shape_color_acc:  19%|█▉        | 1502/8000 [08:17<36:34,  2.96it/s]phase1_shape_color_acc:  19%|█▉        | 1503/8000 [08:17<36:48,  2.94it/s]phase1_shape_color_acc:  19%|█▉        | 1504/8000 [08:17<36:58,  2.93it/s]phase1_shape_color_acc:  19%|█▉        | 1505/8000 [08:18<34:36,  3.13it/s]phase1_shape_color_acc:  19%|█▉        | 1506/8000 [08:18<34:14,  3.16it/s]phase1_shape_color_acc:  19%|█▉        | 1507/8000 [08:18<34:30,  3.14it/s]phase1_shape_color_acc:  19%|█▉        | 1508/8000 [08:19<35:32,  3.04it/s]phase1_shape_color_acc:  19%|█▉        | 1509/8000 [08:19<36:19,  2.98it/s]phase1_shape_color_acc:  19%|█▉        | 1510/8000 [08:19<36:44,  2.94it/s]phase1_shape_color_acc:  19%|█▉        | 1511/8000 [08:20<36:59,  2.92it/s]phase1_shape_color_acc:  19%|█▉        | 1512/8000 [08:20<37:07,  2.91it/s]phase1_shape_color_acc:  19%|█▉        | 1513/8000 [08:20<37:13,  2.91it/s]phase1_shape_color_acc:  19%|█▉        | 1514/8000 [08:21<34:52,  3.10it/s]phase1_shape_color_acc:  19%|█▉        | 1515/8000 [08:21<34:27,  3.14it/s]phase1_shape_color_acc:  19%|█▉        | 1516/8000 [08:21<33:50,  3.19it/s]phase1_shape_color_acc:  19%|█▉        | 1517/8000 [08:22<34:58,  3.09it/s]phase1_shape_color_acc:  19%|█▉        | 1518/8000 [08:22<35:46,  3.02it/s]phase1_shape_color_acc:  19%|█▉        | 1519/8000 [08:22<36:15,  2.98it/s]phase1_shape_color_acc:  19%|█▉        | 1520/8000 [08:23<36:32,  2.96it/s]phase1_shape_color_acc:  19%|█▉        | 1521/8000 [08:23<36:51,  2.93it/s]phase1_shape_color_acc:  19%|█▉        | 1522/8000 [08:23<36:56,  2.92it/s]phase1_shape_color_acc:  19%|█▉        | 1523/8000 [08:24<34:51,  3.10it/s]phase1_shape_color_acc:  19%|█▉        | 1524/8000 [08:24<34:25,  3.14it/s]phase1_shape_color_acc:  19%|█▉        | 1525/8000 [08:24<33:51,  3.19it/s]phase1_shape_color_acc:  19%|█▉        | 1526/8000 [08:24<34:53,  3.09it/s]phase1_shape_color_acc:  19%|█▉        | 1527/8000 [08:25<35:44,  3.02it/s]phase1_shape_color_acc:  19%|█▉        | 1528/8000 [08:25<36:13,  2.98it/s]phase1_shape_color_acc:  19%|█▉        | 1529/8000 [08:26<36:34,  2.95it/s]phase1_shape_color_acc:  19%|█▉        | 1530/8000 [08:26<36:44,  2.94it/s]phase1_shape_color_acc:  19%|█▉        | 1531/8000 [08:26<36:54,  2.92it/s]phase1_shape_color_acc:  19%|█▉        | 1532/8000 [08:27<36:01,  2.99it/s]phase1_shape_color_acc:  19%|█▉        | 1533/8000 [08:27<32:06,  3.36it/s]phase1_shape_color_acc:  19%|█▉        | 1534/8000 [08:27<32:25,  3.32it/s]phase1_shape_color_acc:  19%|█▉        | 1535/8000 [08:27<33:05,  3.26it/s]phase1_shape_color_acc:  19%|█▉        | 1536/8000 [08:28<34:21,  3.14it/s]phase1_shape_color_acc:  19%|█▉        | 1537/8000 [08:28<35:07,  3.07it/s]phase1_shape_color_acc:  19%|█▉        | 1538/8000 [08:28<35:45,  3.01it/s]phase1_shape_color_acc:  19%|█▉        | 1539/8000 [08:29<36:12,  2.97it/s]phase1_shape_color_acc:  19%|█▉        | 1540/8000 [08:29<36:30,  2.95it/s]phase1_shape_color_acc:  19%|█▉        | 1541/8000 [08:29<36:45,  2.93it/s]phase1_shape_color_acc:  19%|█▉        | 1542/8000 [08:30<34:20,  3.13it/s]phase1_shape_color_acc:  19%|█▉        | 1543/8000 [08:30<34:02,  3.16it/s]phase1_shape_color_acc:  19%|█▉        | 1544/8000 [08:30<34:17,  3.14it/s]phase1_shape_color_acc:  19%|█▉        | 1545/8000 [08:31<35:12,  3.06it/s]phase1_shape_color_acc:  19%|█▉        | 1546/8000 [08:31<35:38,  3.02it/s]phase1_shape_color_acc:  19%|█▉        | 1547/8000 [08:31<36:08,  2.98it/s]phase1_shape_color_acc:  19%|█▉        | 1548/8000 [08:32<36:25,  2.95it/s]phase1_shape_color_acc:  19%|█▉        | 1549/8000 [08:32<36:46,  2.92it/s]phase1_shape_color_acc:  19%|█▉        | 1550/8000 [08:32<36:57,  2.91it/s]phase1_shape_color_acc:  19%|█▉        | 1551/8000 [08:33<34:37,  3.10it/s]phase1_shape_color_acc:  19%|█▉        | 1552/8000 [08:33<34:21,  3.13it/s]phase1_shape_color_acc:  19%|█▉        | 1553/8000 [08:33<34:35,  3.11it/s]phase1_shape_color_acc:  19%|█▉        | 1554/8000 [08:34<35:29,  3.03it/s]phase1_shape_color_acc:  19%|█▉        | 1555/8000 [08:34<35:52,  2.99it/s]phase1_shape_color_acc:  19%|█▉        | 1556/8000 [08:34<36:17,  2.96it/s]phase1_shape_color_acc:  19%|█▉        | 1557/8000 [08:35<36:38,  2.93it/s]phase1_shape_color_acc:  19%|█▉        | 1558/8000 [08:35<36:46,  2.92it/s]phase1_shape_color_acc:  19%|█▉        | 1559/8000 [08:35<36:52,  2.91it/s]phase1_shape_color_acc:  20%|█▉        | 1560/8000 [08:36<34:22,  3.12it/s]phase1_shape_color_acc:  20%|█▉        | 1561/8000 [08:36<34:10,  3.14it/s]phase1_shape_color_acc:  20%|█▉        | 1562/8000 [08:36<34:23,  3.12it/s]phase1_shape_color_acc:  20%|█▉        | 1563/8000 [08:37<35:19,  3.04it/s]phase1_shape_color_acc:  20%|█▉        | 1564/8000 [08:37<35:43,  3.00it/s]phase1_shape_color_acc:  20%|█▉        | 1565/8000 [08:37<36:08,  2.97it/s]phase1_shape_color_acc:  20%|█▉        | 1566/8000 [08:38<36:26,  2.94it/s]phase1_shape_color_acc:  20%|█▉        | 1567/8000 [08:38<36:37,  2.93it/s]phase1_shape_color_acc:  20%|█▉        | 1568/8000 [08:38<36:45,  2.92it/s]phase1_shape_color_acc:  20%|█▉        | 1569/8000 [08:39<36:31,  2.93it/s]phase1_shape_color_acc:  20%|█▉        | 1570/8000 [08:39<33:37,  3.19it/s]phase1_shape_color_acc:  20%|█▉        | 1571/8000 [08:39<33:47,  3.17it/s]phase1_shape_color_acc:  20%|█▉        | 1572/8000 [08:40<33:43,  3.18it/s]phase1_shape_color_acc:  20%|█▉        | 1573/8000 [08:40<34:43,  3.08it/s]phase1_shape_color_acc:  20%|█▉        | 1574/8000 [08:40<35:29,  3.02it/s]phase1_shape_color_acc:  20%|█▉        | 1575/8000 [08:41<35:56,  2.98it/s]phase1_shape_color_acc:  20%|█▉        | 1576/8000 [08:41<36:15,  2.95it/s]phase1_shape_color_acc:  20%|█▉        | 1577/8000 [08:41<36:29,  2.93it/s]phase1_shape_color_acc:  20%|█▉        | 1578/8000 [08:42<36:38,  2.92it/s]phase1_shape_color_acc:  20%|█▉        | 1579/8000 [08:42<34:44,  3.08it/s]phase1_shape_color_acc:  20%|█▉        | 1580/8000 [08:42<34:16,  3.12it/s]phase1_shape_color_acc:  20%|█▉        | 1581/8000 [08:43<33:40,  3.18it/s]phase1_shape_color_acc:  20%|█▉        | 1582/8000 [08:43<34:45,  3.08it/s]phase1_shape_color_acc:  20%|█▉        | 1583/8000 [08:43<35:33,  3.01it/s]phase1_shape_color_acc:  20%|█▉        | 1584/8000 [08:44<35:58,  2.97it/s]phase1_shape_color_acc:  20%|█▉        | 1585/8000 [08:44<36:16,  2.95it/s]phase1_shape_color_acc:  20%|█▉        | 1586/8000 [08:44<36:25,  2.93it/s]phase1_shape_color_acc:  20%|█▉        | 1587/8000 [08:45<36:36,  2.92it/s]phase1_shape_color_acc:  20%|█▉        | 1588/8000 [08:45<35:37,  3.00it/s]phase1_shape_color_acc:  20%|█▉        | 1589/8000 [08:45<34:45,  3.07it/s]phase1_shape_color_acc:  20%|█▉        | 1590/8000 [08:46<34:14,  3.12it/s]phase1_shape_color_acc:  20%|█▉        | 1591/8000 [08:46<34:48,  3.07it/s]phase1_shape_color_acc:  20%|█▉        | 1592/8000 [08:46<35:33,  3.00it/s]phase1_shape_color_acc:  20%|█▉        | 1593/8000 [08:47<36:00,  2.97it/s]phase1_shape_color_acc:  20%|█▉        | 1594/8000 [08:47<36:17,  2.94it/s]phase1_shape_color_acc:  20%|█▉        | 1595/8000 [08:47<36:28,  2.93it/s]phase1_shape_color_acc:  20%|█▉        | 1596/8000 [08:48<36:35,  2.92it/s]phase1_shape_color_acc:  20%|█▉        | 1597/8000 [08:48<35:01,  3.05it/s]phase1_shape_color_acc:  20%|█▉        | 1598/8000 [08:48<34:36,  3.08it/s]phase1_shape_color_acc:  20%|█▉        | 1599/8000 [08:49<34:10,  3.12it/s]phase1_shape_color_acc:  20%|██        | 1600/8000 [08:49<35:01,  3.05it/s]phase1_shape_color_acc:  20%|██        | 1601/8000 [08:49<35:50,  2.98it/s]phase1_shape_color_acc:  20%|██        | 1602/8000 [08:50<36:21,  2.93it/s]phase1_shape_color_acc:  20%|██        | 1603/8000 [08:50<36:28,  2.92it/s]phase1_shape_color_acc:  20%|██        | 1604/8000 [08:50<36:35,  2.91it/s]phase1_shape_color_acc:  20%|██        | 1605/8000 [08:51<36:39,  2.91it/s]phase1_shape_color_acc:  20%|██        | 1606/8000 [08:51<34:56,  3.05it/s]phase1_shape_color_acc:  20%|██        | 1607/8000 [08:51<33:13,  3.21it/s]phase1_shape_color_acc:  20%|██        | 1608/8000 [08:52<33:12,  3.21it/s]phase1_shape_color_acc:  20%|██        | 1609/8000 [08:52<33:45,  3.15it/s]phase1_shape_color_acc:  20%|██        | 1610/8000 [08:52<34:47,  3.06it/s]phase1_shape_color_acc:  20%|██        | 1611/8000 [08:53<35:29,  3.00it/s]phase1_shape_color_acc:  20%|██        | 1612/8000 [08:53<35:52,  2.97it/s]phase1_shape_color_acc:  20%|██        | 1613/8000 [08:53<36:09,  2.94it/s]phase1_shape_color_acc:  20%|██        | 1614/8000 [08:54<36:23,  2.93it/s]phase1_shape_color_acc:  20%|██        | 1615/8000 [08:54<36:29,  2.92it/s]phase1_shape_color_acc:  20%|██        | 1616/8000 [08:54<33:51,  3.14it/s]phase1_shape_color_acc:  20%|██        | 1617/8000 [08:55<33:39,  3.16it/s]phase1_shape_color_acc:  20%|██        | 1618/8000 [08:55<34:03,  3.12it/s]phase1_shape_color_acc:  20%|██        | 1619/8000 [08:55<34:51,  3.05it/s]phase1_shape_color_acc:  20%|██        | 1620/8000 [08:56<35:31,  2.99it/s]phase1_shape_color_acc:  20%|██        | 1621/8000 [08:56<35:55,  2.96it/s]phase1_shape_color_acc:  20%|██        | 1622/8000 [08:56<36:06,  2.94it/s]phase1_shape_color_acc:  20%|██        | 1623/8000 [08:57<36:18,  2.93it/s]phase1_shape_color_acc:  20%|██        | 1624/8000 [08:57<36:25,  2.92it/s]phase1_shape_color_acc:  20%|██        | 1625/8000 [08:57<33:55,  3.13it/s]phase1_shape_color_acc:  20%|██        | 1626/8000 [08:58<33:47,  3.14it/s]phase1_shape_color_acc:  20%|██        | 1627/8000 [08:58<34:10,  3.11it/s]phase1_shape_color_acc:  20%|██        | 1628/8000 [08:58<35:06,  3.03it/s]phase1_shape_color_acc:  20%|██        | 1629/8000 [08:59<35:46,  2.97it/s]phase1_shape_color_acc:  20%|██        | 1630/8000 [08:59<36:00,  2.95it/s]phase1_shape_color_acc:  20%|██        | 1631/8000 [08:59<36:13,  2.93it/s]phase1_shape_color_acc:  20%|██        | 1632/8000 [09:00<36:20,  2.92it/s]phase1_shape_color_acc:  20%|██        | 1633/8000 [09:00<36:28,  2.91it/s]phase1_shape_color_acc:  20%|██        | 1634/8000 [09:00<33:52,  3.13it/s]phase1_shape_color_acc:  20%|██        | 1635/8000 [09:01<33:35,  3.16it/s]phase1_shape_color_acc:  20%|██        | 1636/8000 [09:01<33:44,  3.14it/s]phase1_shape_color_acc:  20%|██        | 1637/8000 [09:01<34:38,  3.06it/s]phase1_shape_color_acc:  20%|██        | 1638/8000 [09:02<35:22,  3.00it/s]phase1_shape_color_acc:  20%|██        | 1639/8000 [09:02<35:47,  2.96it/s]phase1_shape_color_acc:  20%|██        | 1640/8000 [09:02<36:04,  2.94it/s]phase1_shape_color_acc:  21%|██        | 1641/8000 [09:03<36:18,  2.92it/s]phase1_shape_color_acc:  21%|██        | 1642/8000 [09:03<36:25,  2.91it/s]phase1_shape_color_acc:  21%|██        | 1643/8000 [09:03<33:01,  3.21it/s]phase1_shape_color_acc:  21%|██        | 1644/8000 [09:03<32:58,  3.21it/s]phase1_shape_color_acc:  21%|██        | 1645/8000 [09:04<32:55,  3.22it/s]phase1_shape_color_acc:  21%|██        | 1646/8000 [09:04<34:07,  3.10it/s]phase1_shape_color_acc:  21%|██        | 1647/8000 [09:04<34:59,  3.03it/s]phase1_shape_color_acc:  21%|██        | 1648/8000 [09:05<35:28,  2.98it/s]phase1_shape_color_acc:  21%|██        | 1649/8000 [09:05<35:49,  2.95it/s]phase1_shape_color_acc:  21%|██        | 1650/8000 [09:06<36:04,  2.93it/s]phase1_shape_color_acc:  21%|██        | 1651/8000 [09:06<36:12,  2.92it/s]phase1_shape_color_acc:  21%|██        | 1652/8000 [09:06<35:00,  3.02it/s]phase1_shape_color_acc:  21%|██        | 1653/8000 [09:06<34:37,  3.06it/s]phase1_shape_color_acc:  21%|██        | 1654/8000 [09:07<34:00,  3.11it/s]phase1_shape_color_acc:  21%|██        | 1655/8000 [09:07<34:44,  3.04it/s]phase1_shape_color_acc:  21%|██        | 1656/8000 [09:07<35:24,  2.99it/s]phase1_shape_color_acc:  21%|██        | 1657/8000 [09:08<35:45,  2.96it/s]phase1_shape_color_acc:  21%|██        | 1658/8000 [09:08<36:00,  2.94it/s]phase1_shape_color_acc:  21%|██        | 1659/8000 [09:09<36:10,  2.92it/s]phase1_shape_color_acc:  21%|██        | 1660/8000 [09:09<36:15,  2.91it/s]phase1_shape_color_acc:  21%|██        | 1661/8000 [09:09<34:19,  3.08it/s]phase1_shape_color_acc:  21%|██        | 1662/8000 [09:09<33:49,  3.12it/s]phase1_shape_color_acc:  21%|██        | 1663/8000 [09:10<33:12,  3.18it/s]phase1_shape_color_acc:  21%|██        | 1664/8000 [09:10<34:14,  3.08it/s]phase1_shape_color_acc:  21%|██        | 1665/8000 [09:10<35:03,  3.01it/s]phase1_shape_color_acc:  21%|██        | 1666/8000 [09:11<35:29,  2.97it/s]phase1_shape_color_acc:  21%|██        | 1667/8000 [09:11<35:46,  2.95it/s]phase1_shape_color_acc:  21%|██        | 1668/8000 [09:12<36:00,  2.93it/s]phase1_shape_color_acc:  21%|██        | 1669/8000 [09:12<36:13,  2.91it/s]phase1_shape_color_acc:  21%|██        | 1670/8000 [09:12<34:07,  3.09it/s]phase1_shape_color_acc:  21%|██        | 1671/8000 [09:12<33:43,  3.13it/s]phase1_shape_color_acc:  21%|██        | 1672/8000 [09:13<33:08,  3.18it/s]phase1_shape_color_acc:  21%|██        | 1673/8000 [09:13<34:12,  3.08it/s]phase1_shape_color_acc:  21%|██        | 1674/8000 [09:13<35:01,  3.01it/s]phase1_shape_color_acc:  21%|██        | 1675/8000 [09:14<35:26,  2.97it/s]phase1_shape_color_acc:  21%|██        | 1676/8000 [09:14<35:44,  2.95it/s]phase1_shape_color_acc:  21%|██        | 1677/8000 [09:14<35:57,  2.93it/s]phase1_shape_color_acc:  21%|██        | 1678/8000 [09:15<36:06,  2.92it/s]phase1_shape_color_acc:  21%|██        | 1679/8000 [09:15<35:15,  2.99it/s]phase1_shape_color_acc:  21%|██        | 1680/8000 [09:15<31:39,  3.33it/s]phase1_shape_color_acc:  21%|██        | 1681/8000 [09:16<32:00,  3.29it/s]phase1_shape_color_acc:  21%|██        | 1682/8000 [09:16<32:42,  3.22it/s]phase1_shape_color_acc:  21%|██        | 1683/8000 [09:16<33:49,  3.11it/s]phase1_shape_color_acc:  21%|██        | 1684/8000 [09:17<34:41,  3.03it/s]phase1_shape_color_acc:  21%|██        | 1685/8000 [09:17<35:13,  2.99it/s]phase1_shape_color_acc:  21%|██        | 1686/8000 [09:17<35:31,  2.96it/s]phase1_shape_color_acc:  21%|██        | 1687/8000 [09:18<35:46,  2.94it/s]phase1_shape_color_acc:  21%|██        | 1688/8000 [09:18<35:57,  2.93it/s]phase1_shape_color_acc:  21%|██        | 1689/8000 [09:18<33:58,  3.10it/s]phase1_shape_color_acc:  21%|██        | 1690/8000 [09:19<33:32,  3.14it/s]phase1_shape_color_acc:  21%|██        | 1691/8000 [09:19<32:56,  3.19it/s]phase1_shape_color_acc:  21%|██        | 1692/8000 [09:19<33:59,  3.09it/s]phase1_shape_color_acc:  21%|██        | 1693/8000 [09:20<34:51,  3.02it/s]phase1_shape_color_acc:  21%|██        | 1694/8000 [09:20<35:19,  2.98it/s]phase1_shape_color_acc:  21%|██        | 1695/8000 [09:20<35:41,  2.94it/s]phase1_shape_color_acc:  21%|██        | 1696/8000 [09:21<35:55,  2.92it/s]phase1_shape_color_acc:  21%|██        | 1697/8000 [09:21<36:08,  2.91it/s]phase1_shape_color_acc:  21%|██        | 1698/8000 [09:21<33:53,  3.10it/s]phase1_shape_color_acc:  21%|██        | 1699/8000 [09:22<33:26,  3.14it/s]phase1_shape_color_acc:  21%|██▏       | 1700/8000 [09:22<32:51,  3.20it/s]phase1_shape_color_acc:  21%|██▏       | 1701/8000 [09:22<34:04,  3.08it/s]phase1_shape_color_acc:  21%|██▏       | 1702/8000 [09:23<34:51,  3.01it/s]phase1_shape_color_acc:  21%|██▏       | 1703/8000 [09:23<35:18,  2.97it/s]phase1_shape_color_acc:  21%|██▏       | 1704/8000 [09:23<35:37,  2.95it/s]phase1_shape_color_acc:  21%|██▏       | 1705/8000 [09:24<35:51,  2.93it/s]phase1_shape_color_acc:  21%|██▏       | 1706/8000 [09:24<35:55,  2.92it/s]phase1_shape_color_acc:  21%|██▏       | 1707/8000 [09:24<33:47,  3.10it/s]phase1_shape_color_acc:  21%|██▏       | 1708/8000 [09:25<33:27,  3.13it/s]phase1_shape_color_acc:  21%|██▏       | 1709/8000 [09:25<32:56,  3.18it/s]phase1_shape_color_acc:  21%|██▏       | 1710/8000 [09:25<34:01,  3.08it/s]phase1_shape_color_acc:  21%|██▏       | 1711/8000 [09:26<34:48,  3.01it/s]phase1_shape_color_acc:  21%|██▏       | 1712/8000 [09:26<35:12,  2.98it/s]phase1_shape_color_acc:  21%|██▏       | 1713/8000 [09:26<35:32,  2.95it/s]phase1_shape_color_acc:  21%|██▏       | 1714/8000 [09:27<35:45,  2.93it/s]phase1_shape_color_acc:  21%|██▏       | 1715/8000 [09:27<35:52,  2.92it/s]phase1_shape_color_acc:  21%|██▏       | 1716/8000 [09:27<33:27,  3.13it/s]phase1_shape_color_acc:  21%|██▏       | 1717/8000 [09:28<31:48,  3.29it/s]phase1_shape_color_acc:  21%|██▏       | 1718/8000 [09:28<32:03,  3.27it/s]phase1_shape_color_acc:  21%|██▏       | 1719/8000 [09:28<32:43,  3.20it/s]phase1_shape_color_acc:  22%|██▏       | 1720/8000 [09:29<33:45,  3.10it/s]phase1_shape_color_acc:  22%|██▏       | 1721/8000 [09:29<34:32,  3.03it/s]phase1_shape_color_acc:  22%|██▏       | 1722/8000 [09:29<34:59,  2.99it/s]phase1_shape_color_acc:  22%|██▏       | 1723/8000 [09:30<35:18,  2.96it/s]phase1_shape_color_acc:  22%|██▏       | 1724/8000 [09:30<35:32,  2.94it/s]phase1_shape_color_acc:  22%|██▏       | 1725/8000 [09:30<35:45,  2.92it/s]phase1_shape_color_acc:  22%|██▏       | 1726/8000 [09:30<33:09,  3.15it/s]phase1_shape_color_acc:  22%|██▏       | 1727/8000 [09:31<32:57,  3.17it/s]phase1_shape_color_acc:  22%|██▏       | 1728/8000 [09:31<33:24,  3.13it/s]phase1_shape_color_acc:  22%|██▏       | 1729/8000 [09:31<34:18,  3.05it/s]phase1_shape_color_acc:  22%|██▏       | 1730/8000 [09:32<34:51,  3.00it/s]phase1_shape_color_acc:  22%|██▏       | 1731/8000 [09:32<35:14,  2.96it/s]phase1_shape_color_acc:  22%|██▏       | 1732/8000 [09:33<35:29,  2.94it/s]phase1_shape_color_acc:  22%|██▏       | 1733/8000 [09:33<35:40,  2.93it/s]phase1_shape_color_acc:  22%|██▏       | 1734/8000 [09:33<35:45,  2.92it/s]phase1_shape_color_acc:  22%|██▏       | 1735/8000 [09:33<33:08,  3.15it/s]phase1_shape_color_acc:  22%|██▏       | 1736/8000 [09:34<32:40,  3.20it/s]phase1_shape_color_acc:  22%|██▏       | 1737/8000 [09:34<33:04,  3.16it/s]phase1_shape_color_acc:  22%|██▏       | 1738/8000 [09:34<33:57,  3.07it/s]phase1_shape_color_acc:  22%|██▏       | 1739/8000 [09:35<34:36,  3.02it/s]phase1_shape_color_acc:  22%|██▏       | 1740/8000 [09:35<35:03,  2.98it/s]phase1_shape_color_acc:  22%|██▏       | 1741/8000 [09:35<35:22,  2.95it/s]phase1_shape_color_acc:  22%|██▏       | 1742/8000 [09:36<35:35,  2.93it/s]phase1_shape_color_acc:  22%|██▏       | 1743/8000 [09:36<35:42,  2.92it/s]phase1_shape_color_acc:  22%|██▏       | 1744/8000 [09:36<33:04,  3.15it/s]phase1_shape_color_acc:  22%|██▏       | 1745/8000 [09:37<32:52,  3.17it/s]phase1_shape_color_acc:  22%|██▏       | 1746/8000 [09:37<33:00,  3.16it/s]phase1_shape_color_acc:  22%|██▏       | 1747/8000 [09:37<33:54,  3.07it/s]phase1_shape_color_acc:  22%|██▏       | 1748/8000 [09:38<34:37,  3.01it/s]phase1_shape_color_acc:  22%|██▏       | 1749/8000 [09:38<35:05,  2.97it/s]phase1_shape_color_acc:  22%|██▏       | 1750/8000 [09:38<35:20,  2.95it/s]phase1_shape_color_acc:  22%|██▏       | 1751/8000 [09:39<35:31,  2.93it/s]phase1_shape_color_acc:  22%|██▏       | 1752/8000 [09:39<35:39,  2.92it/s]phase1_shape_color_acc:  22%|██▏       | 1753/8000 [09:39<32:16,  3.23it/s]phase1_shape_color_acc:  22%|██▏       | 1754/8000 [09:40<31:35,  3.29it/s]phase1_shape_color_acc:  22%|██▏       | 1755/8000 [09:40<31:47,  3.27it/s]phase1_shape_color_acc:  22%|██▏       | 1756/8000 [09:40<32:48,  3.17it/s]phase1_shape_color_acc:  22%|██▏       | 1757/8000 [09:41<33:54,  3.07it/s]phase1_shape_color_acc:  22%|██▏       | 1758/8000 [09:41<34:28,  3.02it/s]phase1_shape_color_acc:  22%|██▏       | 1759/8000 [09:41<34:56,  2.98it/s]phase1_shape_color_acc:  22%|██▏       | 1760/8000 [09:42<35:14,  2.95it/s]phase1_shape_color_acc:  22%|██▏       | 1761/8000 [09:42<35:32,  2.93it/s]phase1_shape_color_acc:  22%|██▏       | 1762/8000 [09:42<34:04,  3.05it/s]phase1_shape_color_acc:  22%|██▏       | 1763/8000 [09:43<33:42,  3.08it/s]phase1_shape_color_acc:  22%|██▏       | 1764/8000 [09:43<33:19,  3.12it/s]phase1_shape_color_acc:  22%|██▏       | 1765/8000 [09:43<34:09,  3.04it/s]phase1_shape_color_acc:  22%|██▏       | 1766/8000 [09:44<34:45,  2.99it/s]phase1_shape_color_acc:  22%|██▏       | 1767/8000 [09:44<35:06,  2.96it/s]phase1_shape_color_acc:  22%|██▏       | 1768/8000 [09:44<35:19,  2.94it/s]phase1_shape_color_acc:  22%|██▏       | 1769/8000 [09:45<35:31,  2.92it/s]phase1_shape_color_acc:  22%|██▏       | 1770/8000 [09:45<35:34,  2.92it/s]phase1_shape_color_acc:  22%|██▏       | 1771/8000 [09:45<33:27,  3.10it/s]phase1_shape_color_acc:  22%|██▏       | 1772/8000 [09:46<33:07,  3.13it/s]phase1_shape_color_acc:  22%|██▏       | 1773/8000 [09:46<32:52,  3.16it/s]phase1_shape_color_acc:  22%|██▏       | 1774/8000 [09:46<33:45,  3.07it/s]phase1_shape_color_acc:  22%|██▏       | 1775/8000 [09:47<34:31,  3.01it/s]phase1_shape_color_acc:  22%|██▏       | 1776/8000 [09:47<34:52,  2.97it/s]phase1_shape_color_acc:  22%|██▏       | 1777/8000 [09:47<35:11,  2.95it/s]phase1_shape_color_acc:  22%|██▏       | 1778/8000 [09:48<35:20,  2.93it/s]phase1_shape_color_acc:  22%|██▏       | 1779/8000 [09:48<35:28,  2.92it/s]phase1_shape_color_acc:  22%|██▏       | 1780/8000 [09:48<33:18,  3.11it/s]phase1_shape_color_acc:  22%|██▏       | 1781/8000 [09:49<33:02,  3.14it/s]phase1_shape_color_acc:  22%|██▏       | 1782/8000 [09:49<32:42,  3.17it/s]phase1_shape_color_acc:  22%|██▏       | 1783/8000 [09:49<33:37,  3.08it/s]phase1_shape_color_acc:  22%|██▏       | 1784/8000 [09:50<34:32,  3.00it/s]phase1_shape_color_acc:  22%|██▏       | 1785/8000 [09:50<34:58,  2.96it/s]phase1_shape_color_acc:  22%|██▏       | 1786/8000 [09:50<35:10,  2.94it/s]phase1_shape_color_acc:  22%|██▏       | 1787/8000 [09:51<35:20,  2.93it/s]phase1_shape_color_acc:  22%|██▏       | 1788/8000 [09:51<35:26,  2.92it/s]phase1_shape_color_acc:  22%|██▏       | 1789/8000 [09:51<33:02,  3.13it/s]phase1_shape_color_acc:  22%|██▏       | 1790/8000 [09:52<31:34,  3.28it/s]phase1_shape_color_acc:  22%|██▏       | 1791/8000 [09:52<31:24,  3.30it/s]phase1_shape_color_acc:  22%|██▏       | 1792/8000 [09:52<32:05,  3.22it/s]phase1_shape_color_acc:  22%|██▏       | 1793/8000 [09:53<33:14,  3.11it/s]phase1_shape_color_acc:  22%|██▏       | 1794/8000 [09:53<34:01,  3.04it/s]phase1_shape_color_acc:  22%|██▏       | 1795/8000 [09:53<34:32,  2.99it/s]phase1_shape_color_acc:  22%|██▏       | 1796/8000 [09:54<34:51,  2.97it/s]phase1_shape_color_acc:  22%|██▏       | 1797/8000 [09:54<35:09,  2.94it/s]phase1_shape_color_acc:  22%|██▏       | 1798/8000 [09:54<35:21,  2.92it/s]phase1_shape_color_acc:  22%|██▏       | 1799/8000 [09:54<32:41,  3.16it/s]phase1_shape_color_acc:  22%|██▎       | 1800/8000 [09:55<32:27,  3.18it/s]phase1_shape_color_acc:  23%|██▎       | 1801/8000 [09:55<32:41,  3.16it/s]phase1_shape_color_acc:  23%|██▎       | 1802/8000 [09:55<33:38,  3.07it/s]phase1_shape_color_acc:  23%|██▎       | 1803/8000 [09:56<34:15,  3.01it/s]phase1_shape_color_acc:  23%|██▎       | 1804/8000 [09:56<34:41,  2.98it/s]phase1_shape_color_acc:  23%|██▎       | 1805/8000 [09:57<35:00,  2.95it/s]phase1_shape_color_acc:  23%|██▎       | 1806/8000 [09:57<35:13,  2.93it/s]phase1_shape_color_acc:  23%|██▎       | 1807/8000 [09:57<35:21,  2.92it/s]phase1_shape_color_acc:  23%|██▎       | 1808/8000 [09:57<32:33,  3.17it/s]phase1_shape_color_acc:  23%|██▎       | 1809/8000 [09:58<32:22,  3.19it/s]phase1_shape_color_acc:  23%|██▎       | 1810/8000 [09:58<32:36,  3.16it/s]phase1_shape_color_acc:  23%|██▎       | 1811/8000 [09:58<33:32,  3.08it/s]phase1_shape_color_acc:  23%|██▎       | 1812/8000 [09:59<34:17,  3.01it/s]phase1_shape_color_acc:  23%|██▎       | 1813/8000 [09:59<34:43,  2.97it/s]phase1_shape_color_acc:  23%|██▎       | 1814/8000 [09:59<34:57,  2.95it/s]phase1_shape_color_acc:  23%|██▎       | 1815/8000 [10:00<35:09,  2.93it/s]phase1_shape_color_acc:  23%|██▎       | 1816/8000 [10:00<35:17,  2.92it/s]phase1_shape_color_acc:  23%|██▎       | 1817/8000 [10:00<33:26,  3.08it/s]phase1_shape_color_acc:  23%|██▎       | 1818/8000 [10:01<32:59,  3.12it/s]phase1_shape_color_acc:  23%|██▎       | 1819/8000 [10:01<32:39,  3.15it/s]phase1_shape_color_acc:  23%|██▎       | 1820/8000 [10:01<33:32,  3.07it/s]phase1_shape_color_acc:  23%|██▎       | 1821/8000 [10:02<34:17,  3.00it/s]phase1_shape_color_acc:  23%|██▎       | 1822/8000 [10:02<34:41,  2.97it/s]phase1_shape_color_acc:  23%|██▎       | 1823/8000 [10:02<34:57,  2.94it/s]phase1_shape_color_acc:  23%|██▎       | 1824/8000 [10:03<35:07,  2.93it/s]phase1_shape_color_acc:  23%|██▎       | 1825/8000 [10:03<35:17,  2.92it/s]phase1_shape_color_acc:  23%|██▎       | 1826/8000 [10:03<33:00,  3.12it/s]phase1_shape_color_acc:  23%|██▎       | 1827/8000 [10:04<31:24,  3.28it/s]phase1_shape_color_acc:  23%|██▎       | 1828/8000 [10:04<31:34,  3.26it/s]phase1_shape_color_acc:  23%|██▎       | 1829/8000 [10:04<32:32,  3.16it/s]phase1_shape_color_acc:  23%|██▎       | 1830/8000 [10:05<33:33,  3.06it/s]phase1_shape_color_acc:  23%|██▎       | 1831/8000 [10:05<34:08,  3.01it/s]phase1_shape_color_acc:  23%|██▎       | 1832/8000 [10:05<34:32,  2.98it/s]phase1_shape_color_acc:  23%|██▎       | 1833/8000 [10:06<34:52,  2.95it/s]phase1_shape_color_acc:  23%|██▎       | 1834/8000 [10:06<35:01,  2.93it/s]phase1_shape_color_acc:  23%|██▎       | 1835/8000 [10:06<35:10,  2.92it/s]phase1_shape_color_acc:  23%|██▎       | 1836/8000 [10:07<32:24,  3.17it/s]phase1_shape_color_acc:  23%|██▎       | 1837/8000 [10:07<32:17,  3.18it/s]phase1_shape_color_acc:  23%|██▎       | 1838/8000 [10:07<32:32,  3.16it/s]phase1_shape_color_acc:  23%|██▎       | 1839/8000 [10:08<33:25,  3.07it/s]phase1_shape_color_acc:  23%|██▎       | 1840/8000 [10:08<34:08,  3.01it/s]phase1_shape_color_acc:  23%|██▎       | 1841/8000 [10:08<34:36,  2.97it/s]phase1_shape_color_acc:  23%|██▎       | 1842/8000 [10:09<34:49,  2.95it/s]phase1_shape_color_acc:  23%|██▎       | 1843/8000 [10:09<35:00,  2.93it/s]phase1_shape_color_acc:  23%|██▎       | 1844/8000 [10:09<35:07,  2.92it/s]phase1_shape_color_acc:  23%|██▎       | 1845/8000 [10:10<32:54,  3.12it/s]phase1_shape_color_acc:  23%|██▎       | 1846/8000 [10:10<32:31,  3.15it/s]phase1_shape_color_acc:  23%|██▎       | 1847/8000 [10:10<32:02,  3.20it/s]phase1_shape_color_acc:  23%|██▎       | 1848/8000 [10:11<33:05,  3.10it/s]phase1_shape_color_acc:  23%|██▎       | 1849/8000 [10:11<33:56,  3.02it/s]phase1_shape_color_acc:  23%|██▎       | 1850/8000 [10:11<34:24,  2.98it/s]phase1_shape_color_acc:  23%|██▎       | 1851/8000 [10:12<34:47,  2.95it/s]phase1_shape_color_acc:  23%|██▎       | 1852/8000 [10:12<35:02,  2.92it/s]phase1_shape_color_acc:  23%|██▎       | 1853/8000 [10:12<35:09,  2.91it/s]phase1_shape_color_acc:  23%|██▎       | 1854/8000 [10:13<34:10,  3.00it/s]phase1_shape_color_acc:  23%|██▎       | 1855/8000 [10:13<33:37,  3.05it/s]phase1_shape_color_acc:  23%|██▎       | 1856/8000 [10:13<33:02,  3.10it/s]phase1_shape_color_acc:  23%|██▎       | 1857/8000 [10:14<33:55,  3.02it/s]phase1_shape_color_acc:  23%|██▎       | 1858/8000 [10:14<34:29,  2.97it/s]phase1_shape_color_acc:  23%|██▎       | 1859/8000 [10:14<34:44,  2.95it/s]phase1_shape_color_acc:  23%|██▎       | 1860/8000 [10:15<34:54,  2.93it/s]phase1_shape_color_acc:  23%|██▎       | 1861/8000 [10:15<35:04,  2.92it/s]phase1_shape_color_acc:  23%|██▎       | 1862/8000 [10:15<35:06,  2.91it/s]phase1_shape_color_acc:  23%|██▎       | 1863/8000 [10:16<32:42,  3.13it/s]phase1_shape_color_acc:  23%|██▎       | 1864/8000 [10:16<31:20,  3.26it/s]phase1_shape_color_acc:  23%|██▎       | 1865/8000 [10:16<31:31,  3.24it/s]phase1_shape_color_acc:  23%|██▎       | 1866/8000 [10:17<32:06,  3.18it/s]phase1_shape_color_acc:  23%|██▎       | 1867/8000 [10:17<33:05,  3.09it/s]phase1_shape_color_acc:  23%|██▎       | 1868/8000 [10:17<33:46,  3.03it/s]phase1_shape_color_acc:  23%|██▎       | 1869/8000 [10:18<34:15,  2.98it/s]phase1_shape_color_acc:  23%|██▎       | 1870/8000 [10:18<34:32,  2.96it/s]phase1_shape_color_acc:  23%|██▎       | 1871/8000 [10:18<34:44,  2.94it/s]phase1_shape_color_acc:  23%|██▎       | 1872/8000 [10:19<34:54,  2.93it/s]phase1_shape_color_acc:  23%|██▎       | 1873/8000 [10:19<32:26,  3.15it/s]phase1_shape_color_acc:  23%|██▎       | 1874/8000 [10:19<32:17,  3.16it/s]phase1_shape_color_acc:  23%|██▎       | 1875/8000 [10:20<32:35,  3.13it/s]phase1_shape_color_acc:  23%|██▎       | 1876/8000 [10:20<33:26,  3.05it/s]phase1_shape_color_acc:  23%|██▎       | 1877/8000 [10:20<34:06,  2.99it/s]phase1_shape_color_acc:  23%|██▎       | 1878/8000 [10:21<34:29,  2.96it/s]phase1_shape_color_acc:  23%|██▎       | 1879/8000 [10:21<34:42,  2.94it/s]phase1_shape_color_acc:  24%|██▎       | 1880/8000 [10:21<34:51,  2.93it/s]phase1_shape_color_acc:  24%|██▎       | 1881/8000 [10:22<35:02,  2.91it/s]phase1_shape_color_acc:  24%|██▎       | 1882/8000 [10:22<32:42,  3.12it/s]phase1_shape_color_acc:  24%|██▎       | 1883/8000 [10:22<32:23,  3.15it/s]phase1_shape_color_acc:  24%|██▎       | 1884/8000 [10:23<32:30,  3.14it/s]phase1_shape_color_acc:  24%|██▎       | 1885/8000 [10:23<33:26,  3.05it/s]phase1_shape_color_acc:  24%|██▎       | 1886/8000 [10:23<34:03,  2.99it/s]phase1_shape_color_acc:  24%|██▎       | 1887/8000 [10:24<34:23,  2.96it/s]phase1_shape_color_acc:  24%|██▎       | 1888/8000 [10:24<34:36,  2.94it/s]phase1_shape_color_acc:  24%|██▎       | 1889/8000 [10:24<34:49,  2.93it/s]phase1_shape_color_acc:  24%|██▎       | 1890/8000 [10:25<34:56,  2.91it/s]phase1_shape_color_acc:  24%|██▎       | 1891/8000 [10:25<32:35,  3.12it/s]phase1_shape_color_acc:  24%|██▎       | 1892/8000 [10:25<32:16,  3.15it/s]phase1_shape_color_acc:  24%|██▎       | 1893/8000 [10:25<32:26,  3.14it/s]phase1_shape_color_acc:  24%|██▎       | 1894/8000 [10:26<33:14,  3.06it/s]phase1_shape_color_acc:  24%|██▎       | 1895/8000 [10:26<33:54,  3.00it/s]phase1_shape_color_acc:  24%|██▎       | 1896/8000 [10:27<34:16,  2.97it/s]phase1_shape_color_acc:  24%|██▎       | 1897/8000 [10:27<34:33,  2.94it/s]phase1_shape_color_acc:  24%|██▎       | 1898/8000 [10:27<34:41,  2.93it/s]phase1_shape_color_acc:  24%|██▎       | 1899/8000 [10:28<34:50,  2.92it/s]phase1_shape_color_acc:  24%|██▍       | 1900/8000 [10:28<31:33,  3.22it/s]phase1_shape_color_acc:  24%|██▍       | 1901/8000 [10:28<31:42,  3.21it/s]phase1_shape_color_acc:  24%|██▍       | 1902/8000 [10:28<31:36,  3.22it/s]phase1_shape_color_acc:  24%|██▍       | 1903/8000 [10:29<32:43,  3.11it/s]phase1_shape_color_acc:  24%|██▍       | 1904/8000 [10:29<33:32,  3.03it/s]phase1_shape_color_acc:  24%|██▍       | 1905/8000 [10:29<34:02,  2.98it/s]phase1_shape_color_acc:  24%|██▍       | 1906/8000 [10:30<34:23,  2.95it/s]phase1_shape_color_acc:  24%|██▍       | 1907/8000 [10:30<34:34,  2.94it/s]phase1_shape_color_acc:  24%|██▍       | 1908/8000 [10:30<34:42,  2.93it/s]phase1_shape_color_acc:  24%|██▍       | 1909/8000 [10:31<32:38,  3.11it/s]phase1_shape_color_acc:  24%|██▍       | 1910/8000 [10:31<32:14,  3.15it/s]phase1_shape_color_acc:  24%|██▍       | 1911/8000 [10:31<31:45,  3.20it/s]phase1_shape_color_acc:  24%|██▍       | 1912/8000 [10:32<32:46,  3.10it/s]phase1_shape_color_acc:  24%|██▍       | 1913/8000 [10:32<33:37,  3.02it/s]phase1_shape_color_acc:  24%|██▍       | 1914/8000 [10:32<34:04,  2.98it/s]phase1_shape_color_acc:  24%|██▍       | 1915/8000 [10:33<34:24,  2.95it/s]phase1_shape_color_acc:  24%|██▍       | 1916/8000 [10:33<34:36,  2.93it/s]phase1_shape_color_acc:  24%|██▍       | 1917/8000 [10:33<34:48,  2.91it/s]phase1_shape_color_acc:  24%|██▍       | 1918/8000 [10:34<32:42,  3.10it/s]phase1_shape_color_acc:  24%|██▍       | 1919/8000 [10:34<32:20,  3.13it/s]phase1_shape_color_acc:  24%|██▍       | 1920/8000 [10:34<31:45,  3.19it/s]phase1_shape_color_acc:  24%|██▍       | 1921/8000 [10:35<32:57,  3.07it/s]phase1_shape_color_acc:  24%|██▍       | 1922/8000 [10:35<33:53,  2.99it/s]phase1_shape_color_acc:  24%|██▍       | 1923/8000 [10:35<34:13,  2.96it/s]phase1_shape_color_acc:  24%|██▍       | 1924/8000 [10:36<34:27,  2.94it/s]phase1_shape_color_acc:  24%|██▍       | 1925/8000 [10:36<34:38,  2.92it/s]phase1_shape_color_acc:  24%|██▍       | 1926/8000 [10:36<34:44,  2.91it/s]phase1_shape_color_acc:  24%|██▍       | 1927/8000 [10:37<33:11,  3.05it/s]phase1_shape_color_acc:  24%|██▍       | 1928/8000 [10:37<32:52,  3.08it/s]phase1_shape_color_acc:  24%|██▍       | 1929/8000 [10:37<32:24,  3.12it/s]phase1_shape_color_acc:  24%|██▍       | 1930/8000 [10:38<33:10,  3.05it/s]phase1_shape_color_acc:  24%|██▍       | 1931/8000 [10:38<33:50,  2.99it/s]phase1_shape_color_acc:  24%|██▍       | 1932/8000 [10:38<34:13,  2.95it/s]phase1_shape_color_acc:  24%|██▍       | 1933/8000 [10:39<34:31,  2.93it/s]phase1_shape_color_acc:  24%|██▍       | 1934/8000 [10:39<34:43,  2.91it/s]phase1_shape_color_acc:  24%|██▍       | 1935/8000 [10:39<34:50,  2.90it/s]phase1_shape_color_acc:  24%|██▍       | 1936/8000 [10:40<33:12,  3.04it/s]phase1_shape_color_acc:  24%|██▍       | 1937/8000 [10:40<31:35,  3.20it/s]phase1_shape_color_acc:  24%|██▍       | 1938/8000 [10:40<31:29,  3.21it/s]phase1_shape_color_acc:  24%|██▍       | 1939/8000 [10:41<32:00,  3.16it/s]phase1_shape_color_acc:  24%|██▍       | 1940/8000 [10:41<32:59,  3.06it/s]phase1_shape_color_acc:  24%|██▍       | 1941/8000 [10:41<33:39,  3.00it/s]phase1_shape_color_acc:  24%|██▍       | 1942/8000 [10:42<34:04,  2.96it/s]phase1_shape_color_acc:  24%|██▍       | 1943/8000 [10:42<34:19,  2.94it/s]phase1_shape_color_acc:  24%|██▍       | 1944/8000 [10:42<34:29,  2.93it/s]phase1_shape_color_acc:  24%|██▍       | 1945/8000 [10:43<34:38,  2.91it/s]phase1_shape_color_acc:  24%|██▍       | 1946/8000 [10:43<32:10,  3.14it/s]phase1_shape_color_acc:  24%|██▍       | 1947/8000 [10:43<31:55,  3.16it/s]phase1_shape_color_acc:  24%|██▍       | 1948/8000 [10:44<32:14,  3.13it/s]phase1_shape_color_acc:  24%|██▍       | 1949/8000 [10:44<33:04,  3.05it/s]phase1_shape_color_acc:  24%|██▍       | 1950/8000 [10:44<33:41,  2.99it/s]phase1_shape_color_acc:  24%|██▍       | 1951/8000 [10:45<34:00,  2.96it/s]phase1_shape_color_acc:  24%|██▍       | 1952/8000 [10:45<34:13,  2.95it/s]phase1_shape_color_acc:  24%|██▍       | 1953/8000 [10:45<34:26,  2.93it/s]phase1_shape_color_acc:  24%|██▍       | 1954/8000 [10:46<34:34,  2.91it/s]phase1_shape_color_acc:  24%|██▍       | 1955/8000 [10:46<32:15,  3.12it/s]phase1_shape_color_acc:  24%|██▍       | 1956/8000 [10:46<31:56,  3.15it/s]phase1_shape_color_acc:  24%|██▍       | 1957/8000 [10:47<32:07,  3.14it/s]phase1_shape_color_acc:  24%|██▍       | 1958/8000 [10:47<32:58,  3.05it/s]phase1_shape_color_acc:  24%|██▍       | 1959/8000 [10:47<33:38,  2.99it/s]phase1_shape_color_acc:  24%|██▍       | 1960/8000 [10:48<33:57,  2.96it/s]phase1_shape_color_acc:  25%|██▍       | 1961/8000 [10:48<34:12,  2.94it/s]phase1_shape_color_acc:  25%|██▍       | 1962/8000 [10:48<34:24,  2.92it/s]phase1_shape_color_acc:  25%|██▍       | 1963/8000 [10:49<34:29,  2.92it/s]phase1_shape_color_acc:  25%|██▍       | 1964/8000 [10:49<32:06,  3.13it/s]phase1_shape_color_acc:  25%|██▍       | 1965/8000 [10:49<31:51,  3.16it/s]phase1_shape_color_acc:  25%|██▍       | 1966/8000 [10:50<32:05,  3.13it/s]phase1_shape_color_acc:  25%|██▍       | 1967/8000 [10:50<32:59,  3.05it/s]phase1_shape_color_acc:  25%|██▍       | 1968/8000 [10:50<33:38,  2.99it/s]phase1_shape_color_acc:  25%|██▍       | 1969/8000 [10:51<33:58,  2.96it/s]phase1_shape_color_acc:  25%|██▍       | 1970/8000 [10:51<34:12,  2.94it/s]phase1_shape_color_acc:  25%|██▍       | 1971/8000 [10:51<34:21,  2.93it/s]phase1_shape_color_acc:  25%|██▍       | 1972/8000 [10:52<34:29,  2.91it/s]phase1_shape_color_acc:  25%|██▍       | 1973/8000 [10:52<32:17,  3.11it/s]phase1_shape_color_acc:  25%|██▍       | 1974/8000 [10:52<30:28,  3.29it/s]phase1_shape_color_acc:  25%|██▍       | 1975/8000 [10:53<30:36,  3.28it/s]phase1_shape_color_acc:  25%|██▍       | 1976/8000 [10:53<31:16,  3.21it/s]phase1_shape_color_acc:  25%|██▍       | 1977/8000 [10:53<32:27,  3.09it/s]phase1_shape_color_acc:  25%|██▍       | 1978/8000 [10:54<33:10,  3.03it/s]phase1_shape_color_acc:  25%|██▍       | 1979/8000 [10:54<33:37,  2.98it/s]phase1_shape_color_acc:  25%|██▍       | 1980/8000 [10:54<33:54,  2.96it/s]phase1_shape_color_acc:  25%|██▍       | 1981/8000 [10:55<34:08,  2.94it/s]phase1_shape_color_acc:  25%|██▍       | 1982/8000 [10:55<34:16,  2.93it/s]phase1_shape_color_acc:  25%|██▍       | 1983/8000 [10:55<31:44,  3.16it/s]phase1_shape_color_acc:  25%|██▍       | 1984/8000 [10:55<31:34,  3.18it/s]phase1_shape_color_acc:  25%|██▍       | 1985/8000 [10:56<31:37,  3.17it/s]phase1_shape_color_acc:  25%|██▍       | 1986/8000 [10:56<32:39,  3.07it/s]phase1_shape_color_acc:  25%|██▍       | 1987/8000 [10:57<33:21,  3.00it/s]phase1_shape_color_acc:  25%|██▍       | 1988/8000 [10:57<33:44,  2.97it/s]phase1_shape_color_acc:  25%|██▍       | 1989/8000 [10:57<34:01,  2.94it/s]phase1_shape_color_acc:  25%|██▍       | 1990/8000 [10:58<34:13,  2.93it/s]phase1_shape_color_acc:  25%|██▍       | 1991/8000 [10:58<34:20,  2.92it/s]phase1_shape_color_acc:  25%|██▍       | 1992/8000 [10:58<31:41,  3.16it/s]phase1_shape_color_acc:  25%|██▍       | 1993/8000 [10:58<31:11,  3.21it/s]phase1_shape_color_acc:  25%|██▍       | 1994/8000 [10:59<31:25,  3.19it/s]phase1_shape_color_acc:  25%|██▍       | 1995/8000 [10:59<32:27,  3.08it/s]phase1_shape_color_acc:  25%|██▍       | 1996/8000 [10:59<33:12,  3.01it/s]phase1_shape_color_acc:  25%|██▍       | 1997/8000 [11:00<33:38,  2.97it/s]phase1_shape_color_acc:  25%|██▍       | 1998/8000 [11:00<33:51,  2.95it/s]phase1_shape_color_acc:  25%|██▍       | 1999/8000 [11:01<34:03,  2.94it/s]phase1_shape_color_acc:  25%|██▌       | 2000/8000 [11:01<34:12,  2.92it/s]phase1_shape_color_acc:  25%|██▌       | 2001/8000 [11:01<31:57,  3.13it/s]phase1_shape_color_acc:  25%|██▌       | 2002/8000 [11:01<31:48,  3.14it/s]phase1_shape_color_acc:  25%|██▌       | 2003/8000 [11:02<31:49,  3.14it/s]phase1_shape_color_acc:  25%|██▌       | 2004/8000 [11:02<32:47,  3.05it/s]phase1_shape_color_acc:  25%|██▌       | 2005/8000 [11:02<33:27,  2.99it/s]phase1_shape_color_acc:  25%|██▌       | 2006/8000 [11:03<33:45,  2.96it/s]phase1_shape_color_acc:  25%|██▌       | 2007/8000 [11:03<33:56,  2.94it/s]phase1_shape_color_acc:  25%|██▌       | 2008/8000 [11:03<34:10,  2.92it/s]phase1_shape_color_acc:  25%|██▌       | 2009/8000 [11:04<34:37,  2.88it/s]phase1_shape_color_acc:  25%|██▌       | 2010/8000 [11:04<31:26,  3.18it/s]phase1_shape_color_acc:  25%|██▌       | 2011/8000 [11:04<31:13,  3.20it/s]phase1_shape_color_acc:  25%|██▌       | 2012/8000 [11:05<31:14,  3.19it/s]phase1_shape_color_acc:  25%|██▌       | 2013/8000 [11:05<32:19,  3.09it/s]phase1_shape_color_acc:  25%|██▌       | 2014/8000 [11:05<33:11,  3.01it/s]phase1_shape_color_acc:  25%|██▌       | 2015/8000 [11:06<33:38,  2.97it/s]phase1_shape_color_acc:  25%|██▌       | 2016/8000 [11:06<33:56,  2.94it/s]phase1_shape_color_acc:  25%|██▌       | 2017/8000 [11:06<34:12,  2.92it/s]phase1_shape_color_acc:  25%|██▌       | 2018/8000 [11:07<34:21,  2.90it/s]phase1_shape_color_acc:  25%|██▌       | 2019/8000 [11:07<31:53,  3.13it/s]phase1_shape_color_acc:  25%|██▌       | 2020/8000 [11:07<31:35,  3.16it/s]phase1_shape_color_acc:  25%|██▌       | 2021/8000 [11:08<31:09,  3.20it/s]phase1_shape_color_acc:  25%|██▌       | 2022/8000 [11:08<32:08,  3.10it/s]phase1_shape_color_acc:  25%|██▌       | 2023/8000 [11:08<32:57,  3.02it/s]phase1_shape_color_acc:  25%|██▌       | 2024/8000 [11:09<33:23,  2.98it/s]phase1_shape_color_acc:  25%|██▌       | 2025/8000 [11:09<33:43,  2.95it/s]phase1_shape_color_acc:  25%|██▌       | 2026/8000 [11:09<33:56,  2.93it/s]phase1_shape_color_acc:  25%|██▌       | 2027/8000 [11:10<34:04,  2.92it/s]phase1_shape_color_acc:  25%|██▌       | 2028/8000 [11:10<31:52,  3.12it/s]phase1_shape_color_acc:  25%|██▌       | 2029/8000 [11:10<31:36,  3.15it/s]phase1_shape_color_acc:  25%|██▌       | 2030/8000 [11:11<31:20,  3.17it/s]phase1_shape_color_acc:  25%|██▌       | 2031/8000 [11:11<32:15,  3.08it/s]phase1_shape_color_acc:  25%|██▌       | 2032/8000 [11:11<32:59,  3.01it/s]phase1_shape_color_acc:  25%|██▌       | 2033/8000 [11:12<33:27,  2.97it/s]phase1_shape_color_acc:  25%|██▌       | 2034/8000 [11:12<33:43,  2.95it/s]phase1_shape_color_acc:  25%|██▌       | 2035/8000 [11:12<33:53,  2.93it/s]phase1_shape_color_acc:  25%|██▌       | 2036/8000 [11:13<34:01,  2.92it/s]phase1_shape_color_acc:  25%|██▌       | 2037/8000 [11:13<32:14,  3.08it/s]phase1_shape_color_acc:  25%|██▌       | 2038/8000 [11:13<31:46,  3.13it/s]phase1_shape_color_acc:  25%|██▌       | 2039/8000 [11:14<31:12,  3.18it/s]phase1_shape_color_acc:  26%|██▌       | 2040/8000 [11:14<32:15,  3.08it/s]phase1_shape_color_acc:  26%|██▌       | 2041/8000 [11:14<33:01,  3.01it/s]phase1_shape_color_acc:  26%|██▌       | 2042/8000 [11:15<33:21,  2.98it/s]phase1_shape_color_acc:  26%|██▌       | 2043/8000 [11:15<33:38,  2.95it/s]phase1_shape_color_acc:  26%|██▌       | 2044/8000 [11:15<33:49,  2.93it/s]phase1_shape_color_acc:  26%|██▌       | 2045/8000 [11:16<34:00,  2.92it/s]phase1_shape_color_acc:  26%|██▌       | 2046/8000 [11:16<33:54,  2.93it/s]phase1_shape_color_acc:  26%|██▌       | 2047/8000 [11:16<29:56,  3.31it/s]phase1_shape_color_acc:  26%|██▌       | 2048/8000 [11:17<30:12,  3.28it/s]phase1_shape_color_acc:  26%|██▌       | 2049/8000 [11:17<30:49,  3.22it/s]phase1_shape_color_acc:  26%|██▌       | 2050/8000 [11:17<32:02,  3.10it/s]phase1_shape_color_acc:  26%|██▌       | 2051/8000 [11:18<32:47,  3.02it/s]phase1_shape_color_acc:  26%|██▌       | 2052/8000 [11:18<33:17,  2.98it/s]phase1_shape_color_acc:  26%|██▌       | 2053/8000 [11:18<33:40,  2.94it/s]phase1_shape_color_acc:  26%|██▌       | 2054/8000 [11:19<33:51,  2.93it/s]phase1_shape_color_acc:  26%|██▌       | 2055/8000 [11:19<33:56,  2.92it/s]phase1_shape_color_acc:  26%|██▌       | 2056/8000 [11:19<31:30,  3.14it/s]phase1_shape_color_acc:  26%|██▌       | 2057/8000 [11:20<31:18,  3.16it/s]phase1_shape_color_acc:  26%|██▌       | 2058/8000 [11:20<31:41,  3.13it/s]phase1_shape_color_acc:  26%|██▌       | 2059/8000 [11:20<32:33,  3.04it/s]phase1_shape_color_acc:  26%|██▌       | 2060/8000 [11:21<33:03,  2.99it/s]phase1_shape_color_acc:  26%|██▌       | 2061/8000 [11:21<33:25,  2.96it/s]phase1_shape_color_acc:  26%|██▌       | 2062/8000 [11:21<33:36,  2.94it/s]phase1_shape_color_acc:  26%|██▌       | 2063/8000 [11:22<33:49,  2.93it/s]phase1_shape_color_acc:  26%|██▌       | 2064/8000 [11:22<33:54,  2.92it/s]phase1_shape_color_acc:  26%|██▌       | 2065/8000 [11:22<31:36,  3.13it/s]phase1_shape_color_acc:  26%|██▌       | 2066/8000 [11:23<31:16,  3.16it/s]phase1_shape_color_acc:  26%|██▌       | 2067/8000 [11:23<30:47,  3.21it/s]phase1_shape_color_acc:  26%|██▌       | 2068/8000 [11:23<31:51,  3.10it/s]phase1_shape_color_acc:  26%|██▌       | 2069/8000 [11:24<32:41,  3.02it/s]phase1_shape_color_acc:  26%|██▌       | 2070/8000 [11:24<33:06,  2.99it/s]phase1_shape_color_acc:  26%|██▌       | 2071/8000 [11:24<33:26,  2.95it/s]phase1_shape_color_acc:  26%|██▌       | 2072/8000 [11:25<33:39,  2.94it/s]phase1_shape_color_acc:  26%|██▌       | 2073/8000 [11:25<33:50,  2.92it/s]phase1_shape_color_acc:  26%|██▌       | 2074/8000 [11:25<32:52,  3.00it/s]phase1_shape_color_acc:  26%|██▌       | 2075/8000 [11:26<32:26,  3.04it/s]phase1_shape_color_acc:  26%|██▌       | 2076/8000 [11:26<31:55,  3.09it/s]phase1_shape_color_acc:  26%|██▌       | 2077/8000 [11:26<32:35,  3.03it/s]phase1_shape_color_acc:  26%|██▌       | 2078/8000 [11:27<33:09,  2.98it/s]phase1_shape_color_acc:  26%|██▌       | 2079/8000 [11:27<33:25,  2.95it/s]phase1_shape_color_acc:  26%|██▌       | 2080/8000 [11:27<33:37,  2.93it/s]phase1_shape_color_acc:  26%|██▌       | 2081/8000 [11:28<33:51,  2.91it/s]phase1_shape_color_acc:  26%|██▌       | 2082/8000 [11:28<33:54,  2.91it/s]phase1_shape_color_acc:  26%|██▌       | 2083/8000 [11:28<32:59,  2.99it/s]phase1_shape_color_acc:  26%|██▌       | 2084/8000 [11:28<29:26,  3.35it/s]phase1_shape_color_acc:  26%|██▌       | 2085/8000 [11:29<29:49,  3.31it/s]phase1_shape_color_acc:  26%|██▌       | 2086/8000 [11:29<30:19,  3.25it/s]phase1_shape_color_acc:  26%|██▌       | 2087/8000 [11:29<31:27,  3.13it/s]phase1_shape_color_acc:  26%|██▌       | 2088/8000 [11:30<32:20,  3.05it/s]phase1_shape_color_acc:  26%|██▌       | 2089/8000 [11:30<32:51,  3.00it/s]phase1_shape_color_acc:  26%|██▌       | 2090/8000 [11:30<33:13,  2.96it/s]phase1_shape_color_acc:  26%|██▌       | 2091/8000 [11:31<33:28,  2.94it/s]phase1_shape_color_acc:  26%|██▌       | 2092/8000 [11:31<33:38,  2.93it/s]phase1_shape_color_acc:  26%|██▌       | 2093/8000 [11:31<31:17,  3.15it/s]phase1_shape_color_acc:  26%|██▌       | 2094/8000 [11:32<31:00,  3.17it/s]phase1_shape_color_acc:  26%|██▌       | 2095/8000 [11:32<31:09,  3.16it/s]phase1_shape_color_acc:  26%|██▌       | 2096/8000 [11:32<32:11,  3.06it/s]phase1_shape_color_acc:  26%|██▌       | 2097/8000 [11:33<32:49,  3.00it/s]phase1_shape_color_acc:  26%|██▌       | 2098/8000 [11:33<33:12,  2.96it/s]phase1_shape_color_acc:  26%|██▌       | 2099/8000 [11:33<33:25,  2.94it/s]phase1_shape_color_acc:  26%|██▋       | 2100/8000 [11:34<33:34,  2.93it/s]phase1_shape_color_acc:  26%|██▋       | 2101/8000 [11:34<33:43,  2.91it/s]phase1_shape_color_acc:  26%|██▋       | 2102/8000 [11:34<31:40,  3.10it/s]phase1_shape_color_acc:  26%|██▋       | 2103/8000 [11:35<31:19,  3.14it/s]phase1_shape_color_acc:  26%|██▋       | 2104/8000 [11:35<30:45,  3.20it/s]phase1_shape_color_acc:  26%|██▋       | 2105/8000 [11:35<31:46,  3.09it/s]phase1_shape_color_acc:  26%|██▋       | 2106/8000 [11:36<32:31,  3.02it/s]phase1_shape_color_acc:  26%|██▋       | 2107/8000 [11:36<32:56,  2.98it/s]phase1_shape_color_acc:  26%|██▋       | 2108/8000 [11:36<33:13,  2.96it/s]phase1_shape_color_acc:  26%|██▋       | 2109/8000 [11:37<33:33,  2.93it/s]phase1_shape_color_acc:  26%|██▋       | 2110/8000 [11:37<33:44,  2.91it/s]phase1_shape_color_acc:  26%|██▋       | 2111/8000 [11:37<31:46,  3.09it/s]phase1_shape_color_acc:  26%|██▋       | 2112/8000 [11:38<31:24,  3.12it/s]phase1_shape_color_acc:  26%|██▋       | 2113/8000 [11:38<30:53,  3.18it/s]phase1_shape_color_acc:  26%|██▋       | 2114/8000 [11:38<31:49,  3.08it/s]phase1_shape_color_acc:  26%|██▋       | 2115/8000 [11:39<32:34,  3.01it/s]phase1_shape_color_acc:  26%|██▋       | 2116/8000 [11:39<32:57,  2.98it/s]phase1_shape_color_acc:  26%|██▋       | 2117/8000 [11:39<33:14,  2.95it/s]phase1_shape_color_acc:  26%|██▋       | 2118/8000 [11:40<33:23,  2.94it/s]phase1_shape_color_acc:  26%|██▋       | 2119/8000 [11:40<33:31,  2.92it/s]phase1_shape_color_acc:  26%|██▋       | 2120/8000 [11:40<32:27,  3.02it/s]phase1_shape_color_acc:  27%|██▋       | 2121/8000 [11:41<30:02,  3.26it/s]phase1_shape_color_acc:  27%|██▋       | 2122/8000 [11:41<30:00,  3.26it/s]phase1_shape_color_acc:  27%|██▋       | 2123/8000 [11:41<30:39,  3.19it/s]phase1_shape_color_acc:  27%|██▋       | 2124/8000 [11:42<31:44,  3.09it/s]phase1_shape_color_acc:  27%|██▋       | 2125/8000 [11:42<32:24,  3.02it/s]phase1_shape_color_acc:  27%|██▋       | 2126/8000 [11:42<32:51,  2.98it/s]phase1_shape_color_acc:  27%|██▋       | 2127/8000 [11:43<33:08,  2.95it/s]phase1_shape_color_acc:  27%|██▋       | 2128/8000 [11:43<33:19,  2.94it/s]phase1_shape_color_acc:  27%|██▋       | 2129/8000 [11:43<33:30,  2.92it/s]phase1_shape_color_acc:  27%|██▋       | 2130/8000 [11:44<31:13,  3.13it/s]phase1_shape_color_acc:  27%|██▋       | 2131/8000 [11:44<30:58,  3.16it/s]phase1_shape_color_acc:  27%|██▋       | 2132/8000 [11:44<31:16,  3.13it/s]phase1_shape_color_acc:  27%|██▋       | 2133/8000 [11:45<32:05,  3.05it/s]phase1_shape_color_acc:  27%|██▋       | 2134/8000 [11:45<32:37,  3.00it/s]phase1_shape_color_acc:  27%|██▋       | 2135/8000 [11:45<32:57,  2.97it/s]phase1_shape_color_acc:  27%|██▋       | 2136/8000 [11:46<33:10,  2.95it/s]phase1_shape_color_acc:  27%|██▋       | 2137/8000 [11:46<33:21,  2.93it/s]phase1_shape_color_acc:  27%|██▋       | 2138/8000 [11:46<33:30,  2.92it/s]phase1_shape_color_acc:  27%|██▋       | 2139/8000 [11:47<31:04,  3.14it/s]phase1_shape_color_acc:  27%|██▋       | 2140/8000 [11:47<30:49,  3.17it/s]phase1_shape_color_acc:  27%|██▋       | 2141/8000 [11:47<31:15,  3.12it/s]phase1_shape_color_acc:  27%|██▋       | 2142/8000 [11:48<32:03,  3.05it/s]phase1_shape_color_acc:  27%|██▋       | 2143/8000 [11:48<32:34,  3.00it/s]phase1_shape_color_acc:  27%|██▋       | 2144/8000 [11:48<32:55,  2.96it/s]phase1_shape_color_acc:  27%|██▋       | 2145/8000 [11:49<33:11,  2.94it/s]phase1_shape_color_acc:  27%|██▋       | 2146/8000 [11:49<33:17,  2.93it/s]phase1_shape_color_acc:  27%|██▋       | 2147/8000 [11:49<33:24,  2.92it/s]phase1_shape_color_acc:  27%|██▋       | 2148/8000 [11:50<31:01,  3.14it/s]phase1_shape_color_acc:  27%|██▋       | 2149/8000 [11:50<30:47,  3.17it/s]phase1_shape_color_acc:  27%|██▋       | 2150/8000 [11:50<31:13,  3.12it/s]phase1_shape_color_acc:  27%|██▋       | 2151/8000 [11:51<31:57,  3.05it/s]phase1_shape_color_acc:  27%|██▋       | 2152/8000 [11:51<32:29,  3.00it/s]phase1_shape_color_acc:  27%|██▋       | 2153/8000 [11:51<32:50,  2.97it/s]phase1_shape_color_acc:  27%|██▋       | 2154/8000 [11:52<33:09,  2.94it/s]phase1_shape_color_acc:  27%|██▋       | 2155/8000 [11:52<33:16,  2.93it/s]phase1_shape_color_acc:  27%|██▋       | 2156/8000 [11:52<33:24,  2.92it/s]phase1_shape_color_acc:  27%|██▋       | 2157/8000 [11:52<29:19,  3.32it/s]phase1_shape_color_acc:  27%|██▋       | 2158/8000 [11:53<29:38,  3.29it/s]phase1_shape_color_acc:  27%|██▋       | 2159/8000 [11:53<30:09,  3.23it/s]phase1_shape_color_acc:  27%|██▋       | 2160/8000 [11:53<31:18,  3.11it/s]phase1_shape_color_acc:  27%|██▋       | 2161/8000 [11:54<32:11,  3.02it/s]phase1_shape_color_acc:  27%|██▋       | 2162/8000 [11:54<32:35,  2.99it/s]phase1_shape_color_acc:  27%|██▋       | 2163/8000 [11:55<32:54,  2.96it/s]phase1_shape_color_acc:  27%|██▋       | 2164/8000 [11:55<33:06,  2.94it/s]phase1_shape_color_acc:  27%|██▋       | 2165/8000 [11:55<33:17,  2.92it/s]phase1_shape_color_acc:  27%|██▋       | 2166/8000 [11:55<30:58,  3.14it/s]phase1_shape_color_acc:  27%|██▋       | 2167/8000 [11:56<30:43,  3.16it/s]phase1_shape_color_acc:  27%|██▋       | 2168/8000 [11:56<30:56,  3.14it/s]phase1_shape_color_acc:  27%|██▋       | 2169/8000 [11:56<31:47,  3.06it/s]phase1_shape_color_acc:  27%|██▋       | 2170/8000 [11:57<32:27,  2.99it/s]phase1_shape_color_acc:  27%|██▋       | 2171/8000 [11:57<32:47,  2.96it/s]phase1_shape_color_acc:  27%|██▋       | 2172/8000 [11:57<33:00,  2.94it/s]phase1_shape_color_acc:  27%|██▋       | 2173/8000 [11:58<33:12,  2.93it/s]phase1_shape_color_acc:  27%|██▋       | 2174/8000 [11:58<33:20,  2.91it/s]phase1_shape_color_acc:  27%|██▋       | 2175/8000 [11:58<31:36,  3.07it/s]phase1_shape_color_acc:  27%|██▋       | 2176/8000 [11:59<31:09,  3.11it/s]phase1_shape_color_acc:  27%|██▋       | 2177/8000 [11:59<30:35,  3.17it/s]phase1_shape_color_acc:  27%|██▋       | 2178/8000 [11:59<31:28,  3.08it/s]phase1_shape_color_acc:  27%|██▋       | 2179/8000 [12:00<32:12,  3.01it/s]phase1_shape_color_acc:  27%|██▋       | 2180/8000 [12:00<32:37,  2.97it/s]phase1_shape_color_acc:  27%|██▋       | 2181/8000 [12:00<32:54,  2.95it/s]phase1_shape_color_acc:  27%|██▋       | 2182/8000 [12:01<33:04,  2.93it/s]phase1_shape_color_acc:  27%|██▋       | 2183/8000 [12:01<33:10,  2.92it/s]phase1_shape_color_acc:  27%|██▋       | 2184/8000 [12:01<31:26,  3.08it/s]phase1_shape_color_acc:  27%|██▋       | 2185/8000 [12:02<31:03,  3.12it/s]phase1_shape_color_acc:  27%|██▋       | 2186/8000 [12:02<30:27,  3.18it/s]phase1_shape_color_acc:  27%|██▋       | 2187/8000 [12:02<31:23,  3.09it/s]phase1_shape_color_acc:  27%|██▋       | 2188/8000 [12:03<32:08,  3.01it/s]phase1_shape_color_acc:  27%|██▋       | 2189/8000 [12:03<32:35,  2.97it/s]phase1_shape_color_acc:  27%|██▋       | 2190/8000 [12:03<32:52,  2.95it/s]phase1_shape_color_acc:  27%|██▋       | 2191/8000 [12:04<33:02,  2.93it/s]phase1_shape_color_acc:  27%|██▋       | 2192/8000 [12:04<33:09,  2.92it/s]phase1_shape_color_acc:  27%|██▋       | 2193/8000 [12:04<32:22,  2.99it/s]phase1_shape_color_acc:  27%|██▋       | 2194/8000 [12:05<29:00,  3.34it/s]phase1_shape_color_acc:  27%|██▋       | 2195/8000 [12:05<29:01,  3.33it/s]phase1_shape_color_acc:  27%|██▋       | 2196/8000 [12:05<29:32,  3.27it/s]phase1_shape_color_acc:  27%|██▋       | 2197/8000 [12:06<30:51,  3.13it/s]phase1_shape_color_acc:  27%|██▋       | 2198/8000 [12:06<31:46,  3.04it/s]phase1_shape_color_acc:  27%|██▋       | 2199/8000 [12:06<32:14,  3.00it/s]phase1_shape_color_acc:  28%|██▊       | 2200/8000 [12:07<32:34,  2.97it/s]phase1_shape_color_acc:  28%|██▊       | 2201/8000 [12:07<32:52,  2.94it/s]phase1_shape_color_acc:  28%|██▊       | 2202/8000 [12:07<33:03,  2.92it/s]phase1_shape_color_acc:  28%|██▊       | 2203/8000 [12:08<30:38,  3.15it/s]phase1_shape_color_acc:  28%|██▊       | 2204/8000 [12:08<30:27,  3.17it/s]phase1_shape_color_acc:  28%|██▊       | 2205/8000 [12:08<28:55,  3.34it/s]phase1_shape_color_acc:  28%|██▊       | 2206/8000 [12:08<24:43,  3.91it/s]phase1_shape_color_acc:  28%|██▊       | 2207/8000 [12:09<23:15,  4.15it/s]phase1_shape_color_acc:  28%|██▊       | 2208/8000 [12:09<26:17,  3.67it/s]phase1_shape_color_acc:  28%|██▊       | 2209/8000 [12:09<28:32,  3.38it/s]phase1_shape_color_acc:  28%|██▊       | 2210/8000 [12:10<30:00,  3.22it/s]phase1_shape_color_acc:  28%|██▊       | 2211/8000 [12:10<31:00,  3.11it/s]phase1_shape_color_acc:  28%|██▊       | 2212/8000 [12:10<31:41,  3.04it/s]phase1_shape_color_acc:  28%|██▊       | 2213/8000 [12:11<32:13,  2.99it/s]phase1_shape_color_acc:  28%|██▊       | 2214/8000 [12:11<30:05,  3.20it/s]phase1_shape_color_acc:  28%|██▊       | 2215/8000 [12:11<30:07,  3.20it/s]phase1_shape_color_acc:  28%|██▊       | 2216/8000 [12:12<30:23,  3.17it/s]phase1_shape_color_acc:  28%|██▊       | 2217/8000 [12:12<31:17,  3.08it/s]phase1_shape_color_acc:  28%|██▊       | 2218/8000 [12:12<32:01,  3.01it/s]phase1_shape_color_acc:  28%|██▊       | 2219/8000 [12:13<32:23,  2.97it/s]phase1_shape_color_acc:  28%|██▊       | 2220/8000 [12:13<32:39,  2.95it/s]phase1_shape_color_acc:  28%|██▊       | 2221/8000 [12:13<32:52,  2.93it/s]phase1_shape_color_acc:  28%|██▊       | 2222/8000 [12:14<32:59,  2.92it/s]phase1_shape_color_acc:  28%|██▊       | 2223/8000 [12:14<31:06,  3.10it/s]phase1_shape_color_acc:  28%|██▊       | 2224/8000 [12:14<30:44,  3.13it/s]phase1_shape_color_acc:  28%|██▊       | 2225/8000 [12:15<30:30,  3.16it/s]phase1_shape_color_acc:  28%|██▊       | 2226/8000 [12:15<31:20,  3.07it/s]phase1_shape_color_acc:  28%|██▊       | 2227/8000 [12:15<32:02,  3.00it/s]phase1_shape_color_acc:  28%|██▊       | 2228/8000 [12:16<32:24,  2.97it/s]phase1_shape_color_acc:  28%|██▊       | 2229/8000 [12:16<32:43,  2.94it/s]phase1_shape_color_acc:  28%|██▊       | 2230/8000 [12:16<32:50,  2.93it/s]phase1_shape_color_acc:  28%|██▊       | 2231/8000 [12:17<32:56,  2.92it/s]phase1_shape_color_acc:  28%|██▊       | 2232/8000 [12:17<31:54,  3.01it/s]phase1_shape_color_acc:  28%|██▊       | 2233/8000 [12:17<29:12,  3.29it/s]phase1_shape_color_acc:  28%|██▊       | 2234/8000 [12:17<29:17,  3.28it/s]phase1_shape_color_acc:  28%|██▊       | 2235/8000 [12:18<29:53,  3.22it/s]phase1_shape_color_acc:  28%|██▊       | 2236/8000 [12:18<30:54,  3.11it/s]phase1_shape_color_acc:  28%|██▊       | 2237/8000 [12:18<31:37,  3.04it/s]phase1_shape_color_acc:  28%|██▊       | 2238/8000 [12:19<32:06,  2.99it/s]phase1_shape_color_acc:  28%|██▊       | 2239/8000 [12:19<32:24,  2.96it/s]phase1_shape_color_acc:  28%|██▊       | 2240/8000 [12:20<32:36,  2.94it/s]phase1_shape_color_acc:  28%|██▊       | 2241/8000 [12:20<32:53,  2.92it/s]phase1_shape_color_acc:  28%|██▊       | 2242/8000 [12:20<31:03,  3.09it/s]phase1_shape_color_acc:  28%|██▊       | 2243/8000 [12:20<30:46,  3.12it/s]phase1_shape_color_acc:  28%|██▊       | 2244/8000 [12:21<30:48,  3.11it/s]phase1_shape_color_acc:  28%|██▊       | 2245/8000 [12:21<31:38,  3.03it/s]phase1_shape_color_acc:  28%|██▊       | 2246/8000 [12:21<32:11,  2.98it/s]phase1_shape_color_acc:  28%|██▊       | 2247/8000 [12:22<32:29,  2.95it/s]phase1_shape_color_acc:  28%|██▊       | 2248/8000 [12:22<32:39,  2.93it/s]phase1_shape_color_acc:  28%|██▊       | 2249/8000 [12:23<32:49,  2.92it/s]phase1_shape_color_acc:  28%|██▊       | 2250/8000 [12:23<32:56,  2.91it/s]phase1_shape_color_acc:  28%|██▊       | 2251/8000 [12:23<30:37,  3.13it/s]phase1_shape_color_acc:  28%|██▊       | 2252/8000 [12:23<30:21,  3.16it/s]phase1_shape_color_acc:  28%|██▊       | 2253/8000 [12:24<30:30,  3.14it/s]phase1_shape_color_acc:  28%|██▊       | 2254/8000 [12:24<31:24,  3.05it/s]phase1_shape_color_acc:  28%|██▊       | 2255/8000 [12:24<32:01,  2.99it/s]phase1_shape_color_acc:  28%|██▊       | 2256/8000 [12:25<32:20,  2.96it/s]phase1_shape_color_acc:  28%|██▊       | 2257/8000 [12:25<32:34,  2.94it/s]phase1_shape_color_acc:  28%|██▊       | 2258/8000 [12:25<32:43,  2.92it/s]phase1_shape_color_acc:  28%|██▊       | 2259/8000 [12:26<32:48,  2.92it/s]phase1_shape_color_acc:  28%|██▊       | 2260/8000 [12:26<30:51,  3.10it/s]phase1_shape_color_acc:  28%|██▊       | 2261/8000 [12:26<30:32,  3.13it/s]phase1_shape_color_acc:  28%|██▊       | 2262/8000 [12:27<30:14,  3.16it/s]phase1_shape_color_acc:  28%|██▊       | 2263/8000 [12:27<31:07,  3.07it/s]phase1_shape_color_acc:  28%|██▊       | 2264/8000 [12:27<31:48,  3.01it/s]phase1_shape_color_acc:  28%|██▊       | 2265/8000 [12:28<32:11,  2.97it/s]phase1_shape_color_acc:  28%|██▊       | 2266/8000 [12:28<32:24,  2.95it/s]phase1_shape_color_acc:  28%|██▊       | 2267/8000 [12:28<32:35,  2.93it/s]phase1_shape_color_acc:  28%|██▊       | 2268/8000 [12:29<32:41,  2.92it/s]phase1_shape_color_acc:  28%|██▊       | 2269/8000 [12:29<30:44,  3.11it/s]phase1_shape_color_acc:  28%|██▊       | 2270/8000 [12:29<29:16,  3.26it/s]phase1_shape_color_acc:  28%|██▊       | 2271/8000 [12:30<29:20,  3.25it/s]phase1_shape_color_acc:  28%|██▊       | 2272/8000 [12:30<29:58,  3.19it/s]phase1_shape_color_acc:  28%|██▊       | 2273/8000 [12:30<31:00,  3.08it/s]phase1_shape_color_acc:  28%|██▊       | 2274/8000 [12:31<31:37,  3.02it/s]phase1_shape_color_acc:  28%|██▊       | 2275/8000 [12:31<32:01,  2.98it/s]phase1_shape_color_acc:  28%|██▊       | 2276/8000 [12:31<32:19,  2.95it/s]phase1_shape_color_acc:  28%|██▊       | 2277/8000 [12:32<32:35,  2.93it/s]phase1_shape_color_acc:  28%|██▊       | 2278/8000 [12:32<32:32,  2.93it/s]phase1_shape_color_acc:  28%|██▊       | 2279/8000 [12:32<30:18,  3.15it/s]phase1_shape_color_acc:  28%|██▊       | 2280/8000 [12:33<30:04,  3.17it/s]phase1_shape_color_acc:  29%|██▊       | 2281/8000 [12:33<30:29,  3.13it/s]phase1_shape_color_acc:  29%|██▊       | 2282/8000 [12:33<31:15,  3.05it/s]phase1_shape_color_acc:  29%|██▊       | 2283/8000 [12:34<31:45,  3.00it/s]phase1_shape_color_acc:  29%|██▊       | 2284/8000 [12:34<32:05,  2.97it/s]phase1_shape_color_acc:  29%|██▊       | 2285/8000 [12:34<32:21,  2.94it/s]phase1_shape_color_acc:  29%|██▊       | 2286/8000 [12:35<32:33,  2.93it/s]phase1_shape_color_acc:  29%|██▊       | 2287/8000 [12:35<32:38,  2.92it/s]phase1_shape_color_acc:  29%|██▊       | 2288/8000 [12:35<30:12,  3.15it/s]phase1_shape_color_acc:  29%|██▊       | 2289/8000 [12:36<30:01,  3.17it/s]phase1_shape_color_acc:  29%|██▊       | 2290/8000 [12:36<30:16,  3.14it/s]phase1_shape_color_acc:  29%|██▊       | 2291/8000 [12:36<31:08,  3.06it/s]phase1_shape_color_acc:  29%|██▊       | 2292/8000 [12:37<31:44,  3.00it/s]phase1_shape_color_acc:  29%|██▊       | 2293/8000 [12:37<32:06,  2.96it/s]phase1_shape_color_acc:  29%|██▊       | 2294/8000 [12:37<32:20,  2.94it/s]phase1_shape_color_acc:  29%|██▊       | 2295/8000 [12:38<32:29,  2.93it/s]phase1_shape_color_acc:  29%|██▊       | 2296/8000 [12:38<32:36,  2.92it/s]phase1_shape_color_acc:  29%|██▊       | 2297/8000 [12:38<30:24,  3.13it/s]phase1_shape_color_acc:  29%|██▊       | 2298/8000 [12:39<30:05,  3.16it/s]phase1_shape_color_acc:  29%|██▊       | 2299/8000 [12:39<29:36,  3.21it/s]phase1_shape_color_acc:  29%|██▉       | 2300/8000 [12:39<30:36,  3.10it/s]phase1_shape_color_acc:  29%|██▉       | 2301/8000 [12:40<31:26,  3.02it/s]phase1_shape_color_acc:  29%|██▉       | 2302/8000 [12:40<31:50,  2.98it/s]phase1_shape_color_acc:  29%|██▉       | 2303/8000 [12:40<32:07,  2.95it/s]phase1_shape_color_acc:  29%|██▉       | 2304/8000 [12:41<32:19,  2.94it/s]phase1_shape_color_acc:  29%|██▉       | 2305/8000 [12:41<32:29,  2.92it/s]phase1_shape_color_acc:  29%|██▉       | 2306/8000 [12:41<30:22,  3.12it/s]phase1_shape_color_acc:  29%|██▉       | 2307/8000 [12:42<29:05,  3.26it/s]phase1_shape_color_acc:  29%|██▉       | 2308/8000 [12:42<29:15,  3.24it/s]phase1_shape_color_acc:  29%|██▉       | 2309/8000 [12:42<29:56,  3.17it/s]phase1_shape_color_acc:  29%|██▉       | 2310/8000 [12:43<30:54,  3.07it/s]phase1_shape_color_acc:  29%|██▉       | 2311/8000 [12:43<31:28,  3.01it/s]phase1_shape_color_acc:  29%|██▉       | 2312/8000 [12:43<31:51,  2.98it/s]phase1_shape_color_acc:  29%|██▉       | 2313/8000 [12:44<32:08,  2.95it/s]phase1_shape_color_acc:  29%|██▉       | 2314/8000 [12:44<32:20,  2.93it/s]phase1_shape_color_acc:  29%|██▉       | 2315/8000 [12:44<32:27,  2.92it/s]phase1_shape_color_acc:  29%|██▉       | 2316/8000 [12:45<30:19,  3.12it/s]phase1_shape_color_acc:  29%|██▉       | 2317/8000 [12:45<30:05,  3.15it/s]phase1_shape_color_acc:  29%|██▉       | 2318/8000 [12:45<30:16,  3.13it/s]phase1_shape_color_acc:  29%|██▉       | 2319/8000 [12:46<31:06,  3.04it/s]phase1_shape_color_acc:  29%|██▉       | 2320/8000 [12:46<31:40,  2.99it/s]phase1_shape_color_acc:  29%|██▉       | 2321/8000 [12:46<32:04,  2.95it/s]phase1_shape_color_acc:  29%|██▉       | 2322/8000 [12:47<32:13,  2.94it/s]phase1_shape_color_acc:  29%|██▉       | 2323/8000 [12:47<32:21,  2.92it/s]phase1_shape_color_acc:  29%|██▉       | 2324/8000 [12:47<32:27,  2.91it/s]phase1_shape_color_acc:  29%|██▉       | 2325/8000 [12:48<30:09,  3.14it/s]phase1_shape_color_acc:  29%|██▉       | 2326/8000 [12:48<29:52,  3.17it/s]phase1_shape_color_acc:  29%|██▉       | 2327/8000 [12:48<30:15,  3.13it/s]phase1_shape_color_acc:  29%|██▉       | 2328/8000 [12:48<31:04,  3.04it/s]phase1_shape_color_acc:  29%|██▉       | 2329/8000 [12:49<31:40,  2.98it/s]phase1_shape_color_acc:  29%|██▉       | 2330/8000 [12:49<31:56,  2.96it/s]phase1_shape_color_acc:  29%|██▉       | 2331/8000 [12:50<32:07,  2.94it/s]phase1_shape_color_acc:  29%|██▉       | 2332/8000 [12:50<32:17,  2.93it/s]phase1_shape_color_acc:  29%|██▉       | 2333/8000 [12:50<32:23,  2.92it/s]phase1_shape_color_acc:  29%|██▉       | 2334/8000 [12:50<30:27,  3.10it/s]phase1_shape_color_acc:  29%|██▉       | 2335/8000 [12:51<30:08,  3.13it/s]phase1_shape_color_acc:  29%|██▉       | 2336/8000 [12:51<30:29,  3.10it/s]phase1_shape_color_acc:  29%|██▉       | 2337/8000 [12:51<31:17,  3.02it/s]phase1_shape_color_acc:  29%|██▉       | 2338/8000 [12:52<31:41,  2.98it/s]phase1_shape_color_acc:  29%|██▉       | 2339/8000 [12:52<31:57,  2.95it/s]phase1_shape_color_acc:  29%|██▉       | 2340/8000 [12:53<32:08,  2.94it/s]phase1_shape_color_acc:  29%|██▉       | 2341/8000 [12:53<32:17,  2.92it/s]phase1_shape_color_acc:  29%|██▉       | 2342/8000 [12:53<32:04,  2.94it/s]phase1_shape_color_acc:  29%|██▉       | 2343/8000 [12:53<28:25,  3.32it/s]phase1_shape_color_acc:  29%|██▉       | 2344/8000 [12:54<28:26,  3.31it/s]phase1_shape_color_acc:  29%|██▉       | 2345/8000 [12:54<28:56,  3.26it/s]phase1_shape_color_acc:  29%|██▉       | 2346/8000 [12:54<30:03,  3.13it/s]phase1_shape_color_acc:  29%|██▉       | 2347/8000 [12:55<30:55,  3.05it/s]phase1_shape_color_acc:  29%|██▉       | 2348/8000 [12:55<31:23,  3.00it/s]phase1_shape_color_acc:  29%|██▉       | 2349/8000 [12:55<31:45,  2.97it/s]phase1_shape_color_acc:  29%|██▉       | 2350/8000 [12:56<31:57,  2.95it/s]phase1_shape_color_acc:  29%|██▉       | 2351/8000 [12:56<32:07,  2.93it/s]phase1_shape_color_acc:  29%|██▉       | 2352/8000 [12:56<30:38,  3.07it/s]phase1_shape_color_acc:  29%|██▉       | 2353/8000 [12:57<30:16,  3.11it/s]phase1_shape_color_acc:  29%|██▉       | 2354/8000 [12:57<29:54,  3.15it/s]phase1_shape_color_acc:  29%|██▉       | 2355/8000 [12:57<30:44,  3.06it/s]phase1_shape_color_acc:  29%|██▉       | 2356/8000 [12:58<31:22,  3.00it/s]phase1_shape_color_acc:  29%|██▉       | 2357/8000 [12:58<31:44,  2.96it/s]phase1_shape_color_acc:  29%|██▉       | 2358/8000 [12:58<31:58,  2.94it/s]phase1_shape_color_acc:  29%|██▉       | 2359/8000 [12:59<32:08,  2.93it/s]phase1_shape_color_acc:  30%|██▉       | 2360/8000 [12:59<32:14,  2.92it/s]phase1_shape_color_acc:  30%|██▉       | 2361/8000 [12:59<31:21,  3.00it/s]phase1_shape_color_acc:  30%|██▉       | 2362/8000 [13:00<30:55,  3.04it/s]phase1_shape_color_acc:  30%|██▉       | 2363/8000 [13:00<30:24,  3.09it/s]phase1_shape_color_acc:  30%|██▉       | 2364/8000 [13:00<31:03,  3.02it/s]phase1_shape_color_acc:  30%|██▉       | 2365/8000 [13:01<31:37,  2.97it/s]phase1_shape_color_acc:  30%|██▉       | 2366/8000 [13:01<31:52,  2.95it/s]phase1_shape_color_acc:  30%|██▉       | 2367/8000 [13:01<32:03,  2.93it/s]phase1_shape_color_acc:  30%|██▉       | 2368/8000 [13:02<32:09,  2.92it/s]phase1_shape_color_acc:  30%|██▉       | 2369/8000 [13:02<32:16,  2.91it/s]phase1_shape_color_acc:  30%|██▉       | 2370/8000 [13:02<31:18,  3.00it/s]phase1_shape_color_acc:  30%|██▉       | 2371/8000 [13:03<30:53,  3.04it/s]phase1_shape_color_acc:  30%|██▉       | 2372/8000 [13:03<30:22,  3.09it/s]phase1_shape_color_acc:  30%|██▉       | 2373/8000 [13:03<31:00,  3.02it/s]phase1_shape_color_acc:  30%|██▉       | 2374/8000 [13:04<31:30,  2.98it/s]phase1_shape_color_acc:  30%|██▉       | 2375/8000 [13:04<31:46,  2.95it/s]phase1_shape_color_acc:  30%|██▉       | 2376/8000 [13:04<31:55,  2.94it/s]phase1_shape_color_acc:  30%|██▉       | 2377/8000 [13:05<32:05,  2.92it/s]phase1_shape_color_acc:  30%|██▉       | 2378/8000 [13:05<32:11,  2.91it/s]phase1_shape_color_acc:  30%|██▉       | 2379/8000 [13:05<31:12,  3.00it/s]phase1_shape_color_acc:  30%|██▉       | 2380/8000 [13:06<29:24,  3.19it/s]phase1_shape_color_acc:  30%|██▉       | 2381/8000 [13:06<29:21,  3.19it/s]phase1_shape_color_acc:  30%|██▉       | 2382/8000 [13:06<29:55,  3.13it/s]phase1_shape_color_acc:  30%|██▉       | 2383/8000 [13:07<30:48,  3.04it/s]phase1_shape_color_acc:  30%|██▉       | 2384/8000 [13:07<31:21,  2.99it/s]phase1_shape_color_acc:  30%|██▉       | 2385/8000 [13:07<31:49,  2.94it/s]phase1_shape_color_acc:  30%|██▉       | 2386/8000 [13:08<32:00,  2.92it/s]phase1_shape_color_acc:  30%|██▉       | 2387/8000 [13:08<32:05,  2.92it/s]phase1_shape_color_acc:  30%|██▉       | 2388/8000 [13:08<32:08,  2.91it/s]phase1_shape_color_acc:  30%|██▉       | 2389/8000 [13:09<29:50,  3.13it/s]phase1_shape_color_acc:  30%|██▉       | 2390/8000 [13:09<29:32,  3.16it/s]phase1_shape_color_acc:  30%|██▉       | 2391/8000 [13:09<29:52,  3.13it/s]phase1_shape_color_acc:  30%|██▉       | 2392/8000 [13:10<30:37,  3.05it/s]phase1_shape_color_acc:  30%|██▉       | 2393/8000 [13:10<31:09,  3.00it/s]phase1_shape_color_acc:  30%|██▉       | 2394/8000 [13:10<31:26,  2.97it/s]phase1_shape_color_acc:  30%|██▉       | 2395/8000 [13:11<31:40,  2.95it/s]phase1_shape_color_acc:  30%|██▉       | 2396/8000 [13:11<31:50,  2.93it/s]phase1_shape_color_acc:  30%|██▉       | 2397/8000 [13:11<32:03,  2.91it/s]phase1_shape_color_acc:  30%|██▉       | 2398/8000 [13:12<30:02,  3.11it/s]phase1_shape_color_acc:  30%|██▉       | 2399/8000 [13:12<29:40,  3.14it/s]phase1_shape_color_acc:  30%|███       | 2400/8000 [13:12<29:53,  3.12it/s]phase1_shape_color_acc:  30%|███       | 2401/8000 [13:13<30:46,  3.03it/s]phase1_shape_color_acc:  30%|███       | 2402/8000 [13:13<31:12,  2.99it/s]phase1_shape_color_acc:  30%|███       | 2403/8000 [13:13<31:31,  2.96it/s]phase1_shape_color_acc:  30%|███       | 2404/8000 [13:14<31:42,  2.94it/s]phase1_shape_color_acc:  30%|███       | 2405/8000 [13:14<31:53,  2.92it/s]phase1_shape_color_acc:  30%|███       | 2406/8000 [13:14<31:59,  2.91it/s]phase1_shape_color_acc:  30%|███       | 2407/8000 [13:15<29:41,  3.14it/s]phase1_shape_color_acc:  30%|███       | 2408/8000 [13:15<29:27,  3.16it/s]phase1_shape_color_acc:  30%|███       | 2409/8000 [13:15<29:48,  3.13it/s]phase1_shape_color_acc:  30%|███       | 2410/8000 [13:16<30:40,  3.04it/s]phase1_shape_color_acc:  30%|███       | 2411/8000 [13:16<31:09,  2.99it/s]phase1_shape_color_acc:  30%|███       | 2412/8000 [13:16<31:26,  2.96it/s]phase1_shape_color_acc:  30%|███       | 2413/8000 [13:17<31:42,  2.94it/s]phase1_shape_color_acc:  30%|███       | 2414/8000 [13:17<31:49,  2.93it/s]phase1_shape_color_acc:  30%|███       | 2415/8000 [13:17<31:54,  2.92it/s]phase1_shape_color_acc:  30%|███       | 2416/8000 [13:18<28:44,  3.24it/s]phase1_shape_color_acc:  30%|███       | 2417/8000 [13:18<28:28,  3.27it/s]phase1_shape_color_acc:  30%|███       | 2418/8000 [13:18<28:29,  3.27it/s]phase1_shape_color_acc:  30%|███       | 2419/8000 [13:19<29:23,  3.16it/s]phase1_shape_color_acc:  30%|███       | 2420/8000 [13:19<30:19,  3.07it/s]phase1_shape_color_acc:  30%|███       | 2421/8000 [13:19<30:53,  3.01it/s]phase1_shape_color_acc:  30%|███       | 2422/8000 [13:20<31:17,  2.97it/s]phase1_shape_color_acc:  30%|███       | 2423/8000 [13:20<31:30,  2.95it/s]phase1_shape_color_acc:  30%|███       | 2424/8000 [13:20<31:40,  2.93it/s]phase1_shape_color_acc:  30%|███       | 2425/8000 [13:21<30:17,  3.07it/s]phase1_shape_color_acc:  30%|███       | 2426/8000 [13:21<29:57,  3.10it/s]phase1_shape_color_acc:  30%|███       | 2427/8000 [13:21<29:35,  3.14it/s]phase1_shape_color_acc:  30%|███       | 2428/8000 [13:22<30:22,  3.06it/s]phase1_shape_color_acc:  30%|███       | 2429/8000 [13:22<31:01,  2.99it/s]phase1_shape_color_acc:  30%|███       | 2430/8000 [13:22<31:20,  2.96it/s]phase1_shape_color_acc:  30%|███       | 2431/8000 [13:23<31:32,  2.94it/s]phase1_shape_color_acc:  30%|███       | 2432/8000 [13:23<31:42,  2.93it/s]phase1_shape_color_acc:  30%|███       | 2433/8000 [13:23<31:49,  2.92it/s]phase1_shape_color_acc:  30%|███       | 2434/8000 [13:24<30:04,  3.08it/s]phase1_shape_color_acc:  30%|███       | 2435/8000 [13:24<29:40,  3.12it/s]phase1_shape_color_acc:  30%|███       | 2436/8000 [13:24<29:10,  3.18it/s]phase1_shape_color_acc:  30%|███       | 2437/8000 [13:25<30:11,  3.07it/s]phase1_shape_color_acc:  30%|███       | 2438/8000 [13:25<30:49,  3.01it/s]phase1_shape_color_acc:  30%|███       | 2439/8000 [13:25<31:10,  2.97it/s]phase1_shape_color_acc:  30%|███       | 2440/8000 [13:26<31:24,  2.95it/s]phase1_shape_color_acc:  31%|███       | 2441/8000 [13:26<31:35,  2.93it/s]phase1_shape_color_acc:  31%|███       | 2442/8000 [13:26<31:40,  2.92it/s]phase1_shape_color_acc:  31%|███       | 2443/8000 [13:27<29:50,  3.10it/s]phase1_shape_color_acc:  31%|███       | 2444/8000 [13:27<29:30,  3.14it/s]phase1_shape_color_acc:  31%|███       | 2445/8000 [13:27<29:00,  3.19it/s]phase1_shape_color_acc:  31%|███       | 2446/8000 [13:28<29:53,  3.10it/s]phase1_shape_color_acc:  31%|███       | 2447/8000 [13:28<30:37,  3.02it/s]phase1_shape_color_acc:  31%|███       | 2448/8000 [13:28<31:01,  2.98it/s]phase1_shape_color_acc:  31%|███       | 2449/8000 [13:29<31:19,  2.95it/s]phase1_shape_color_acc:  31%|███       | 2450/8000 [13:29<31:28,  2.94it/s]phase1_shape_color_acc:  31%|███       | 2451/8000 [13:29<31:36,  2.93it/s]phase1_shape_color_acc:  31%|███       | 2452/8000 [13:30<29:29,  3.13it/s]phase1_shape_color_acc:  31%|███       | 2453/8000 [13:30<27:55,  3.31it/s]phase1_shape_color_acc:  31%|███       | 2454/8000 [13:30<28:05,  3.29it/s]phase1_shape_color_acc:  31%|███       | 2455/8000 [13:30<28:46,  3.21it/s]phase1_shape_color_acc:  31%|███       | 2456/8000 [13:31<29:48,  3.10it/s]phase1_shape_color_acc:  31%|███       | 2457/8000 [13:31<30:29,  3.03it/s]phase1_shape_color_acc:  31%|███       | 2458/8000 [13:31<30:52,  2.99it/s]phase1_shape_color_acc:  31%|███       | 2459/8000 [13:32<31:11,  2.96it/s]phase1_shape_color_acc:  31%|███       | 2460/8000 [13:32<31:23,  2.94it/s]phase1_shape_color_acc:  31%|███       | 2461/8000 [13:32<31:34,  2.92it/s]phase1_shape_color_acc:  31%|███       | 2462/8000 [13:33<29:24,  3.14it/s]phase1_shape_color_acc:  31%|███       | 2463/8000 [13:33<29:06,  3.17it/s]phase1_shape_color_acc:  31%|███       | 2464/8000 [13:33<29:25,  3.14it/s]phase1_shape_color_acc:  31%|███       | 2465/8000 [13:34<30:22,  3.04it/s]phase1_shape_color_acc:  31%|███       | 2466/8000 [13:34<30:54,  2.98it/s]phase1_shape_color_acc:  31%|███       | 2467/8000 [13:34<31:14,  2.95it/s]phase1_shape_color_acc:  31%|███       | 2468/8000 [13:35<31:27,  2.93it/s]phase1_shape_color_acc:  31%|███       | 2469/8000 [13:35<31:35,  2.92it/s]phase1_shape_color_acc:  31%|███       | 2470/8000 [13:35<31:37,  2.91it/s]phase1_shape_color_acc:  31%|███       | 2471/8000 [13:36<29:21,  3.14it/s]phase1_shape_color_acc:  31%|███       | 2472/8000 [13:36<29:10,  3.16it/s]phase1_shape_color_acc:  31%|███       | 2473/8000 [13:36<29:29,  3.12it/s]phase1_shape_color_acc:  31%|███       | 2474/8000 [13:37<30:18,  3.04it/s]phase1_shape_color_acc:  31%|███       | 2475/8000 [13:37<30:51,  2.98it/s]phase1_shape_color_acc:  31%|███       | 2476/8000 [13:37<31:07,  2.96it/s]phase1_shape_color_acc:  31%|███       | 2477/8000 [13:38<31:21,  2.93it/s]phase1_shape_color_acc:  31%|███       | 2478/8000 [13:38<31:29,  2.92it/s]phase1_shape_color_acc:  31%|███       | 2479/8000 [13:38<31:35,  2.91it/s]phase1_shape_color_acc:  31%|███       | 2480/8000 [13:39<29:25,  3.13it/s]phase1_shape_color_acc:  31%|███       | 2481/8000 [13:39<29:14,  3.15it/s]phase1_shape_color_acc:  31%|███       | 2482/8000 [13:39<29:18,  3.14it/s]phase1_shape_color_acc:  31%|███       | 2483/8000 [13:40<30:07,  3.05it/s]phase1_shape_color_acc:  31%|███       | 2484/8000 [13:40<30:44,  2.99it/s]phase1_shape_color_acc:  31%|███       | 2485/8000 [13:40<31:04,  2.96it/s]phase1_shape_color_acc:  31%|███       | 2486/8000 [13:41<31:15,  2.94it/s]phase1_shape_color_acc:  31%|███       | 2487/8000 [13:41<31:24,  2.93it/s]phase1_shape_color_acc:  31%|███       | 2488/8000 [13:41<31:30,  2.92it/s]phase1_shape_color_acc:  31%|███       | 2489/8000 [13:42<29:56,  3.07it/s]phase1_shape_color_acc:  31%|███       | 2490/8000 [13:42<28:36,  3.21it/s]phase1_shape_color_acc:  31%|███       | 2491/8000 [13:42<28:31,  3.22it/s]phase1_shape_color_acc:  31%|███       | 2492/8000 [13:43<29:09,  3.15it/s]phase1_shape_color_acc:  31%|███       | 2493/8000 [13:43<30:07,  3.05it/s]phase1_shape_color_acc:  31%|███       | 2494/8000 [13:43<30:41,  2.99it/s]phase1_shape_color_acc:  31%|███       | 2495/8000 [13:44<31:02,  2.96it/s]phase1_shape_color_acc:  31%|███       | 2496/8000 [13:44<31:12,  2.94it/s]phase1_shape_color_acc:  31%|███       | 2497/8000 [13:44<31:22,  2.92it/s]phase1_shape_color_acc:  31%|███       | 2498/8000 [13:45<31:30,  2.91it/s]phase1_shape_color_acc:  31%|███       | 2499/8000 [13:45<29:22,  3.12it/s]phase1_shape_color_acc:  31%|███▏      | 2500/8000 [13:45<29:05,  3.15it/s]phase1_shape_color_acc:  31%|███▏      | 2501/8000 [13:46<29:24,  3.12it/s]phase1_shape_color_acc:  31%|███▏      | 2502/8000 [13:46<30:12,  3.03it/s]phase1_shape_color_acc:  31%|███▏      | 2503/8000 [13:46<30:39,  2.99it/s]phase1_shape_color_acc:  31%|███▏      | 2504/8000 [13:47<30:56,  2.96it/s]phase1_shape_color_acc:  31%|███▏      | 2505/8000 [13:47<31:11,  2.94it/s]phase1_shape_color_acc:  31%|███▏      | 2506/8000 [13:47<31:20,  2.92it/s]phase1_shape_color_acc:  31%|███▏      | 2507/8000 [13:48<31:24,  2.91it/s]phase1_shape_color_acc:  31%|███▏      | 2508/8000 [13:48<29:11,  3.14it/s]phase1_shape_color_acc:  31%|███▏      | 2509/8000 [13:48<28:58,  3.16it/s]phase1_shape_color_acc:  31%|███▏      | 2510/8000 [13:49<29:09,  3.14it/s]phase1_shape_color_acc:  31%|███▏      | 2511/8000 [13:49<29:56,  3.06it/s]phase1_shape_color_acc:  31%|███▏      | 2512/8000 [13:49<30:25,  3.01it/s]phase1_shape_color_acc:  31%|███▏      | 2513/8000 [13:50<30:48,  2.97it/s]phase1_shape_color_acc:  31%|███▏      | 2514/8000 [13:50<31:04,  2.94it/s]phase1_shape_color_acc:  31%|███▏      | 2515/8000 [13:50<31:12,  2.93it/s]phase1_shape_color_acc:  31%|███▏      | 2516/8000 [13:51<31:18,  2.92it/s]phase1_shape_color_acc:  31%|███▏      | 2517/8000 [13:51<29:10,  3.13it/s]phase1_shape_color_acc:  31%|███▏      | 2518/8000 [13:51<29:01,  3.15it/s]phase1_shape_color_acc:  31%|███▏      | 2519/8000 [13:52<29:10,  3.13it/s]phase1_shape_color_acc:  32%|███▏      | 2520/8000 [13:52<29:59,  3.05it/s]phase1_shape_color_acc:  32%|███▏      | 2521/8000 [13:52<30:30,  2.99it/s]phase1_shape_color_acc:  32%|███▏      | 2522/8000 [13:53<30:49,  2.96it/s]phase1_shape_color_acc:  32%|███▏      | 2523/8000 [13:53<31:02,  2.94it/s]phase1_shape_color_acc:  32%|███▏      | 2524/8000 [13:53<31:09,  2.93it/s]phase1_shape_color_acc:  32%|███▏      | 2525/8000 [13:54<31:17,  2.92it/s]phase1_shape_color_acc:  32%|███▏      | 2526/8000 [13:54<30:22,  3.00it/s]phase1_shape_color_acc:  32%|███▏      | 2527/8000 [13:54<27:26,  3.32it/s]phase1_shape_color_acc:  32%|███▏      | 2528/8000 [13:55<27:31,  3.31it/s]phase1_shape_color_acc:  32%|███▏      | 2529/8000 [13:55<28:08,  3.24it/s]phase1_shape_color_acc:  32%|███▏      | 2530/8000 [13:55<29:15,  3.12it/s]phase1_shape_color_acc:  32%|███▏      | 2531/8000 [13:56<30:02,  3.03it/s]phase1_shape_color_acc:  32%|███▏      | 2532/8000 [13:56<30:27,  2.99it/s]phase1_shape_color_acc:  32%|███▏      | 2533/8000 [13:56<30:47,  2.96it/s]phase1_shape_color_acc:  32%|███▏      | 2534/8000 [13:57<30:59,  2.94it/s]phase1_shape_color_acc:  32%|███▏      | 2535/8000 [13:57<31:08,  2.93it/s]phase1_shape_color_acc:  32%|███▏      | 2536/8000 [13:57<29:12,  3.12it/s]phase1_shape_color_acc:  32%|███▏      | 2537/8000 [13:58<28:56,  3.15it/s]phase1_shape_color_acc:  32%|███▏      | 2538/8000 [13:58<28:27,  3.20it/s]phase1_shape_color_acc:  32%|███▏      | 2539/8000 [13:58<29:22,  3.10it/s]phase1_shape_color_acc:  32%|███▏      | 2540/8000 [13:59<30:06,  3.02it/s]phase1_shape_color_acc:  32%|███▏      | 2541/8000 [13:59<30:34,  2.98it/s]phase1_shape_color_acc:  32%|███▏      | 2542/8000 [13:59<30:48,  2.95it/s]phase1_shape_color_acc:  32%|███▏      | 2543/8000 [14:00<30:59,  2.94it/s]phase1_shape_color_acc:  32%|███▏      | 2544/8000 [14:00<31:06,  2.92it/s]phase1_shape_color_acc:  32%|███▏      | 2545/8000 [14:00<30:08,  3.02it/s]phase1_shape_color_acc:  32%|███▏      | 2546/8000 [14:01<29:41,  3.06it/s]phase1_shape_color_acc:  32%|███▏      | 2547/8000 [14:01<29:14,  3.11it/s]phase1_shape_color_acc:  32%|███▏      | 2548/8000 [14:01<30:00,  3.03it/s]phase1_shape_color_acc:  32%|███▏      | 2549/8000 [14:02<30:33,  2.97it/s]phase1_shape_color_acc:  32%|███▏      | 2550/8000 [14:02<30:46,  2.95it/s]phase1_shape_color_acc:  32%|███▏      | 2551/8000 [14:02<30:59,  2.93it/s]phase1_shape_color_acc:  32%|███▏      | 2552/8000 [14:03<31:06,  2.92it/s]phase1_shape_color_acc:  32%|███▏      | 2553/8000 [14:03<31:16,  2.90it/s]phase1_shape_color_acc:  32%|███▏      | 2554/8000 [14:03<29:14,  3.10it/s]phase1_shape_color_acc:  32%|███▏      | 2555/8000 [14:03<28:50,  3.15it/s]phase1_shape_color_acc:  32%|███▏      | 2556/8000 [14:04<28:21,  3.20it/s]phase1_shape_color_acc:  32%|███▏      | 2557/8000 [14:04<29:20,  3.09it/s]phase1_shape_color_acc:  32%|███▏      | 2558/8000 [14:04<30:04,  3.02it/s]phase1_shape_color_acc:  32%|███▏      | 2559/8000 [14:05<30:27,  2.98it/s]phase1_shape_color_acc:  32%|███▏      | 2560/8000 [14:05<30:41,  2.95it/s]phase1_shape_color_acc:  32%|███▏      | 2561/8000 [14:06<30:57,  2.93it/s]phase1_shape_color_acc:  32%|███▏      | 2562/8000 [14:06<31:15,  2.90it/s]phase1_shape_color_acc:  32%|███▏      | 2563/8000 [14:06<30:13,  3.00it/s]phase1_shape_color_acc:  32%|███▏      | 2564/8000 [14:06<28:30,  3.18it/s]phase1_shape_color_acc:  32%|███▏      | 2565/8000 [14:07<28:22,  3.19it/s]phase1_shape_color_acc:  32%|███▏      | 2566/8000 [14:07<28:41,  3.16it/s]phase1_shape_color_acc:  32%|███▏      | 2567/8000 [14:07<29:34,  3.06it/s]phase1_shape_color_acc:  32%|███▏      | 2568/8000 [14:08<30:05,  3.01it/s]phase1_shape_color_acc:  32%|███▏      | 2569/8000 [14:08<30:28,  2.97it/s]phase1_shape_color_acc:  32%|███▏      | 2570/8000 [14:08<30:43,  2.95it/s]phase1_shape_color_acc:  32%|███▏      | 2571/8000 [14:09<30:52,  2.93it/s]phase1_shape_color_acc:  32%|███▏      | 2572/8000 [14:09<30:59,  2.92it/s]phase1_shape_color_acc:  32%|███▏      | 2573/8000 [14:09<28:41,  3.15it/s]phase1_shape_color_acc:  32%|███▏      | 2574/8000 [14:10<28:36,  3.16it/s]phase1_shape_color_acc:  32%|███▏      | 2575/8000 [14:10<28:55,  3.13it/s]phase1_shape_color_acc:  32%|███▏      | 2576/8000 [14:10<29:42,  3.04it/s]phase1_shape_color_acc:  32%|███▏      | 2577/8000 [14:11<30:13,  2.99it/s]phase1_shape_color_acc:  32%|███▏      | 2578/8000 [14:11<30:30,  2.96it/s]phase1_shape_color_acc:  32%|███▏      | 2579/8000 [14:11<30:42,  2.94it/s]phase1_shape_color_acc:  32%|███▏      | 2580/8000 [14:12<30:51,  2.93it/s]phase1_shape_color_acc:  32%|███▏      | 2581/8000 [14:12<30:58,  2.92it/s]phase1_shape_color_acc:  32%|███▏      | 2582/8000 [14:12<28:47,  3.14it/s]phase1_shape_color_acc:  32%|███▏      | 2583/8000 [14:13<28:31,  3.16it/s]phase1_shape_color_acc:  32%|███▏      | 2584/8000 [14:13<28:53,  3.13it/s]phase1_shape_color_acc:  32%|███▏      | 2585/8000 [14:13<29:41,  3.04it/s]phase1_shape_color_acc:  32%|███▏      | 2586/8000 [14:14<30:07,  3.00it/s]phase1_shape_color_acc:  32%|███▏      | 2587/8000 [14:14<30:25,  2.97it/s]phase1_shape_color_acc:  32%|███▏      | 2588/8000 [14:14<30:38,  2.94it/s]phase1_shape_color_acc:  32%|███▏      | 2589/8000 [14:15<30:50,  2.92it/s]phase1_shape_color_acc:  32%|███▏      | 2590/8000 [14:15<30:55,  2.92it/s]phase1_shape_color_acc:  32%|███▏      | 2591/8000 [14:15<28:45,  3.13it/s]phase1_shape_color_acc:  32%|███▏      | 2592/8000 [14:16<28:34,  3.16it/s]phase1_shape_color_acc:  32%|███▏      | 2593/8000 [14:16<28:50,  3.12it/s]phase1_shape_color_acc:  32%|███▏      | 2594/8000 [14:16<29:38,  3.04it/s]phase1_shape_color_acc:  32%|███▏      | 2595/8000 [14:17<30:12,  2.98it/s]phase1_shape_color_acc:  32%|███▏      | 2596/8000 [14:17<30:27,  2.96it/s]phase1_shape_color_acc:  32%|███▏      | 2597/8000 [14:17<30:40,  2.94it/s]phase1_shape_color_acc:  32%|███▏      | 2598/8000 [14:18<30:49,  2.92it/s]phase1_shape_color_acc:  32%|███▏      | 2599/8000 [14:18<30:52,  2.92it/s]phase1_shape_color_acc:  32%|███▎      | 2600/8000 [14:18<27:30,  3.27it/s]phase1_shape_color_acc:  33%|███▎      | 2601/8000 [14:19<27:24,  3.28it/s]phase1_shape_color_acc:  33%|███▎      | 2602/8000 [14:19<27:30,  3.27it/s]phase1_shape_color_acc:  33%|███▎      | 2603/8000 [14:19<28:41,  3.13it/s]phase1_shape_color_acc:  33%|███▎      | 2604/8000 [14:20<29:30,  3.05it/s]phase1_shape_color_acc:  33%|███▎      | 2605/8000 [14:20<29:59,  3.00it/s]phase1_shape_color_acc:  33%|███▎      | 2606/8000 [14:20<30:16,  2.97it/s]phase1_shape_color_acc:  33%|███▎      | 2607/8000 [14:21<30:30,  2.95it/s]phase1_shape_color_acc:  33%|███▎      | 2608/8000 [14:21<30:40,  2.93it/s]phase1_shape_color_acc:  33%|███▎      | 2609/8000 [14:21<29:51,  3.01it/s]phase1_shape_color_acc:  33%|███▎      | 2610/8000 [14:22<29:26,  3.05it/s]phase1_shape_color_acc:  33%|███▎      | 2611/8000 [14:22<28:59,  3.10it/s]phase1_shape_color_acc:  33%|███▎      | 2612/8000 [14:22<29:42,  3.02it/s]phase1_shape_color_acc:  33%|███▎      | 2613/8000 [14:23<30:15,  2.97it/s]phase1_shape_color_acc:  33%|███▎      | 2614/8000 [14:23<30:26,  2.95it/s]phase1_shape_color_acc:  33%|███▎      | 2615/8000 [14:23<30:36,  2.93it/s]phase1_shape_color_acc:  33%|███▎      | 2616/8000 [14:24<30:43,  2.92it/s]phase1_shape_color_acc:  33%|███▎      | 2617/8000 [14:24<30:49,  2.91it/s]phase1_shape_color_acc:  33%|███▎      | 2618/8000 [14:24<29:51,  3.00it/s]phase1_shape_color_acc:  33%|███▎      | 2619/8000 [14:25<29:21,  3.06it/s]phase1_shape_color_acc:  33%|███▎      | 2620/8000 [14:25<28:53,  3.10it/s]phase1_shape_color_acc:  33%|███▎      | 2621/8000 [14:25<29:39,  3.02it/s]phase1_shape_color_acc:  33%|███▎      | 2622/8000 [14:26<30:11,  2.97it/s]phase1_shape_color_acc:  33%|███▎      | 2623/8000 [14:26<30:26,  2.94it/s]phase1_shape_color_acc:  33%|███▎      | 2624/8000 [14:26<30:35,  2.93it/s]phase1_shape_color_acc:  33%|███▎      | 2625/8000 [14:27<30:43,  2.92it/s]phase1_shape_color_acc:  33%|███▎      | 2626/8000 [14:27<30:48,  2.91it/s]phase1_shape_color_acc:  33%|███▎      | 2627/8000 [14:27<30:00,  2.98it/s]phase1_shape_color_acc:  33%|███▎      | 2628/8000 [14:28<29:33,  3.03it/s]phase1_shape_color_acc:  33%|███▎      | 2629/8000 [14:28<29:03,  3.08it/s]phase1_shape_color_acc:  33%|███▎      | 2630/8000 [14:28<29:42,  3.01it/s]phase1_shape_color_acc:  33%|███▎      | 2631/8000 [14:29<30:09,  2.97it/s]phase1_shape_color_acc:  33%|███▎      | 2632/8000 [14:29<30:22,  2.94it/s]phase1_shape_color_acc:  33%|███▎      | 2633/8000 [14:29<30:34,  2.93it/s]phase1_shape_color_acc:  33%|███▎      | 2634/8000 [14:30<30:41,  2.91it/s]phase1_shape_color_acc:  33%|███▎      | 2635/8000 [14:30<30:45,  2.91it/s]phase1_shape_color_acc:  33%|███▎      | 2636/8000 [14:30<28:41,  3.12it/s]phase1_shape_color_acc:  33%|███▎      | 2637/8000 [14:31<27:10,  3.29it/s]phase1_shape_color_acc:  33%|███▎      | 2638/8000 [14:31<27:17,  3.27it/s]phase1_shape_color_acc:  33%|███▎      | 2639/8000 [14:31<27:58,  3.19it/s]phase1_shape_color_acc:  33%|███▎      | 2640/8000 [14:32<28:56,  3.09it/s]phase1_shape_color_acc:  33%|███▎      | 2641/8000 [14:32<29:24,  3.04it/s]phase1_shape_color_acc:  33%|███▎      | 2642/8000 [14:32<29:52,  2.99it/s]phase1_shape_color_acc:  33%|███▎      | 2643/8000 [14:33<30:09,  2.96it/s]phase1_shape_color_acc:  33%|███▎      | 2644/8000 [14:33<30:22,  2.94it/s]phase1_shape_color_acc:  33%|███▎      | 2645/8000 [14:33<30:32,  2.92it/s]phase1_shape_color_acc:  33%|███▎      | 2646/8000 [14:34<28:21,  3.15it/s]phase1_shape_color_acc:  33%|███▎      | 2647/8000 [14:34<28:09,  3.17it/s]phase1_shape_color_acc:  33%|███▎      | 2648/8000 [14:34<28:31,  3.13it/s]phase1_shape_color_acc:  33%|███▎      | 2649/8000 [14:35<29:21,  3.04it/s]phase1_shape_color_acc:  33%|███▎      | 2650/8000 [14:35<29:38,  3.01it/s]phase1_shape_color_acc:  33%|███▎      | 2651/8000 [14:35<30:00,  2.97it/s]phase1_shape_color_acc:  33%|███▎      | 2652/8000 [14:36<30:13,  2.95it/s]phase1_shape_color_acc:  33%|███▎      | 2653/8000 [14:36<30:25,  2.93it/s]phase1_shape_color_acc:  33%|███▎      | 2654/8000 [14:36<30:32,  2.92it/s]phase1_shape_color_acc:  33%|███▎      | 2655/8000 [14:37<28:21,  3.14it/s]phase1_shape_color_acc:  33%|███▎      | 2656/8000 [14:37<28:08,  3.16it/s]phase1_shape_color_acc:  33%|███▎      | 2657/8000 [14:37<28:31,  3.12it/s]phase1_shape_color_acc:  33%|███▎      | 2658/8000 [14:38<29:18,  3.04it/s]phase1_shape_color_acc:  33%|███▎      | 2659/8000 [14:38<29:37,  3.01it/s]phase1_shape_color_acc:  33%|███▎      | 2660/8000 [14:38<29:57,  2.97it/s]phase1_shape_color_acc:  33%|███▎      | 2661/8000 [14:39<30:14,  2.94it/s]phase1_shape_color_acc:  33%|███▎      | 2662/8000 [14:39<30:23,  2.93it/s]phase1_shape_color_acc:  33%|███▎      | 2663/8000 [14:39<30:30,  2.92it/s]phase1_shape_color_acc:  33%|███▎      | 2664/8000 [14:40<28:28,  3.12it/s]phase1_shape_color_acc:  33%|███▎      | 2665/8000 [14:40<28:18,  3.14it/s]phase1_shape_color_acc:  33%|███▎      | 2666/8000 [14:40<28:32,  3.11it/s]phase1_shape_color_acc:  33%|███▎      | 2667/8000 [14:41<29:13,  3.04it/s]phase1_shape_color_acc:  33%|███▎      | 2668/8000 [14:41<29:33,  3.01it/s]phase1_shape_color_acc:  33%|███▎      | 2669/8000 [14:41<29:56,  2.97it/s]phase1_shape_color_acc:  33%|███▎      | 2670/8000 [14:42<30:11,  2.94it/s]phase1_shape_color_acc:  33%|███▎      | 2671/8000 [14:42<30:24,  2.92it/s]phase1_shape_color_acc:  33%|███▎      | 2672/8000 [14:42<30:32,  2.91it/s]phase1_shape_color_acc:  33%|███▎      | 2673/8000 [14:43<28:42,  3.09it/s]phase1_shape_color_acc:  33%|███▎      | 2674/8000 [14:43<27:20,  3.25it/s]phase1_shape_color_acc:  33%|███▎      | 2675/8000 [14:43<27:25,  3.24it/s]phase1_shape_color_acc:  33%|███▎      | 2676/8000 [14:43<28:03,  3.16it/s]phase1_shape_color_acc:  33%|███▎      | 2677/8000 [14:44<29:00,  3.06it/s]phase1_shape_color_acc:  33%|███▎      | 2678/8000 [14:44<29:40,  2.99it/s]phase1_shape_color_acc:  33%|███▎      | 2679/8000 [14:45<30:00,  2.95it/s]phase1_shape_color_acc:  34%|███▎      | 2680/8000 [14:45<30:15,  2.93it/s]phase1_shape_color_acc:  34%|███▎      | 2681/8000 [14:45<30:22,  2.92it/s]phase1_shape_color_acc:  34%|███▎      | 2682/8000 [14:46<30:28,  2.91it/s]phase1_shape_color_acc:  34%|███▎      | 2683/8000 [14:46<28:06,  3.15it/s]phase1_shape_color_acc:  34%|███▎      | 2684/8000 [14:46<28:00,  3.16it/s]phase1_shape_color_acc:  34%|███▎      | 2685/8000 [14:46<28:18,  3.13it/s]phase1_shape_color_acc:  34%|███▎      | 2686/8000 [14:47<29:06,  3.04it/s]phase1_shape_color_acc:  34%|███▎      | 2687/8000 [14:47<29:38,  2.99it/s]phase1_shape_color_acc:  34%|███▎      | 2688/8000 [14:48<29:55,  2.96it/s]phase1_shape_color_acc:  34%|███▎      | 2689/8000 [14:48<30:09,  2.94it/s]phase1_shape_color_acc:  34%|███▎      | 2690/8000 [14:48<30:18,  2.92it/s]phase1_shape_color_acc:  34%|███▎      | 2691/8000 [14:49<30:22,  2.91it/s]phase1_shape_color_acc:  34%|███▎      | 2692/8000 [14:49<28:18,  3.13it/s]phase1_shape_color_acc:  34%|███▎      | 2693/8000 [14:49<28:04,  3.15it/s]phase1_shape_color_acc:  34%|███▎      | 2694/8000 [14:49<28:19,  3.12it/s]phase1_shape_color_acc:  34%|███▎      | 2695/8000 [14:50<29:05,  3.04it/s]phase1_shape_color_acc:  34%|███▎      | 2696/8000 [14:50<29:38,  2.98it/s]phase1_shape_color_acc:  34%|███▎      | 2697/8000 [14:50<29:57,  2.95it/s]phase1_shape_color_acc:  34%|███▎      | 2698/8000 [14:51<30:07,  2.93it/s]phase1_shape_color_acc:  34%|███▎      | 2699/8000 [14:51<30:14,  2.92it/s]phase1_shape_color_acc:  34%|███▍      | 2700/8000 [14:52<30:19,  2.91it/s]phase1_shape_color_acc:  34%|███▍      | 2701/8000 [14:52<28:31,  3.10it/s]phase1_shape_color_acc:  34%|███▍      | 2702/8000 [14:52<28:10,  3.13it/s]phase1_shape_color_acc:  34%|███▍      | 2703/8000 [14:52<27:41,  3.19it/s]phase1_shape_color_acc:  34%|███▍      | 2704/8000 [14:53<28:37,  3.08it/s]phase1_shape_color_acc:  34%|███▍      | 2705/8000 [14:53<29:18,  3.01it/s]phase1_shape_color_acc:  34%|███▍      | 2706/8000 [14:53<29:40,  2.97it/s]phase1_shape_color_acc:  34%|███▍      | 2707/8000 [14:54<29:54,  2.95it/s]phase1_shape_color_acc:  34%|███▍      | 2708/8000 [14:54<30:04,  2.93it/s]phase1_shape_color_acc:  34%|███▍      | 2709/8000 [14:54<30:16,  2.91it/s]phase1_shape_color_acc:  34%|███▍      | 2710/8000 [14:55<29:27,  2.99it/s]phase1_shape_color_acc:  34%|███▍      | 2711/8000 [14:55<26:09,  3.37it/s]phase1_shape_color_acc:  34%|███▍      | 2712/8000 [14:55<26:11,  3.36it/s]phase1_shape_color_acc:  34%|███▍      | 2713/8000 [14:56<26:50,  3.28it/s]phase1_shape_color_acc:  34%|███▍      | 2714/8000 [14:56<28:03,  3.14it/s]phase1_shape_color_acc:  34%|███▍      | 2715/8000 [14:56<28:51,  3.05it/s]phase1_shape_color_acc:  34%|███▍      | 2716/8000 [14:57<29:17,  3.01it/s]phase1_shape_color_acc:  34%|███▍      | 2717/8000 [14:57<29:38,  2.97it/s]phase1_shape_color_acc:  34%|███▍      | 2718/8000 [14:57<29:53,  2.95it/s]phase1_shape_color_acc:  34%|███▍      | 2719/8000 [14:58<30:02,  2.93it/s]phase1_shape_color_acc:  34%|███▍      | 2720/8000 [14:58<27:44,  3.17it/s]phase1_shape_color_acc:  34%|███▍      | 2721/8000 [14:58<27:38,  3.18it/s]phase1_shape_color_acc:  34%|███▍      | 2722/8000 [14:59<27:47,  3.17it/s]phase1_shape_color_acc:  34%|███▍      | 2723/8000 [14:59<28:35,  3.08it/s]phase1_shape_color_acc:  34%|███▍      | 2724/8000 [14:59<29:14,  3.01it/s]phase1_shape_color_acc:  34%|███▍      | 2725/8000 [15:00<29:35,  2.97it/s]phase1_shape_color_acc:  34%|███▍      | 2726/8000 [15:00<29:50,  2.94it/s]phase1_shape_color_acc:  34%|███▍      | 2727/8000 [15:00<29:59,  2.93it/s]phase1_shape_color_acc:  34%|███▍      | 2728/8000 [15:01<30:05,  2.92it/s]phase1_shape_color_acc:  34%|███▍      | 2729/8000 [15:01<27:51,  3.15it/s]phase1_shape_color_acc:  34%|███▍      | 2730/8000 [15:01<27:39,  3.18it/s]phase1_shape_color_acc:  34%|███▍      | 2731/8000 [15:02<27:48,  3.16it/s]phase1_shape_color_acc:  34%|███▍      | 2732/8000 [15:02<28:40,  3.06it/s]phase1_shape_color_acc:  34%|███▍      | 2733/8000 [15:02<29:19,  2.99it/s]phase1_shape_color_acc:  34%|███▍      | 2734/8000 [15:03<29:37,  2.96it/s]phase1_shape_color_acc:  34%|███▍      | 2735/8000 [15:03<29:48,  2.94it/s]phase1_shape_color_acc:  34%|███▍      | 2736/8000 [15:03<29:57,  2.93it/s]phase1_shape_color_acc:  34%|███▍      | 2737/8000 [15:04<30:05,  2.92it/s]phase1_shape_color_acc:  34%|███▍      | 2738/8000 [15:04<28:30,  3.08it/s]phase1_shape_color_acc:  34%|███▍      | 2739/8000 [15:04<28:10,  3.11it/s]phase1_shape_color_acc:  34%|███▍      | 2740/8000 [15:05<27:52,  3.15it/s]phase1_shape_color_acc:  34%|███▍      | 2741/8000 [15:05<28:42,  3.05it/s]phase1_shape_color_acc:  34%|███▍      | 2742/8000 [15:05<29:19,  2.99it/s]phase1_shape_color_acc:  34%|███▍      | 2743/8000 [15:06<29:36,  2.96it/s]phase1_shape_color_acc:  34%|███▍      | 2744/8000 [15:06<29:47,  2.94it/s]phase1_shape_color_acc:  34%|███▍      | 2745/8000 [15:06<29:56,  2.92it/s]phase1_shape_color_acc:  34%|███▍      | 2746/8000 [15:07<30:03,  2.91it/s]phase1_shape_color_acc:  34%|███▍      | 2747/8000 [15:07<29:15,  2.99it/s]phase1_shape_color_acc:  34%|███▍      | 2748/8000 [15:07<26:01,  3.36it/s]phase1_shape_color_acc:  34%|███▍      | 2749/8000 [15:07<26:19,  3.32it/s]phase1_shape_color_acc:  34%|███▍      | 2750/8000 [15:08<26:47,  3.27it/s]phase1_shape_color_acc:  34%|███▍      | 2751/8000 [15:08<27:54,  3.14it/s]phase1_shape_color_acc:  34%|███▍      | 2752/8000 [15:09<28:40,  3.05it/s]phase1_shape_color_acc:  34%|███▍      | 2753/8000 [15:09<29:09,  3.00it/s]phase1_shape_color_acc:  34%|███▍      | 2754/8000 [15:09<29:28,  2.97it/s]phase1_shape_color_acc:  34%|███▍      | 2755/8000 [15:10<29:41,  2.94it/s]phase1_shape_color_acc:  34%|███▍      | 2756/8000 [15:10<29:50,  2.93it/s]phase1_shape_color_acc:  34%|███▍      | 2757/8000 [15:10<27:38,  3.16it/s]phase1_shape_color_acc:  34%|███▍      | 2758/8000 [15:10<27:26,  3.18it/s]phase1_shape_color_acc:  34%|███▍      | 2759/8000 [15:11<27:33,  3.17it/s]phase1_shape_color_acc:  34%|███▍      | 2760/8000 [15:11<28:25,  3.07it/s]phase1_shape_color_acc:  35%|███▍      | 2761/8000 [15:11<29:05,  3.00it/s]phase1_shape_color_acc:  35%|███▍      | 2762/8000 [15:12<29:26,  2.97it/s]phase1_shape_color_acc:  35%|███▍      | 2763/8000 [15:12<29:38,  2.94it/s]phase1_shape_color_acc:  35%|███▍      | 2764/8000 [15:13<29:47,  2.93it/s]phase1_shape_color_acc:  35%|███▍      | 2765/8000 [15:13<29:56,  2.91it/s]phase1_shape_color_acc:  35%|███▍      | 2766/8000 [15:13<28:17,  3.08it/s]phase1_shape_color_acc:  35%|███▍      | 2767/8000 [15:13<27:57,  3.12it/s]phase1_shape_color_acc:  35%|███▍      | 2768/8000 [15:14<27:43,  3.15it/s]phase1_shape_color_acc:  35%|███▍      | 2769/8000 [15:14<28:29,  3.06it/s]phase1_shape_color_acc:  35%|███▍      | 2770/8000 [15:14<29:06,  3.00it/s]phase1_shape_color_acc:  35%|███▍      | 2771/8000 [15:15<29:23,  2.96it/s]phase1_shape_color_acc:  35%|███▍      | 2772/8000 [15:15<29:36,  2.94it/s]phase1_shape_color_acc:  35%|███▍      | 2773/8000 [15:15<29:52,  2.92it/s]phase1_shape_color_acc:  35%|███▍      | 2774/8000 [15:16<29:59,  2.90it/s]phase1_shape_color_acc:  35%|███▍      | 2775/8000 [15:16<28:11,  3.09it/s]phase1_shape_color_acc:  35%|███▍      | 2776/8000 [15:16<27:33,  3.16it/s]phase1_shape_color_acc:  35%|███▍      | 2777/8000 [15:17<27:23,  3.18it/s]phase1_shape_color_acc:  35%|███▍      | 2778/8000 [15:17<28:13,  3.08it/s]phase1_shape_color_acc:  35%|███▍      | 2779/8000 [15:17<28:53,  3.01it/s]phase1_shape_color_acc:  35%|███▍      | 2780/8000 [15:18<29:14,  2.98it/s]phase1_shape_color_acc:  35%|███▍      | 2781/8000 [15:18<29:29,  2.95it/s]phase1_shape_color_acc:  35%|███▍      | 2782/8000 [15:18<29:36,  2.94it/s]phase1_shape_color_acc:  35%|███▍      | 2783/8000 [15:19<29:44,  2.92it/s]phase1_shape_color_acc:  35%|███▍      | 2784/8000 [15:19<27:49,  3.12it/s]phase1_shape_color_acc:  35%|███▍      | 2785/8000 [15:19<26:27,  3.29it/s]phase1_shape_color_acc:  35%|███▍      | 2786/8000 [15:20<26:33,  3.27it/s]phase1_shape_color_acc:  35%|███▍      | 2787/8000 [15:20<27:07,  3.20it/s]phase1_shape_color_acc:  35%|███▍      | 2788/8000 [15:20<28:05,  3.09it/s]phase1_shape_color_acc:  35%|███▍      | 2789/8000 [15:21<28:42,  3.03it/s]phase1_shape_color_acc:  35%|███▍      | 2790/8000 [15:21<29:02,  2.99it/s]phase1_shape_color_acc:  35%|███▍      | 2791/8000 [15:21<29:21,  2.96it/s]phase1_shape_color_acc:  35%|███▍      | 2792/8000 [15:22<29:35,  2.93it/s]phase1_shape_color_acc:  35%|███▍      | 2793/8000 [15:22<29:42,  2.92it/s]phase1_shape_color_acc:  35%|███▍      | 2794/8000 [15:22<27:32,  3.15it/s]phase1_shape_color_acc:  35%|███▍      | 2795/8000 [15:23<27:20,  3.17it/s]phase1_shape_color_acc:  35%|███▍      | 2796/8000 [15:23<27:41,  3.13it/s]phase1_shape_color_acc:  35%|███▍      | 2797/8000 [15:23<28:29,  3.04it/s]phase1_shape_color_acc:  35%|███▍      | 2798/8000 [15:24<28:53,  3.00it/s]phase1_shape_color_acc:  35%|███▍      | 2799/8000 [15:24<29:12,  2.97it/s]phase1_shape_color_acc:  35%|███▌      | 2800/8000 [15:24<29:26,  2.94it/s]phase1_shape_color_acc:  35%|███▌      | 2801/8000 [15:25<29:39,  2.92it/s]phase1_shape_color_acc:  35%|███▌      | 2802/8000 [15:25<29:38,  2.92it/s]phase1_shape_color_acc:  35%|███▌      | 2803/8000 [15:25<27:39,  3.13it/s]phase1_shape_color_acc:  35%|███▌      | 2804/8000 [15:26<27:28,  3.15it/s]phase1_shape_color_acc:  35%|███▌      | 2805/8000 [15:26<27:57,  3.10it/s]phase1_shape_color_acc:  35%|███▌      | 2806/8000 [15:26<28:39,  3.02it/s]phase1_shape_color_acc:  35%|███▌      | 2807/8000 [15:27<29:07,  2.97it/s]phase1_shape_color_acc:  35%|███▌      | 2808/8000 [15:27<29:21,  2.95it/s]phase1_shape_color_acc:  35%|███▌      | 2809/8000 [15:27<29:31,  2.93it/s]phase1_shape_color_acc:  35%|███▌      | 2810/8000 [15:28<29:36,  2.92it/s]phase1_shape_color_acc:  35%|███▌      | 2811/8000 [15:28<29:41,  2.91it/s]phase1_shape_color_acc:  35%|███▌      | 2812/8000 [15:28<27:35,  3.13it/s]phase1_shape_color_acc:  35%|███▌      | 2813/8000 [15:29<27:23,  3.16it/s]phase1_shape_color_acc:  35%|███▌      | 2814/8000 [15:29<27:42,  3.12it/s]phase1_shape_color_acc:  35%|███▌      | 2815/8000 [15:29<28:25,  3.04it/s]phase1_shape_color_acc:  35%|███▌      | 2816/8000 [15:30<28:56,  2.98it/s]phase1_shape_color_acc:  35%|███▌      | 2817/8000 [15:30<29:14,  2.95it/s]phase1_shape_color_acc:  35%|███▌      | 2818/8000 [15:30<29:25,  2.93it/s]phase1_shape_color_acc:  35%|███▌      | 2819/8000 [15:31<29:32,  2.92it/s]phase1_shape_color_acc:  35%|███▌      | 2820/8000 [15:31<29:36,  2.92it/s]phase1_shape_color_acc:  35%|███▌      | 2821/8000 [15:31<26:09,  3.30it/s]phase1_shape_color_acc:  35%|███▌      | 2822/8000 [15:32<26:02,  3.31it/s]phase1_shape_color_acc:  35%|███▌      | 2823/8000 [15:32<26:19,  3.28it/s]phase1_shape_color_acc:  35%|███▌      | 2824/8000 [15:32<27:25,  3.15it/s]phase1_shape_color_acc:  35%|███▌      | 2825/8000 [15:33<28:14,  3.05it/s]phase1_shape_color_acc:  35%|███▌      | 2826/8000 [15:33<28:43,  3.00it/s]phase1_shape_color_acc:  35%|███▌      | 2827/8000 [15:33<29:02,  2.97it/s]phase1_shape_color_acc:  35%|███▌      | 2828/8000 [15:34<29:15,  2.95it/s]phase1_shape_color_acc:  35%|███▌      | 2829/8000 [15:34<29:25,  2.93it/s]phase1_shape_color_acc:  35%|███▌      | 2830/8000 [15:34<28:36,  3.01it/s]phase1_shape_color_acc:  35%|███▌      | 2831/8000 [15:34<26:59,  3.19it/s]phase1_shape_color_acc:  35%|███▌      | 2832/8000 [15:35<26:56,  3.20it/s]phase1_shape_color_acc:  35%|███▌      | 2833/8000 [15:35<27:23,  3.14it/s]phase1_shape_color_acc:  35%|███▌      | 2834/8000 [15:35<28:07,  3.06it/s]phase1_shape_color_acc:  35%|███▌      | 2835/8000 [15:36<28:36,  3.01it/s]phase1_shape_color_acc:  35%|███▌      | 2836/8000 [15:36<28:56,  2.97it/s]phase1_shape_color_acc:  35%|███▌      | 2837/8000 [15:37<29:12,  2.95it/s]phase1_shape_color_acc:  35%|███▌      | 2838/8000 [15:37<29:19,  2.93it/s]phase1_shape_color_acc:  35%|███▌      | 2839/8000 [15:37<29:11,  2.95it/s]phase1_shape_color_acc:  36%|███▌      | 2840/8000 [15:37<27:08,  3.17it/s]phase1_shape_color_acc:  36%|███▌      | 2841/8000 [15:38<27:02,  3.18it/s]phase1_shape_color_acc:  36%|███▌      | 2842/8000 [15:38<27:17,  3.15it/s]phase1_shape_color_acc:  36%|███▌      | 2843/8000 [15:38<28:05,  3.06it/s]phase1_shape_color_acc:  36%|███▌      | 2844/8000 [15:39<28:35,  3.01it/s]phase1_shape_color_acc:  36%|███▌      | 2845/8000 [15:39<28:57,  2.97it/s]phase1_shape_color_acc:  36%|███▌      | 2846/8000 [15:39<29:10,  2.94it/s]phase1_shape_color_acc:  36%|███▌      | 2847/8000 [15:40<29:19,  2.93it/s]phase1_shape_color_acc:  36%|███▌      | 2848/8000 [15:40<29:24,  2.92it/s]phase1_shape_color_acc:  36%|███▌      | 2849/8000 [15:40<27:03,  3.17it/s]phase1_shape_color_acc:  36%|███▌      | 2850/8000 [15:41<26:54,  3.19it/s]phase1_shape_color_acc:  36%|███▌      | 2851/8000 [15:41<27:13,  3.15it/s]phase1_shape_color_acc:  36%|███▌      | 2852/8000 [15:41<28:02,  3.06it/s]phase1_shape_color_acc:  36%|███▌      | 2853/8000 [15:42<28:36,  3.00it/s]phase1_shape_color_acc:  36%|███▌      | 2854/8000 [15:42<28:56,  2.96it/s]phase1_shape_color_acc:  36%|███▌      | 2855/8000 [15:42<29:06,  2.95it/s]phase1_shape_color_acc:  36%|███▌      | 2856/8000 [15:43<29:16,  2.93it/s]phase1_shape_color_acc:  36%|███▌      | 2857/8000 [15:43<29:23,  2.92it/s]phase1_shape_color_acc:  36%|███▌      | 2858/8000 [15:43<26:18,  3.26it/s]phase1_shape_color_acc:  36%|███▌      | 2859/8000 [15:44<25:20,  3.38it/s]phase1_shape_color_acc:  36%|███▌      | 2860/8000 [15:44<25:27,  3.37it/s]phase1_shape_color_acc:  36%|███▌      | 2861/8000 [15:44<26:15,  3.26it/s]phase1_shape_color_acc:  36%|███▌      | 2862/8000 [15:45<27:18,  3.14it/s]phase1_shape_color_acc:  36%|███▌      | 2863/8000 [15:45<28:00,  3.06it/s]phase1_shape_color_acc:  36%|███▌      | 2864/8000 [15:45<28:28,  3.01it/s]phase1_shape_color_acc:  36%|███▌      | 2865/8000 [15:46<28:49,  2.97it/s]phase1_shape_color_acc:  36%|███▌      | 2866/8000 [15:46<29:08,  2.94it/s]phase1_shape_color_acc:  36%|███▌      | 2867/8000 [15:46<29:14,  2.93it/s]phase1_shape_color_acc:  36%|███▌      | 2868/8000 [15:47<26:57,  3.17it/s]phase1_shape_color_acc:  36%|███▌      | 2869/8000 [15:47<26:53,  3.18it/s]phase1_shape_color_acc:  36%|███▌      | 2870/8000 [15:47<27:03,  3.16it/s]phase1_shape_color_acc:  36%|███▌      | 2871/8000 [15:48<27:49,  3.07it/s]phase1_shape_color_acc:  36%|███▌      | 2872/8000 [15:48<28:21,  3.01it/s]phase1_shape_color_acc:  36%|███▌      | 2873/8000 [15:48<28:44,  2.97it/s]phase1_shape_color_acc:  36%|███▌      | 2874/8000 [15:49<29:00,  2.95it/s]phase1_shape_color_acc:  36%|███▌      | 2875/8000 [15:49<29:09,  2.93it/s]phase1_shape_color_acc:  36%|███▌      | 2876/8000 [15:49<29:14,  2.92it/s]phase1_shape_color_acc:  36%|███▌      | 2877/8000 [15:50<27:08,  3.15it/s]phase1_shape_color_acc:  36%|███▌      | 2878/8000 [15:50<26:56,  3.17it/s]phase1_shape_color_acc:  36%|███▌      | 2879/8000 [15:50<27:10,  3.14it/s]phase1_shape_color_acc:  36%|███▌      | 2880/8000 [15:51<27:56,  3.05it/s]phase1_shape_color_acc:  36%|███▌      | 2881/8000 [15:51<28:29,  3.00it/s]phase1_shape_color_acc:  36%|███▌      | 2882/8000 [15:51<28:56,  2.95it/s]phase1_shape_color_acc:  36%|███▌      | 2883/8000 [15:52<29:05,  2.93it/s]phase1_shape_color_acc:  36%|███▌      | 2884/8000 [15:52<29:13,  2.92it/s]phase1_shape_color_acc:  36%|███▌      | 2885/8000 [15:52<29:18,  2.91it/s]phase1_shape_color_acc:  36%|███▌      | 2886/8000 [15:53<27:24,  3.11it/s]phase1_shape_color_acc:  36%|███▌      | 2887/8000 [15:53<27:06,  3.14it/s]phase1_shape_color_acc:  36%|███▌      | 2888/8000 [15:53<27:11,  3.13it/s]phase1_shape_color_acc:  36%|███▌      | 2889/8000 [15:54<27:54,  3.05it/s]phase1_shape_color_acc:  36%|███▌      | 2890/8000 [15:54<28:28,  2.99it/s]phase1_shape_color_acc:  36%|███▌      | 2891/8000 [15:54<28:45,  2.96it/s]phase1_shape_color_acc:  36%|███▌      | 2892/8000 [15:55<28:56,  2.94it/s]phase1_shape_color_acc:  36%|███▌      | 2893/8000 [15:55<29:06,  2.92it/s]phase1_shape_color_acc:  36%|███▌      | 2894/8000 [15:55<29:09,  2.92it/s]phase1_shape_color_acc:  36%|███▌      | 2895/8000 [15:56<26:33,  3.20it/s]phase1_shape_color_acc:  36%|███▌      | 2896/8000 [15:56<26:31,  3.21it/s]phase1_shape_color_acc:  36%|███▌      | 2897/8000 [15:56<26:36,  3.20it/s]phase1_shape_color_acc:  36%|███▌      | 2898/8000 [15:56<27:28,  3.09it/s]phase1_shape_color_acc:  36%|███▌      | 2899/8000 [15:57<28:09,  3.02it/s]phase1_shape_color_acc:  36%|███▋      | 2900/8000 [15:57<28:30,  2.98it/s]phase1_shape_color_acc:  36%|███▋      | 2901/8000 [15:58<28:47,  2.95it/s]phase1_shape_color_acc:  36%|███▋      | 2902/8000 [15:58<28:54,  2.94it/s]phase1_shape_color_acc:  36%|███▋      | 2903/8000 [15:58<29:02,  2.93it/s]phase1_shape_color_acc:  36%|███▋      | 2904/8000 [15:59<28:04,  3.02it/s]phase1_shape_color_acc:  36%|███▋      | 2905/8000 [15:59<26:59,  3.15it/s]phase1_shape_color_acc:  36%|███▋      | 2906/8000 [15:59<26:44,  3.18it/s]phase1_shape_color_acc:  36%|███▋      | 2907/8000 [15:59<27:12,  3.12it/s]phase1_shape_color_acc:  36%|███▋      | 2908/8000 [16:00<27:51,  3.05it/s]phase1_shape_color_acc:  36%|███▋      | 2909/8000 [16:00<28:17,  3.00it/s]phase1_shape_color_acc:  36%|███▋      | 2910/8000 [16:00<28:38,  2.96it/s]phase1_shape_color_acc:  36%|███▋      | 2911/8000 [16:01<28:50,  2.94it/s]phase1_shape_color_acc:  36%|███▋      | 2912/8000 [16:01<28:57,  2.93it/s]phase1_shape_color_acc:  36%|███▋      | 2913/8000 [16:02<29:04,  2.92it/s]phase1_shape_color_acc:  36%|███▋      | 2914/8000 [16:02<26:54,  3.15it/s]phase1_shape_color_acc:  36%|███▋      | 2915/8000 [16:02<26:47,  3.16it/s]phase1_shape_color_acc:  36%|███▋      | 2916/8000 [16:02<26:57,  3.14it/s]phase1_shape_color_acc:  36%|███▋      | 2917/8000 [16:03<27:42,  3.06it/s]phase1_shape_color_acc:  36%|███▋      | 2918/8000 [16:03<28:12,  3.00it/s]phase1_shape_color_acc:  36%|███▋      | 2919/8000 [16:03<28:31,  2.97it/s]phase1_shape_color_acc:  36%|███▋      | 2920/8000 [16:04<28:43,  2.95it/s]phase1_shape_color_acc:  37%|███▋      | 2921/8000 [16:04<28:54,  2.93it/s]phase1_shape_color_acc:  37%|███▋      | 2922/8000 [16:05<29:02,  2.91it/s]phase1_shape_color_acc:  37%|███▋      | 2923/8000 [16:05<27:03,  3.13it/s]phase1_shape_color_acc:  37%|███▋      | 2924/8000 [16:05<26:50,  3.15it/s]phase1_shape_color_acc:  37%|███▋      | 2925/8000 [16:05<27:01,  3.13it/s]phase1_shape_color_acc:  37%|███▋      | 2926/8000 [16:06<27:44,  3.05it/s]phase1_shape_color_acc:  37%|███▋      | 2927/8000 [16:06<28:16,  2.99it/s]phase1_shape_color_acc:  37%|███▋      | 2928/8000 [16:06<28:32,  2.96it/s]phase1_shape_color_acc:  37%|███▋      | 2929/8000 [16:07<28:45,  2.94it/s]phase1_shape_color_acc:  37%|███▋      | 2930/8000 [16:07<28:51,  2.93it/s]phase1_shape_color_acc:  37%|███▋      | 2931/8000 [16:07<28:59,  2.91it/s]phase1_shape_color_acc:  37%|███▋      | 2932/8000 [16:08<26:05,  3.24it/s]phase1_shape_color_acc:  37%|███▋      | 2933/8000 [16:08<26:09,  3.23it/s]phase1_shape_color_acc:  37%|███▋      | 2934/8000 [16:08<26:07,  3.23it/s]phase1_shape_color_acc:  37%|███▋      | 2935/8000 [16:09<27:05,  3.12it/s]phase1_shape_color_acc:  37%|███▋      | 2936/8000 [16:09<27:48,  3.03it/s]phase1_shape_color_acc:  37%|███▋      | 2937/8000 [16:09<28:13,  2.99it/s]phase1_shape_color_acc:  37%|███▋      | 2938/8000 [16:10<28:30,  2.96it/s]phase1_shape_color_acc:  37%|███▋      | 2939/8000 [16:10<28:42,  2.94it/s]phase1_shape_color_acc:  37%|███▋      | 2940/8000 [16:10<28:49,  2.93it/s]phase1_shape_color_acc:  37%|███▋      | 2941/8000 [16:11<27:14,  3.10it/s]phase1_shape_color_acc:  37%|███▋      | 2942/8000 [16:11<26:53,  3.14it/s]phase1_shape_color_acc:  37%|███▋      | 2943/8000 [16:11<26:24,  3.19it/s]phase1_shape_color_acc:  37%|███▋      | 2944/8000 [16:12<27:19,  3.08it/s]phase1_shape_color_acc:  37%|███▋      | 2945/8000 [16:12<27:58,  3.01it/s]phase1_shape_color_acc:  37%|███▋      | 2946/8000 [16:12<28:19,  2.97it/s]phase1_shape_color_acc:  37%|███▋      | 2947/8000 [16:13<28:32,  2.95it/s]phase1_shape_color_acc:  37%|███▋      | 2948/8000 [16:13<28:41,  2.93it/s]phase1_shape_color_acc:  37%|███▋      | 2949/8000 [16:13<28:49,  2.92it/s]phase1_shape_color_acc:  37%|███▋      | 2950/8000 [16:14<27:08,  3.10it/s]phase1_shape_color_acc:  37%|███▋      | 2951/8000 [16:14<26:50,  3.13it/s]phase1_shape_color_acc:  37%|███▋      | 2952/8000 [16:14<26:21,  3.19it/s]phase1_shape_color_acc:  37%|███▋      | 2953/8000 [16:15<27:13,  3.09it/s]phase1_shape_color_acc:  37%|███▋      | 2954/8000 [16:15<27:54,  3.01it/s]phase1_shape_color_acc:  37%|███▋      | 2955/8000 [16:15<28:12,  2.98it/s]phase1_shape_color_acc:  37%|███▋      | 2956/8000 [16:16<28:27,  2.95it/s]phase1_shape_color_acc:  37%|███▋      | 2957/8000 [16:16<28:39,  2.93it/s]phase1_shape_color_acc:  37%|███▋      | 2958/8000 [16:16<28:47,  2.92it/s]phase1_shape_color_acc:  37%|███▋      | 2959/8000 [16:17<27:07,  3.10it/s]phase1_shape_color_acc:  37%|███▋      | 2960/8000 [16:17<26:48,  3.13it/s]phase1_shape_color_acc:  37%|███▋      | 2961/8000 [16:17<26:24,  3.18it/s]phase1_shape_color_acc:  37%|███▋      | 2962/8000 [16:18<27:12,  3.09it/s]phase1_shape_color_acc:  37%|███▋      | 2963/8000 [16:18<27:51,  3.01it/s]phase1_shape_color_acc:  37%|███▋      | 2964/8000 [16:18<28:10,  2.98it/s]phase1_shape_color_acc:  37%|███▋      | 2965/8000 [16:19<28:26,  2.95it/s]phase1_shape_color_acc:  37%|███▋      | 2966/8000 [16:19<28:34,  2.94it/s]phase1_shape_color_acc:  37%|███▋      | 2967/8000 [16:19<28:40,  2.93it/s]phase1_shape_color_acc:  37%|███▋      | 2968/8000 [16:20<27:59,  3.00it/s]phase1_shape_color_acc:  37%|███▋      | 2969/8000 [16:20<25:11,  3.33it/s]phase1_shape_color_acc:  37%|███▋      | 2970/8000 [16:20<25:20,  3.31it/s]phase1_shape_color_acc:  37%|███▋      | 2971/8000 [16:20<25:52,  3.24it/s]phase1_shape_color_acc:  37%|███▋      | 2972/8000 [16:21<26:53,  3.12it/s]phase1_shape_color_acc:  37%|███▋      | 2973/8000 [16:21<27:36,  3.03it/s]phase1_shape_color_acc:  37%|███▋      | 2974/8000 [16:22<28:01,  2.99it/s]phase1_shape_color_acc:  37%|███▋      | 2975/8000 [16:22<28:19,  2.96it/s]phase1_shape_color_acc:  37%|███▋      | 2976/8000 [16:22<28:30,  2.94it/s]phase1_shape_color_acc:  37%|███▋      | 2977/8000 [16:23<28:40,  2.92it/s]phase1_shape_color_acc:  37%|███▋      | 2978/8000 [16:23<26:43,  3.13it/s]phase1_shape_color_acc:  37%|███▋      | 2979/8000 [16:23<26:29,  3.16it/s]phase1_shape_color_acc:  37%|███▋      | 2980/8000 [16:23<26:04,  3.21it/s]phase1_shape_color_acc:  37%|███▋      | 2981/8000 [16:24<26:57,  3.10it/s]phase1_shape_color_acc:  37%|███▋      | 2982/8000 [16:24<27:37,  3.03it/s]phase1_shape_color_acc:  37%|███▋      | 2983/8000 [16:24<27:59,  2.99it/s]phase1_shape_color_acc:  37%|███▋      | 2984/8000 [16:25<28:15,  2.96it/s]phase1_shape_color_acc:  37%|███▋      | 2985/8000 [16:25<28:27,  2.94it/s]phase1_shape_color_acc:  37%|███▋      | 2986/8000 [16:26<28:36,  2.92it/s]phase1_shape_color_acc:  37%|███▋      | 2987/8000 [16:26<27:40,  3.02it/s]phase1_shape_color_acc:  37%|███▋      | 2988/8000 [16:26<27:18,  3.06it/s]phase1_shape_color_acc:  37%|███▋      | 2989/8000 [16:26<26:53,  3.11it/s]phase1_shape_color_acc:  37%|███▋      | 2990/8000 [16:27<27:30,  3.04it/s]phase1_shape_color_acc:  37%|███▋      | 2991/8000 [16:27<28:01,  2.98it/s]phase1_shape_color_acc:  37%|███▋      | 2992/8000 [16:28<28:19,  2.95it/s]phase1_shape_color_acc:  37%|███▋      | 2993/8000 [16:28<28:32,  2.92it/s]phase1_shape_color_acc:  37%|███▋      | 2994/8000 [16:28<28:38,  2.91it/s]phase1_shape_color_acc:  37%|███▋      | 2995/8000 [16:29<28:40,  2.91it/s]phase1_shape_color_acc:  37%|███▋      | 2996/8000 [16:29<27:50,  2.99it/s]phase1_shape_color_acc:  37%|███▋      | 2997/8000 [16:29<27:25,  3.04it/s]phase1_shape_color_acc:  37%|███▋      | 2998/8000 [16:29<26:55,  3.10it/s]phase1_shape_color_acc:  37%|███▋      | 2999/8000 [16:30<27:31,  3.03it/s]phase1_shape_color_acc:  38%|███▊      | 3000/8000 [16:30<27:59,  2.98it/s]phase1_shape_color_acc:  38%|███▊      | 3001/8000 [16:31<28:14,  2.95it/s]phase1_shape_color_acc:  38%|███▊      | 3002/8000 [16:31<28:25,  2.93it/s]phase1_shape_color_acc:  38%|███▊      | 3003/8000 [16:31<28:32,  2.92it/s]phase1_shape_color_acc:  38%|███▊      | 3004/8000 [16:32<28:36,  2.91it/s]phase1_shape_color_acc:  38%|███▊      | 3005/8000 [16:32<26:52,  3.10it/s]phase1_shape_color_acc:  38%|███▊      | 3006/8000 [16:32<25:35,  3.25it/s]phase1_shape_color_acc:  38%|███▊      | 3007/8000 [16:32<25:36,  3.25it/s]phase1_shape_color_acc:  38%|███▊      | 3008/8000 [16:33<26:07,  3.18it/s]phase1_shape_color_acc:  38%|███▊      | 3009/8000 [16:33<27:00,  3.08it/s]phase1_shape_color_acc:  38%|███▊      | 3010/8000 [16:33<27:33,  3.02it/s]phase1_shape_color_acc:  38%|███▊      | 3011/8000 [16:34<27:54,  2.98it/s]phase1_shape_color_acc:  38%|███▊      | 3012/8000 [16:34<28:07,  2.96it/s]phase1_shape_color_acc:  38%|███▊      | 3013/8000 [16:34<28:19,  2.93it/s]phase1_shape_color_acc:  38%|███▊      | 3014/8000 [16:35<28:17,  2.94it/s]phase1_shape_color_acc:  38%|███▊      | 3015/8000 [16:35<26:26,  3.14it/s]phase1_shape_color_acc:  38%|███▊      | 3016/8000 [16:35<26:15,  3.16it/s]phase1_shape_color_acc:  38%|███▊      | 3017/8000 [16:36<26:36,  3.12it/s]phase1_shape_color_acc:  38%|███▊      | 3018/8000 [16:36<27:16,  3.04it/s]phase1_shape_color_acc:  38%|███▊      | 3019/8000 [16:36<27:42,  3.00it/s]phase1_shape_color_acc:  38%|███▊      | 3020/8000 [16:37<27:59,  2.96it/s]phase1_shape_color_acc:  38%|███▊      | 3021/8000 [16:37<28:13,  2.94it/s]phase1_shape_color_acc:  38%|███▊      | 3022/8000 [16:37<28:21,  2.93it/s]phase1_shape_color_acc:  38%|███▊      | 3023/8000 [16:38<28:18,  2.93it/s]phase1_shape_color_acc:  38%|███▊      | 3024/8000 [16:38<26:29,  3.13it/s]phase1_shape_color_acc:  38%|███▊      | 3025/8000 [16:38<26:24,  3.14it/s]phase1_shape_color_acc:  38%|███▊      | 3026/8000 [16:39<26:38,  3.11it/s]phase1_shape_color_acc:  38%|███▊      | 3027/8000 [16:39<27:20,  3.03it/s]phase1_shape_color_acc:  38%|███▊      | 3028/8000 [16:39<27:43,  2.99it/s]phase1_shape_color_acc:  38%|███▊      | 3029/8000 [16:40<28:01,  2.96it/s]phase1_shape_color_acc:  38%|███▊      | 3030/8000 [16:40<28:12,  2.94it/s]phase1_shape_color_acc:  38%|███▊      | 3031/8000 [16:40<28:19,  2.92it/s]phase1_shape_color_acc:  38%|███▊      | 3032/8000 [16:41<28:06,  2.95it/s]phase1_shape_color_acc:  38%|███▊      | 3033/8000 [16:41<26:21,  3.14it/s]phase1_shape_color_acc:  38%|███▊      | 3034/8000 [16:41<26:11,  3.16it/s]phase1_shape_color_acc:  38%|███▊      | 3035/8000 [16:42<26:31,  3.12it/s]phase1_shape_color_acc:  38%|███▊      | 3036/8000 [16:42<27:07,  3.05it/s]phase1_shape_color_acc:  38%|███▊      | 3037/8000 [16:42<27:35,  3.00it/s]phase1_shape_color_acc:  38%|███▊      | 3038/8000 [16:43<27:50,  2.97it/s]phase1_shape_color_acc:  38%|███▊      | 3039/8000 [16:43<28:04,  2.94it/s]phase1_shape_color_acc:  38%|███▊      | 3040/8000 [16:43<28:14,  2.93it/s]phase1_shape_color_acc:  38%|███▊      | 3041/8000 [16:44<28:16,  2.92it/s]phase1_shape_color_acc:  38%|███▊      | 3042/8000 [16:44<25:07,  3.29it/s]phase1_shape_color_acc:  38%|███▊      | 3043/8000 [16:44<25:10,  3.28it/s]phase1_shape_color_acc:  38%|███▊      | 3044/8000 [16:45<25:34,  3.23it/s]phase1_shape_color_acc:  38%|███▊      | 3045/8000 [16:45<26:29,  3.12it/s]phase1_shape_color_acc:  38%|███▊      | 3046/8000 [16:45<27:08,  3.04it/s]phase1_shape_color_acc:  38%|███▊      | 3047/8000 [16:46<27:33,  3.00it/s]phase1_shape_color_acc:  38%|███▊      | 3048/8000 [16:46<27:49,  2.97it/s]phase1_shape_color_acc:  38%|███▊      | 3049/8000 [16:46<28:02,  2.94it/s]phase1_shape_color_acc:  38%|███▊      | 3050/8000 [16:47<28:12,  2.92it/s]phase1_shape_color_acc:  38%|███▊      | 3051/8000 [16:47<26:18,  3.14it/s]phase1_shape_color_acc:  38%|███▊      | 3052/8000 [16:47<26:04,  3.16it/s]phase1_shape_color_acc:  38%|███▊      | 3053/8000 [16:48<26:15,  3.14it/s]phase1_shape_color_acc:  38%|███▊      | 3054/8000 [16:48<26:59,  3.05it/s]phase1_shape_color_acc:  38%|███▊      | 3055/8000 [16:48<27:31,  2.99it/s]phase1_shape_color_acc:  38%|███▊      | 3056/8000 [16:49<27:47,  2.96it/s]phase1_shape_color_acc:  38%|███▊      | 3057/8000 [16:49<28:00,  2.94it/s]phase1_shape_color_acc:  38%|███▊      | 3058/8000 [16:49<28:05,  2.93it/s]phase1_shape_color_acc:  38%|███▊      | 3059/8000 [16:50<28:11,  2.92it/s]phase1_shape_color_acc:  38%|███▊      | 3060/8000 [16:50<26:35,  3.10it/s]phase1_shape_color_acc:  38%|███▊      | 3061/8000 [16:50<26:20,  3.12it/s]phase1_shape_color_acc:  38%|███▊      | 3062/8000 [16:51<25:48,  3.19it/s]phase1_shape_color_acc:  38%|███▊      | 3063/8000 [16:51<26:36,  3.09it/s]phase1_shape_color_acc:  38%|███▊      | 3064/8000 [16:51<27:15,  3.02it/s]phase1_shape_color_acc:  38%|███▊      | 3065/8000 [16:52<27:37,  2.98it/s]phase1_shape_color_acc:  38%|███▊      | 3066/8000 [16:52<27:51,  2.95it/s]phase1_shape_color_acc:  38%|███▊      | 3067/8000 [16:52<28:02,  2.93it/s]phase1_shape_color_acc:  38%|███▊      | 3068/8000 [16:53<28:10,  2.92it/s]phase1_shape_color_acc:  38%|███▊      | 3069/8000 [16:53<27:19,  3.01it/s]phase1_shape_color_acc:  38%|███▊      | 3070/8000 [16:53<26:53,  3.06it/s]phase1_shape_color_acc:  38%|███▊      | 3071/8000 [16:54<26:27,  3.10it/s]phase1_shape_color_acc:  38%|███▊      | 3072/8000 [16:54<27:01,  3.04it/s]phase1_shape_color_acc:  38%|███▊      | 3073/8000 [16:54<27:34,  2.98it/s]phase1_shape_color_acc:  38%|███▊      | 3074/8000 [16:55<27:46,  2.96it/s]phase1_shape_color_acc:  38%|███▊      | 3075/8000 [16:55<27:57,  2.94it/s]phase1_shape_color_acc:  38%|███▊      | 3076/8000 [16:55<28:03,  2.92it/s]phase1_shape_color_acc:  38%|███▊      | 3077/8000 [16:56<28:09,  2.91it/s]phase1_shape_color_acc:  38%|███▊      | 3078/8000 [16:56<27:30,  2.98it/s]phase1_shape_color_acc:  38%|███▊      | 3079/8000 [16:56<24:37,  3.33it/s]phase1_shape_color_acc:  38%|███▊      | 3080/8000 [16:56<24:49,  3.30it/s]phase1_shape_color_acc:  39%|███▊      | 3081/8000 [16:57<25:20,  3.24it/s]phase1_shape_color_acc:  39%|███▊      | 3082/8000 [16:57<26:13,  3.13it/s]phase1_shape_color_acc:  39%|███▊      | 3083/8000 [16:58<26:55,  3.04it/s]phase1_shape_color_acc:  39%|███▊      | 3084/8000 [16:58<27:20,  3.00it/s]phase1_shape_color_acc:  39%|███▊      | 3085/8000 [16:58<27:38,  2.96it/s]phase1_shape_color_acc:  39%|███▊      | 3086/8000 [16:59<27:48,  2.95it/s]phase1_shape_color_acc:  39%|███▊      | 3087/8000 [16:59<27:56,  2.93it/s]phase1_shape_color_acc:  39%|███▊      | 3088/8000 [16:59<26:13,  3.12it/s]phase1_shape_color_acc:  39%|███▊      | 3089/8000 [16:59<25:59,  3.15it/s]phase1_shape_color_acc:  39%|███▊      | 3090/8000 [17:00<25:31,  3.21it/s]phase1_shape_color_acc:  39%|███▊      | 3091/8000 [17:00<26:27,  3.09it/s]phase1_shape_color_acc:  39%|███▊      | 3092/8000 [17:00<27:05,  3.02it/s]phase1_shape_color_acc:  39%|███▊      | 3093/8000 [17:01<27:27,  2.98it/s]phase1_shape_color_acc:  39%|███▊      | 3094/8000 [17:01<27:40,  2.95it/s]phase1_shape_color_acc:  39%|███▊      | 3095/8000 [17:02<27:50,  2.94it/s]phase1_shape_color_acc:  39%|███▊      | 3096/8000 [17:02<27:56,  2.92it/s]phase1_shape_color_acc:  39%|███▊      | 3097/8000 [17:02<26:25,  3.09it/s]phase1_shape_color_acc:  39%|███▊      | 3098/8000 [17:02<26:04,  3.13it/s]phase1_shape_color_acc:  39%|███▊      | 3099/8000 [17:03<25:36,  3.19it/s]phase1_shape_color_acc:  39%|███▉      | 3100/8000 [17:03<26:24,  3.09it/s]phase1_shape_color_acc:  39%|███▉      | 3101/8000 [17:03<27:05,  3.01it/s]phase1_shape_color_acc:  39%|███▉      | 3102/8000 [17:04<27:26,  2.98it/s]phase1_shape_color_acc:  39%|███▉      | 3103/8000 [17:04<27:39,  2.95it/s]phase1_shape_color_acc:  39%|███▉      | 3104/8000 [17:04<27:48,  2.93it/s]phase1_shape_color_acc:  39%|███▉      | 3105/8000 [17:05<27:57,  2.92it/s]phase1_shape_color_acc:  39%|███▉      | 3106/8000 [17:05<27:07,  3.01it/s]phase1_shape_color_acc:  39%|███▉      | 3107/8000 [17:05<26:43,  3.05it/s]phase1_shape_color_acc:  39%|███▉      | 3108/8000 [17:06<26:16,  3.10it/s]phase1_shape_color_acc:  39%|███▉      | 3109/8000 [17:06<26:52,  3.03it/s]phase1_shape_color_acc:  39%|███▉      | 3110/8000 [17:06<27:23,  2.98it/s]phase1_shape_color_acc:  39%|███▉      | 3111/8000 [17:07<27:36,  2.95it/s]phase1_shape_color_acc:  39%|███▉      | 3112/8000 [17:07<27:45,  2.93it/s]phase1_shape_color_acc:  39%|███▉      | 3113/8000 [17:07<27:52,  2.92it/s]phase1_shape_color_acc:  39%|███▉      | 3114/8000 [17:08<27:55,  2.92it/s]phase1_shape_color_acc:  39%|███▉      | 3115/8000 [17:08<27:17,  2.98it/s]phase1_shape_color_acc:  39%|███▉      | 3116/8000 [17:08<24:24,  3.33it/s]phase1_shape_color_acc:  39%|███▉      | 3117/8000 [17:09<24:27,  3.33it/s]phase1_shape_color_acc:  39%|███▉      | 3118/8000 [17:09<24:58,  3.26it/s]phase1_shape_color_acc:  39%|███▉      | 3119/8000 [17:09<25:59,  3.13it/s]phase1_shape_color_acc:  39%|███▉      | 3120/8000 [17:10<26:42,  3.05it/s]phase1_shape_color_acc:  39%|███▉      | 3121/8000 [17:10<27:10,  2.99it/s]phase1_shape_color_acc:  39%|███▉      | 3122/8000 [17:10<27:25,  2.96it/s]phase1_shape_color_acc:  39%|███▉      | 3123/8000 [17:11<27:38,  2.94it/s]phase1_shape_color_acc:  39%|███▉      | 3124/8000 [17:11<27:45,  2.93it/s]phase1_shape_color_acc:  39%|███▉      | 3125/8000 [17:11<26:14,  3.10it/s]phase1_shape_color_acc:  39%|███▉      | 3126/8000 [17:12<25:59,  3.13it/s]phase1_shape_color_acc:  39%|███▉      | 3127/8000 [17:12<25:36,  3.17it/s]phase1_shape_color_acc:  39%|███▉      | 3128/8000 [17:12<26:22,  3.08it/s]phase1_shape_color_acc:  39%|███▉      | 3129/8000 [17:13<27:00,  3.01it/s]phase1_shape_color_acc:  39%|███▉      | 3130/8000 [17:13<27:21,  2.97it/s]phase1_shape_color_acc:  39%|███▉      | 3131/8000 [17:13<27:33,  2.95it/s]phase1_shape_color_acc:  39%|███▉      | 3132/8000 [17:14<27:41,  2.93it/s]phase1_shape_color_acc:  39%|███▉      | 3133/8000 [17:14<27:48,  2.92it/s]phase1_shape_color_acc:  39%|███▉      | 3134/8000 [17:14<27:04,  3.00it/s]phase1_shape_color_acc:  39%|███▉      | 3135/8000 [17:15<26:39,  3.04it/s]phase1_shape_color_acc:  39%|███▉      | 3136/8000 [17:15<26:13,  3.09it/s]phase1_shape_color_acc:  39%|███▉      | 3137/8000 [17:15<26:49,  3.02it/s]phase1_shape_color_acc:  39%|███▉      | 3138/8000 [17:16<27:18,  2.97it/s]phase1_shape_color_acc:  39%|███▉      | 3139/8000 [17:16<27:29,  2.95it/s]phase1_shape_color_acc:  39%|███▉      | 3140/8000 [17:16<27:38,  2.93it/s]phase1_shape_color_acc:  39%|███▉      | 3141/8000 [17:17<27:46,  2.92it/s]phase1_shape_color_acc:  39%|███▉      | 3142/8000 [17:17<27:50,  2.91it/s]phase1_shape_color_acc:  39%|███▉      | 3143/8000 [17:17<26:57,  3.00it/s]phase1_shape_color_acc:  39%|███▉      | 3144/8000 [17:18<26:34,  3.05it/s]phase1_shape_color_acc:  39%|███▉      | 3145/8000 [17:18<26:10,  3.09it/s]phase1_shape_color_acc:  39%|███▉      | 3146/8000 [17:18<26:43,  3.03it/s]phase1_shape_color_acc:  39%|███▉      | 3147/8000 [17:19<27:12,  2.97it/s]phase1_shape_color_acc:  39%|███▉      | 3148/8000 [17:19<27:24,  2.95it/s]phase1_shape_color_acc:  39%|███▉      | 3149/8000 [17:19<27:34,  2.93it/s]phase1_shape_color_acc:  39%|███▉      | 3150/8000 [17:20<27:38,  2.92it/s]phase1_shape_color_acc:  39%|███▉      | 3151/8000 [17:20<27:43,  2.92it/s]phase1_shape_color_acc:  39%|███▉      | 3152/8000 [17:20<27:04,  2.98it/s]phase1_shape_color_acc:  39%|███▉      | 3153/8000 [17:21<24:17,  3.33it/s]phase1_shape_color_acc:  39%|███▉      | 3154/8000 [17:21<23:29,  3.44it/s]phase1_shape_color_acc:  39%|███▉      | 3155/8000 [17:21<20:13,  3.99it/s]phase1_shape_color_acc:  39%|███▉      | 3156/8000 [17:21<19:33,  4.13it/s]phase1_shape_color_acc:  39%|███▉      | 3157/8000 [17:22<21:39,  3.73it/s]phase1_shape_color_acc:  39%|███▉      | 3158/8000 [17:22<23:32,  3.43it/s]phase1_shape_color_acc:  39%|███▉      | 3159/8000 [17:22<24:53,  3.24it/s]phase1_shape_color_acc:  40%|███▉      | 3160/8000 [17:23<25:44,  3.13it/s]phase1_shape_color_acc:  40%|███▉      | 3161/8000 [17:23<26:24,  3.05it/s]phase1_shape_color_acc:  40%|███▉      | 3162/8000 [17:23<26:51,  3.00it/s]phase1_shape_color_acc:  40%|███▉      | 3163/8000 [17:24<27:09,  2.97it/s]phase1_shape_color_acc:  40%|███▉      | 3164/8000 [17:24<25:23,  3.17it/s]phase1_shape_color_acc:  40%|███▉      | 3165/8000 [17:24<25:20,  3.18it/s]phase1_shape_color_acc:  40%|███▉      | 3166/8000 [17:25<25:35,  3.15it/s]phase1_shape_color_acc:  40%|███▉      | 3167/8000 [17:25<26:18,  3.06it/s]phase1_shape_color_acc:  40%|███▉      | 3168/8000 [17:25<26:46,  3.01it/s]phase1_shape_color_acc:  40%|███▉      | 3169/8000 [17:26<27:06,  2.97it/s]phase1_shape_color_acc:  40%|███▉      | 3170/8000 [17:26<27:17,  2.95it/s]phase1_shape_color_acc:  40%|███▉      | 3171/8000 [17:26<27:26,  2.93it/s]phase1_shape_color_acc:  40%|███▉      | 3172/8000 [17:27<27:32,  2.92it/s]phase1_shape_color_acc:  40%|███▉      | 3173/8000 [17:27<25:52,  3.11it/s]phase1_shape_color_acc:  40%|███▉      | 3174/8000 [17:27<25:33,  3.15it/s]phase1_shape_color_acc:  40%|███▉      | 3175/8000 [17:28<25:08,  3.20it/s]phase1_shape_color_acc:  40%|███▉      | 3176/8000 [17:28<25:57,  3.10it/s]phase1_shape_color_acc:  40%|███▉      | 3177/8000 [17:28<26:38,  3.02it/s]phase1_shape_color_acc:  40%|███▉      | 3178/8000 [17:29<26:59,  2.98it/s]phase1_shape_color_acc:  40%|███▉      | 3179/8000 [17:29<27:12,  2.95it/s]phase1_shape_color_acc:  40%|███▉      | 3180/8000 [17:29<27:24,  2.93it/s]phase1_shape_color_acc:  40%|███▉      | 3181/8000 [17:30<27:35,  2.91it/s]phase1_shape_color_acc:  40%|███▉      | 3182/8000 [17:30<25:54,  3.10it/s]phase1_shape_color_acc:  40%|███▉      | 3183/8000 [17:30<25:36,  3.14it/s]phase1_shape_color_acc:  40%|███▉      | 3184/8000 [17:31<25:08,  3.19it/s]phase1_shape_color_acc:  40%|███▉      | 3185/8000 [17:31<25:58,  3.09it/s]phase1_shape_color_acc:  40%|███▉      | 3186/8000 [17:31<26:37,  3.01it/s]phase1_shape_color_acc:  40%|███▉      | 3187/8000 [17:32<26:56,  2.98it/s]phase1_shape_color_acc:  40%|███▉      | 3188/8000 [17:32<27:10,  2.95it/s]phase1_shape_color_acc:  40%|███▉      | 3189/8000 [17:32<27:20,  2.93it/s]phase1_shape_color_acc:  40%|███▉      | 3190/8000 [17:33<27:28,  2.92it/s]phase1_shape_color_acc:  40%|███▉      | 3191/8000 [17:33<26:41,  3.00it/s]phase1_shape_color_acc:  40%|███▉      | 3192/8000 [17:33<23:47,  3.37it/s]phase1_shape_color_acc:  40%|███▉      | 3193/8000 [17:33<24:07,  3.32it/s]phase1_shape_color_acc:  40%|███▉      | 3194/8000 [17:34<24:39,  3.25it/s]phase1_shape_color_acc:  40%|███▉      | 3195/8000 [17:34<25:38,  3.12it/s]phase1_shape_color_acc:  40%|███▉      | 3196/8000 [17:34<26:19,  3.04it/s]phase1_shape_color_acc:  40%|███▉      | 3197/8000 [17:35<26:44,  2.99it/s]phase1_shape_color_acc:  40%|███▉      | 3198/8000 [17:35<26:58,  2.97it/s]phase1_shape_color_acc:  40%|███▉      | 3199/8000 [17:35<27:09,  2.95it/s]phase1_shape_color_acc:  40%|████      | 3200/8000 [17:36<27:17,  2.93it/s]phase1_shape_color_acc:  40%|████      | 3201/8000 [17:36<25:49,  3.10it/s]phase1_shape_color_acc:  40%|████      | 3202/8000 [17:36<25:38,  3.12it/s]phase1_shape_color_acc:  40%|████      | 3203/8000 [17:37<25:44,  3.11it/s]phase1_shape_color_acc:  40%|████      | 3204/8000 [17:37<26:22,  3.03it/s]phase1_shape_color_acc:  40%|████      | 3205/8000 [17:37<26:51,  2.97it/s]phase1_shape_color_acc:  40%|████      | 3206/8000 [17:38<27:02,  2.95it/s]phase1_shape_color_acc:  40%|████      | 3207/8000 [17:38<27:12,  2.94it/s]phase1_shape_color_acc:  40%|████      | 3208/8000 [17:38<27:18,  2.93it/s]phase1_shape_color_acc:  40%|████      | 3209/8000 [17:39<27:24,  2.91it/s]phase1_shape_color_acc:  40%|████      | 3210/8000 [17:39<26:01,  3.07it/s]phase1_shape_color_acc:  40%|████      | 3211/8000 [17:39<25:40,  3.11it/s]phase1_shape_color_acc:  40%|████      | 3212/8000 [17:40<25:22,  3.15it/s]phase1_shape_color_acc:  40%|████      | 3213/8000 [17:40<26:02,  3.06it/s]phase1_shape_color_acc:  40%|████      | 3214/8000 [17:40<26:37,  3.00it/s]phase1_shape_color_acc:  40%|████      | 3215/8000 [17:41<26:54,  2.96it/s]phase1_shape_color_acc:  40%|████      | 3216/8000 [17:41<27:05,  2.94it/s]phase1_shape_color_acc:  40%|████      | 3217/8000 [17:41<27:15,  2.92it/s]phase1_shape_color_acc:  40%|████      | 3218/8000 [17:42<27:22,  2.91it/s]phase1_shape_color_acc:  40%|████      | 3219/8000 [17:42<26:36,  2.99it/s]phase1_shape_color_acc:  40%|████      | 3220/8000 [17:42<26:10,  3.04it/s]phase1_shape_color_acc:  40%|████      | 3221/8000 [17:43<25:45,  3.09it/s]phase1_shape_color_acc:  40%|████      | 3222/8000 [17:43<26:20,  3.02it/s]phase1_shape_color_acc:  40%|████      | 3223/8000 [17:43<26:50,  2.97it/s]phase1_shape_color_acc:  40%|████      | 3224/8000 [17:44<27:04,  2.94it/s]phase1_shape_color_acc:  40%|████      | 3225/8000 [17:44<27:12,  2.92it/s]phase1_shape_color_acc:  40%|████      | 3226/8000 [17:45<27:18,  2.91it/s]phase1_shape_color_acc:  40%|████      | 3227/8000 [17:45<27:21,  2.91it/s]phase1_shape_color_acc:  40%|████      | 3228/8000 [17:45<26:30,  3.00it/s]phase1_shape_color_acc:  40%|████      | 3229/8000 [17:45<23:47,  3.34it/s]phase1_shape_color_acc:  40%|████      | 3230/8000 [17:46<23:45,  3.35it/s]phase1_shape_color_acc:  40%|████      | 3231/8000 [17:46<24:12,  3.28it/s]phase1_shape_color_acc:  40%|████      | 3232/8000 [17:46<25:15,  3.15it/s]phase1_shape_color_acc:  40%|████      | 3233/8000 [17:47<26:01,  3.05it/s]phase1_shape_color_acc:  40%|████      | 3234/8000 [17:47<26:27,  3.00it/s]phase1_shape_color_acc:  40%|████      | 3235/8000 [17:47<26:44,  2.97it/s]phase1_shape_color_acc:  40%|████      | 3236/8000 [17:48<26:56,  2.95it/s]phase1_shape_color_acc:  40%|████      | 3237/8000 [17:48<27:06,  2.93it/s]phase1_shape_color_acc:  40%|████      | 3238/8000 [17:48<25:01,  3.17it/s]phase1_shape_color_acc:  40%|████      | 3239/8000 [17:49<24:50,  3.19it/s]phase1_shape_color_acc:  40%|████      | 3240/8000 [17:49<25:00,  3.17it/s]phase1_shape_color_acc:  41%|████      | 3241/8000 [17:49<25:46,  3.08it/s]phase1_shape_color_acc:  41%|████      | 3242/8000 [17:50<26:22,  3.01it/s]phase1_shape_color_acc:  41%|████      | 3243/8000 [17:50<26:40,  2.97it/s]phase1_shape_color_acc:  41%|████      | 3244/8000 [17:50<26:56,  2.94it/s]phase1_shape_color_acc:  41%|████      | 3245/8000 [17:51<27:05,  2.93it/s]phase1_shape_color_acc:  41%|████      | 3246/8000 [17:51<27:11,  2.91it/s]phase1_shape_color_acc:  41%|████      | 3247/8000 [17:51<25:35,  3.09it/s]phase1_shape_color_acc:  41%|████      | 3248/8000 [17:52<25:20,  3.12it/s]phase1_shape_color_acc:  41%|████      | 3249/8000 [17:52<25:08,  3.15it/s]phase1_shape_color_acc:  41%|████      | 3250/8000 [17:52<25:50,  3.06it/s]phase1_shape_color_acc:  41%|████      | 3251/8000 [17:53<26:22,  3.00it/s]phase1_shape_color_acc:  41%|████      | 3252/8000 [17:53<26:39,  2.97it/s]phase1_shape_color_acc:  41%|████      | 3253/8000 [17:53<26:53,  2.94it/s]phase1_shape_color_acc:  41%|████      | 3254/8000 [17:54<27:01,  2.93it/s]phase1_shape_color_acc:  41%|████      | 3255/8000 [17:54<27:06,  2.92it/s]phase1_shape_color_acc:  41%|████      | 3256/8000 [17:54<25:36,  3.09it/s]phase1_shape_color_acc:  41%|████      | 3257/8000 [17:55<25:20,  3.12it/s]phase1_shape_color_acc:  41%|████      | 3258/8000 [17:55<24:48,  3.18it/s]phase1_shape_color_acc:  41%|████      | 3259/8000 [17:55<25:34,  3.09it/s]phase1_shape_color_acc:  41%|████      | 3260/8000 [17:56<26:14,  3.01it/s]phase1_shape_color_acc:  41%|████      | 3261/8000 [17:56<26:38,  2.96it/s]phase1_shape_color_acc:  41%|████      | 3262/8000 [17:56<26:54,  2.94it/s]phase1_shape_color_acc:  41%|████      | 3263/8000 [17:57<27:00,  2.92it/s]phase1_shape_color_acc:  41%|████      | 3264/8000 [17:57<27:04,  2.92it/s]phase1_shape_color_acc:  41%|████      | 3265/8000 [17:57<25:14,  3.13it/s]phase1_shape_color_acc:  41%|████      | 3266/8000 [17:58<24:06,  3.27it/s]phase1_shape_color_acc:  41%|████      | 3267/8000 [17:58<23:57,  3.29it/s]phase1_shape_color_acc:  41%|████      | 3268/8000 [17:58<24:36,  3.20it/s]phase1_shape_color_acc:  41%|████      | 3269/8000 [17:59<25:25,  3.10it/s]phase1_shape_color_acc:  41%|████      | 3270/8000 [17:59<26:00,  3.03it/s]phase1_shape_color_acc:  41%|████      | 3271/8000 [17:59<26:22,  2.99it/s]phase1_shape_color_acc:  41%|████      | 3272/8000 [18:00<26:38,  2.96it/s]phase1_shape_color_acc:  41%|████      | 3273/8000 [18:00<26:49,  2.94it/s]phase1_shape_color_acc:  41%|████      | 3274/8000 [18:00<26:56,  2.92it/s]phase1_shape_color_acc:  41%|████      | 3275/8000 [18:01<24:52,  3.17it/s]phase1_shape_color_acc:  41%|████      | 3276/8000 [18:01<24:43,  3.18it/s]phase1_shape_color_acc:  41%|████      | 3277/8000 [18:01<24:55,  3.16it/s]phase1_shape_color_acc:  41%|████      | 3278/8000 [18:01<25:43,  3.06it/s]phase1_shape_color_acc:  41%|████      | 3279/8000 [18:02<26:08,  3.01it/s]phase1_shape_color_acc:  41%|████      | 3280/8000 [18:02<26:28,  2.97it/s]phase1_shape_color_acc:  41%|████      | 3281/8000 [18:03<26:43,  2.94it/s]phase1_shape_color_acc:  41%|████      | 3282/8000 [18:03<26:49,  2.93it/s]phase1_shape_color_acc:  41%|████      | 3283/8000 [18:03<26:56,  2.92it/s]phase1_shape_color_acc:  41%|████      | 3284/8000 [18:03<25:12,  3.12it/s]phase1_shape_color_acc:  41%|████      | 3285/8000 [18:04<24:58,  3.15it/s]phase1_shape_color_acc:  41%|████      | 3286/8000 [18:04<25:02,  3.14it/s]phase1_shape_color_acc:  41%|████      | 3287/8000 [18:04<25:41,  3.06it/s]phase1_shape_color_acc:  41%|████      | 3288/8000 [18:05<26:12,  3.00it/s]phase1_shape_color_acc:  41%|████      | 3289/8000 [18:05<26:30,  2.96it/s]phase1_shape_color_acc:  41%|████      | 3290/8000 [18:06<26:42,  2.94it/s]phase1_shape_color_acc:  41%|████      | 3291/8000 [18:06<26:47,  2.93it/s]phase1_shape_color_acc:  41%|████      | 3292/8000 [18:06<26:53,  2.92it/s]phase1_shape_color_acc:  41%|████      | 3293/8000 [18:06<25:36,  3.06it/s]phase1_shape_color_acc:  41%|████      | 3294/8000 [18:07<25:13,  3.11it/s]phase1_shape_color_acc:  41%|████      | 3295/8000 [18:07<24:56,  3.14it/s]phase1_shape_color_acc:  41%|████      | 3296/8000 [18:07<25:37,  3.06it/s]phase1_shape_color_acc:  41%|████      | 3297/8000 [18:08<26:11,  2.99it/s]phase1_shape_color_acc:  41%|████      | 3298/8000 [18:08<26:27,  2.96it/s]phase1_shape_color_acc:  41%|████      | 3299/8000 [18:08<26:38,  2.94it/s]phase1_shape_color_acc:  41%|████▏     | 3300/8000 [18:09<26:45,  2.93it/s]phase1_shape_color_acc:  41%|████▏     | 3301/8000 [18:09<26:51,  2.92it/s]phase1_shape_color_acc:  41%|████▏     | 3302/8000 [18:09<26:08,  3.00it/s]phase1_shape_color_acc:  41%|████▏     | 3303/8000 [18:10<23:22,  3.35it/s]phase1_shape_color_acc:  41%|████▏     | 3304/8000 [18:10<23:36,  3.32it/s]phase1_shape_color_acc:  41%|████▏     | 3305/8000 [18:10<24:04,  3.25it/s]phase1_shape_color_acc:  41%|████▏     | 3306/8000 [18:11<25:05,  3.12it/s]phase1_shape_color_acc:  41%|████▏     | 3307/8000 [18:11<25:46,  3.04it/s]phase1_shape_color_acc:  41%|████▏     | 3308/8000 [18:11<26:09,  2.99it/s]phase1_shape_color_acc:  41%|████▏     | 3309/8000 [18:12<26:27,  2.95it/s]phase1_shape_color_acc:  41%|████▏     | 3310/8000 [18:12<26:38,  2.93it/s]phase1_shape_color_acc:  41%|████▏     | 3311/8000 [18:12<26:43,  2.92it/s]phase1_shape_color_acc:  41%|████▏     | 3312/8000 [18:13<24:54,  3.14it/s]phase1_shape_color_acc:  41%|████▏     | 3313/8000 [18:13<24:43,  3.16it/s]phase1_shape_color_acc:  41%|████▏     | 3314/8000 [18:13<24:18,  3.21it/s]phase1_shape_color_acc:  41%|████▏     | 3315/8000 [18:14<25:08,  3.11it/s]phase1_shape_color_acc:  41%|████▏     | 3316/8000 [18:14<25:45,  3.03it/s]phase1_shape_color_acc:  41%|████▏     | 3317/8000 [18:14<26:08,  2.99it/s]phase1_shape_color_acc:  41%|████▏     | 3318/8000 [18:15<26:21,  2.96it/s]phase1_shape_color_acc:  41%|████▏     | 3319/8000 [18:15<26:31,  2.94it/s]phase1_shape_color_acc:  42%|████▏     | 3320/8000 [18:15<26:38,  2.93it/s]phase1_shape_color_acc:  42%|████▏     | 3321/8000 [18:16<25:16,  3.09it/s]phase1_shape_color_acc:  42%|████▏     | 3322/8000 [18:16<24:54,  3.13it/s]phase1_shape_color_acc:  42%|████▏     | 3323/8000 [18:16<24:29,  3.18it/s]phase1_shape_color_acc:  42%|████▏     | 3324/8000 [18:17<25:13,  3.09it/s]phase1_shape_color_acc:  42%|████▏     | 3325/8000 [18:17<25:50,  3.02it/s]phase1_shape_color_acc:  42%|████▏     | 3326/8000 [18:17<26:10,  2.98it/s]phase1_shape_color_acc:  42%|████▏     | 3327/8000 [18:18<26:23,  2.95it/s]phase1_shape_color_acc:  42%|████▏     | 3328/8000 [18:18<26:32,  2.93it/s]phase1_shape_color_acc:  42%|████▏     | 3329/8000 [18:18<26:39,  2.92it/s]phase1_shape_color_acc:  42%|████▏     | 3330/8000 [18:19<25:53,  3.01it/s]phase1_shape_color_acc:  42%|████▏     | 3331/8000 [18:19<25:33,  3.04it/s]phase1_shape_color_acc:  42%|████▏     | 3332/8000 [18:19<25:08,  3.09it/s]phase1_shape_color_acc:  42%|████▏     | 3333/8000 [18:20<25:40,  3.03it/s]phase1_shape_color_acc:  42%|████▏     | 3334/8000 [18:20<26:08,  2.97it/s]phase1_shape_color_acc:  42%|████▏     | 3335/8000 [18:20<26:20,  2.95it/s]phase1_shape_color_acc:  42%|████▏     | 3336/8000 [18:21<26:32,  2.93it/s]phase1_shape_color_acc:  42%|████▏     | 3337/8000 [18:21<26:41,  2.91it/s]phase1_shape_color_acc:  42%|████▏     | 3338/8000 [18:21<26:45,  2.90it/s]phase1_shape_color_acc:  42%|████▏     | 3339/8000 [18:22<24:54,  3.12it/s]phase1_shape_color_acc:  42%|████▏     | 3340/8000 [18:22<23:37,  3.29it/s]phase1_shape_color_acc:  42%|████▏     | 3341/8000 [18:22<23:45,  3.27it/s]phase1_shape_color_acc:  42%|████▏     | 3342/8000 [18:23<24:18,  3.19it/s]phase1_shape_color_acc:  42%|████▏     | 3343/8000 [18:23<25:04,  3.10it/s]phase1_shape_color_acc:  42%|████▏     | 3344/8000 [18:23<25:36,  3.03it/s]phase1_shape_color_acc:  42%|████▏     | 3345/8000 [18:24<25:59,  2.99it/s]phase1_shape_color_acc:  42%|████▏     | 3346/8000 [18:24<26:14,  2.96it/s]phase1_shape_color_acc:  42%|████▏     | 3347/8000 [18:24<26:23,  2.94it/s]phase1_shape_color_acc:  42%|████▏     | 3348/8000 [18:25<26:30,  2.92it/s]phase1_shape_color_acc:  42%|████▏     | 3349/8000 [18:25<24:39,  3.14it/s]phase1_shape_color_acc:  42%|████▏     | 3350/8000 [18:25<24:27,  3.17it/s]phase1_shape_color_acc:  42%|████▏     | 3351/8000 [18:26<24:39,  3.14it/s]phase1_shape_color_acc:  42%|████▏     | 3352/8000 [18:26<25:17,  3.06it/s]phase1_shape_color_acc:  42%|████▏     | 3353/8000 [18:26<25:47,  3.00it/s]phase1_shape_color_acc:  42%|████▏     | 3354/8000 [18:27<26:05,  2.97it/s]phase1_shape_color_acc:  42%|████▏     | 3355/8000 [18:27<26:16,  2.95it/s]phase1_shape_color_acc:  42%|████▏     | 3356/8000 [18:27<26:24,  2.93it/s]phase1_shape_color_acc:  42%|████▏     | 3357/8000 [18:28<26:32,  2.92it/s]phase1_shape_color_acc:  42%|████▏     | 3358/8000 [18:28<24:42,  3.13it/s]phase1_shape_color_acc:  42%|████▏     | 3359/8000 [18:28<24:29,  3.16it/s]phase1_shape_color_acc:  42%|████▏     | 3360/8000 [18:28<24:41,  3.13it/s]phase1_shape_color_acc:  42%|████▏     | 3361/8000 [18:29<25:22,  3.05it/s]phase1_shape_color_acc:  42%|████▏     | 3362/8000 [18:29<25:46,  3.00it/s]phase1_shape_color_acc:  42%|████▏     | 3363/8000 [18:30<26:02,  2.97it/s]phase1_shape_color_acc:  42%|████▏     | 3364/8000 [18:30<26:13,  2.95it/s]phase1_shape_color_acc:  42%|████▏     | 3365/8000 [18:30<26:22,  2.93it/s]phase1_shape_color_acc:  42%|████▏     | 3366/8000 [18:31<26:26,  2.92it/s]phase1_shape_color_acc:  42%|████▏     | 3367/8000 [18:31<24:36,  3.14it/s]phase1_shape_color_acc:  42%|████▏     | 3368/8000 [18:31<24:24,  3.16it/s]phase1_shape_color_acc:  42%|████▏     | 3369/8000 [18:31<24:33,  3.14it/s]phase1_shape_color_acc:  42%|████▏     | 3370/8000 [18:32<25:16,  3.05it/s]phase1_shape_color_acc:  42%|████▏     | 3371/8000 [18:32<25:46,  2.99it/s]phase1_shape_color_acc:  42%|████▏     | 3372/8000 [18:33<26:01,  2.96it/s]phase1_shape_color_acc:  42%|████▏     | 3373/8000 [18:33<26:13,  2.94it/s]phase1_shape_color_acc:  42%|████▏     | 3374/8000 [18:33<26:21,  2.92it/s]phase1_shape_color_acc:  42%|████▏     | 3375/8000 [18:34<26:27,  2.91it/s]phase1_shape_color_acc:  42%|████▏     | 3376/8000 [18:34<23:52,  3.23it/s]phase1_shape_color_acc:  42%|████▏     | 3377/8000 [18:34<23:43,  3.25it/s]phase1_shape_color_acc:  42%|████▏     | 3378/8000 [18:34<23:41,  3.25it/s]phase1_shape_color_acc:  42%|████▏     | 3379/8000 [18:35<24:24,  3.16it/s]phase1_shape_color_acc:  42%|████▏     | 3380/8000 [18:35<25:09,  3.06it/s]phase1_shape_color_acc:  42%|████▏     | 3381/8000 [18:35<25:36,  3.01it/s]phase1_shape_color_acc:  42%|████▏     | 3382/8000 [18:36<25:52,  2.97it/s]phase1_shape_color_acc:  42%|████▏     | 3383/8000 [18:36<26:05,  2.95it/s]phase1_shape_color_acc:  42%|████▏     | 3384/8000 [18:36<26:13,  2.93it/s]phase1_shape_color_acc:  42%|████▏     | 3385/8000 [18:37<25:06,  3.06it/s]phase1_shape_color_acc:  42%|████▏     | 3386/8000 [18:37<24:50,  3.10it/s]phase1_shape_color_acc:  42%|████▏     | 3387/8000 [18:37<24:32,  3.13it/s]phase1_shape_color_acc:  42%|████▏     | 3388/8000 [18:38<25:08,  3.06it/s]phase1_shape_color_acc:  42%|████▏     | 3389/8000 [18:38<25:40,  2.99it/s]phase1_shape_color_acc:  42%|████▏     | 3390/8000 [18:38<25:57,  2.96it/s]phase1_shape_color_acc:  42%|████▏     | 3391/8000 [18:39<26:07,  2.94it/s]phase1_shape_color_acc:  42%|████▏     | 3392/8000 [18:39<26:14,  2.93it/s]phase1_shape_color_acc:  42%|████▏     | 3393/8000 [18:39<26:20,  2.91it/s]phase1_shape_color_acc:  42%|████▏     | 3394/8000 [18:40<24:54,  3.08it/s]phase1_shape_color_acc:  42%|████▏     | 3395/8000 [18:40<24:34,  3.12it/s]phase1_shape_color_acc:  42%|████▏     | 3396/8000 [18:40<24:06,  3.18it/s]phase1_shape_color_acc:  42%|████▏     | 3397/8000 [18:41<24:53,  3.08it/s]phase1_shape_color_acc:  42%|████▏     | 3398/8000 [18:41<25:28,  3.01it/s]phase1_shape_color_acc:  42%|████▏     | 3399/8000 [18:41<25:46,  2.98it/s]phase1_shape_color_acc:  42%|████▎     | 3400/8000 [18:42<25:58,  2.95it/s]phase1_shape_color_acc:  43%|████▎     | 3401/8000 [18:42<26:10,  2.93it/s]phase1_shape_color_acc:  43%|████▎     | 3402/8000 [18:42<26:15,  2.92it/s]phase1_shape_color_acc:  43%|████▎     | 3403/8000 [18:43<25:29,  3.01it/s]phase1_shape_color_acc:  43%|████▎     | 3404/8000 [18:43<25:09,  3.04it/s]phase1_shape_color_acc:  43%|████▎     | 3405/8000 [18:43<24:46,  3.09it/s]phase1_shape_color_acc:  43%|████▎     | 3406/8000 [18:44<25:17,  3.03it/s]phase1_shape_color_acc:  43%|████▎     | 3407/8000 [18:44<25:43,  2.98it/s]phase1_shape_color_acc:  43%|████▎     | 3408/8000 [18:44<25:56,  2.95it/s]phase1_shape_color_acc:  43%|████▎     | 3409/8000 [18:45<26:06,  2.93it/s]phase1_shape_color_acc:  43%|████▎     | 3410/8000 [18:45<26:13,  2.92it/s]phase1_shape_color_acc:  43%|████▎     | 3411/8000 [18:45<26:17,  2.91it/s]phase1_shape_color_acc:  43%|████▎     | 3412/8000 [18:46<24:33,  3.11it/s]phase1_shape_color_acc:  43%|████▎     | 3413/8000 [18:46<23:26,  3.26it/s]phase1_shape_color_acc:  43%|████▎     | 3414/8000 [18:46<23:26,  3.26it/s]phase1_shape_color_acc:  43%|████▎     | 3415/8000 [18:47<23:56,  3.19it/s]phase1_shape_color_acc:  43%|████▎     | 3416/8000 [18:47<24:44,  3.09it/s]phase1_shape_color_acc:  43%|████▎     | 3417/8000 [18:47<25:17,  3.02it/s]phase1_shape_color_acc:  43%|████▎     | 3418/8000 [18:48<25:37,  2.98it/s]phase1_shape_color_acc:  43%|████▎     | 3419/8000 [18:48<25:50,  2.95it/s]phase1_shape_color_acc:  43%|████▎     | 3420/8000 [18:48<25:59,  2.94it/s]phase1_shape_color_acc:  43%|████▎     | 3421/8000 [18:49<25:55,  2.94it/s]phase1_shape_color_acc:  43%|████▎     | 3422/8000 [18:49<24:04,  3.17it/s]phase1_shape_color_acc:  43%|████▎     | 3423/8000 [18:49<23:56,  3.19it/s]phase1_shape_color_acc:  43%|████▎     | 3424/8000 [18:50<24:15,  3.14it/s]phase1_shape_color_acc:  43%|████▎     | 3425/8000 [18:50<24:55,  3.06it/s]phase1_shape_color_acc:  43%|████▎     | 3426/8000 [18:50<25:26,  3.00it/s]phase1_shape_color_acc:  43%|████▎     | 3427/8000 [18:51<25:41,  2.97it/s]phase1_shape_color_acc:  43%|████▎     | 3428/8000 [18:51<25:53,  2.94it/s]phase1_shape_color_acc:  43%|████▎     | 3429/8000 [18:51<26:01,  2.93it/s]phase1_shape_color_acc:  43%|████▎     | 3430/8000 [18:52<26:09,  2.91it/s]phase1_shape_color_acc:  43%|████▎     | 3431/8000 [18:52<24:14,  3.14it/s]phase1_shape_color_acc:  43%|████▎     | 3432/8000 [18:52<24:02,  3.17it/s]phase1_shape_color_acc:  43%|████▎     | 3433/8000 [18:53<24:21,  3.13it/s]phase1_shape_color_acc:  43%|████▎     | 3434/8000 [18:53<25:02,  3.04it/s]phase1_shape_color_acc:  43%|████▎     | 3435/8000 [18:53<25:25,  2.99it/s]phase1_shape_color_acc:  43%|████▎     | 3436/8000 [18:54<25:40,  2.96it/s]phase1_shape_color_acc:  43%|████▎     | 3437/8000 [18:54<25:52,  2.94it/s]phase1_shape_color_acc:  43%|████▎     | 3438/8000 [18:54<25:57,  2.93it/s]phase1_shape_color_acc:  43%|████▎     | 3439/8000 [18:55<26:02,  2.92it/s]phase1_shape_color_acc:  43%|████▎     | 3440/8000 [18:55<24:02,  3.16it/s]phase1_shape_color_acc:  43%|████▎     | 3441/8000 [18:55<23:57,  3.17it/s]phase1_shape_color_acc:  43%|████▎     | 3442/8000 [18:56<24:05,  3.15it/s]phase1_shape_color_acc:  43%|████▎     | 3443/8000 [18:56<24:44,  3.07it/s]phase1_shape_color_acc:  43%|████▎     | 3444/8000 [18:56<25:17,  3.00it/s]phase1_shape_color_acc:  43%|████▎     | 3445/8000 [18:57<25:34,  2.97it/s]phase1_shape_color_acc:  43%|████▎     | 3446/8000 [18:57<25:45,  2.95it/s]phase1_shape_color_acc:  43%|████▎     | 3447/8000 [18:57<25:53,  2.93it/s]phase1_shape_color_acc:  43%|████▎     | 3448/8000 [18:58<25:58,  2.92it/s]phase1_shape_color_acc:  43%|████▎     | 3449/8000 [18:58<24:21,  3.11it/s]phase1_shape_color_acc:  43%|████▎     | 3450/8000 [18:58<22:59,  3.30it/s]phase1_shape_color_acc:  43%|████▎     | 3451/8000 [18:58<22:54,  3.31it/s]phase1_shape_color_acc:  43%|████▎     | 3452/8000 [18:59<23:27,  3.23it/s]phase1_shape_color_acc:  43%|████▎     | 3453/8000 [18:59<24:22,  3.11it/s]phase1_shape_color_acc:  43%|████▎     | 3454/8000 [18:59<24:57,  3.04it/s]phase1_shape_color_acc:  43%|████▎     | 3455/8000 [19:00<25:18,  2.99it/s]phase1_shape_color_acc:  43%|████▎     | 3456/8000 [19:00<25:33,  2.96it/s]phase1_shape_color_acc:  43%|████▎     | 3457/8000 [19:01<25:44,  2.94it/s]phase1_shape_color_acc:  43%|████▎     | 3458/8000 [19:01<25:54,  2.92it/s]phase1_shape_color_acc:  43%|████▎     | 3459/8000 [19:01<23:55,  3.16it/s]phase1_shape_color_acc:  43%|████▎     | 3460/8000 [19:01<23:34,  3.21it/s]phase1_shape_color_acc:  43%|████▎     | 3461/8000 [19:02<23:44,  3.19it/s]phase1_shape_color_acc:  43%|████▎     | 3462/8000 [19:02<24:33,  3.08it/s]phase1_shape_color_acc:  43%|████▎     | 3463/8000 [19:02<25:05,  3.01it/s]phase1_shape_color_acc:  43%|████▎     | 3464/8000 [19:03<25:25,  2.97it/s]phase1_shape_color_acc:  43%|████▎     | 3465/8000 [19:03<25:37,  2.95it/s]phase1_shape_color_acc:  43%|████▎     | 3466/8000 [19:03<25:44,  2.94it/s]phase1_shape_color_acc:  43%|████▎     | 3467/8000 [19:04<25:49,  2.92it/s]phase1_shape_color_acc:  43%|████▎     | 3468/8000 [19:04<24:09,  3.13it/s]phase1_shape_color_acc:  43%|████▎     | 3469/8000 [19:04<23:57,  3.15it/s]phase1_shape_color_acc:  43%|████▎     | 3470/8000 [19:05<24:02,  3.14it/s]phase1_shape_color_acc:  43%|████▎     | 3471/8000 [19:05<24:42,  3.05it/s]phase1_shape_color_acc:  43%|████▎     | 3472/8000 [19:05<25:12,  2.99it/s]phase1_shape_color_acc:  43%|████▎     | 3473/8000 [19:06<25:28,  2.96it/s]phase1_shape_color_acc:  43%|████▎     | 3474/8000 [19:06<25:37,  2.94it/s]phase1_shape_color_acc:  43%|████▎     | 3475/8000 [19:06<25:44,  2.93it/s]phase1_shape_color_acc:  43%|████▎     | 3476/8000 [19:07<25:50,  2.92it/s]phase1_shape_color_acc:  43%|████▎     | 3477/8000 [19:07<24:25,  3.09it/s]phase1_shape_color_acc:  43%|████▎     | 3478/8000 [19:07<24:04,  3.13it/s]phase1_shape_color_acc:  43%|████▎     | 3479/8000 [19:08<23:53,  3.15it/s]phase1_shape_color_acc:  44%|████▎     | 3480/8000 [19:08<24:31,  3.07it/s]phase1_shape_color_acc:  44%|████▎     | 3481/8000 [19:08<25:06,  3.00it/s]phase1_shape_color_acc:  44%|████▎     | 3482/8000 [19:09<25:20,  2.97it/s]phase1_shape_color_acc:  44%|████▎     | 3483/8000 [19:09<25:33,  2.95it/s]phase1_shape_color_acc:  44%|████▎     | 3484/8000 [19:09<25:40,  2.93it/s]phase1_shape_color_acc:  44%|████▎     | 3485/8000 [19:10<25:47,  2.92it/s]phase1_shape_color_acc:  44%|████▎     | 3486/8000 [19:10<25:01,  3.01it/s]phase1_shape_color_acc:  44%|████▎     | 3487/8000 [19:10<22:10,  3.39it/s]phase1_shape_color_acc:  44%|████▎     | 3488/8000 [19:11<22:28,  3.35it/s]phase1_shape_color_acc:  44%|████▎     | 3489/8000 [19:11<23:00,  3.27it/s]phase1_shape_color_acc:  44%|████▎     | 3490/8000 [19:11<23:51,  3.15it/s]phase1_shape_color_acc:  44%|████▎     | 3491/8000 [19:12<24:35,  3.06it/s]phase1_shape_color_acc:  44%|████▎     | 3492/8000 [19:12<25:01,  3.00it/s]phase1_shape_color_acc:  44%|████▎     | 3493/8000 [19:12<25:21,  2.96it/s]phase1_shape_color_acc:  44%|████▎     | 3494/8000 [19:13<25:30,  2.94it/s]phase1_shape_color_acc:  44%|████▎     | 3495/8000 [19:13<25:37,  2.93it/s]phase1_shape_color_acc:  44%|████▎     | 3496/8000 [19:13<24:09,  3.11it/s]phase1_shape_color_acc:  44%|████▎     | 3497/8000 [19:14<23:53,  3.14it/s]phase1_shape_color_acc:  44%|████▎     | 3498/8000 [19:14<23:41,  3.17it/s]phase1_shape_color_acc:  44%|████▎     | 3499/8000 [19:14<24:21,  3.08it/s]phase1_shape_color_acc:  44%|████▍     | 3500/8000 [19:15<24:55,  3.01it/s]phase1_shape_color_acc:  44%|████▍     | 3501/8000 [19:15<25:13,  2.97it/s]phase1_shape_color_acc:  44%|████▍     | 3502/8000 [19:15<25:23,  2.95it/s]phase1_shape_color_acc:  44%|████▍     | 3503/8000 [19:16<25:31,  2.94it/s]phase1_shape_color_acc:  44%|████▍     | 3504/8000 [19:16<25:37,  2.92it/s]phase1_shape_color_acc:  44%|████▍     | 3505/8000 [19:16<25:05,  2.99it/s]phase1_shape_color_acc:  44%|████▍     | 3506/8000 [19:17<24:29,  3.06it/s]phase1_shape_color_acc:  44%|████▍     | 3507/8000 [19:17<24:07,  3.10it/s]phase1_shape_color_acc:  44%|████▍     | 3508/8000 [19:17<24:28,  3.06it/s]phase1_shape_color_acc:  44%|████▍     | 3509/8000 [19:18<25:00,  2.99it/s]phase1_shape_color_acc:  44%|████▍     | 3510/8000 [19:18<25:16,  2.96it/s]phase1_shape_color_acc:  44%|████▍     | 3511/8000 [19:18<25:26,  2.94it/s]phase1_shape_color_acc:  44%|████▍     | 3512/8000 [19:19<25:32,  2.93it/s]phase1_shape_color_acc:  44%|████▍     | 3513/8000 [19:19<25:39,  2.91it/s]phase1_shape_color_acc:  44%|████▍     | 3514/8000 [19:19<25:24,  2.94it/s]phase1_shape_color_acc:  44%|████▍     | 3515/8000 [19:20<23:45,  3.15it/s]phase1_shape_color_acc:  44%|████▍     | 3516/8000 [19:20<23:39,  3.16it/s]phase1_shape_color_acc:  44%|████▍     | 3517/8000 [19:20<24:00,  3.11it/s]phase1_shape_color_acc:  44%|████▍     | 3518/8000 [19:21<24:38,  3.03it/s]phase1_shape_color_acc:  44%|████▍     | 3519/8000 [19:21<24:59,  2.99it/s]phase1_shape_color_acc:  44%|████▍     | 3520/8000 [19:21<25:13,  2.96it/s]phase1_shape_color_acc:  44%|████▍     | 3521/8000 [19:22<25:27,  2.93it/s]phase1_shape_color_acc:  44%|████▍     | 3522/8000 [19:22<25:41,  2.90it/s]phase1_shape_color_acc:  44%|████▍     | 3523/8000 [19:22<25:20,  2.94it/s]phase1_shape_color_acc:  44%|████▍     | 3524/8000 [19:23<22:24,  3.33it/s]phase1_shape_color_acc:  44%|████▍     | 3525/8000 [19:23<22:24,  3.33it/s]phase1_shape_color_acc:  44%|████▍     | 3526/8000 [19:23<22:48,  3.27it/s]phase1_shape_color_acc:  44%|████▍     | 3527/8000 [19:23<23:46,  3.14it/s]phase1_shape_color_acc:  44%|████▍     | 3528/8000 [19:24<24:26,  3.05it/s]phase1_shape_color_acc:  44%|████▍     | 3529/8000 [19:24<24:52,  3.00it/s]phase1_shape_color_acc:  44%|████▍     | 3530/8000 [19:25<25:08,  2.96it/s]phase1_shape_color_acc:  44%|████▍     | 3531/8000 [19:25<25:21,  2.94it/s]phase1_shape_color_acc:  44%|████▍     | 3532/8000 [19:25<25:28,  2.92it/s]phase1_shape_color_acc:  44%|████▍     | 3533/8000 [19:25<23:33,  3.16it/s]phase1_shape_color_acc:  44%|████▍     | 3534/8000 [19:26<23:22,  3.19it/s]phase1_shape_color_acc:  44%|████▍     | 3535/8000 [19:26<23:30,  3.17it/s]phase1_shape_color_acc:  44%|████▍     | 3536/8000 [19:26<24:13,  3.07it/s]phase1_shape_color_acc:  44%|████▍     | 3537/8000 [19:27<24:47,  3.00it/s]phase1_shape_color_acc:  44%|████▍     | 3538/8000 [19:27<25:01,  2.97it/s]phase1_shape_color_acc:  44%|████▍     | 3539/8000 [19:27<25:13,  2.95it/s]phase1_shape_color_acc:  44%|████▍     | 3540/8000 [19:28<25:21,  2.93it/s]phase1_shape_color_acc:  44%|████▍     | 3541/8000 [19:28<25:28,  2.92it/s]phase1_shape_color_acc:  44%|████▍     | 3542/8000 [19:28<23:35,  3.15it/s]phase1_shape_color_acc:  44%|████▍     | 3543/8000 [19:29<23:27,  3.17it/s]phase1_shape_color_acc:  44%|████▍     | 3544/8000 [19:29<23:32,  3.15it/s]phase1_shape_color_acc:  44%|████▍     | 3545/8000 [19:29<24:12,  3.07it/s]phase1_shape_color_acc:  44%|████▍     | 3546/8000 [19:30<24:42,  3.00it/s]phase1_shape_color_acc:  44%|████▍     | 3547/8000 [19:30<24:58,  2.97it/s]phase1_shape_color_acc:  44%|████▍     | 3548/8000 [19:30<25:09,  2.95it/s]phase1_shape_color_acc:  44%|████▍     | 3549/8000 [19:31<25:20,  2.93it/s]phase1_shape_color_acc:  44%|████▍     | 3550/8000 [19:31<25:26,  2.92it/s]phase1_shape_color_acc:  44%|████▍     | 3551/8000 [19:31<24:03,  3.08it/s]phase1_shape_color_acc:  44%|████▍     | 3552/8000 [19:32<23:45,  3.12it/s]phase1_shape_color_acc:  44%|████▍     | 3553/8000 [19:32<23:32,  3.15it/s]phase1_shape_color_acc:  44%|████▍     | 3554/8000 [19:32<24:10,  3.06it/s]phase1_shape_color_acc:  44%|████▍     | 3555/8000 [19:33<24:41,  3.00it/s]phase1_shape_color_acc:  44%|████▍     | 3556/8000 [19:33<24:56,  2.97it/s]phase1_shape_color_acc:  44%|████▍     | 3557/8000 [19:33<25:11,  2.94it/s]phase1_shape_color_acc:  44%|████▍     | 3558/8000 [19:34<25:16,  2.93it/s]phase1_shape_color_acc:  44%|████▍     | 3559/8000 [19:34<25:21,  2.92it/s]phase1_shape_color_acc:  44%|████▍     | 3560/8000 [19:34<23:43,  3.12it/s]phase1_shape_color_acc:  45%|████▍     | 3561/8000 [19:35<22:32,  3.28it/s]phase1_shape_color_acc:  45%|████▍     | 3562/8000 [19:35<22:35,  3.27it/s]phase1_shape_color_acc:  45%|████▍     | 3563/8000 [19:35<23:06,  3.20it/s]phase1_shape_color_acc:  45%|████▍     | 3564/8000 [19:36<23:51,  3.10it/s]phase1_shape_color_acc:  45%|████▍     | 3565/8000 [19:36<24:23,  3.03it/s]phase1_shape_color_acc:  45%|████▍     | 3566/8000 [19:36<24:44,  2.99it/s]phase1_shape_color_acc:  45%|████▍     | 3567/8000 [19:37<24:58,  2.96it/s]phase1_shape_color_acc:  45%|████▍     | 3568/8000 [19:37<25:07,  2.94it/s]phase1_shape_color_acc:  45%|████▍     | 3569/8000 [19:37<25:15,  2.92it/s]phase1_shape_color_acc:  45%|████▍     | 3570/8000 [19:38<23:38,  3.12it/s]phase1_shape_color_acc:  45%|████▍     | 3571/8000 [19:38<23:28,  3.14it/s]phase1_shape_color_acc:  45%|████▍     | 3572/8000 [19:38<23:42,  3.11it/s]phase1_shape_color_acc:  45%|████▍     | 3573/8000 [19:39<24:20,  3.03it/s]phase1_shape_color_acc:  45%|████▍     | 3574/8000 [19:39<24:40,  2.99it/s]phase1_shape_color_acc:  45%|████▍     | 3575/8000 [19:39<24:53,  2.96it/s]phase1_shape_color_acc:  45%|████▍     | 3576/8000 [19:40<25:02,  2.94it/s]phase1_shape_color_acc:  45%|████▍     | 3577/8000 [19:40<25:11,  2.93it/s]phase1_shape_color_acc:  45%|████▍     | 3578/8000 [19:40<25:04,  2.94it/s]phase1_shape_color_acc:  45%|████▍     | 3579/8000 [19:41<23:27,  3.14it/s]phase1_shape_color_acc:  45%|████▍     | 3580/8000 [19:41<23:16,  3.16it/s]phase1_shape_color_acc:  45%|████▍     | 3581/8000 [19:41<23:39,  3.11it/s]phase1_shape_color_acc:  45%|████▍     | 3582/8000 [19:42<24:11,  3.04it/s]phase1_shape_color_acc:  45%|████▍     | 3583/8000 [19:42<24:33,  3.00it/s]phase1_shape_color_acc:  45%|████▍     | 3584/8000 [19:42<24:48,  2.97it/s]phase1_shape_color_acc:  45%|████▍     | 3585/8000 [19:43<25:01,  2.94it/s]phase1_shape_color_acc:  45%|████▍     | 3586/8000 [19:43<25:09,  2.92it/s]phase1_shape_color_acc:  45%|████▍     | 3587/8000 [19:43<25:13,  2.92it/s]phase1_shape_color_acc:  45%|████▍     | 3588/8000 [19:44<23:09,  3.17it/s]phase1_shape_color_acc:  45%|████▍     | 3589/8000 [19:44<23:03,  3.19it/s]phase1_shape_color_acc:  45%|████▍     | 3590/8000 [19:44<23:17,  3.16it/s]phase1_shape_color_acc:  45%|████▍     | 3591/8000 [19:45<23:56,  3.07it/s]phase1_shape_color_acc:  45%|████▍     | 3592/8000 [19:45<24:26,  3.01it/s]phase1_shape_color_acc:  45%|████▍     | 3593/8000 [19:45<24:47,  2.96it/s]phase1_shape_color_acc:  45%|████▍     | 3594/8000 [19:46<25:01,  2.93it/s]phase1_shape_color_acc:  45%|████▍     | 3595/8000 [19:46<25:09,  2.92it/s]phase1_shape_color_acc:  45%|████▍     | 3596/8000 [19:46<25:11,  2.91it/s]phase1_shape_color_acc:  45%|████▍     | 3597/8000 [19:47<22:17,  3.29it/s]phase1_shape_color_acc:  45%|████▍     | 3598/8000 [19:47<22:23,  3.28it/s]phase1_shape_color_acc:  45%|████▍     | 3599/8000 [19:47<22:29,  3.26it/s]phase1_shape_color_acc:  45%|████▌     | 3600/8000 [19:47<23:21,  3.14it/s]phase1_shape_color_acc:  45%|████▌     | 3601/8000 [19:48<24:06,  3.04it/s]phase1_shape_color_acc:  45%|████▌     | 3602/8000 [19:48<24:26,  3.00it/s]phase1_shape_color_acc:  45%|████▌     | 3603/8000 [19:49<24:41,  2.97it/s]phase1_shape_color_acc:  45%|████▌     | 3604/8000 [19:49<24:52,  2.95it/s]phase1_shape_color_acc:  45%|████▌     | 3605/8000 [19:49<25:01,  2.93it/s]phase1_shape_color_acc:  45%|████▌     | 3606/8000 [19:50<24:19,  3.01it/s]phase1_shape_color_acc:  45%|████▌     | 3607/8000 [19:50<22:55,  3.19it/s]phase1_shape_color_acc:  45%|████▌     | 3608/8000 [19:50<22:52,  3.20it/s]phase1_shape_color_acc:  45%|████▌     | 3609/8000 [19:50<23:16,  3.14it/s]phase1_shape_color_acc:  45%|████▌     | 3610/8000 [19:51<23:55,  3.06it/s]phase1_shape_color_acc:  45%|████▌     | 3611/8000 [19:51<24:20,  3.00it/s]phase1_shape_color_acc:  45%|████▌     | 3612/8000 [19:51<24:38,  2.97it/s]phase1_shape_color_acc:  45%|████▌     | 3613/8000 [19:52<24:49,  2.95it/s]phase1_shape_color_acc:  45%|████▌     | 3614/8000 [19:52<24:56,  2.93it/s]phase1_shape_color_acc:  45%|████▌     | 3615/8000 [19:53<25:03,  2.92it/s]phase1_shape_color_acc:  45%|████▌     | 3616/8000 [19:53<23:08,  3.16it/s]phase1_shape_color_acc:  45%|████▌     | 3617/8000 [19:53<22:59,  3.18it/s]phase1_shape_color_acc:  45%|████▌     | 3618/8000 [19:53<23:10,  3.15it/s]phase1_shape_color_acc:  45%|████▌     | 3619/8000 [19:54<23:52,  3.06it/s]phase1_shape_color_acc:  45%|████▌     | 3620/8000 [19:54<24:21,  3.00it/s]phase1_shape_color_acc:  45%|████▌     | 3621/8000 [19:54<24:36,  2.97it/s]phase1_shape_color_acc:  45%|████▌     | 3622/8000 [19:55<24:45,  2.95it/s]phase1_shape_color_acc:  45%|████▌     | 3623/8000 [19:55<24:53,  2.93it/s]phase1_shape_color_acc:  45%|████▌     | 3624/8000 [19:55<24:57,  2.92it/s]phase1_shape_color_acc:  45%|████▌     | 3625/8000 [19:56<23:08,  3.15it/s]phase1_shape_color_acc:  45%|████▌     | 3626/8000 [19:56<22:57,  3.18it/s]phase1_shape_color_acc:  45%|████▌     | 3627/8000 [19:56<22:37,  3.22it/s]phase1_shape_color_acc:  45%|████▌     | 3628/8000 [19:57<23:23,  3.12it/s]phase1_shape_color_acc:  45%|████▌     | 3629/8000 [19:57<24:02,  3.03it/s]phase1_shape_color_acc:  45%|████▌     | 3630/8000 [19:57<24:21,  2.99it/s]phase1_shape_color_acc:  45%|████▌     | 3631/8000 [19:58<24:35,  2.96it/s]phase1_shape_color_acc:  45%|████▌     | 3632/8000 [19:58<24:45,  2.94it/s]phase1_shape_color_acc:  45%|████▌     | 3633/8000 [19:58<24:53,  2.92it/s]phase1_shape_color_acc:  45%|████▌     | 3634/8000 [19:59<24:23,  2.98it/s]phase1_shape_color_acc:  45%|████▌     | 3635/8000 [19:59<21:26,  3.39it/s]phase1_shape_color_acc:  45%|████▌     | 3636/8000 [19:59<21:43,  3.35it/s]phase1_shape_color_acc:  45%|████▌     | 3637/8000 [20:00<22:15,  3.27it/s]phase1_shape_color_acc:  45%|████▌     | 3638/8000 [20:00<23:10,  3.14it/s]phase1_shape_color_acc:  45%|████▌     | 3639/8000 [20:00<23:50,  3.05it/s]phase1_shape_color_acc:  46%|████▌     | 3640/8000 [20:01<24:12,  3.00it/s]phase1_shape_color_acc:  46%|████▌     | 3641/8000 [20:01<24:29,  2.97it/s]phase1_shape_color_acc:  46%|████▌     | 3642/8000 [20:01<24:39,  2.95it/s]phase1_shape_color_acc:  46%|████▌     | 3643/8000 [20:02<24:46,  2.93it/s]phase1_shape_color_acc:  46%|████▌     | 3644/8000 [20:02<23:33,  3.08it/s]phase1_shape_color_acc:  46%|████▌     | 3645/8000 [20:02<23:18,  3.11it/s]phase1_shape_color_acc:  46%|████▌     | 3646/8000 [20:03<23:02,  3.15it/s]phase1_shape_color_acc:  46%|████▌     | 3647/8000 [20:03<23:43,  3.06it/s]phase1_shape_color_acc:  46%|████▌     | 3648/8000 [20:03<24:14,  2.99it/s]phase1_shape_color_acc:  46%|████▌     | 3649/8000 [20:04<24:31,  2.96it/s]phase1_shape_color_acc:  46%|████▌     | 3650/8000 [20:04<24:44,  2.93it/s]phase1_shape_color_acc:  46%|████▌     | 3651/8000 [20:04<24:49,  2.92it/s]phase1_shape_color_acc:  46%|████▌     | 3652/8000 [20:05<24:53,  2.91it/s]phase1_shape_color_acc:  46%|████▌     | 3653/8000 [20:05<23:20,  3.10it/s]phase1_shape_color_acc:  46%|████▌     | 3654/8000 [20:05<23:03,  3.14it/s]phase1_shape_color_acc:  46%|████▌     | 3655/8000 [20:06<22:39,  3.20it/s]phase1_shape_color_acc:  46%|████▌     | 3656/8000 [20:06<23:23,  3.09it/s]phase1_shape_color_acc:  46%|████▌     | 3657/8000 [20:06<23:59,  3.02it/s]phase1_shape_color_acc:  46%|████▌     | 3658/8000 [20:07<24:15,  2.98it/s]phase1_shape_color_acc:  46%|████▌     | 3659/8000 [20:07<24:29,  2.95it/s]phase1_shape_color_acc:  46%|████▌     | 3660/8000 [20:07<24:37,  2.94it/s]phase1_shape_color_acc:  46%|████▌     | 3661/8000 [20:08<24:45,  2.92it/s]phase1_shape_color_acc:  46%|████▌     | 3662/8000 [20:08<23:24,  3.09it/s]phase1_shape_color_acc:  46%|████▌     | 3663/8000 [20:08<23:06,  3.13it/s]phase1_shape_color_acc:  46%|████▌     | 3664/8000 [20:09<22:41,  3.18it/s]phase1_shape_color_acc:  46%|████▌     | 3665/8000 [20:09<23:25,  3.09it/s]phase1_shape_color_acc:  46%|████▌     | 3666/8000 [20:09<23:57,  3.02it/s]phase1_shape_color_acc:  46%|████▌     | 3667/8000 [20:10<24:13,  2.98it/s]phase1_shape_color_acc:  46%|████▌     | 3668/8000 [20:10<24:26,  2.95it/s]phase1_shape_color_acc:  46%|████▌     | 3669/8000 [20:10<24:35,  2.93it/s]phase1_shape_color_acc:  46%|████▌     | 3670/8000 [20:11<24:43,  2.92it/s]phase1_shape_color_acc:  46%|████▌     | 3671/8000 [20:11<23:03,  3.13it/s]phase1_shape_color_acc:  46%|████▌     | 3672/8000 [20:11<21:49,  3.31it/s]phase1_shape_color_acc:  46%|████▌     | 3673/8000 [20:11<21:47,  3.31it/s]phase1_shape_color_acc:  46%|████▌     | 3674/8000 [20:12<22:16,  3.24it/s]phase1_shape_color_acc:  46%|████▌     | 3675/8000 [20:12<23:09,  3.11it/s]phase1_shape_color_acc:  46%|████▌     | 3676/8000 [20:12<23:39,  3.05it/s]phase1_shape_color_acc:  46%|████▌     | 3677/8000 [20:13<24:03,  2.99it/s]phase1_shape_color_acc:  46%|████▌     | 3678/8000 [20:13<24:18,  2.96it/s]phase1_shape_color_acc:  46%|████▌     | 3679/8000 [20:13<24:28,  2.94it/s]phase1_shape_color_acc:  46%|████▌     | 3680/8000 [20:14<24:35,  2.93it/s]phase1_shape_color_acc:  46%|████▌     | 3681/8000 [20:14<22:46,  3.16it/s]phase1_shape_color_acc:  46%|████▌     | 3682/8000 [20:14<22:35,  3.19it/s]phase1_shape_color_acc:  46%|████▌     | 3683/8000 [20:15<22:51,  3.15it/s]phase1_shape_color_acc:  46%|████▌     | 3684/8000 [20:15<23:31,  3.06it/s]phase1_shape_color_acc:  46%|████▌     | 3685/8000 [20:15<23:57,  3.00it/s]phase1_shape_color_acc:  46%|████▌     | 3686/8000 [20:16<24:15,  2.96it/s]phase1_shape_color_acc:  46%|████▌     | 3687/8000 [20:16<24:24,  2.94it/s]phase1_shape_color_acc:  46%|████▌     | 3688/8000 [20:16<24:33,  2.93it/s]phase1_shape_color_acc:  46%|████▌     | 3689/8000 [20:17<24:40,  2.91it/s]phase1_shape_color_acc:  46%|████▌     | 3690/8000 [20:17<22:43,  3.16it/s]phase1_shape_color_acc:  46%|████▌     | 3691/8000 [20:17<22:34,  3.18it/s]phase1_shape_color_acc:  46%|████▌     | 3692/8000 [20:18<22:40,  3.17it/s]phase1_shape_color_acc:  46%|████▌     | 3693/8000 [20:18<23:21,  3.07it/s]phase1_shape_color_acc:  46%|████▌     | 3694/8000 [20:18<23:49,  3.01it/s]phase1_shape_color_acc:  46%|████▌     | 3695/8000 [20:19<24:06,  2.98it/s]phase1_shape_color_acc:  46%|████▌     | 3696/8000 [20:19<24:18,  2.95it/s]phase1_shape_color_acc:  46%|████▌     | 3697/8000 [20:19<24:27,  2.93it/s]phase1_shape_color_acc:  46%|████▌     | 3698/8000 [20:20<24:33,  2.92it/s]phase1_shape_color_acc:  46%|████▌     | 3699/8000 [20:20<22:54,  3.13it/s]phase1_shape_color_acc:  46%|████▋     | 3700/8000 [20:20<22:41,  3.16it/s]phase1_shape_color_acc:  46%|████▋     | 3701/8000 [20:21<22:49,  3.14it/s]phase1_shape_color_acc:  46%|████▋     | 3702/8000 [20:21<23:23,  3.06it/s]phase1_shape_color_acc:  46%|████▋     | 3703/8000 [20:21<23:52,  3.00it/s]phase1_shape_color_acc:  46%|████▋     | 3704/8000 [20:22<24:07,  2.97it/s]phase1_shape_color_acc:  46%|████▋     | 3705/8000 [20:22<24:18,  2.94it/s]phase1_shape_color_acc:  46%|████▋     | 3706/8000 [20:22<24:27,  2.93it/s]phase1_shape_color_acc:  46%|████▋     | 3707/8000 [20:23<24:30,  2.92it/s]phase1_shape_color_acc:  46%|████▋     | 3708/8000 [20:23<22:05,  3.24it/s]phase1_shape_color_acc:  46%|████▋     | 3709/8000 [20:23<22:13,  3.22it/s]phase1_shape_color_acc:  46%|████▋     | 3710/8000 [20:24<22:16,  3.21it/s]phase1_shape_color_acc:  46%|████▋     | 3711/8000 [20:24<23:01,  3.11it/s]phase1_shape_color_acc:  46%|████▋     | 3712/8000 [20:24<23:36,  3.03it/s]phase1_shape_color_acc:  46%|████▋     | 3713/8000 [20:25<23:56,  2.98it/s]phase1_shape_color_acc:  46%|████▋     | 3714/8000 [20:25<24:10,  2.95it/s]phase1_shape_color_acc:  46%|████▋     | 3715/8000 [20:25<24:18,  2.94it/s]phase1_shape_color_acc:  46%|████▋     | 3716/8000 [20:26<24:24,  2.93it/s]phase1_shape_color_acc:  46%|████▋     | 3717/8000 [20:26<23:01,  3.10it/s]phase1_shape_color_acc:  46%|████▋     | 3718/8000 [20:26<22:44,  3.14it/s]phase1_shape_color_acc:  46%|████▋     | 3719/8000 [20:27<22:21,  3.19it/s]phase1_shape_color_acc:  46%|████▋     | 3720/8000 [20:27<23:01,  3.10it/s]phase1_shape_color_acc:  47%|████▋     | 3721/8000 [20:27<23:37,  3.02it/s]phase1_shape_color_acc:  47%|████▋     | 3722/8000 [20:28<23:53,  2.98it/s]phase1_shape_color_acc:  47%|████▋     | 3723/8000 [20:28<24:05,  2.96it/s]phase1_shape_color_acc:  47%|████▋     | 3724/8000 [20:28<24:15,  2.94it/s]phase1_shape_color_acc:  47%|████▋     | 3725/8000 [20:29<24:22,  2.92it/s]phase1_shape_color_acc:  47%|████▋     | 3726/8000 [20:29<23:06,  3.08it/s]phase1_shape_color_acc:  47%|████▋     | 3727/8000 [20:29<22:52,  3.11it/s]phase1_shape_color_acc:  47%|████▋     | 3728/8000 [20:30<22:22,  3.18it/s]phase1_shape_color_acc:  47%|████▋     | 3729/8000 [20:30<23:05,  3.08it/s]phase1_shape_color_acc:  47%|████▋     | 3730/8000 [20:30<23:39,  3.01it/s]phase1_shape_color_acc:  47%|████▋     | 3731/8000 [20:31<23:55,  2.97it/s]phase1_shape_color_acc:  47%|████▋     | 3732/8000 [20:31<24:06,  2.95it/s]phase1_shape_color_acc:  47%|████▋     | 3733/8000 [20:31<24:14,  2.93it/s]phase1_shape_color_acc:  47%|████▋     | 3734/8000 [20:32<24:18,  2.93it/s]phase1_shape_color_acc:  47%|████▋     | 3735/8000 [20:32<23:31,  3.02it/s]phase1_shape_color_acc:  47%|████▋     | 3736/8000 [20:32<23:10,  3.07it/s]phase1_shape_color_acc:  47%|████▋     | 3737/8000 [20:33<22:53,  3.10it/s]phase1_shape_color_acc:  47%|████▋     | 3738/8000 [20:33<23:26,  3.03it/s]phase1_shape_color_acc:  47%|████▋     | 3739/8000 [20:33<23:52,  2.98it/s]phase1_shape_color_acc:  47%|████▋     | 3740/8000 [20:34<24:04,  2.95it/s]phase1_shape_color_acc:  47%|████▋     | 3741/8000 [20:34<24:14,  2.93it/s]phase1_shape_color_acc:  47%|████▋     | 3742/8000 [20:34<24:20,  2.92it/s]phase1_shape_color_acc:  47%|████▋     | 3743/8000 [20:35<24:23,  2.91it/s]phase1_shape_color_acc:  47%|████▋     | 3744/8000 [20:35<23:45,  2.99it/s]phase1_shape_color_acc:  47%|████▋     | 3745/8000 [20:35<21:08,  3.35it/s]phase1_shape_color_acc:  47%|████▋     | 3746/8000 [20:35<21:20,  3.32it/s]phase1_shape_color_acc:  47%|████▋     | 3747/8000 [20:36<21:46,  3.26it/s]phase1_shape_color_acc:  47%|████▋     | 3748/8000 [20:36<22:39,  3.13it/s]phase1_shape_color_acc:  47%|████▋     | 3749/8000 [20:36<23:08,  3.06it/s]phase1_shape_color_acc:  47%|████▋     | 3750/8000 [20:37<23:31,  3.01it/s]phase1_shape_color_acc:  47%|████▋     | 3751/8000 [20:37<23:48,  2.98it/s]phase1_shape_color_acc:  47%|████▋     | 3752/8000 [20:38<23:59,  2.95it/s]phase1_shape_color_acc:  47%|████▋     | 3753/8000 [20:38<24:10,  2.93it/s]phase1_shape_color_acc:  47%|████▋     | 3754/8000 [20:38<23:16,  3.04it/s]phase1_shape_color_acc:  47%|████▋     | 3755/8000 [20:38<22:53,  3.09it/s]phase1_shape_color_acc:  47%|████▋     | 3756/8000 [20:39<22:23,  3.16it/s]phase1_shape_color_acc:  47%|████▋     | 3757/8000 [20:39<23:07,  3.06it/s]phase1_shape_color_acc:  47%|████▋     | 3758/8000 [20:39<23:27,  3.01it/s]phase1_shape_color_acc:  47%|████▋     | 3759/8000 [20:40<23:44,  2.98it/s]phase1_shape_color_acc:  47%|████▋     | 3760/8000 [20:40<23:56,  2.95it/s]phase1_shape_color_acc:  47%|████▋     | 3761/8000 [20:41<24:09,  2.92it/s]phase1_shape_color_acc:  47%|████▋     | 3762/8000 [20:41<24:14,  2.91it/s]phase1_shape_color_acc:  47%|████▋     | 3763/8000 [20:41<23:40,  2.98it/s]phase1_shape_color_acc:  47%|████▋     | 3764/8000 [20:41<22:16,  3.17it/s]phase1_shape_color_acc:  47%|████▋     | 3765/8000 [20:42<22:11,  3.18it/s]phase1_shape_color_acc:  47%|████▋     | 3766/8000 [20:42<22:32,  3.13it/s]phase1_shape_color_acc:  47%|████▋     | 3767/8000 [20:42<23:09,  3.05it/s]phase1_shape_color_acc:  47%|████▋     | 3768/8000 [20:43<23:25,  3.01it/s]phase1_shape_color_acc:  47%|████▋     | 3769/8000 [20:43<23:44,  2.97it/s]phase1_shape_color_acc:  47%|████▋     | 3770/8000 [20:43<23:53,  2.95it/s]phase1_shape_color_acc:  47%|████▋     | 3771/8000 [20:44<24:01,  2.93it/s]phase1_shape_color_acc:  47%|████▋     | 3772/8000 [20:44<24:08,  2.92it/s]phase1_shape_color_acc:  47%|████▋     | 3773/8000 [20:44<22:31,  3.13it/s]phase1_shape_color_acc:  47%|████▋     | 3774/8000 [20:45<22:19,  3.16it/s]phase1_shape_color_acc:  47%|████▋     | 3775/8000 [20:45<22:32,  3.12it/s]phase1_shape_color_acc:  47%|████▋     | 3776/8000 [20:45<23:08,  3.04it/s]phase1_shape_color_acc:  47%|████▋     | 3777/8000 [20:46<23:26,  3.00it/s]phase1_shape_color_acc:  47%|████▋     | 3778/8000 [20:46<23:44,  2.96it/s]phase1_shape_color_acc:  47%|████▋     | 3779/8000 [20:46<23:54,  2.94it/s]phase1_shape_color_acc:  47%|████▋     | 3780/8000 [20:47<24:01,  2.93it/s]phase1_shape_color_acc:  47%|████▋     | 3781/8000 [20:47<24:11,  2.91it/s]phase1_shape_color_acc:  47%|████▋     | 3782/8000 [20:47<22:18,  3.15it/s]phase1_shape_color_acc:  47%|████▋     | 3783/8000 [20:48<22:21,  3.14it/s]phase1_shape_color_acc:  47%|████▋     | 3784/8000 [20:48<22:12,  3.16it/s]phase1_shape_color_acc:  47%|████▋     | 3785/8000 [20:48<22:50,  3.08it/s]phase1_shape_color_acc:  47%|████▋     | 3786/8000 [20:49<23:22,  3.00it/s]phase1_shape_color_acc:  47%|████▋     | 3787/8000 [20:49<23:38,  2.97it/s]phase1_shape_color_acc:  47%|████▋     | 3788/8000 [20:49<23:49,  2.95it/s]phase1_shape_color_acc:  47%|████▋     | 3789/8000 [20:50<23:57,  2.93it/s]phase1_shape_color_acc:  47%|████▋     | 3790/8000 [20:50<24:00,  2.92it/s]phase1_shape_color_acc:  47%|████▋     | 3791/8000 [20:50<22:42,  3.09it/s]phase1_shape_color_acc:  47%|████▋     | 3792/8000 [20:51<22:30,  3.11it/s]phase1_shape_color_acc:  47%|████▋     | 3793/8000 [20:51<22:10,  3.16it/s]phase1_shape_color_acc:  47%|████▋     | 3794/8000 [20:51<22:55,  3.06it/s]phase1_shape_color_acc:  47%|████▋     | 3795/8000 [20:52<23:23,  3.00it/s]phase1_shape_color_acc:  47%|████▋     | 3796/8000 [20:52<23:37,  2.97it/s]phase1_shape_color_acc:  47%|████▋     | 3797/8000 [20:52<23:50,  2.94it/s]phase1_shape_color_acc:  47%|████▋     | 3798/8000 [20:53<23:57,  2.92it/s]phase1_shape_color_acc:  47%|████▋     | 3799/8000 [20:53<24:01,  2.91it/s]phase1_shape_color_acc:  48%|████▊     | 3800/8000 [20:53<22:30,  3.11it/s]phase1_shape_color_acc:  48%|████▊     | 3801/8000 [20:54<22:17,  3.14it/s]phase1_shape_color_acc:  48%|████▊     | 3802/8000 [20:54<21:53,  3.20it/s]phase1_shape_color_acc:  48%|████▊     | 3803/8000 [20:54<22:35,  3.10it/s]phase1_shape_color_acc:  48%|████▊     | 3804/8000 [20:55<23:09,  3.02it/s]phase1_shape_color_acc:  48%|████▊     | 3805/8000 [20:55<23:28,  2.98it/s]phase1_shape_color_acc:  48%|████▊     | 3806/8000 [20:55<23:42,  2.95it/s]phase1_shape_color_acc:  48%|████▊     | 3807/8000 [20:56<23:50,  2.93it/s]phase1_shape_color_acc:  48%|████▊     | 3808/8000 [20:56<23:56,  2.92it/s]phase1_shape_color_acc:  48%|████▊     | 3809/8000 [20:56<23:24,  2.98it/s]phase1_shape_color_acc:  48%|████▊     | 3810/8000 [20:57<23:05,  3.02it/s]phase1_shape_color_acc:  48%|████▊     | 3811/8000 [20:57<22:41,  3.08it/s]phase1_shape_color_acc:  48%|████▊     | 3812/8000 [20:57<23:10,  3.01it/s]phase1_shape_color_acc:  48%|████▊     | 3813/8000 [20:58<23:33,  2.96it/s]phase1_shape_color_acc:  48%|████▊     | 3814/8000 [20:58<23:41,  2.94it/s]phase1_shape_color_acc:  48%|████▊     | 3815/8000 [20:58<23:48,  2.93it/s]phase1_shape_color_acc:  48%|████▊     | 3816/8000 [20:59<23:53,  2.92it/s]phase1_shape_color_acc:  48%|████▊     | 3817/8000 [20:59<23:58,  2.91it/s]phase1_shape_color_acc:  48%|████▊     | 3818/8000 [20:59<23:27,  2.97it/s]phase1_shape_color_acc:  48%|████▊     | 3819/8000 [21:00<21:01,  3.31it/s]phase1_shape_color_acc:  48%|████▊     | 3820/8000 [21:00<20:58,  3.32it/s]phase1_shape_color_acc:  48%|████▊     | 3821/8000 [21:00<21:24,  3.25it/s]phase1_shape_color_acc:  48%|████▊     | 3822/8000 [21:01<22:12,  3.14it/s]phase1_shape_color_acc:  48%|████▊     | 3823/8000 [21:01<22:48,  3.05it/s]phase1_shape_color_acc:  48%|████▊     | 3824/8000 [21:01<23:10,  3.00it/s]phase1_shape_color_acc:  48%|████▊     | 3825/8000 [21:02<23:27,  2.97it/s]phase1_shape_color_acc:  48%|████▊     | 3826/8000 [21:02<23:38,  2.94it/s]phase1_shape_color_acc:  48%|████▊     | 3827/8000 [21:02<23:44,  2.93it/s]phase1_shape_color_acc:  48%|████▊     | 3828/8000 [21:03<22:26,  3.10it/s]phase1_shape_color_acc:  48%|████▊     | 3829/8000 [21:03<22:14,  3.13it/s]phase1_shape_color_acc:  48%|████▊     | 3830/8000 [21:03<22:00,  3.16it/s]phase1_shape_color_acc:  48%|████▊     | 3831/8000 [21:04<22:37,  3.07it/s]phase1_shape_color_acc:  48%|████▊     | 3832/8000 [21:04<23:07,  3.00it/s]phase1_shape_color_acc:  48%|████▊     | 3833/8000 [21:04<23:24,  2.97it/s]phase1_shape_color_acc:  48%|████▊     | 3834/8000 [21:05<23:35,  2.94it/s]phase1_shape_color_acc:  48%|████▊     | 3835/8000 [21:05<23:41,  2.93it/s]phase1_shape_color_acc:  48%|████▊     | 3836/8000 [21:05<23:46,  2.92it/s]phase1_shape_color_acc:  48%|████▊     | 3837/8000 [21:06<23:11,  2.99it/s]phase1_shape_color_acc:  48%|████▊     | 3838/8000 [21:06<22:39,  3.06it/s]phase1_shape_color_acc:  48%|████▊     | 3839/8000 [21:06<22:19,  3.11it/s]phase1_shape_color_acc:  48%|████▊     | 3840/8000 [21:07<22:38,  3.06it/s]phase1_shape_color_acc:  48%|████▊     | 3841/8000 [21:07<23:11,  2.99it/s]phase1_shape_color_acc:  48%|████▊     | 3842/8000 [21:07<23:32,  2.94it/s]phase1_shape_color_acc:  48%|████▊     | 3843/8000 [21:08<23:38,  2.93it/s]phase1_shape_color_acc:  48%|████▊     | 3844/8000 [21:08<23:43,  2.92it/s]phase1_shape_color_acc:  48%|████▊     | 3845/8000 [21:08<23:50,  2.90it/s]phase1_shape_color_acc:  48%|████▊     | 3846/8000 [21:09<22:30,  3.08it/s]phase1_shape_color_acc:  48%|████▊     | 3847/8000 [21:09<22:12,  3.12it/s]phase1_shape_color_acc:  48%|████▊     | 3848/8000 [21:09<21:58,  3.15it/s]phase1_shape_color_acc:  48%|████▊     | 3849/8000 [21:10<22:33,  3.07it/s]phase1_shape_color_acc:  48%|████▊     | 3850/8000 [21:10<23:04,  3.00it/s]phase1_shape_color_acc:  48%|████▊     | 3851/8000 [21:10<23:18,  2.97it/s]phase1_shape_color_acc:  48%|████▊     | 3852/8000 [21:11<23:29,  2.94it/s]phase1_shape_color_acc:  48%|████▊     | 3853/8000 [21:11<23:36,  2.93it/s]phase1_shape_color_acc:  48%|████▊     | 3854/8000 [21:11<23:40,  2.92it/s]phase1_shape_color_acc:  48%|████▊     | 3855/8000 [21:12<23:09,  2.98it/s]phase1_shape_color_acc:  48%|████▊     | 3856/8000 [21:12<20:43,  3.33it/s]phase1_shape_color_acc:  48%|████▊     | 3857/8000 [21:12<20:55,  3.30it/s]phase1_shape_color_acc:  48%|████▊     | 3858/8000 [21:12<21:20,  3.24it/s]phase1_shape_color_acc:  48%|████▊     | 3859/8000 [21:13<22:09,  3.11it/s]phase1_shape_color_acc:  48%|████▊     | 3860/8000 [21:13<22:41,  3.04it/s]phase1_shape_color_acc:  48%|████▊     | 3861/8000 [21:14<23:02,  2.99it/s]phase1_shape_color_acc:  48%|████▊     | 3862/8000 [21:14<23:14,  2.97it/s]phase1_shape_color_acc:  48%|████▊     | 3863/8000 [21:14<23:25,  2.94it/s]phase1_shape_color_acc:  48%|████▊     | 3864/8000 [21:15<23:31,  2.93it/s]phase1_shape_color_acc:  48%|████▊     | 3865/8000 [21:15<21:57,  3.14it/s]phase1_shape_color_acc:  48%|████▊     | 3866/8000 [21:15<21:45,  3.17it/s]phase1_shape_color_acc:  48%|████▊     | 3867/8000 [21:15<21:55,  3.14it/s]phase1_shape_color_acc:  48%|████▊     | 3868/8000 [21:16<22:33,  3.05it/s]phase1_shape_color_acc:  48%|████▊     | 3869/8000 [21:16<23:01,  2.99it/s]phase1_shape_color_acc:  48%|████▊     | 3870/8000 [21:17<23:15,  2.96it/s]phase1_shape_color_acc:  48%|████▊     | 3871/8000 [21:17<23:26,  2.94it/s]phase1_shape_color_acc:  48%|████▊     | 3872/8000 [21:17<23:32,  2.92it/s]phase1_shape_color_acc:  48%|████▊     | 3873/8000 [21:18<23:37,  2.91it/s]phase1_shape_color_acc:  48%|████▊     | 3874/8000 [21:18<22:03,  3.12it/s]phase1_shape_color_acc:  48%|████▊     | 3875/8000 [21:18<21:46,  3.16it/s]phase1_shape_color_acc:  48%|████▊     | 3876/8000 [21:18<21:24,  3.21it/s]phase1_shape_color_acc:  48%|████▊     | 3877/8000 [21:19<22:09,  3.10it/s]phase1_shape_color_acc:  48%|████▊     | 3878/8000 [21:19<22:43,  3.02it/s]phase1_shape_color_acc:  48%|████▊     | 3879/8000 [21:19<23:01,  2.98it/s]phase1_shape_color_acc:  48%|████▊     | 3880/8000 [21:20<23:14,  2.95it/s]phase1_shape_color_acc:  49%|████▊     | 3881/8000 [21:20<23:23,  2.93it/s]phase1_shape_color_acc:  49%|████▊     | 3882/8000 [21:20<23:27,  2.93it/s]phase1_shape_color_acc:  49%|████▊     | 3883/8000 [21:21<22:11,  3.09it/s]phase1_shape_color_acc:  49%|████▊     | 3884/8000 [21:21<21:55,  3.13it/s]phase1_shape_color_acc:  49%|████▊     | 3885/8000 [21:21<21:34,  3.18it/s]phase1_shape_color_acc:  49%|████▊     | 3886/8000 [21:22<22:14,  3.08it/s]phase1_shape_color_acc:  49%|████▊     | 3887/8000 [21:22<22:45,  3.01it/s]phase1_shape_color_acc:  49%|████▊     | 3888/8000 [21:22<23:01,  2.98it/s]phase1_shape_color_acc:  49%|████▊     | 3889/8000 [21:23<23:14,  2.95it/s]phase1_shape_color_acc:  49%|████▊     | 3890/8000 [21:23<23:23,  2.93it/s]phase1_shape_color_acc:  49%|████▊     | 3891/8000 [21:23<23:27,  2.92it/s]phase1_shape_color_acc:  49%|████▊     | 3892/8000 [21:24<21:52,  3.13it/s]phase1_shape_color_acc:  49%|████▊     | 3893/8000 [21:24<20:43,  3.30it/s]phase1_shape_color_acc:  49%|████▊     | 3894/8000 [21:24<20:50,  3.28it/s]phase1_shape_color_acc:  49%|████▊     | 3895/8000 [21:25<21:17,  3.21it/s]phase1_shape_color_acc:  49%|████▊     | 3896/8000 [21:25<22:03,  3.10it/s]phase1_shape_color_acc:  49%|████▊     | 3897/8000 [21:25<22:36,  3.02it/s]phase1_shape_color_acc:  49%|████▊     | 3898/8000 [21:26<22:53,  2.99it/s]phase1_shape_color_acc:  49%|████▊     | 3899/8000 [21:26<23:06,  2.96it/s]phase1_shape_color_acc:  49%|████▉     | 3900/8000 [21:26<23:13,  2.94it/s]phase1_shape_color_acc:  49%|████▉     | 3901/8000 [21:27<23:21,  2.92it/s]phase1_shape_color_acc:  49%|████▉     | 3902/8000 [21:27<21:34,  3.17it/s]phase1_shape_color_acc:  49%|████▉     | 3903/8000 [21:27<21:26,  3.18it/s]phase1_shape_color_acc:  49%|████▉     | 3904/8000 [21:28<21:35,  3.16it/s]phase1_shape_color_acc:  49%|████▉     | 3905/8000 [21:28<22:12,  3.07it/s]phase1_shape_color_acc:  49%|████▉     | 3906/8000 [21:28<22:42,  3.00it/s]phase1_shape_color_acc:  49%|████▉     | 3907/8000 [21:29<22:57,  2.97it/s]phase1_shape_color_acc:  49%|████▉     | 3908/8000 [21:29<23:07,  2.95it/s]phase1_shape_color_acc:  49%|████▉     | 3909/8000 [21:29<23:16,  2.93it/s]phase1_shape_color_acc:  49%|████▉     | 3910/8000 [21:30<23:20,  2.92it/s]phase1_shape_color_acc:  49%|████▉     | 3911/8000 [21:30<21:38,  3.15it/s]phase1_shape_color_acc:  49%|████▉     | 3912/8000 [21:30<21:28,  3.17it/s]phase1_shape_color_acc:  49%|████▉     | 3913/8000 [21:31<21:39,  3.14it/s]phase1_shape_color_acc:  49%|████▉     | 3914/8000 [21:31<22:12,  3.07it/s]phase1_shape_color_acc:  49%|████▉     | 3915/8000 [21:31<22:37,  3.01it/s]phase1_shape_color_acc:  49%|████▉     | 3916/8000 [21:32<22:54,  2.97it/s]phase1_shape_color_acc:  49%|████▉     | 3917/8000 [21:32<23:05,  2.95it/s]phase1_shape_color_acc:  49%|████▉     | 3918/8000 [21:32<23:13,  2.93it/s]phase1_shape_color_acc:  49%|████▉     | 3919/8000 [21:33<23:18,  2.92it/s]phase1_shape_color_acc:  49%|████▉     | 3920/8000 [21:33<21:51,  3.11it/s]phase1_shape_color_acc:  49%|████▉     | 3921/8000 [21:33<21:40,  3.14it/s]phase1_shape_color_acc:  49%|████▉     | 3922/8000 [21:34<21:16,  3.20it/s]phase1_shape_color_acc:  49%|████▉     | 3923/8000 [21:34<21:56,  3.10it/s]phase1_shape_color_acc:  49%|████▉     | 3924/8000 [21:34<22:28,  3.02it/s]phase1_shape_color_acc:  49%|████▉     | 3925/8000 [21:35<22:47,  2.98it/s]phase1_shape_color_acc:  49%|████▉     | 3926/8000 [21:35<22:57,  2.96it/s]phase1_shape_color_acc:  49%|████▉     | 3927/8000 [21:35<23:05,  2.94it/s]phase1_shape_color_acc:  49%|████▉     | 3928/8000 [21:36<23:12,  2.92it/s]phase1_shape_color_acc:  49%|████▉     | 3929/8000 [21:36<21:47,  3.11it/s]phase1_shape_color_acc:  49%|████▉     | 3930/8000 [21:36<20:22,  3.33it/s]phase1_shape_color_acc:  49%|████▉     | 3931/8000 [21:36<20:14,  3.35it/s]phase1_shape_color_acc:  49%|████▉     | 3932/8000 [21:37<20:44,  3.27it/s]phase1_shape_color_acc:  49%|████▉     | 3933/8000 [21:37<21:38,  3.13it/s]phase1_shape_color_acc:  49%|████▉     | 3934/8000 [21:37<22:15,  3.04it/s]phase1_shape_color_acc:  49%|████▉     | 3935/8000 [21:38<22:35,  3.00it/s]phase1_shape_color_acc:  49%|████▉     | 3936/8000 [21:38<22:49,  2.97it/s]phase1_shape_color_acc:  49%|████▉     | 3937/8000 [21:38<23:00,  2.94it/s]phase1_shape_color_acc:  49%|████▉     | 3938/8000 [21:39<23:08,  2.93it/s]phase1_shape_color_acc:  49%|████▉     | 3939/8000 [21:39<21:14,  3.19it/s]phase1_shape_color_acc:  49%|████▉     | 3940/8000 [21:39<21:10,  3.20it/s]phase1_shape_color_acc:  49%|████▉     | 3941/8000 [21:40<21:26,  3.16it/s]phase1_shape_color_acc:  49%|████▉     | 3942/8000 [21:40<22:02,  3.07it/s]phase1_shape_color_acc:  49%|████▉     | 3943/8000 [21:40<22:26,  3.01it/s]phase1_shape_color_acc:  49%|████▉     | 3944/8000 [21:41<22:42,  2.98it/s]phase1_shape_color_acc:  49%|████▉     | 3945/8000 [21:41<22:55,  2.95it/s]phase1_shape_color_acc:  49%|████▉     | 3946/8000 [21:41<23:04,  2.93it/s]phase1_shape_color_acc:  49%|████▉     | 3947/8000 [21:42<23:08,  2.92it/s]phase1_shape_color_acc:  49%|████▉     | 3948/8000 [21:42<21:22,  3.16it/s]phase1_shape_color_acc:  49%|████▉     | 3949/8000 [21:42<21:18,  3.17it/s]phase1_shape_color_acc:  49%|████▉     | 3950/8000 [21:43<21:32,  3.13it/s]phase1_shape_color_acc:  49%|████▉     | 3951/8000 [21:43<22:07,  3.05it/s]phase1_shape_color_acc:  49%|████▉     | 3952/8000 [21:43<22:32,  2.99it/s]phase1_shape_color_acc:  49%|████▉     | 3953/8000 [21:44<22:48,  2.96it/s]phase1_shape_color_acc:  49%|████▉     | 3954/8000 [21:44<22:56,  2.94it/s]phase1_shape_color_acc:  49%|████▉     | 3955/8000 [21:44<23:02,  2.92it/s]phase1_shape_color_acc:  49%|████▉     | 3956/8000 [21:45<23:06,  2.92it/s]phase1_shape_color_acc:  49%|████▉     | 3957/8000 [21:45<21:34,  3.12it/s]phase1_shape_color_acc:  49%|████▉     | 3958/8000 [21:45<21:27,  3.14it/s]phase1_shape_color_acc:  49%|████▉     | 3959/8000 [21:46<21:31,  3.13it/s]phase1_shape_color_acc:  50%|████▉     | 3960/8000 [21:46<22:06,  3.05it/s]phase1_shape_color_acc:  50%|████▉     | 3961/8000 [21:46<22:32,  2.99it/s]phase1_shape_color_acc:  50%|████▉     | 3962/8000 [21:47<22:47,  2.95it/s]phase1_shape_color_acc:  50%|████▉     | 3963/8000 [21:47<22:57,  2.93it/s]phase1_shape_color_acc:  50%|████▉     | 3964/8000 [21:47<23:01,  2.92it/s]phase1_shape_color_acc:  50%|████▉     | 3965/8000 [21:48<23:08,  2.91it/s]phase1_shape_color_acc:  50%|████▉     | 3966/8000 [21:48<20:46,  3.24it/s]phase1_shape_color_acc:  50%|████▉     | 3967/8000 [21:48<20:42,  3.24it/s]phase1_shape_color_acc:  50%|████▉     | 3968/8000 [21:49<20:51,  3.22it/s]phase1_shape_color_acc:  50%|████▉     | 3969/8000 [21:49<21:35,  3.11it/s]phase1_shape_color_acc:  50%|████▉     | 3970/8000 [21:49<22:10,  3.03it/s]phase1_shape_color_acc:  50%|████▉     | 3971/8000 [21:50<22:28,  2.99it/s]phase1_shape_color_acc:  50%|████▉     | 3972/8000 [21:50<22:41,  2.96it/s]phase1_shape_color_acc:  50%|████▉     | 3973/8000 [21:50<22:51,  2.94it/s]phase1_shape_color_acc:  50%|████▉     | 3974/8000 [21:51<22:58,  2.92it/s]phase1_shape_color_acc:  50%|████▉     | 3975/8000 [21:51<22:17,  3.01it/s]phase1_shape_color_acc:  50%|████▉     | 3976/8000 [21:51<21:00,  3.19it/s]phase1_shape_color_acc:  50%|████▉     | 3977/8000 [21:52<20:56,  3.20it/s]phase1_shape_color_acc:  50%|████▉     | 3978/8000 [21:52<21:16,  3.15it/s]phase1_shape_color_acc:  50%|████▉     | 3979/8000 [21:52<21:54,  3.06it/s]phase1_shape_color_acc:  50%|████▉     | 3980/8000 [21:53<22:18,  3.00it/s]phase1_shape_color_acc:  50%|████▉     | 3981/8000 [21:53<22:34,  2.97it/s]phase1_shape_color_acc:  50%|████▉     | 3982/8000 [21:53<22:45,  2.94it/s]phase1_shape_color_acc:  50%|████▉     | 3983/8000 [21:54<22:51,  2.93it/s]phase1_shape_color_acc:  50%|████▉     | 3984/8000 [21:54<22:55,  2.92it/s]phase1_shape_color_acc:  50%|████▉     | 3985/8000 [21:54<21:09,  3.16it/s]phase1_shape_color_acc:  50%|████▉     | 3986/8000 [21:55<21:00,  3.19it/s]phase1_shape_color_acc:  50%|████▉     | 3987/8000 [21:55<21:10,  3.16it/s]phase1_shape_color_acc:  50%|████▉     | 3988/8000 [21:55<21:54,  3.05it/s]phase1_shape_color_acc:  50%|████▉     | 3989/8000 [21:56<22:23,  2.98it/s]phase1_shape_color_acc:  50%|████▉     | 3990/8000 [21:56<22:39,  2.95it/s]phase1_shape_color_acc:  50%|████▉     | 3991/8000 [21:56<22:49,  2.93it/s]phase1_shape_color_acc:  50%|████▉     | 3992/8000 [21:57<22:53,  2.92it/s]phase1_shape_color_acc:  50%|████▉     | 3993/8000 [21:57<22:57,  2.91it/s]phase1_shape_color_acc:  50%|████▉     | 3994/8000 [21:57<21:08,  3.16it/s]phase1_shape_color_acc:  50%|████▉     | 3995/8000 [21:58<21:00,  3.18it/s]phase1_shape_color_acc:  50%|████▉     | 3996/8000 [21:58<21:16,  3.14it/s]phase1_shape_color_acc:  50%|████▉     | 3997/8000 [21:58<21:51,  3.05it/s]phase1_shape_color_acc:  50%|████▉     | 3998/8000 [21:59<22:17,  2.99it/s]phase1_shape_color_acc:  50%|████▉     | 3999/8000 [21:59<22:31,  2.96it/s]phase1_shape_color_acc:  50%|█████     | 4000/8000 [21:59<22:39,  2.94it/s]phase1_shape_color_acc:  50%|█████     | 4001/8000 [22:00<22:53,  2.91it/s]phase1_shape_color_acc:  50%|█████     | 4002/8000 [22:00<22:56,  2.91it/s]phase1_shape_color_acc:  50%|█████     | 4003/8000 [22:00<19:59,  3.33it/s]phase1_shape_color_acc:  50%|█████     | 4004/8000 [22:00<19:48,  3.36it/s]phase1_shape_color_acc:  50%|█████     | 4005/8000 [22:01<20:06,  3.31it/s]phase1_shape_color_acc:  50%|█████     | 4006/8000 [22:01<20:51,  3.19it/s]phase1_shape_color_acc:  50%|█████     | 4007/8000 [22:01<21:35,  3.08it/s]phase1_shape_color_acc:  50%|█████     | 4008/8000 [22:02<22:00,  3.02it/s]phase1_shape_color_acc:  50%|█████     | 4009/8000 [22:02<22:18,  2.98it/s]phase1_shape_color_acc:  50%|█████     | 4010/8000 [22:02<22:32,  2.95it/s]phase1_shape_color_acc:  50%|█████     | 4011/8000 [22:03<22:38,  2.94it/s]phase1_shape_color_acc:  50%|█████     | 4012/8000 [22:03<21:39,  3.07it/s]phase1_shape_color_acc:  50%|█████     | 4013/8000 [22:03<21:23,  3.11it/s]phase1_shape_color_acc:  50%|█████     | 4014/8000 [22:04<21:07,  3.15it/s]phase1_shape_color_acc:  50%|█████     | 4015/8000 [22:04<21:39,  3.07it/s]phase1_shape_color_acc:  50%|█████     | 4016/8000 [22:04<22:07,  3.00it/s]phase1_shape_color_acc:  50%|█████     | 4017/8000 [22:05<22:23,  2.97it/s]phase1_shape_color_acc:  50%|█████     | 4018/8000 [22:05<22:33,  2.94it/s]phase1_shape_color_acc:  50%|█████     | 4019/8000 [22:05<22:38,  2.93it/s]phase1_shape_color_acc:  50%|█████     | 4020/8000 [22:06<22:43,  2.92it/s]phase1_shape_color_acc:  50%|█████     | 4021/8000 [22:06<21:30,  3.08it/s]phase1_shape_color_acc:  50%|█████     | 4022/8000 [22:06<21:12,  3.13it/s]phase1_shape_color_acc:  50%|█████     | 4023/8000 [22:07<20:48,  3.18it/s]phase1_shape_color_acc:  50%|█████     | 4024/8000 [22:07<21:30,  3.08it/s]phase1_shape_color_acc:  50%|█████     | 4025/8000 [22:07<22:01,  3.01it/s]phase1_shape_color_acc:  50%|█████     | 4026/8000 [22:08<22:17,  2.97it/s]phase1_shape_color_acc:  50%|█████     | 4027/8000 [22:08<22:27,  2.95it/s]phase1_shape_color_acc:  50%|█████     | 4028/8000 [22:08<22:34,  2.93it/s]phase1_shape_color_acc:  50%|█████     | 4029/8000 [22:09<22:40,  2.92it/s]phase1_shape_color_acc:  50%|█████     | 4030/8000 [22:09<22:00,  3.01it/s]phase1_shape_color_acc:  50%|█████     | 4031/8000 [22:09<21:43,  3.05it/s]phase1_shape_color_acc:  50%|█████     | 4032/8000 [22:10<21:22,  3.09it/s]phase1_shape_color_acc:  50%|█████     | 4033/8000 [22:10<21:49,  3.03it/s]phase1_shape_color_acc:  50%|█████     | 4034/8000 [22:10<22:13,  2.97it/s]phase1_shape_color_acc:  50%|█████     | 4035/8000 [22:11<22:24,  2.95it/s]phase1_shape_color_acc:  50%|█████     | 4036/8000 [22:11<22:31,  2.93it/s]phase1_shape_color_acc:  50%|█████     | 4037/8000 [22:11<22:37,  2.92it/s]phase1_shape_color_acc:  50%|█████     | 4038/8000 [22:12<22:41,  2.91it/s]phase1_shape_color_acc:  50%|█████     | 4039/8000 [22:12<22:43,  2.91it/s]phase1_shape_color_acc:  50%|█████     | 4040/8000 [22:12<20:11,  3.27it/s]phase1_shape_color_acc:  51%|█████     | 4041/8000 [22:13<20:07,  3.28it/s]phase1_shape_color_acc:  51%|█████     | 4042/8000 [22:13<20:10,  3.27it/s]phase1_shape_color_acc:  51%|█████     | 4043/8000 [22:13<20:57,  3.15it/s]phase1_shape_color_acc:  51%|█████     | 4044/8000 [22:14<21:35,  3.05it/s]phase1_shape_color_acc:  51%|█████     | 4045/8000 [22:14<21:57,  3.00it/s]phase1_shape_color_acc:  51%|█████     | 4046/8000 [22:14<22:13,  2.96it/s]phase1_shape_color_acc:  51%|█████     | 4047/8000 [22:15<22:22,  2.94it/s]phase1_shape_color_acc:  51%|█████     | 4048/8000 [22:15<22:29,  2.93it/s]phase1_shape_color_acc:  51%|█████     | 4049/8000 [22:15<21:57,  3.00it/s]phase1_shape_color_acc:  51%|█████     | 4050/8000 [22:16<21:41,  3.03it/s]phase1_shape_color_acc:  51%|█████     | 4051/8000 [22:16<21:18,  3.09it/s]phase1_shape_color_acc:  51%|█████     | 4052/8000 [22:16<21:46,  3.02it/s]phase1_shape_color_acc:  51%|█████     | 4053/8000 [22:17<22:12,  2.96it/s]phase1_shape_color_acc:  51%|█████     | 4054/8000 [22:17<22:22,  2.94it/s]phase1_shape_color_acc:  51%|█████     | 4055/8000 [22:17<22:28,  2.93it/s]phase1_shape_color_acc:  51%|█████     | 4056/8000 [22:18<22:31,  2.92it/s]phase1_shape_color_acc:  51%|█████     | 4057/8000 [22:18<22:36,  2.91it/s]phase1_shape_color_acc:  51%|█████     | 4058/8000 [22:18<21:49,  3.01it/s]phase1_shape_color_acc:  51%|█████     | 4059/8000 [22:19<21:30,  3.05it/s]phase1_shape_color_acc:  51%|█████     | 4060/8000 [22:19<21:09,  3.10it/s]phase1_shape_color_acc:  51%|█████     | 4061/8000 [22:19<21:38,  3.03it/s]phase1_shape_color_acc:  51%|█████     | 4062/8000 [22:20<22:03,  2.98it/s]phase1_shape_color_acc:  51%|█████     | 4063/8000 [22:20<22:13,  2.95it/s]phase1_shape_color_acc:  51%|█████     | 4064/8000 [22:20<22:21,  2.93it/s]phase1_shape_color_acc:  51%|█████     | 4065/8000 [22:21<22:27,  2.92it/s]phase1_shape_color_acc:  51%|█████     | 4066/8000 [22:21<22:32,  2.91it/s]phase1_shape_color_acc:  51%|█████     | 4067/8000 [22:21<21:53,  2.99it/s]phase1_shape_color_acc:  51%|█████     | 4068/8000 [22:22<21:36,  3.03it/s]phase1_shape_color_acc:  51%|█████     | 4069/8000 [22:22<21:15,  3.08it/s]phase1_shape_color_acc:  51%|█████     | 4070/8000 [22:22<21:41,  3.02it/s]phase1_shape_color_acc:  51%|█████     | 4071/8000 [22:23<22:01,  2.97it/s]phase1_shape_color_acc:  51%|█████     | 4072/8000 [22:23<22:12,  2.95it/s]phase1_shape_color_acc:  51%|█████     | 4073/8000 [22:23<22:20,  2.93it/s]phase1_shape_color_acc:  51%|█████     | 4074/8000 [22:24<22:25,  2.92it/s]phase1_shape_color_acc:  51%|█████     | 4075/8000 [22:24<22:28,  2.91it/s]phase1_shape_color_acc:  51%|█████     | 4076/8000 [22:24<21:00,  3.11it/s]phase1_shape_color_acc:  51%|█████     | 4077/8000 [22:25<19:46,  3.31it/s]phase1_shape_color_acc:  51%|█████     | 4078/8000 [22:25<19:44,  3.31it/s]phase1_shape_color_acc:  51%|█████     | 4079/8000 [22:25<20:09,  3.24it/s]phase1_shape_color_acc:  51%|█████     | 4080/8000 [22:26<20:53,  3.13it/s]phase1_shape_color_acc:  51%|█████     | 4081/8000 [22:26<21:27,  3.04it/s]phase1_shape_color_acc:  51%|█████     | 4082/8000 [22:26<21:49,  2.99it/s]phase1_shape_color_acc:  51%|█████     | 4083/8000 [22:27<22:01,  2.96it/s]phase1_shape_color_acc:  51%|█████     | 4084/8000 [22:27<22:10,  2.94it/s]phase1_shape_color_acc:  51%|█████     | 4085/8000 [22:27<22:18,  2.92it/s]phase1_shape_color_acc:  51%|█████     | 4086/8000 [22:28<20:38,  3.16it/s]phase1_shape_color_acc:  51%|█████     | 4087/8000 [22:28<20:31,  3.18it/s]phase1_shape_color_acc:  51%|█████     | 4088/8000 [22:28<20:37,  3.16it/s]phase1_shape_color_acc:  51%|█████     | 4089/8000 [22:29<21:17,  3.06it/s]phase1_shape_color_acc:  51%|█████     | 4090/8000 [22:29<21:44,  3.00it/s]phase1_shape_color_acc:  51%|█████     | 4091/8000 [22:29<21:57,  2.97it/s]phase1_shape_color_acc:  51%|█████     | 4092/8000 [22:30<22:07,  2.94it/s]phase1_shape_color_acc:  51%|█████     | 4093/8000 [22:30<22:15,  2.92it/s]phase1_shape_color_acc:  51%|█████     | 4094/8000 [22:30<22:20,  2.91it/s]phase1_shape_color_acc:  51%|█████     | 4095/8000 [22:31<20:42,  3.14it/s]phase1_shape_color_acc:  51%|█████     | 4096/8000 [22:31<20:34,  3.16it/s]phase1_shape_color_acc:  51%|█████     | 4097/8000 [22:31<20:38,  3.15it/s]phase1_shape_color_acc:  51%|█████     | 4098/8000 [22:32<21:16,  3.06it/s]phase1_shape_color_acc:  51%|█████     | 4099/8000 [22:32<21:44,  2.99it/s]phase1_shape_color_acc:  51%|█████▏    | 4100/8000 [22:32<21:59,  2.96it/s]phase1_shape_color_acc:  51%|█████▏    | 4101/8000 [22:33<22:11,  2.93it/s]phase1_shape_color_acc:  51%|█████▏    | 4102/8000 [22:33<22:17,  2.91it/s]phase1_shape_color_acc:  51%|█████▏    | 4103/8000 [22:33<22:19,  2.91it/s]phase1_shape_color_acc:  51%|█████▏    | 4104/8000 [22:34<21:02,  3.09it/s]phase1_shape_color_acc:  51%|█████▏    | 4105/8000 [22:34<17:48,  3.65it/s]phase1_shape_color_acc:  51%|█████▏    | 4106/8000 [22:34<15:41,  4.14it/s]phase1_shape_color_acc:  51%|█████▏    | 4107/8000 [22:34<17:02,  3.81it/s]phase1_shape_color_acc:  51%|█████▏    | 4108/8000 [22:35<18:11,  3.57it/s]phase1_shape_color_acc:  51%|█████▏    | 4109/8000 [22:35<19:33,  3.32it/s]phase1_shape_color_acc:  51%|█████▏    | 4110/8000 [22:35<20:29,  3.16it/s]phase1_shape_color_acc:  51%|█████▏    | 4111/8000 [22:36<21:03,  3.08it/s]phase1_shape_color_acc:  51%|█████▏    | 4112/8000 [22:36<21:25,  3.02it/s]phase1_shape_color_acc:  51%|█████▏    | 4113/8000 [22:36<21:43,  2.98it/s]phase1_shape_color_acc:  51%|█████▏    | 4114/8000 [22:37<21:56,  2.95it/s]phase1_shape_color_acc:  51%|█████▏    | 4115/8000 [22:37<19:44,  3.28it/s]phase1_shape_color_acc:  51%|█████▏    | 4116/8000 [22:37<19:38,  3.30it/s]phase1_shape_color_acc:  51%|█████▏    | 4117/8000 [22:37<19:35,  3.30it/s]phase1_shape_color_acc:  51%|█████▏    | 4118/8000 [22:38<20:13,  3.20it/s]phase1_shape_color_acc:  51%|█████▏    | 4119/8000 [22:38<20:52,  3.10it/s]phase1_shape_color_acc:  52%|█████▏    | 4120/8000 [22:38<21:20,  3.03it/s]phase1_shape_color_acc:  52%|█████▏    | 4121/8000 [22:39<21:41,  2.98it/s]phase1_shape_color_acc:  52%|█████▏    | 4122/8000 [22:39<21:51,  2.96it/s]phase1_shape_color_acc:  52%|█████▏    | 4123/8000 [22:40<21:59,  2.94it/s]phase1_shape_color_acc:  52%|█████▏    | 4124/8000 [22:40<21:13,  3.04it/s]phase1_shape_color_acc:  52%|█████▏    | 4125/8000 [22:40<20:39,  3.13it/s]phase1_shape_color_acc:  52%|█████▏    | 4126/8000 [22:40<20:27,  3.16it/s]phase1_shape_color_acc:  52%|█████▏    | 4127/8000 [22:41<20:50,  3.10it/s]phase1_shape_color_acc:  52%|█████▏    | 4128/8000 [22:41<21:21,  3.02it/s]phase1_shape_color_acc:  52%|█████▏    | 4129/8000 [22:41<21:39,  2.98it/s]phase1_shape_color_acc:  52%|█████▏    | 4130/8000 [22:42<21:51,  2.95it/s]phase1_shape_color_acc:  52%|█████▏    | 4131/8000 [22:42<21:58,  2.93it/s]phase1_shape_color_acc:  52%|█████▏    | 4132/8000 [22:43<22:05,  2.92it/s]phase1_shape_color_acc:  52%|█████▏    | 4133/8000 [22:43<21:05,  3.06it/s]phase1_shape_color_acc:  52%|█████▏    | 4134/8000 [22:43<20:50,  3.09it/s]phase1_shape_color_acc:  52%|█████▏    | 4135/8000 [22:43<20:35,  3.13it/s]phase1_shape_color_acc:  52%|█████▏    | 4136/8000 [22:44<21:06,  3.05it/s]phase1_shape_color_acc:  52%|█████▏    | 4137/8000 [22:44<21:33,  2.99it/s]phase1_shape_color_acc:  52%|█████▏    | 4138/8000 [22:44<21:46,  2.96it/s]phase1_shape_color_acc:  52%|█████▏    | 4139/8000 [22:45<21:54,  2.94it/s]phase1_shape_color_acc:  52%|█████▏    | 4140/8000 [22:45<21:58,  2.93it/s]phase1_shape_color_acc:  52%|█████▏    | 4141/8000 [22:46<22:04,  2.91it/s]phase1_shape_color_acc:  52%|█████▏    | 4142/8000 [22:46<20:39,  3.11it/s]phase1_shape_color_acc:  52%|█████▏    | 4143/8000 [22:46<20:27,  3.14it/s]phase1_shape_color_acc:  52%|█████▏    | 4144/8000 [22:46<20:17,  3.17it/s]phase1_shape_color_acc:  52%|█████▏    | 4145/8000 [22:47<20:57,  3.07it/s]phase1_shape_color_acc:  52%|█████▏    | 4146/8000 [22:47<21:25,  3.00it/s]phase1_shape_color_acc:  52%|█████▏    | 4147/8000 [22:47<21:38,  2.97it/s]phase1_shape_color_acc:  52%|█████▏    | 4148/8000 [22:48<21:48,  2.94it/s]phase1_shape_color_acc:  52%|█████▏    | 4149/8000 [22:48<21:55,  2.93it/s]phase1_shape_color_acc:  52%|█████▏    | 4150/8000 [22:48<22:00,  2.92it/s]phase1_shape_color_acc:  52%|█████▏    | 4151/8000 [22:49<21:03,  3.05it/s]phase1_shape_color_acc:  52%|█████▏    | 4152/8000 [22:49<18:54,  3.39it/s]phase1_shape_color_acc:  52%|█████▏    | 4153/8000 [22:49<19:01,  3.37it/s]phase1_shape_color_acc:  52%|█████▏    | 4154/8000 [22:50<19:25,  3.30it/s]phase1_shape_color_acc:  52%|█████▏    | 4155/8000 [22:50<20:18,  3.16it/s]phase1_shape_color_acc:  52%|█████▏    | 4156/8000 [22:50<20:55,  3.06it/s]phase1_shape_color_acc:  52%|█████▏    | 4157/8000 [22:51<21:18,  3.01it/s]phase1_shape_color_acc:  52%|█████▏    | 4158/8000 [22:51<21:34,  2.97it/s]phase1_shape_color_acc:  52%|█████▏    | 4159/8000 [22:51<21:45,  2.94it/s]phase1_shape_color_acc:  52%|█████▏    | 4160/8000 [22:52<21:52,  2.92it/s]phase1_shape_color_acc:  52%|█████▏    | 4161/8000 [22:52<20:43,  3.09it/s]phase1_shape_color_acc:  52%|█████▏    | 4162/8000 [22:52<20:35,  3.11it/s]phase1_shape_color_acc:  52%|█████▏    | 4163/8000 [22:53<20:17,  3.15it/s]phase1_shape_color_acc:  52%|█████▏    | 4164/8000 [22:53<20:51,  3.07it/s]phase1_shape_color_acc:  52%|█████▏    | 4165/8000 [22:53<21:20,  3.00it/s]phase1_shape_color_acc:  52%|█████▏    | 4166/8000 [22:54<21:33,  2.96it/s]phase1_shape_color_acc:  52%|█████▏    | 4167/8000 [22:54<21:43,  2.94it/s]phase1_shape_color_acc:  52%|█████▏    | 4168/8000 [22:54<21:49,  2.93it/s]phase1_shape_color_acc:  52%|█████▏    | 4169/8000 [22:55<21:54,  2.91it/s]phase1_shape_color_acc:  52%|█████▏    | 4170/8000 [22:55<21:15,  3.00it/s]phase1_shape_color_acc:  52%|█████▏    | 4171/8000 [22:55<20:00,  3.19it/s]phase1_shape_color_acc:  52%|█████▏    | 4172/8000 [22:56<19:57,  3.20it/s]phase1_shape_color_acc:  52%|█████▏    | 4173/8000 [22:56<20:18,  3.14it/s]phase1_shape_color_acc:  52%|█████▏    | 4174/8000 [22:56<20:54,  3.05it/s]phase1_shape_color_acc:  52%|█████▏    | 4175/8000 [22:57<21:15,  3.00it/s]phase1_shape_color_acc:  52%|█████▏    | 4176/8000 [22:57<21:28,  2.97it/s]phase1_shape_color_acc:  52%|█████▏    | 4177/8000 [22:57<21:39,  2.94it/s]phase1_shape_color_acc:  52%|█████▏    | 4178/8000 [22:58<21:46,  2.93it/s]phase1_shape_color_acc:  52%|█████▏    | 4179/8000 [22:58<21:50,  2.91it/s]phase1_shape_color_acc:  52%|█████▏    | 4180/8000 [22:58<20:20,  3.13it/s]phase1_shape_color_acc:  52%|█████▏    | 4181/8000 [22:59<20:21,  3.13it/s]phase1_shape_color_acc:  52%|█████▏    | 4182/8000 [22:59<20:31,  3.10it/s]phase1_shape_color_acc:  52%|█████▏    | 4183/8000 [22:59<21:01,  3.03it/s]phase1_shape_color_acc:  52%|█████▏    | 4184/8000 [23:00<21:22,  2.98it/s]phase1_shape_color_acc:  52%|█████▏    | 4185/8000 [23:00<21:36,  2.94it/s]phase1_shape_color_acc:  52%|█████▏    | 4186/8000 [23:00<21:43,  2.93it/s]phase1_shape_color_acc:  52%|█████▏    | 4187/8000 [23:01<21:47,  2.92it/s]phase1_shape_color_acc:  52%|█████▏    | 4188/8000 [23:01<21:49,  2.91it/s]phase1_shape_color_acc:  52%|█████▏    | 4189/8000 [23:01<19:16,  3.29it/s]phase1_shape_color_acc:  52%|█████▏    | 4190/8000 [23:02<19:21,  3.28it/s]phase1_shape_color_acc:  52%|█████▏    | 4191/8000 [23:02<19:41,  3.22it/s]phase1_shape_color_acc:  52%|█████▏    | 4192/8000 [23:02<20:25,  3.11it/s]phase1_shape_color_acc:  52%|█████▏    | 4193/8000 [23:03<20:59,  3.02it/s]phase1_shape_color_acc:  52%|█████▏    | 4194/8000 [23:03<21:17,  2.98it/s]phase1_shape_color_acc:  52%|█████▏    | 4195/8000 [23:03<21:28,  2.95it/s]phase1_shape_color_acc:  52%|█████▏    | 4196/8000 [23:04<21:35,  2.94it/s]phase1_shape_color_acc:  52%|█████▏    | 4197/8000 [23:04<21:42,  2.92it/s]phase1_shape_color_acc:  52%|█████▏    | 4198/8000 [23:04<20:35,  3.08it/s]phase1_shape_color_acc:  52%|█████▏    | 4199/8000 [23:05<20:17,  3.12it/s]phase1_shape_color_acc:  52%|█████▎    | 4200/8000 [23:05<19:54,  3.18it/s]phase1_shape_color_acc:  53%|█████▎    | 4201/8000 [23:05<20:33,  3.08it/s]phase1_shape_color_acc:  53%|█████▎    | 4202/8000 [23:06<21:02,  3.01it/s]phase1_shape_color_acc:  53%|█████▎    | 4203/8000 [23:06<21:17,  2.97it/s]phase1_shape_color_acc:  53%|█████▎    | 4204/8000 [23:06<21:27,  2.95it/s]phase1_shape_color_acc:  53%|█████▎    | 4205/8000 [23:07<21:35,  2.93it/s]phase1_shape_color_acc:  53%|█████▎    | 4206/8000 [23:07<21:41,  2.92it/s]phase1_shape_color_acc:  53%|█████▎    | 4207/8000 [23:07<20:58,  3.01it/s]phase1_shape_color_acc:  53%|█████▎    | 4208/8000 [23:08<20:40,  3.06it/s]phase1_shape_color_acc:  53%|█████▎    | 4209/8000 [23:08<20:22,  3.10it/s]phase1_shape_color_acc:  53%|█████▎    | 4210/8000 [23:08<20:49,  3.03it/s]phase1_shape_color_acc:  53%|█████▎    | 4211/8000 [23:09<21:11,  2.98it/s]phase1_shape_color_acc:  53%|█████▎    | 4212/8000 [23:09<21:23,  2.95it/s]phase1_shape_color_acc:  53%|█████▎    | 4213/8000 [23:09<21:32,  2.93it/s]phase1_shape_color_acc:  53%|█████▎    | 4214/8000 [23:10<21:37,  2.92it/s]phase1_shape_color_acc:  53%|█████▎    | 4215/8000 [23:10<21:41,  2.91it/s]phase1_shape_color_acc:  53%|█████▎    | 4216/8000 [23:10<20:29,  3.08it/s]phase1_shape_color_acc:  53%|█████▎    | 4217/8000 [23:10<20:13,  3.12it/s]phase1_shape_color_acc:  53%|█████▎    | 4218/8000 [23:11<19:50,  3.18it/s]phase1_shape_color_acc:  53%|█████▎    | 4219/8000 [23:11<20:29,  3.08it/s]phase1_shape_color_acc:  53%|█████▎    | 4220/8000 [23:11<20:57,  3.01it/s]phase1_shape_color_acc:  53%|█████▎    | 4221/8000 [23:12<21:17,  2.96it/s]phase1_shape_color_acc:  53%|█████▎    | 4222/8000 [23:12<21:29,  2.93it/s]phase1_shape_color_acc:  53%|█████▎    | 4223/8000 [23:13<21:36,  2.91it/s]phase1_shape_color_acc:  53%|█████▎    | 4224/8000 [23:13<21:41,  2.90it/s]phase1_shape_color_acc:  53%|█████▎    | 4225/8000 [23:13<20:48,  3.02it/s]phase1_shape_color_acc:  53%|█████▎    | 4226/8000 [23:13<19:39,  3.20it/s]phase1_shape_color_acc:  53%|█████▎    | 4227/8000 [23:14<19:33,  3.22it/s]phase1_shape_color_acc:  53%|█████▎    | 4228/8000 [23:14<19:52,  3.16it/s]phase1_shape_color_acc:  53%|█████▎    | 4229/8000 [23:14<20:30,  3.07it/s]phase1_shape_color_acc:  53%|█████▎    | 4230/8000 [23:15<20:51,  3.01it/s]phase1_shape_color_acc:  53%|█████▎    | 4231/8000 [23:15<21:06,  2.98it/s]phase1_shape_color_acc:  53%|█████▎    | 4232/8000 [23:15<21:16,  2.95it/s]phase1_shape_color_acc:  53%|█████▎    | 4233/8000 [23:16<21:25,  2.93it/s]phase1_shape_color_acc:  53%|█████▎    | 4234/8000 [23:16<21:30,  2.92it/s]phase1_shape_color_acc:  53%|█████▎    | 4235/8000 [23:16<20:03,  3.13it/s]phase1_shape_color_acc:  53%|█████▎    | 4236/8000 [23:17<19:51,  3.16it/s]phase1_shape_color_acc:  53%|█████▎    | 4237/8000 [23:17<20:01,  3.13it/s]phase1_shape_color_acc:  53%|█████▎    | 4238/8000 [23:17<20:36,  3.04it/s]phase1_shape_color_acc:  53%|█████▎    | 4239/8000 [23:18<20:58,  2.99it/s]phase1_shape_color_acc:  53%|█████▎    | 4240/8000 [23:18<21:11,  2.96it/s]phase1_shape_color_acc:  53%|█████▎    | 4241/8000 [23:18<21:21,  2.93it/s]phase1_shape_color_acc:  53%|█████▎    | 4242/8000 [23:19<21:25,  2.92it/s]phase1_shape_color_acc:  53%|█████▎    | 4243/8000 [23:19<21:28,  2.92it/s]phase1_shape_color_acc:  53%|█████▎    | 4244/8000 [23:19<19:57,  3.14it/s]phase1_shape_color_acc:  53%|█████▎    | 4245/8000 [23:20<19:47,  3.16it/s]phase1_shape_color_acc:  53%|█████▎    | 4246/8000 [23:20<19:59,  3.13it/s]phase1_shape_color_acc:  53%|█████▎    | 4247/8000 [23:20<20:32,  3.04it/s]phase1_shape_color_acc:  53%|█████▎    | 4248/8000 [23:21<20:56,  2.99it/s]phase1_shape_color_acc:  53%|█████▎    | 4249/8000 [23:21<21:09,  2.96it/s]phase1_shape_color_acc:  53%|█████▎    | 4250/8000 [23:21<21:15,  2.94it/s]phase1_shape_color_acc:  53%|█████▎    | 4251/8000 [23:22<21:22,  2.92it/s]phase1_shape_color_acc:  53%|█████▎    | 4252/8000 [23:22<21:27,  2.91it/s]phase1_shape_color_acc:  53%|█████▎    | 4253/8000 [23:22<19:58,  3.13it/s]phase1_shape_color_acc:  53%|█████▎    | 4254/8000 [23:23<19:45,  3.16it/s]phase1_shape_color_acc:  53%|█████▎    | 4255/8000 [23:23<19:51,  3.14it/s]phase1_shape_color_acc:  53%|█████▎    | 4256/8000 [23:23<20:26,  3.05it/s]phase1_shape_color_acc:  53%|█████▎    | 4257/8000 [23:24<20:52,  2.99it/s]phase1_shape_color_acc:  53%|█████▎    | 4258/8000 [23:24<21:02,  2.96it/s]phase1_shape_color_acc:  53%|█████▎    | 4259/8000 [23:24<21:11,  2.94it/s]phase1_shape_color_acc:  53%|█████▎    | 4260/8000 [23:25<21:17,  2.93it/s]phase1_shape_color_acc:  53%|█████▎    | 4261/8000 [23:25<21:22,  2.91it/s]phase1_shape_color_acc:  53%|█████▎    | 4262/8000 [23:25<20:14,  3.08it/s]phase1_shape_color_acc:  53%|█████▎    | 4263/8000 [23:26<19:11,  3.24it/s]phase1_shape_color_acc:  53%|█████▎    | 4264/8000 [23:26<19:09,  3.25it/s]phase1_shape_color_acc:  53%|█████▎    | 4265/8000 [23:26<19:33,  3.18it/s]phase1_shape_color_acc:  53%|█████▎    | 4266/8000 [23:27<20:11,  3.08it/s]phase1_shape_color_acc:  53%|█████▎    | 4267/8000 [23:27<20:35,  3.02it/s]phase1_shape_color_acc:  53%|█████▎    | 4268/8000 [23:27<20:51,  2.98it/s]phase1_shape_color_acc:  53%|█████▎    | 4269/8000 [23:28<21:03,  2.95it/s]phase1_shape_color_acc:  53%|█████▎    | 4270/8000 [23:28<21:10,  2.94it/s]phase1_shape_color_acc:  53%|█████▎    | 4271/8000 [23:28<21:15,  2.92it/s]phase1_shape_color_acc:  53%|█████▎    | 4272/8000 [23:29<19:39,  3.16it/s]phase1_shape_color_acc:  53%|█████▎    | 4273/8000 [23:29<19:38,  3.16it/s]phase1_shape_color_acc:  53%|█████▎    | 4274/8000 [23:29<19:49,  3.13it/s]phase1_shape_color_acc:  53%|█████▎    | 4275/8000 [23:30<20:21,  3.05it/s]phase1_shape_color_acc:  53%|█████▎    | 4276/8000 [23:30<20:46,  2.99it/s]phase1_shape_color_acc:  53%|█████▎    | 4277/8000 [23:30<21:02,  2.95it/s]phase1_shape_color_acc:  53%|█████▎    | 4278/8000 [23:31<21:10,  2.93it/s]phase1_shape_color_acc:  53%|█████▎    | 4279/8000 [23:31<21:14,  2.92it/s]phase1_shape_color_acc:  54%|█████▎    | 4280/8000 [23:31<21:18,  2.91it/s]phase1_shape_color_acc:  54%|█████▎    | 4281/8000 [23:32<19:38,  3.16it/s]phase1_shape_color_acc:  54%|█████▎    | 4282/8000 [23:32<19:29,  3.18it/s]phase1_shape_color_acc:  54%|█████▎    | 4283/8000 [23:32<19:39,  3.15it/s]phase1_shape_color_acc:  54%|█████▎    | 4284/8000 [23:33<20:14,  3.06it/s]phase1_shape_color_acc:  54%|█████▎    | 4285/8000 [23:33<20:36,  3.00it/s]phase1_shape_color_acc:  54%|█████▎    | 4286/8000 [23:33<20:48,  2.98it/s]phase1_shape_color_acc:  54%|█████▎    | 4287/8000 [23:34<20:58,  2.95it/s]phase1_shape_color_acc:  54%|█████▎    | 4288/8000 [23:34<21:05,  2.93it/s]phase1_shape_color_acc:  54%|█████▎    | 4289/8000 [23:34<21:11,  2.92it/s]phase1_shape_color_acc:  54%|█████▎    | 4290/8000 [23:35<19:27,  3.18it/s]phase1_shape_color_acc:  54%|█████▎    | 4291/8000 [23:35<19:21,  3.19it/s]phase1_shape_color_acc:  54%|█████▎    | 4292/8000 [23:35<19:33,  3.16it/s]phase1_shape_color_acc:  54%|█████▎    | 4293/8000 [23:36<20:10,  3.06it/s]phase1_shape_color_acc:  54%|█████▎    | 4294/8000 [23:36<20:33,  3.00it/s]phase1_shape_color_acc:  54%|█████▎    | 4295/8000 [23:36<20:47,  2.97it/s]phase1_shape_color_acc:  54%|█████▎    | 4296/8000 [23:37<20:57,  2.95it/s]phase1_shape_color_acc:  54%|█████▎    | 4297/8000 [23:37<21:05,  2.93it/s]phase1_shape_color_acc:  54%|█████▎    | 4298/8000 [23:37<21:10,  2.91it/s]phase1_shape_color_acc:  54%|█████▎    | 4299/8000 [23:38<19:47,  3.12it/s]phase1_shape_color_acc:  54%|█████▍    | 4300/8000 [23:38<18:51,  3.27it/s]phase1_shape_color_acc:  54%|█████▍    | 4301/8000 [23:38<18:57,  3.25it/s]phase1_shape_color_acc:  54%|█████▍    | 4302/8000 [23:38<19:26,  3.17it/s]phase1_shape_color_acc:  54%|█████▍    | 4303/8000 [23:39<20:04,  3.07it/s]phase1_shape_color_acc:  54%|█████▍    | 4304/8000 [23:39<20:26,  3.01it/s]phase1_shape_color_acc:  54%|█████▍    | 4305/8000 [23:40<20:44,  2.97it/s]phase1_shape_color_acc:  54%|█████▍    | 4306/8000 [23:40<20:55,  2.94it/s]phase1_shape_color_acc:  54%|█████▍    | 4307/8000 [23:40<21:01,  2.93it/s]phase1_shape_color_acc:  54%|█████▍    | 4308/8000 [23:41<20:44,  2.97it/s]phase1_shape_color_acc:  54%|█████▍    | 4309/8000 [23:41<19:31,  3.15it/s]phase1_shape_color_acc:  54%|█████▍    | 4310/8000 [23:41<19:22,  3.17it/s]phase1_shape_color_acc:  54%|█████▍    | 4311/8000 [23:41<19:39,  3.13it/s]phase1_shape_color_acc:  54%|█████▍    | 4312/8000 [23:42<20:11,  3.04it/s]phase1_shape_color_acc:  54%|█████▍    | 4313/8000 [23:42<20:31,  2.99it/s]phase1_shape_color_acc:  54%|█████▍    | 4314/8000 [23:43<20:44,  2.96it/s]phase1_shape_color_acc:  54%|█████▍    | 4315/8000 [23:43<21:00,  2.92it/s]phase1_shape_color_acc:  54%|█████▍    | 4316/8000 [23:43<21:07,  2.91it/s]phase1_shape_color_acc:  54%|█████▍    | 4317/8000 [23:44<20:45,  2.96it/s]phase1_shape_color_acc:  54%|█████▍    | 4318/8000 [23:44<19:33,  3.14it/s]phase1_shape_color_acc:  54%|█████▍    | 4319/8000 [23:44<19:25,  3.16it/s]phase1_shape_color_acc:  54%|█████▍    | 4320/8000 [23:44<19:47,  3.10it/s]phase1_shape_color_acc:  54%|█████▍    | 4321/8000 [23:45<20:20,  3.02it/s]phase1_shape_color_acc:  54%|█████▍    | 4322/8000 [23:45<20:38,  2.97it/s]phase1_shape_color_acc:  54%|█████▍    | 4323/8000 [23:45<20:47,  2.95it/s]phase1_shape_color_acc:  54%|█████▍    | 4324/8000 [23:46<20:54,  2.93it/s]phase1_shape_color_acc:  54%|█████▍    | 4325/8000 [23:46<21:00,  2.92it/s]phase1_shape_color_acc:  54%|█████▍    | 4326/8000 [23:47<21:03,  2.91it/s]phase1_shape_color_acc:  54%|█████▍    | 4327/8000 [23:47<19:28,  3.14it/s]phase1_shape_color_acc:  54%|█████▍    | 4328/8000 [23:47<19:18,  3.17it/s]phase1_shape_color_acc:  54%|█████▍    | 4329/8000 [23:47<19:36,  3.12it/s]phase1_shape_color_acc:  54%|█████▍    | 4330/8000 [23:48<20:03,  3.05it/s]phase1_shape_color_acc:  54%|█████▍    | 4331/8000 [23:48<20:25,  2.99it/s]phase1_shape_color_acc:  54%|█████▍    | 4332/8000 [23:48<20:38,  2.96it/s]phase1_shape_color_acc:  54%|█████▍    | 4333/8000 [23:49<20:47,  2.94it/s]phase1_shape_color_acc:  54%|█████▍    | 4334/8000 [23:49<20:54,  2.92it/s]phase1_shape_color_acc:  54%|█████▍    | 4335/8000 [23:50<20:57,  2.91it/s]phase1_shape_color_acc:  54%|█████▍    | 4336/8000 [23:50<18:27,  3.31it/s]phase1_shape_color_acc:  54%|█████▍    | 4337/8000 [23:50<18:33,  3.29it/s]phase1_shape_color_acc:  54%|█████▍    | 4338/8000 [23:50<18:28,  3.30it/s]phase1_shape_color_acc:  54%|█████▍    | 4339/8000 [23:51<19:15,  3.17it/s]phase1_shape_color_acc:  54%|█████▍    | 4340/8000 [23:51<19:52,  3.07it/s]phase1_shape_color_acc:  54%|█████▍    | 4341/8000 [23:51<20:16,  3.01it/s]phase1_shape_color_acc:  54%|█████▍    | 4342/8000 [23:52<20:30,  2.97it/s]phase1_shape_color_acc:  54%|█████▍    | 4343/8000 [23:52<20:39,  2.95it/s]phase1_shape_color_acc:  54%|█████▍    | 4344/8000 [23:52<20:46,  2.93it/s]phase1_shape_color_acc:  54%|█████▍    | 4345/8000 [23:53<19:32,  3.12it/s]phase1_shape_color_acc:  54%|█████▍    | 4346/8000 [23:53<19:20,  3.15it/s]phase1_shape_color_acc:  54%|█████▍    | 4347/8000 [23:53<19:12,  3.17it/s]phase1_shape_color_acc:  54%|█████▍    | 4348/8000 [23:54<19:46,  3.08it/s]phase1_shape_color_acc:  54%|█████▍    | 4349/8000 [23:54<20:14,  3.01it/s]phase1_shape_color_acc:  54%|█████▍    | 4350/8000 [23:54<20:29,  2.97it/s]phase1_shape_color_acc:  54%|█████▍    | 4351/8000 [23:55<20:38,  2.95it/s]phase1_shape_color_acc:  54%|█████▍    | 4352/8000 [23:55<20:44,  2.93it/s]phase1_shape_color_acc:  54%|█████▍    | 4353/8000 [23:55<20:49,  2.92it/s]phase1_shape_color_acc:  54%|█████▍    | 4354/8000 [23:56<19:29,  3.12it/s]phase1_shape_color_acc:  54%|█████▍    | 4355/8000 [23:56<19:19,  3.14it/s]phase1_shape_color_acc:  54%|█████▍    | 4356/8000 [23:56<19:11,  3.16it/s]phase1_shape_color_acc:  54%|█████▍    | 4357/8000 [23:57<19:46,  3.07it/s]phase1_shape_color_acc:  54%|█████▍    | 4358/8000 [23:57<20:14,  3.00it/s]phase1_shape_color_acc:  54%|█████▍    | 4359/8000 [23:57<20:26,  2.97it/s]phase1_shape_color_acc:  55%|█████▍    | 4360/8000 [23:58<20:36,  2.94it/s]phase1_shape_color_acc:  55%|█████▍    | 4361/8000 [23:58<20:43,  2.93it/s]phase1_shape_color_acc:  55%|█████▍    | 4362/8000 [23:58<20:48,  2.91it/s]phase1_shape_color_acc:  55%|█████▍    | 4363/8000 [23:59<20:11,  3.00it/s]phase1_shape_color_acc:  55%|█████▍    | 4364/8000 [23:59<19:55,  3.04it/s]phase1_shape_color_acc:  55%|█████▍    | 4365/8000 [23:59<19:37,  3.09it/s]phase1_shape_color_acc:  55%|█████▍    | 4366/8000 [24:00<20:04,  3.02it/s]phase1_shape_color_acc:  55%|█████▍    | 4367/8000 [24:00<20:24,  2.97it/s]phase1_shape_color_acc:  55%|█████▍    | 4368/8000 [24:00<20:32,  2.95it/s]phase1_shape_color_acc:  55%|█████▍    | 4369/8000 [24:01<20:40,  2.93it/s]phase1_shape_color_acc:  55%|█████▍    | 4370/8000 [24:01<20:42,  2.92it/s]phase1_shape_color_acc:  55%|█████▍    | 4371/8000 [24:01<20:46,  2.91it/s]phase1_shape_color_acc:  55%|█████▍    | 4372/8000 [24:02<20:15,  2.99it/s]phase1_shape_color_acc:  55%|█████▍    | 4373/8000 [24:02<18:09,  3.33it/s]phase1_shape_color_acc:  55%|█████▍    | 4374/8000 [24:02<18:16,  3.31it/s]phase1_shape_color_acc:  55%|█████▍    | 4375/8000 [24:03<18:38,  3.24it/s]phase1_shape_color_acc:  55%|█████▍    | 4376/8000 [24:03<19:18,  3.13it/s]phase1_shape_color_acc:  55%|█████▍    | 4377/8000 [24:03<19:51,  3.04it/s]phase1_shape_color_acc:  55%|█████▍    | 4378/8000 [24:04<20:10,  2.99it/s]phase1_shape_color_acc:  55%|█████▍    | 4379/8000 [24:04<20:22,  2.96it/s]phase1_shape_color_acc:  55%|█████▍    | 4380/8000 [24:04<20:31,  2.94it/s]phase1_shape_color_acc:  55%|█████▍    | 4381/8000 [24:05<20:38,  2.92it/s]phase1_shape_color_acc:  55%|█████▍    | 4382/8000 [24:05<19:12,  3.14it/s]phase1_shape_color_acc:  55%|█████▍    | 4383/8000 [24:05<19:02,  3.16it/s]phase1_shape_color_acc:  55%|█████▍    | 4384/8000 [24:06<19:11,  3.14it/s]phase1_shape_color_acc:  55%|█████▍    | 4385/8000 [24:06<19:42,  3.06it/s]phase1_shape_color_acc:  55%|█████▍    | 4386/8000 [24:06<20:01,  3.01it/s]phase1_shape_color_acc:  55%|█████▍    | 4387/8000 [24:07<20:15,  2.97it/s]phase1_shape_color_acc:  55%|█████▍    | 4388/8000 [24:07<20:25,  2.95it/s]phase1_shape_color_acc:  55%|█████▍    | 4389/8000 [24:07<20:33,  2.93it/s]phase1_shape_color_acc:  55%|█████▍    | 4390/8000 [24:08<20:37,  2.92it/s]phase1_shape_color_acc:  55%|█████▍    | 4391/8000 [24:08<19:12,  3.13it/s]phase1_shape_color_acc:  55%|█████▍    | 4392/8000 [24:08<19:04,  3.15it/s]phase1_shape_color_acc:  55%|█████▍    | 4393/8000 [24:09<19:14,  3.13it/s]phase1_shape_color_acc:  55%|█████▍    | 4394/8000 [24:09<19:46,  3.04it/s]phase1_shape_color_acc:  55%|█████▍    | 4395/8000 [24:09<20:07,  2.99it/s]phase1_shape_color_acc:  55%|█████▍    | 4396/8000 [24:10<20:18,  2.96it/s]phase1_shape_color_acc:  55%|█████▍    | 4397/8000 [24:10<20:27,  2.94it/s]phase1_shape_color_acc:  55%|█████▍    | 4398/8000 [24:10<20:32,  2.92it/s]phase1_shape_color_acc:  55%|█████▍    | 4399/8000 [24:11<20:36,  2.91it/s]phase1_shape_color_acc:  55%|█████▌    | 4400/8000 [24:11<19:02,  3.15it/s]phase1_shape_color_acc:  55%|█████▌    | 4401/8000 [24:11<18:57,  3.16it/s]phase1_shape_color_acc:  55%|█████▌    | 4402/8000 [24:11<19:13,  3.12it/s]phase1_shape_color_acc:  55%|█████▌    | 4403/8000 [24:12<19:40,  3.05it/s]phase1_shape_color_acc:  55%|█████▌    | 4404/8000 [24:12<20:00,  3.00it/s]phase1_shape_color_acc:  55%|█████▌    | 4405/8000 [24:13<20:12,  2.96it/s]phase1_shape_color_acc:  55%|█████▌    | 4406/8000 [24:13<20:19,  2.95it/s]phase1_shape_color_acc:  55%|█████▌    | 4407/8000 [24:13<20:26,  2.93it/s]phase1_shape_color_acc:  55%|█████▌    | 4408/8000 [24:14<20:30,  2.92it/s]phase1_shape_color_acc:  55%|█████▌    | 4409/8000 [24:14<18:44,  3.19it/s]phase1_shape_color_acc:  55%|█████▌    | 4410/8000 [24:14<18:33,  3.22it/s]phase1_shape_color_acc:  55%|█████▌    | 4411/8000 [24:14<18:32,  3.23it/s]phase1_shape_color_acc:  55%|█████▌    | 4412/8000 [24:15<18:58,  3.15it/s]phase1_shape_color_acc:  55%|█████▌    | 4413/8000 [24:15<19:34,  3.05it/s]phase1_shape_color_acc:  55%|█████▌    | 4414/8000 [24:15<19:52,  3.01it/s]phase1_shape_color_acc:  55%|█████▌    | 4415/8000 [24:16<20:05,  2.97it/s]phase1_shape_color_acc:  55%|█████▌    | 4416/8000 [24:16<20:18,  2.94it/s]phase1_shape_color_acc:  55%|█████▌    | 4417/8000 [24:16<20:27,  2.92it/s]phase1_shape_color_acc:  55%|█████▌    | 4418/8000 [24:17<19:33,  3.05it/s]phase1_shape_color_acc:  55%|█████▌    | 4419/8000 [24:17<19:24,  3.07it/s]phase1_shape_color_acc:  55%|█████▌    | 4420/8000 [24:17<19:04,  3.13it/s]phase1_shape_color_acc:  55%|█████▌    | 4421/8000 [24:18<19:33,  3.05it/s]phase1_shape_color_acc:  55%|█████▌    | 4422/8000 [24:18<19:55,  2.99it/s]phase1_shape_color_acc:  55%|█████▌    | 4423/8000 [24:18<20:07,  2.96it/s]phase1_shape_color_acc:  55%|█████▌    | 4424/8000 [24:19<20:15,  2.94it/s]phase1_shape_color_acc:  55%|█████▌    | 4425/8000 [24:19<20:22,  2.92it/s]phase1_shape_color_acc:  55%|█████▌    | 4426/8000 [24:19<20:23,  2.92it/s]phase1_shape_color_acc:  55%|█████▌    | 4427/8000 [24:20<19:11,  3.10it/s]phase1_shape_color_acc:  55%|█████▌    | 4428/8000 [24:20<18:59,  3.13it/s]phase1_shape_color_acc:  55%|█████▌    | 4429/8000 [24:20<18:51,  3.16it/s]phase1_shape_color_acc:  55%|█████▌    | 4430/8000 [24:21<19:21,  3.07it/s]phase1_shape_color_acc:  55%|█████▌    | 4431/8000 [24:21<19:47,  3.01it/s]phase1_shape_color_acc:  55%|█████▌    | 4432/8000 [24:21<20:03,  2.96it/s]phase1_shape_color_acc:  55%|█████▌    | 4433/8000 [24:22<20:14,  2.94it/s]phase1_shape_color_acc:  55%|█████▌    | 4434/8000 [24:22<20:20,  2.92it/s]phase1_shape_color_acc:  55%|█████▌    | 4435/8000 [24:22<20:23,  2.91it/s]phase1_shape_color_acc:  55%|█████▌    | 4436/8000 [24:23<19:11,  3.09it/s]phase1_shape_color_acc:  55%|█████▌    | 4437/8000 [24:23<18:57,  3.13it/s]phase1_shape_color_acc:  55%|█████▌    | 4438/8000 [24:23<18:36,  3.19it/s]phase1_shape_color_acc:  55%|█████▌    | 4439/8000 [24:24<19:10,  3.09it/s]phase1_shape_color_acc:  56%|█████▌    | 4440/8000 [24:24<19:39,  3.02it/s]phase1_shape_color_acc:  56%|█████▌    | 4441/8000 [24:24<19:55,  2.98it/s]phase1_shape_color_acc:  56%|█████▌    | 4442/8000 [24:25<20:06,  2.95it/s]phase1_shape_color_acc:  56%|█████▌    | 4443/8000 [24:25<20:11,  2.93it/s]phase1_shape_color_acc:  56%|█████▌    | 4444/8000 [24:25<20:16,  2.92it/s]phase1_shape_color_acc:  56%|█████▌    | 4445/8000 [24:26<20:22,  2.91it/s]phase1_shape_color_acc:  56%|█████▌    | 4446/8000 [24:26<20:06,  2.95it/s]phase1_shape_color_acc:  56%|█████▌    | 4447/8000 [24:26<17:23,  3.40it/s]phase1_shape_color_acc:  56%|█████▌    | 4448/8000 [24:27<17:32,  3.38it/s]phase1_shape_color_acc:  56%|█████▌    | 4449/8000 [24:27<17:45,  3.33it/s]phase1_shape_color_acc:  56%|█████▌    | 4450/8000 [24:27<18:33,  3.19it/s]phase1_shape_color_acc:  56%|█████▌    | 4451/8000 [24:28<19:11,  3.08it/s]phase1_shape_color_acc:  56%|█████▌    | 4452/8000 [24:28<19:33,  3.02it/s]phase1_shape_color_acc:  56%|█████▌    | 4453/8000 [24:28<19:49,  2.98it/s]phase1_shape_color_acc:  56%|█████▌    | 4454/8000 [24:29<19:59,  2.96it/s]phase1_shape_color_acc:  56%|█████▌    | 4455/8000 [24:29<20:05,  2.94it/s]phase1_shape_color_acc:  56%|█████▌    | 4456/8000 [24:29<19:01,  3.10it/s]phase1_shape_color_acc:  56%|█████▌    | 4457/8000 [24:30<18:49,  3.14it/s]phase1_shape_color_acc:  56%|█████▌    | 4458/8000 [24:30<18:28,  3.20it/s]phase1_shape_color_acc:  56%|█████▌    | 4459/8000 [24:30<19:04,  3.10it/s]phase1_shape_color_acc:  56%|█████▌    | 4460/8000 [24:31<19:32,  3.02it/s]phase1_shape_color_acc:  56%|█████▌    | 4461/8000 [24:31<19:48,  2.98it/s]phase1_shape_color_acc:  56%|█████▌    | 4462/8000 [24:31<19:59,  2.95it/s]phase1_shape_color_acc:  56%|█████▌    | 4463/8000 [24:32<20:07,  2.93it/s]phase1_shape_color_acc:  56%|█████▌    | 4464/8000 [24:32<20:10,  2.92it/s]phase1_shape_color_acc:  56%|█████▌    | 4465/8000 [24:32<19:34,  3.01it/s]phase1_shape_color_acc:  56%|█████▌    | 4466/8000 [24:33<19:17,  3.05it/s]phase1_shape_color_acc:  56%|█████▌    | 4467/8000 [24:33<18:58,  3.10it/s]phase1_shape_color_acc:  56%|█████▌    | 4468/8000 [24:33<19:22,  3.04it/s]phase1_shape_color_acc:  56%|█████▌    | 4469/8000 [24:34<19:45,  2.98it/s]phase1_shape_color_acc:  56%|█████▌    | 4470/8000 [24:34<19:56,  2.95it/s]phase1_shape_color_acc:  56%|█████▌    | 4471/8000 [24:34<20:05,  2.93it/s]phase1_shape_color_acc:  56%|█████▌    | 4472/8000 [24:35<20:08,  2.92it/s]phase1_shape_color_acc:  56%|█████▌    | 4473/8000 [24:35<20:12,  2.91it/s]phase1_shape_color_acc:  56%|█████▌    | 4474/8000 [24:35<19:03,  3.08it/s]phase1_shape_color_acc:  56%|█████▌    | 4475/8000 [24:36<18:47,  3.13it/s]phase1_shape_color_acc:  56%|█████▌    | 4476/8000 [24:36<18:27,  3.18it/s]phase1_shape_color_acc:  56%|█████▌    | 4477/8000 [24:36<19:02,  3.08it/s]phase1_shape_color_acc:  56%|█████▌    | 4478/8000 [24:37<19:30,  3.01it/s]phase1_shape_color_acc:  56%|█████▌    | 4479/8000 [24:37<19:43,  2.97it/s]phase1_shape_color_acc:  56%|█████▌    | 4480/8000 [24:37<19:53,  2.95it/s]phase1_shape_color_acc:  56%|█████▌    | 4481/8000 [24:38<20:03,  2.93it/s]phase1_shape_color_acc:  56%|█████▌    | 4482/8000 [24:38<20:13,  2.90it/s]phase1_shape_color_acc:  56%|█████▌    | 4483/8000 [24:38<19:34,  2.99it/s]phase1_shape_color_acc:  56%|█████▌    | 4484/8000 [24:39<18:20,  3.19it/s]phase1_shape_color_acc:  56%|█████▌    | 4485/8000 [24:39<18:05,  3.24it/s]phase1_shape_color_acc:  56%|█████▌    | 4486/8000 [24:39<18:23,  3.18it/s]phase1_shape_color_acc:  56%|█████▌    | 4487/8000 [24:39<18:57,  3.09it/s]phase1_shape_color_acc:  56%|█████▌    | 4488/8000 [24:40<19:21,  3.02it/s]phase1_shape_color_acc:  56%|█████▌    | 4489/8000 [24:40<19:38,  2.98it/s]phase1_shape_color_acc:  56%|█████▌    | 4490/8000 [24:41<19:48,  2.95it/s]phase1_shape_color_acc:  56%|█████▌    | 4491/8000 [24:41<19:55,  2.94it/s]phase1_shape_color_acc:  56%|█████▌    | 4492/8000 [24:41<19:59,  2.92it/s]phase1_shape_color_acc:  56%|█████▌    | 4493/8000 [24:41<18:31,  3.16it/s]phase1_shape_color_acc:  56%|█████▌    | 4494/8000 [24:42<18:21,  3.18it/s]phase1_shape_color_acc:  56%|█████▌    | 4495/8000 [24:42<18:07,  3.22it/s]phase1_shape_color_acc:  56%|█████▌    | 4496/8000 [24:42<18:43,  3.12it/s]phase1_shape_color_acc:  56%|█████▌    | 4497/8000 [24:43<19:17,  3.03it/s]phase1_shape_color_acc:  56%|█████▌    | 4498/8000 [24:43<19:31,  2.99it/s]phase1_shape_color_acc:  56%|█████▌    | 4499/8000 [24:43<19:43,  2.96it/s]phase1_shape_color_acc:  56%|█████▋    | 4500/8000 [24:44<19:50,  2.94it/s]phase1_shape_color_acc:  56%|█████▋    | 4501/8000 [24:44<19:57,  2.92it/s]phase1_shape_color_acc:  56%|█████▋    | 4502/8000 [24:44<19:25,  3.00it/s]phase1_shape_color_acc:  56%|█████▋    | 4503/8000 [24:45<18:09,  3.21it/s]phase1_shape_color_acc:  56%|█████▋    | 4504/8000 [24:45<18:05,  3.22it/s]phase1_shape_color_acc:  56%|█████▋    | 4505/8000 [24:45<18:23,  3.17it/s]phase1_shape_color_acc:  56%|█████▋    | 4506/8000 [24:46<18:56,  3.07it/s]phase1_shape_color_acc:  56%|█████▋    | 4507/8000 [24:46<19:18,  3.02it/s]phase1_shape_color_acc:  56%|█████▋    | 4508/8000 [24:46<19:32,  2.98it/s]phase1_shape_color_acc:  56%|█████▋    | 4509/8000 [24:47<19:43,  2.95it/s]phase1_shape_color_acc:  56%|█████▋    | 4510/8000 [24:47<19:52,  2.93it/s]phase1_shape_color_acc:  56%|█████▋    | 4511/8000 [24:47<19:56,  2.92it/s]phase1_shape_color_acc:  56%|█████▋    | 4512/8000 [24:48<18:26,  3.15it/s]phase1_shape_color_acc:  56%|█████▋    | 4513/8000 [24:48<18:20,  3.17it/s]phase1_shape_color_acc:  56%|█████▋    | 4514/8000 [24:48<18:28,  3.14it/s]phase1_shape_color_acc:  56%|█████▋    | 4515/8000 [24:49<18:58,  3.06it/s]phase1_shape_color_acc:  56%|█████▋    | 4516/8000 [24:49<19:21,  3.00it/s]phase1_shape_color_acc:  56%|█████▋    | 4517/8000 [24:49<19:35,  2.96it/s]phase1_shape_color_acc:  56%|█████▋    | 4518/8000 [24:50<19:44,  2.94it/s]phase1_shape_color_acc:  56%|█████▋    | 4519/8000 [24:50<19:49,  2.93it/s]phase1_shape_color_acc:  56%|█████▋    | 4520/8000 [24:50<19:53,  2.92it/s]phase1_shape_color_acc:  57%|█████▋    | 4521/8000 [24:51<18:23,  3.15it/s]phase1_shape_color_acc:  57%|█████▋    | 4522/8000 [24:51<17:39,  3.28it/s]phase1_shape_color_acc:  57%|█████▋    | 4523/8000 [24:51<17:42,  3.27it/s]phase1_shape_color_acc:  57%|█████▋    | 4524/8000 [24:52<18:06,  3.20it/s]phase1_shape_color_acc:  57%|█████▋    | 4525/8000 [24:52<18:42,  3.10it/s]phase1_shape_color_acc:  57%|█████▋    | 4526/8000 [24:52<19:05,  3.03it/s]phase1_shape_color_acc:  57%|█████▋    | 4527/8000 [24:53<19:21,  2.99it/s]phase1_shape_color_acc:  57%|█████▋    | 4528/8000 [24:53<19:32,  2.96it/s]phase1_shape_color_acc:  57%|█████▋    | 4529/8000 [24:53<19:41,  2.94it/s]phase1_shape_color_acc:  57%|█████▋    | 4530/8000 [24:54<19:46,  2.92it/s]phase1_shape_color_acc:  57%|█████▋    | 4531/8000 [24:54<18:21,  3.15it/s]phase1_shape_color_acc:  57%|█████▋    | 4532/8000 [24:54<18:15,  3.17it/s]phase1_shape_color_acc:  57%|█████▋    | 4533/8000 [24:55<18:30,  3.12it/s]phase1_shape_color_acc:  57%|█████▋    | 4534/8000 [24:55<18:58,  3.05it/s]phase1_shape_color_acc:  57%|█████▋    | 4535/8000 [24:55<19:16,  3.00it/s]phase1_shape_color_acc:  57%|█████▋    | 4536/8000 [24:56<19:30,  2.96it/s]phase1_shape_color_acc:  57%|█████▋    | 4537/8000 [24:56<19:39,  2.94it/s]phase1_shape_color_acc:  57%|█████▋    | 4538/8000 [24:56<19:45,  2.92it/s]phase1_shape_color_acc:  57%|█████▋    | 4539/8000 [24:57<19:47,  2.91it/s]phase1_shape_color_acc:  57%|█████▋    | 4540/8000 [24:57<18:28,  3.12it/s]phase1_shape_color_acc:  57%|█████▋    | 4541/8000 [24:57<18:18,  3.15it/s]phase1_shape_color_acc:  57%|█████▋    | 4542/8000 [24:58<18:23,  3.13it/s]phase1_shape_color_acc:  57%|█████▋    | 4543/8000 [24:58<18:52,  3.05it/s]phase1_shape_color_acc:  57%|█████▋    | 4544/8000 [24:58<19:14,  2.99it/s]phase1_shape_color_acc:  57%|█████▋    | 4545/8000 [24:59<19:27,  2.96it/s]phase1_shape_color_acc:  57%|█████▋    | 4546/8000 [24:59<19:36,  2.94it/s]phase1_shape_color_acc:  57%|█████▋    | 4547/8000 [24:59<19:41,  2.92it/s]phase1_shape_color_acc:  57%|█████▋    | 4548/8000 [25:00<19:43,  2.92it/s]phase1_shape_color_acc:  57%|█████▋    | 4549/8000 [25:00<18:40,  3.08it/s]phase1_shape_color_acc:  57%|█████▋    | 4550/8000 [25:00<18:23,  3.13it/s]phase1_shape_color_acc:  57%|█████▋    | 4551/8000 [25:01<18:02,  3.19it/s]phase1_shape_color_acc:  57%|█████▋    | 4552/8000 [25:01<18:39,  3.08it/s]phase1_shape_color_acc:  57%|█████▋    | 4553/8000 [25:01<19:06,  3.01it/s]phase1_shape_color_acc:  57%|█████▋    | 4554/8000 [25:02<19:20,  2.97it/s]phase1_shape_color_acc:  57%|█████▋    | 4555/8000 [25:02<19:28,  2.95it/s]phase1_shape_color_acc:  57%|█████▋    | 4556/8000 [25:02<19:34,  2.93it/s]phase1_shape_color_acc:  57%|█████▋    | 4557/8000 [25:03<19:39,  2.92it/s]phase1_shape_color_acc:  57%|█████▋    | 4558/8000 [25:03<18:59,  3.02it/s]phase1_shape_color_acc:  57%|█████▋    | 4559/8000 [25:03<17:55,  3.20it/s]phase1_shape_color_acc:  57%|█████▋    | 4560/8000 [25:04<17:51,  3.21it/s]phase1_shape_color_acc:  57%|█████▋    | 4561/8000 [25:04<18:11,  3.15it/s]phase1_shape_color_acc:  57%|█████▋    | 4562/8000 [25:04<18:48,  3.05it/s]phase1_shape_color_acc:  57%|█████▋    | 4563/8000 [25:05<19:06,  3.00it/s]phase1_shape_color_acc:  57%|█████▋    | 4564/8000 [25:05<19:18,  2.96it/s]phase1_shape_color_acc:  57%|█████▋    | 4565/8000 [25:05<19:28,  2.94it/s]phase1_shape_color_acc:  57%|█████▋    | 4566/8000 [25:06<19:33,  2.93it/s]phase1_shape_color_acc:  57%|█████▋    | 4567/8000 [25:06<19:36,  2.92it/s]phase1_shape_color_acc:  57%|█████▋    | 4568/8000 [25:06<18:18,  3.12it/s]phase1_shape_color_acc:  57%|█████▋    | 4569/8000 [25:06<18:10,  3.15it/s]phase1_shape_color_acc:  57%|█████▋    | 4570/8000 [25:07<18:25,  3.10it/s]phase1_shape_color_acc:  57%|█████▋    | 4571/8000 [25:07<18:52,  3.03it/s]phase1_shape_color_acc:  57%|█████▋    | 4572/8000 [25:08<19:08,  2.99it/s]phase1_shape_color_acc:  57%|█████▋    | 4573/8000 [25:08<19:19,  2.96it/s]phase1_shape_color_acc:  57%|█████▋    | 4574/8000 [25:08<19:26,  2.94it/s]phase1_shape_color_acc:  57%|█████▋    | 4575/8000 [25:09<19:33,  2.92it/s]phase1_shape_color_acc:  57%|█████▋    | 4576/8000 [25:09<19:24,  2.94it/s]phase1_shape_color_acc:  57%|█████▋    | 4577/8000 [25:09<18:07,  3.15it/s]phase1_shape_color_acc:  57%|█████▋    | 4578/8000 [25:09<18:02,  3.16it/s]phase1_shape_color_acc:  57%|█████▋    | 4579/8000 [25:10<18:16,  3.12it/s]phase1_shape_color_acc:  57%|█████▋    | 4580/8000 [25:10<18:45,  3.04it/s]phase1_shape_color_acc:  57%|█████▋    | 4581/8000 [25:11<19:03,  2.99it/s]phase1_shape_color_acc:  57%|█████▋    | 4582/8000 [25:11<19:15,  2.96it/s]phase1_shape_color_acc:  57%|█████▋    | 4583/8000 [25:11<19:23,  2.94it/s]phase1_shape_color_acc:  57%|█████▋    | 4584/8000 [25:12<19:27,  2.93it/s]phase1_shape_color_acc:  57%|█████▋    | 4585/8000 [25:12<19:23,  2.93it/s]phase1_shape_color_acc:  57%|█████▋    | 4586/8000 [25:12<18:06,  3.14it/s]phase1_shape_color_acc:  57%|█████▋    | 4587/8000 [25:12<17:58,  3.16it/s]phase1_shape_color_acc:  57%|█████▋    | 4588/8000 [25:13<18:13,  3.12it/s]phase1_shape_color_acc:  57%|█████▋    | 4589/8000 [25:13<18:45,  3.03it/s]phase1_shape_color_acc:  57%|█████▋    | 4590/8000 [25:13<19:02,  2.98it/s]phase1_shape_color_acc:  57%|█████▋    | 4591/8000 [25:14<19:12,  2.96it/s]phase1_shape_color_acc:  57%|█████▋    | 4592/8000 [25:14<19:19,  2.94it/s]phase1_shape_color_acc:  57%|█████▋    | 4593/8000 [25:15<19:26,  2.92it/s]phase1_shape_color_acc:  57%|█████▋    | 4594/8000 [25:15<19:29,  2.91it/s]phase1_shape_color_acc:  57%|█████▋    | 4595/8000 [25:15<17:30,  3.24it/s]phase1_shape_color_acc:  57%|█████▋    | 4596/8000 [25:15<17:32,  3.23it/s]phase1_shape_color_acc:  57%|█████▋    | 4597/8000 [25:16<17:34,  3.23it/s]phase1_shape_color_acc:  57%|█████▋    | 4598/8000 [25:16<18:11,  3.12it/s]phase1_shape_color_acc:  57%|█████▋    | 4599/8000 [25:16<18:40,  3.03it/s]phase1_shape_color_acc:  57%|█████▊    | 4600/8000 [25:17<18:56,  2.99it/s]phase1_shape_color_acc:  58%|█████▊    | 4601/8000 [25:17<19:09,  2.96it/s]phase1_shape_color_acc:  58%|█████▊    | 4602/8000 [25:17<19:17,  2.94it/s]phase1_shape_color_acc:  58%|█████▊    | 4603/8000 [25:18<19:22,  2.92it/s]phase1_shape_color_acc:  58%|█████▊    | 4604/8000 [25:18<18:50,  3.00it/s]phase1_shape_color_acc:  58%|█████▊    | 4605/8000 [25:18<18:35,  3.04it/s]phase1_shape_color_acc:  58%|█████▊    | 4606/8000 [25:19<18:15,  3.10it/s]phase1_shape_color_acc:  58%|█████▊    | 4607/8000 [25:19<18:43,  3.02it/s]phase1_shape_color_acc:  58%|█████▊    | 4608/8000 [25:19<19:02,  2.97it/s]phase1_shape_color_acc:  58%|█████▊    | 4609/8000 [25:20<19:12,  2.94it/s]phase1_shape_color_acc:  58%|█████▊    | 4610/8000 [25:20<19:18,  2.93it/s]phase1_shape_color_acc:  58%|█████▊    | 4611/8000 [25:20<19:22,  2.92it/s]phase1_shape_color_acc:  58%|█████▊    | 4612/8000 [25:21<19:24,  2.91it/s]phase1_shape_color_acc:  58%|█████▊    | 4613/8000 [25:21<18:52,  2.99it/s]phase1_shape_color_acc:  58%|█████▊    | 4614/8000 [25:21<18:38,  3.03it/s]phase1_shape_color_acc:  58%|█████▊    | 4615/8000 [25:22<18:20,  3.08it/s]phase1_shape_color_acc:  58%|█████▊    | 4616/8000 [25:22<18:47,  3.00it/s]phase1_shape_color_acc:  58%|█████▊    | 4617/8000 [25:22<19:04,  2.96it/s]phase1_shape_color_acc:  58%|█████▊    | 4618/8000 [25:23<19:10,  2.94it/s]phase1_shape_color_acc:  58%|█████▊    | 4619/8000 [25:23<19:15,  2.93it/s]phase1_shape_color_acc:  58%|█████▊    | 4620/8000 [25:24<19:19,  2.92it/s]phase1_shape_color_acc:  58%|█████▊    | 4621/8000 [25:24<19:23,  2.91it/s]phase1_shape_color_acc:  58%|█████▊    | 4622/8000 [25:24<18:12,  3.09it/s]phase1_shape_color_acc:  58%|█████▊    | 4623/8000 [25:24<17:59,  3.13it/s]phase1_shape_color_acc:  58%|█████▊    | 4624/8000 [25:25<17:40,  3.18it/s]phase1_shape_color_acc:  58%|█████▊    | 4625/8000 [25:25<18:16,  3.08it/s]phase1_shape_color_acc:  58%|█████▊    | 4626/8000 [25:25<18:40,  3.01it/s]phase1_shape_color_acc:  58%|█████▊    | 4627/8000 [25:26<18:57,  2.97it/s]phase1_shape_color_acc:  58%|█████▊    | 4628/8000 [25:26<19:06,  2.94it/s]phase1_shape_color_acc:  58%|█████▊    | 4629/8000 [25:26<19:13,  2.92it/s]phase1_shape_color_acc:  58%|█████▊    | 4630/8000 [25:27<19:15,  2.92it/s]phase1_shape_color_acc:  58%|█████▊    | 4631/8000 [25:27<17:58,  3.13it/s]phase1_shape_color_acc:  58%|█████▊    | 4632/8000 [25:27<16:50,  3.33it/s]phase1_shape_color_acc:  58%|█████▊    | 4633/8000 [25:28<16:55,  3.32it/s]phase1_shape_color_acc:  58%|█████▊    | 4634/8000 [25:28<17:21,  3.23it/s]phase1_shape_color_acc:  58%|█████▊    | 4635/8000 [25:28<18:00,  3.11it/s]phase1_shape_color_acc:  58%|█████▊    | 4636/8000 [25:29<18:28,  3.04it/s]phase1_shape_color_acc:  58%|█████▊    | 4637/8000 [25:29<18:44,  2.99it/s]phase1_shape_color_acc:  58%|█████▊    | 4638/8000 [25:29<18:54,  2.96it/s]phase1_shape_color_acc:  58%|█████▊    | 4639/8000 [25:30<19:03,  2.94it/s]phase1_shape_color_acc:  58%|█████▊    | 4640/8000 [25:30<19:08,  2.93it/s]phase1_shape_color_acc:  58%|█████▊    | 4641/8000 [25:30<17:45,  3.15it/s]phase1_shape_color_acc:  58%|█████▊    | 4642/8000 [25:31<17:37,  3.17it/s]phase1_shape_color_acc:  58%|█████▊    | 4643/8000 [25:31<17:53,  3.13it/s]phase1_shape_color_acc:  58%|█████▊    | 4644/8000 [25:31<18:22,  3.04it/s]phase1_shape_color_acc:  58%|█████▊    | 4645/8000 [25:32<18:44,  2.98it/s]phase1_shape_color_acc:  58%|█████▊    | 4646/8000 [25:32<18:53,  2.96it/s]phase1_shape_color_acc:  58%|█████▊    | 4647/8000 [25:32<19:00,  2.94it/s]phase1_shape_color_acc:  58%|█████▊    | 4648/8000 [25:33<19:06,  2.92it/s]phase1_shape_color_acc:  58%|█████▊    | 4649/8000 [25:33<19:10,  2.91it/s]phase1_shape_color_acc:  58%|█████▊    | 4650/8000 [25:33<17:47,  3.14it/s]phase1_shape_color_acc:  58%|█████▊    | 4651/8000 [25:34<17:39,  3.16it/s]phase1_shape_color_acc:  58%|█████▊    | 4652/8000 [25:34<17:54,  3.12it/s]phase1_shape_color_acc:  58%|█████▊    | 4653/8000 [25:34<18:23,  3.03it/s]phase1_shape_color_acc:  58%|█████▊    | 4654/8000 [25:35<18:43,  2.98it/s]phase1_shape_color_acc:  58%|█████▊    | 4655/8000 [25:35<18:52,  2.95it/s]phase1_shape_color_acc:  58%|█████▊    | 4656/8000 [25:35<18:59,  2.93it/s]phase1_shape_color_acc:  58%|█████▊    | 4657/8000 [25:36<19:04,  2.92it/s]phase1_shape_color_acc:  58%|█████▊    | 4658/8000 [25:36<19:09,  2.91it/s]phase1_shape_color_acc:  58%|█████▊    | 4659/8000 [25:36<17:44,  3.14it/s]phase1_shape_color_acc:  58%|█████▊    | 4660/8000 [25:37<17:39,  3.15it/s]phase1_shape_color_acc:  58%|█████▊    | 4661/8000 [25:37<17:56,  3.10it/s]phase1_shape_color_acc:  58%|█████▊    | 4662/8000 [25:37<18:25,  3.02it/s]phase1_shape_color_acc:  58%|█████▊    | 4663/8000 [25:38<18:45,  2.97it/s]phase1_shape_color_acc:  58%|█████▊    | 4664/8000 [25:38<18:55,  2.94it/s]phase1_shape_color_acc:  58%|█████▊    | 4665/8000 [25:38<19:03,  2.92it/s]phase1_shape_color_acc:  58%|█████▊    | 4666/8000 [25:39<19:08,  2.90it/s]phase1_shape_color_acc:  58%|█████▊    | 4667/8000 [25:39<19:09,  2.90it/s]phase1_shape_color_acc:  58%|█████▊    | 4668/8000 [25:39<17:13,  3.22it/s]phase1_shape_color_acc:  58%|█████▊    | 4669/8000 [25:40<17:11,  3.23it/s]phase1_shape_color_acc:  58%|█████▊    | 4670/8000 [25:40<17:18,  3.21it/s]phase1_shape_color_acc:  58%|█████▊    | 4671/8000 [25:40<17:51,  3.11it/s]phase1_shape_color_acc:  58%|█████▊    | 4672/8000 [25:41<18:18,  3.03it/s]phase1_shape_color_acc:  58%|█████▊    | 4673/8000 [25:41<18:35,  2.98it/s]phase1_shape_color_acc:  58%|█████▊    | 4674/8000 [25:41<18:43,  2.96it/s]phase1_shape_color_acc:  58%|█████▊    | 4675/8000 [25:42<18:51,  2.94it/s]phase1_shape_color_acc:  58%|█████▊    | 4676/8000 [25:42<18:56,  2.92it/s]phase1_shape_color_acc:  58%|█████▊    | 4677/8000 [25:42<17:52,  3.10it/s]phase1_shape_color_acc:  58%|█████▊    | 4678/8000 [25:43<17:38,  3.14it/s]phase1_shape_color_acc:  58%|█████▊    | 4679/8000 [25:43<17:31,  3.16it/s]phase1_shape_color_acc:  58%|█████▊    | 4680/8000 [25:43<18:00,  3.07it/s]phase1_shape_color_acc:  59%|█████▊    | 4681/8000 [25:44<18:24,  3.00it/s]phase1_shape_color_acc:  59%|█████▊    | 4682/8000 [25:44<18:35,  2.97it/s]phase1_shape_color_acc:  59%|█████▊    | 4683/8000 [25:44<18:44,  2.95it/s]phase1_shape_color_acc:  59%|█████▊    | 4684/8000 [25:45<18:51,  2.93it/s]phase1_shape_color_acc:  59%|█████▊    | 4685/8000 [25:45<18:55,  2.92it/s]phase1_shape_color_acc:  59%|█████▊    | 4686/8000 [25:45<17:55,  3.08it/s]phase1_shape_color_acc:  59%|█████▊    | 4687/8000 [25:46<17:42,  3.12it/s]phase1_shape_color_acc:  59%|█████▊    | 4688/8000 [25:46<17:23,  3.17it/s]phase1_shape_color_acc:  59%|█████▊    | 4689/8000 [25:46<17:57,  3.07it/s]phase1_shape_color_acc:  59%|█████▊    | 4690/8000 [25:47<18:20,  3.01it/s]phase1_shape_color_acc:  59%|█████▊    | 4691/8000 [25:47<18:32,  2.97it/s]phase1_shape_color_acc:  59%|█████▊    | 4692/8000 [25:47<18:42,  2.95it/s]phase1_shape_color_acc:  59%|█████▊    | 4693/8000 [25:48<18:49,  2.93it/s]phase1_shape_color_acc:  59%|█████▊    | 4694/8000 [25:48<18:51,  2.92it/s]phase1_shape_color_acc:  59%|█████▊    | 4695/8000 [25:48<18:21,  3.00it/s]phase1_shape_color_acc:  59%|█████▊    | 4696/8000 [25:49<18:07,  3.04it/s]phase1_shape_color_acc:  59%|█████▊    | 4697/8000 [25:49<17:50,  3.09it/s]phase1_shape_color_acc:  59%|█████▊    | 4698/8000 [25:49<18:15,  3.01it/s]phase1_shape_color_acc:  59%|█████▊    | 4699/8000 [25:50<18:32,  2.97it/s]phase1_shape_color_acc:  59%|█████▉    | 4700/8000 [25:50<18:39,  2.95it/s]phase1_shape_color_acc:  59%|█████▉    | 4701/8000 [25:50<18:46,  2.93it/s]phase1_shape_color_acc:  59%|█████▉    | 4702/8000 [25:51<18:49,  2.92it/s]phase1_shape_color_acc:  59%|█████▉    | 4703/8000 [25:51<18:51,  2.91it/s]phase1_shape_color_acc:  59%|█████▉    | 4704/8000 [25:51<18:15,  3.01it/s]phase1_shape_color_acc:  59%|█████▉    | 4705/8000 [25:52<17:16,  3.18it/s]phase1_shape_color_acc:  59%|█████▉    | 4706/8000 [25:52<17:10,  3.20it/s]phase1_shape_color_acc:  59%|█████▉    | 4707/8000 [25:52<17:23,  3.16it/s]phase1_shape_color_acc:  59%|█████▉    | 4708/8000 [25:53<17:54,  3.06it/s]phase1_shape_color_acc:  59%|█████▉    | 4709/8000 [25:53<18:14,  3.01it/s]phase1_shape_color_acc:  59%|█████▉    | 4710/8000 [25:53<18:27,  2.97it/s]phase1_shape_color_acc:  59%|█████▉    | 4711/8000 [25:54<18:35,  2.95it/s]phase1_shape_color_acc:  59%|█████▉    | 4712/8000 [25:54<18:41,  2.93it/s]phase1_shape_color_acc:  59%|█████▉    | 4713/8000 [25:54<18:46,  2.92it/s]phase1_shape_color_acc:  59%|█████▉    | 4714/8000 [25:55<17:29,  3.13it/s]phase1_shape_color_acc:  59%|█████▉    | 4715/8000 [25:55<17:21,  3.16it/s]phase1_shape_color_acc:  59%|█████▉    | 4716/8000 [25:55<17:27,  3.13it/s]phase1_shape_color_acc:  59%|█████▉    | 4717/8000 [25:55<17:55,  3.05it/s]phase1_shape_color_acc:  59%|█████▉    | 4718/8000 [25:56<18:13,  3.00it/s]phase1_shape_color_acc:  59%|█████▉    | 4719/8000 [25:56<18:24,  2.97it/s]phase1_shape_color_acc:  59%|█████▉    | 4720/8000 [25:57<18:32,  2.95it/s]phase1_shape_color_acc:  59%|█████▉    | 4721/8000 [25:57<18:41,  2.92it/s]phase1_shape_color_acc:  59%|█████▉    | 4722/8000 [25:57<18:44,  2.92it/s]phase1_shape_color_acc:  59%|█████▉    | 4723/8000 [25:57<17:31,  3.12it/s]phase1_shape_color_acc:  59%|█████▉    | 4724/8000 [25:58<17:20,  3.15it/s]phase1_shape_color_acc:  59%|█████▉    | 4725/8000 [25:58<17:24,  3.14it/s]phase1_shape_color_acc:  59%|█████▉    | 4726/8000 [25:58<17:54,  3.05it/s]phase1_shape_color_acc:  59%|█████▉    | 4727/8000 [25:59<18:14,  2.99it/s]phase1_shape_color_acc:  59%|█████▉    | 4728/8000 [25:59<18:24,  2.96it/s]phase1_shape_color_acc:  59%|█████▉    | 4729/8000 [26:00<18:33,  2.94it/s]phase1_shape_color_acc:  59%|█████▉    | 4730/8000 [26:00<18:36,  2.93it/s]phase1_shape_color_acc:  59%|█████▉    | 4731/8000 [26:00<18:42,  2.91it/s]phase1_shape_color_acc:  59%|█████▉    | 4732/8000 [26:00<17:25,  3.13it/s]phase1_shape_color_acc:  59%|█████▉    | 4733/8000 [26:01<17:19,  3.14it/s]phase1_shape_color_acc:  59%|█████▉    | 4734/8000 [26:01<17:28,  3.12it/s]phase1_shape_color_acc:  59%|█████▉    | 4735/8000 [26:01<17:54,  3.04it/s]phase1_shape_color_acc:  59%|█████▉    | 4736/8000 [26:02<18:15,  2.98it/s]phase1_shape_color_acc:  59%|█████▉    | 4737/8000 [26:02<18:25,  2.95it/s]phase1_shape_color_acc:  59%|█████▉    | 4738/8000 [26:02<18:32,  2.93it/s]phase1_shape_color_acc:  59%|█████▉    | 4739/8000 [26:03<18:36,  2.92it/s]phase1_shape_color_acc:  59%|█████▉    | 4740/8000 [26:03<18:38,  2.91it/s]phase1_shape_color_acc:  59%|█████▉    | 4741/8000 [26:03<17:17,  3.14it/s]phase1_shape_color_acc:  59%|█████▉    | 4742/8000 [26:04<16:33,  3.28it/s]phase1_shape_color_acc:  59%|█████▉    | 4743/8000 [26:04<16:37,  3.27it/s]phase1_shape_color_acc:  59%|█████▉    | 4744/8000 [26:04<17:03,  3.18it/s]phase1_shape_color_acc:  59%|█████▉    | 4745/8000 [26:05<17:37,  3.08it/s]phase1_shape_color_acc:  59%|█████▉    | 4746/8000 [26:05<17:56,  3.02it/s]phase1_shape_color_acc:  59%|█████▉    | 4747/8000 [26:05<18:10,  2.98it/s]phase1_shape_color_acc:  59%|█████▉    | 4748/8000 [26:06<18:20,  2.96it/s]phase1_shape_color_acc:  59%|█████▉    | 4749/8000 [26:06<18:27,  2.93it/s]phase1_shape_color_acc:  59%|█████▉    | 4750/8000 [26:06<18:30,  2.93it/s]phase1_shape_color_acc:  59%|█████▉    | 4751/8000 [26:07<17:10,  3.15it/s]phase1_shape_color_acc:  59%|█████▉    | 4752/8000 [26:07<17:03,  3.17it/s]phase1_shape_color_acc:  59%|█████▉    | 4753/8000 [26:07<17:14,  3.14it/s]phase1_shape_color_acc:  59%|█████▉    | 4754/8000 [26:08<17:42,  3.06it/s]phase1_shape_color_acc:  59%|█████▉    | 4755/8000 [26:08<18:00,  3.00it/s]phase1_shape_color_acc:  59%|█████▉    | 4756/8000 [26:08<18:11,  2.97it/s]phase1_shape_color_acc:  59%|█████▉    | 4757/8000 [26:09<18:22,  2.94it/s]phase1_shape_color_acc:  59%|█████▉    | 4758/8000 [26:09<18:26,  2.93it/s]phase1_shape_color_acc:  59%|█████▉    | 4759/8000 [26:09<18:30,  2.92it/s]phase1_shape_color_acc:  60%|█████▉    | 4760/8000 [26:10<17:15,  3.13it/s]phase1_shape_color_acc:  60%|█████▉    | 4761/8000 [26:10<17:06,  3.15it/s]phase1_shape_color_acc:  60%|█████▉    | 4762/8000 [26:10<17:11,  3.14it/s]phase1_shape_color_acc:  60%|█████▉    | 4763/8000 [26:11<17:37,  3.06it/s]phase1_shape_color_acc:  60%|█████▉    | 4764/8000 [26:11<17:58,  3.00it/s]phase1_shape_color_acc:  60%|█████▉    | 4765/8000 [26:11<18:11,  2.96it/s]phase1_shape_color_acc:  60%|█████▉    | 4766/8000 [26:12<18:17,  2.95it/s]phase1_shape_color_acc:  60%|█████▉    | 4767/8000 [26:12<18:22,  2.93it/s]phase1_shape_color_acc:  60%|█████▉    | 4768/8000 [26:12<18:26,  2.92it/s]phase1_shape_color_acc:  60%|█████▉    | 4769/8000 [26:13<17:25,  3.09it/s]phase1_shape_color_acc:  60%|█████▉    | 4770/8000 [26:13<17:11,  3.13it/s]phase1_shape_color_acc:  60%|█████▉    | 4771/8000 [26:13<17:02,  3.16it/s]phase1_shape_color_acc:  60%|█████▉    | 4772/8000 [26:14<17:29,  3.08it/s]phase1_shape_color_acc:  60%|█████▉    | 4773/8000 [26:14<17:53,  3.01it/s]phase1_shape_color_acc:  60%|█████▉    | 4774/8000 [26:14<18:05,  2.97it/s]phase1_shape_color_acc:  60%|█████▉    | 4775/8000 [26:15<18:14,  2.95it/s]phase1_shape_color_acc:  60%|█████▉    | 4776/8000 [26:15<18:19,  2.93it/s]phase1_shape_color_acc:  60%|█████▉    | 4777/8000 [26:15<18:24,  2.92it/s]phase1_shape_color_acc:  60%|█████▉    | 4778/8000 [26:16<17:46,  3.02it/s]phase1_shape_color_acc:  60%|█████▉    | 4779/8000 [26:16<16:00,  3.35it/s]phase1_shape_color_acc:  60%|█████▉    | 4780/8000 [26:16<16:10,  3.32it/s]phase1_shape_color_acc:  60%|█████▉    | 4781/8000 [26:17<16:32,  3.24it/s]phase1_shape_color_acc:  60%|█████▉    | 4782/8000 [26:17<17:07,  3.13it/s]phase1_shape_color_acc:  60%|█████▉    | 4783/8000 [26:17<17:33,  3.05it/s]phase1_shape_color_acc:  60%|█████▉    | 4784/8000 [26:18<17:51,  3.00it/s]phase1_shape_color_acc:  60%|█████▉    | 4785/8000 [26:18<18:04,  2.96it/s]phase1_shape_color_acc:  60%|█████▉    | 4786/8000 [26:18<18:13,  2.94it/s]phase1_shape_color_acc:  60%|█████▉    | 4787/8000 [26:19<18:18,  2.93it/s]phase1_shape_color_acc:  60%|█████▉    | 4788/8000 [26:19<17:02,  3.14it/s]phase1_shape_color_acc:  60%|█████▉    | 4789/8000 [26:19<16:55,  3.16it/s]phase1_shape_color_acc:  60%|█████▉    | 4790/8000 [26:20<17:04,  3.13it/s]phase1_shape_color_acc:  60%|█████▉    | 4791/8000 [26:20<17:30,  3.05it/s]phase1_shape_color_acc:  60%|█████▉    | 4792/8000 [26:20<17:51,  3.00it/s]phase1_shape_color_acc:  60%|█████▉    | 4793/8000 [26:21<18:02,  2.96it/s]phase1_shape_color_acc:  60%|█████▉    | 4794/8000 [26:21<18:10,  2.94it/s]phase1_shape_color_acc:  60%|█████▉    | 4795/8000 [26:21<18:15,  2.93it/s]phase1_shape_color_acc:  60%|█████▉    | 4796/8000 [26:22<18:18,  2.92it/s]phase1_shape_color_acc:  60%|█████▉    | 4797/8000 [26:22<17:04,  3.13it/s]phase1_shape_color_acc:  60%|█████▉    | 4798/8000 [26:22<16:53,  3.16it/s]phase1_shape_color_acc:  60%|█████▉    | 4799/8000 [26:22<16:37,  3.21it/s]phase1_shape_color_acc:  60%|██████    | 4800/8000 [26:23<17:10,  3.10it/s]phase1_shape_color_acc:  60%|██████    | 4801/8000 [26:23<17:39,  3.02it/s]phase1_shape_color_acc:  60%|██████    | 4802/8000 [26:24<17:57,  2.97it/s]phase1_shape_color_acc:  60%|██████    | 4803/8000 [26:24<18:03,  2.95it/s]phase1_shape_color_acc:  60%|██████    | 4804/8000 [26:24<18:09,  2.93it/s]phase1_shape_color_acc:  60%|██████    | 4805/8000 [26:25<18:14,  2.92it/s]phase1_shape_color_acc:  60%|██████    | 4806/8000 [26:25<17:31,  3.04it/s]phase1_shape_color_acc:  60%|██████    | 4807/8000 [26:25<17:19,  3.07it/s]phase1_shape_color_acc:  60%|██████    | 4808/8000 [26:25<17:03,  3.12it/s]phase1_shape_color_acc:  60%|██████    | 4809/8000 [26:26<17:28,  3.04it/s]phase1_shape_color_acc:  60%|██████    | 4810/8000 [26:26<17:48,  2.98it/s]phase1_shape_color_acc:  60%|██████    | 4811/8000 [26:27<17:57,  2.96it/s]phase1_shape_color_acc:  60%|██████    | 4812/8000 [26:27<18:04,  2.94it/s]phase1_shape_color_acc:  60%|██████    | 4813/8000 [26:27<18:10,  2.92it/s]phase1_shape_color_acc:  60%|██████    | 4814/8000 [26:28<18:13,  2.91it/s]phase1_shape_color_acc:  60%|██████    | 4815/8000 [26:28<17:02,  3.12it/s]phase1_shape_color_acc:  60%|██████    | 4816/8000 [26:28<16:14,  3.27it/s]phase1_shape_color_acc:  60%|██████    | 4817/8000 [26:28<16:19,  3.25it/s]phase1_shape_color_acc:  60%|██████    | 4818/8000 [26:29<16:39,  3.18it/s]phase1_shape_color_acc:  60%|██████    | 4819/8000 [26:29<17:10,  3.09it/s]phase1_shape_color_acc:  60%|██████    | 4820/8000 [26:29<17:30,  3.03it/s]phase1_shape_color_acc:  60%|██████    | 4821/8000 [26:30<17:45,  2.98it/s]phase1_shape_color_acc:  60%|██████    | 4822/8000 [26:30<17:53,  2.96it/s]phase1_shape_color_acc:  60%|██████    | 4823/8000 [26:30<18:01,  2.94it/s]phase1_shape_color_acc:  60%|██████    | 4824/8000 [26:31<17:59,  2.94it/s]phase1_shape_color_acc:  60%|██████    | 4825/8000 [26:31<16:56,  3.12it/s]phase1_shape_color_acc:  60%|██████    | 4826/8000 [26:31<16:46,  3.15it/s]phase1_shape_color_acc:  60%|██████    | 4827/8000 [26:32<16:56,  3.12it/s]phase1_shape_color_acc:  60%|██████    | 4828/8000 [26:32<17:20,  3.05it/s]phase1_shape_color_acc:  60%|██████    | 4829/8000 [26:32<17:37,  3.00it/s]phase1_shape_color_acc:  60%|██████    | 4830/8000 [26:33<17:49,  2.96it/s]phase1_shape_color_acc:  60%|██████    | 4831/8000 [26:33<17:56,  2.94it/s]phase1_shape_color_acc:  60%|██████    | 4832/8000 [26:33<18:01,  2.93it/s]phase1_shape_color_acc:  60%|██████    | 4833/8000 [26:34<17:58,  2.94it/s]phase1_shape_color_acc:  60%|██████    | 4834/8000 [26:34<16:50,  3.13it/s]phase1_shape_color_acc:  60%|██████    | 4835/8000 [26:34<16:41,  3.16it/s]phase1_shape_color_acc:  60%|██████    | 4836/8000 [26:35<16:57,  3.11it/s]phase1_shape_color_acc:  60%|██████    | 4837/8000 [26:35<17:24,  3.03it/s]phase1_shape_color_acc:  60%|██████    | 4838/8000 [26:35<17:40,  2.98it/s]phase1_shape_color_acc:  60%|██████    | 4839/8000 [26:36<17:48,  2.96it/s]phase1_shape_color_acc:  60%|██████    | 4840/8000 [26:36<17:55,  2.94it/s]phase1_shape_color_acc:  61%|██████    | 4841/8000 [26:36<18:01,  2.92it/s]phase1_shape_color_acc:  61%|██████    | 4842/8000 [26:37<18:04,  2.91it/s]phase1_shape_color_acc:  61%|██████    | 4843/8000 [26:37<16:51,  3.12it/s]phase1_shape_color_acc:  61%|██████    | 4844/8000 [26:37<16:41,  3.15it/s]phase1_shape_color_acc:  61%|██████    | 4845/8000 [26:38<16:52,  3.12it/s]phase1_shape_color_acc:  61%|██████    | 4846/8000 [26:38<17:15,  3.05it/s]phase1_shape_color_acc:  61%|██████    | 4847/8000 [26:38<17:32,  3.00it/s]phase1_shape_color_acc:  61%|██████    | 4848/8000 [26:39<17:42,  2.97it/s]phase1_shape_color_acc:  61%|██████    | 4849/8000 [26:39<17:51,  2.94it/s]phase1_shape_color_acc:  61%|██████    | 4850/8000 [26:39<17:56,  2.93it/s]phase1_shape_color_acc:  61%|██████    | 4851/8000 [26:40<17:59,  2.92it/s]phase1_shape_color_acc:  61%|██████    | 4852/8000 [26:40<15:42,  3.34it/s]phase1_shape_color_acc:  61%|██████    | 4853/8000 [26:40<15:52,  3.31it/s]phase1_shape_color_acc:  61%|██████    | 4854/8000 [26:41<15:48,  3.32it/s]phase1_shape_color_acc:  61%|██████    | 4855/8000 [26:41<16:29,  3.18it/s]phase1_shape_color_acc:  61%|██████    | 4856/8000 [26:41<16:55,  3.10it/s]phase1_shape_color_acc:  61%|██████    | 4857/8000 [26:42<17:17,  3.03it/s]phase1_shape_color_acc:  61%|██████    | 4858/8000 [26:42<17:32,  2.99it/s]phase1_shape_color_acc:  61%|██████    | 4859/8000 [26:42<17:41,  2.96it/s]phase1_shape_color_acc:  61%|██████    | 4860/8000 [26:43<17:48,  2.94it/s]phase1_shape_color_acc:  61%|██████    | 4861/8000 [26:43<17:34,  2.98it/s]phase1_shape_color_acc:  61%|██████    | 4862/8000 [26:43<16:31,  3.16it/s]phase1_shape_color_acc:  61%|██████    | 4863/8000 [26:44<16:25,  3.18it/s]phase1_shape_color_acc:  61%|██████    | 4864/8000 [26:44<16:39,  3.14it/s]phase1_shape_color_acc:  61%|██████    | 4865/8000 [26:44<17:08,  3.05it/s]phase1_shape_color_acc:  61%|██████    | 4866/8000 [26:45<17:17,  3.02it/s]phase1_shape_color_acc:  61%|██████    | 4867/8000 [26:45<17:30,  2.98it/s]phase1_shape_color_acc:  61%|██████    | 4868/8000 [26:45<17:39,  2.96it/s]phase1_shape_color_acc:  61%|██████    | 4869/8000 [26:46<17:46,  2.93it/s]phase1_shape_color_acc:  61%|██████    | 4870/8000 [26:46<17:49,  2.93it/s]phase1_shape_color_acc:  61%|██████    | 4871/8000 [26:46<16:38,  3.13it/s]phase1_shape_color_acc:  61%|██████    | 4872/8000 [26:47<16:31,  3.16it/s]phase1_shape_color_acc:  61%|██████    | 4873/8000 [26:47<16:45,  3.11it/s]phase1_shape_color_acc:  61%|██████    | 4874/8000 [26:47<17:12,  3.03it/s]phase1_shape_color_acc:  61%|██████    | 4875/8000 [26:48<17:18,  3.01it/s]phase1_shape_color_acc:  61%|██████    | 4876/8000 [26:48<17:30,  2.97it/s]phase1_shape_color_acc:  61%|██████    | 4877/8000 [26:48<17:39,  2.95it/s]phase1_shape_color_acc:  61%|██████    | 4878/8000 [26:49<17:46,  2.93it/s]phase1_shape_color_acc:  61%|██████    | 4879/8000 [26:49<17:49,  2.92it/s]phase1_shape_color_acc:  61%|██████    | 4880/8000 [26:49<16:38,  3.12it/s]phase1_shape_color_acc:  61%|██████    | 4881/8000 [26:49<16:33,  3.14it/s]phase1_shape_color_acc:  61%|██████    | 4882/8000 [26:50<16:44,  3.10it/s]phase1_shape_color_acc:  61%|██████    | 4883/8000 [26:50<17:06,  3.04it/s]phase1_shape_color_acc:  61%|██████    | 4884/8000 [26:51<17:14,  3.01it/s]phase1_shape_color_acc:  61%|██████    | 4885/8000 [26:51<17:28,  2.97it/s]phase1_shape_color_acc:  61%|██████    | 4886/8000 [26:51<17:36,  2.95it/s]phase1_shape_color_acc:  61%|██████    | 4887/8000 [26:52<17:41,  2.93it/s]phase1_shape_color_acc:  61%|██████    | 4888/8000 [26:52<17:45,  2.92it/s]phase1_shape_color_acc:  61%|██████    | 4889/8000 [26:52<15:59,  3.24it/s]phase1_shape_color_acc:  61%|██████    | 4890/8000 [26:52<16:00,  3.24it/s]phase1_shape_color_acc:  61%|██████    | 4891/8000 [26:53<16:00,  3.24it/s]phase1_shape_color_acc:  61%|██████    | 4892/8000 [26:53<16:34,  3.13it/s]phase1_shape_color_acc:  61%|██████    | 4893/8000 [26:53<17:02,  3.04it/s]phase1_shape_color_acc:  61%|██████    | 4894/8000 [26:54<17:18,  2.99it/s]phase1_shape_color_acc:  61%|██████    | 4895/8000 [26:54<17:28,  2.96it/s]phase1_shape_color_acc:  61%|██████    | 4896/8000 [26:54<17:35,  2.94it/s]phase1_shape_color_acc:  61%|██████    | 4897/8000 [26:55<17:41,  2.92it/s]phase1_shape_color_acc:  61%|██████    | 4898/8000 [26:55<16:41,  3.10it/s]phase1_shape_color_acc:  61%|██████    | 4899/8000 [26:55<16:29,  3.13it/s]phase1_shape_color_acc:  61%|██████▏   | 4900/8000 [26:56<16:11,  3.19it/s]phase1_shape_color_acc:  61%|██████▏   | 4901/8000 [26:56<16:45,  3.08it/s]phase1_shape_color_acc:  61%|██████▏   | 4902/8000 [26:56<17:10,  3.01it/s]phase1_shape_color_acc:  61%|██████▏   | 4903/8000 [26:57<17:21,  2.97it/s]phase1_shape_color_acc:  61%|██████▏   | 4904/8000 [26:57<17:29,  2.95it/s]phase1_shape_color_acc:  61%|██████▏   | 4905/8000 [26:57<17:36,  2.93it/s]phase1_shape_color_acc:  61%|██████▏   | 4906/8000 [26:58<17:38,  2.92it/s]phase1_shape_color_acc:  61%|██████▏   | 4907/8000 [26:58<17:10,  3.00it/s]phase1_shape_color_acc:  61%|██████▏   | 4908/8000 [26:58<16:54,  3.05it/s]phase1_shape_color_acc:  61%|██████▏   | 4909/8000 [26:59<16:39,  3.09it/s]phase1_shape_color_acc:  61%|██████▏   | 4910/8000 [26:59<17:00,  3.03it/s]phase1_shape_color_acc:  61%|██████▏   | 4911/8000 [26:59<17:17,  2.98it/s]phase1_shape_color_acc:  61%|██████▏   | 4912/8000 [27:00<17:26,  2.95it/s]phase1_shape_color_acc:  61%|██████▏   | 4913/8000 [27:00<17:32,  2.93it/s]phase1_shape_color_acc:  61%|██████▏   | 4914/8000 [27:00<17:37,  2.92it/s]phase1_shape_color_acc:  61%|██████▏   | 4915/8000 [27:01<17:39,  2.91it/s]phase1_shape_color_acc:  61%|██████▏   | 4916/8000 [27:01<16:40,  3.08it/s]phase1_shape_color_acc:  61%|██████▏   | 4917/8000 [27:01<16:28,  3.12it/s]phase1_shape_color_acc:  61%|██████▏   | 4918/8000 [27:02<16:08,  3.18it/s]phase1_shape_color_acc:  61%|██████▏   | 4919/8000 [27:02<16:37,  3.09it/s]phase1_shape_color_acc:  62%|██████▏   | 4920/8000 [27:02<17:02,  3.01it/s]phase1_shape_color_acc:  62%|██████▏   | 4921/8000 [27:03<17:15,  2.97it/s]phase1_shape_color_acc:  62%|██████▏   | 4922/8000 [27:03<17:23,  2.95it/s]phase1_shape_color_acc:  62%|██████▏   | 4923/8000 [27:03<17:29,  2.93it/s]phase1_shape_color_acc:  62%|██████▏   | 4924/8000 [27:04<17:32,  2.92it/s]phase1_shape_color_acc:  62%|██████▏   | 4925/8000 [27:04<16:24,  3.12it/s]phase1_shape_color_acc:  62%|██████▏   | 4926/8000 [27:04<15:30,  3.31it/s]phase1_shape_color_acc:  62%|██████▏   | 4927/8000 [27:05<15:35,  3.28it/s]phase1_shape_color_acc:  62%|██████▏   | 4928/8000 [27:05<15:58,  3.21it/s]phase1_shape_color_acc:  62%|██████▏   | 4929/8000 [27:05<16:30,  3.10it/s]phase1_shape_color_acc:  62%|██████▏   | 4930/8000 [27:06<16:52,  3.03it/s]phase1_shape_color_acc:  62%|██████▏   | 4931/8000 [27:06<17:06,  2.99it/s]phase1_shape_color_acc:  62%|██████▏   | 4932/8000 [27:06<17:16,  2.96it/s]phase1_shape_color_acc:  62%|██████▏   | 4933/8000 [27:07<17:23,  2.94it/s]phase1_shape_color_acc:  62%|██████▏   | 4934/8000 [27:07<17:26,  2.93it/s]phase1_shape_color_acc:  62%|██████▏   | 4935/8000 [27:07<16:19,  3.13it/s]phase1_shape_color_acc:  62%|██████▏   | 4936/8000 [27:08<16:13,  3.15it/s]phase1_shape_color_acc:  62%|██████▏   | 4937/8000 [27:08<16:26,  3.10it/s]phase1_shape_color_acc:  62%|██████▏   | 4938/8000 [27:08<16:52,  3.03it/s]phase1_shape_color_acc:  62%|██████▏   | 4939/8000 [27:09<17:05,  2.98it/s]phase1_shape_color_acc:  62%|██████▏   | 4940/8000 [27:09<17:18,  2.95it/s]phase1_shape_color_acc:  62%|██████▏   | 4941/8000 [27:09<17:25,  2.93it/s]phase1_shape_color_acc:  62%|██████▏   | 4942/8000 [27:10<17:29,  2.91it/s]phase1_shape_color_acc:  62%|██████▏   | 4943/8000 [27:10<17:31,  2.91it/s]phase1_shape_color_acc:  62%|██████▏   | 4944/8000 [27:10<16:11,  3.15it/s]phase1_shape_color_acc:  62%|██████▏   | 4945/8000 [27:11<16:04,  3.17it/s]phase1_shape_color_acc:  62%|██████▏   | 4946/8000 [27:11<16:16,  3.13it/s]phase1_shape_color_acc:  62%|██████▏   | 4947/8000 [27:11<16:42,  3.04it/s]phase1_shape_color_acc:  62%|██████▏   | 4948/8000 [27:12<16:58,  3.00it/s]phase1_shape_color_acc:  62%|██████▏   | 4949/8000 [27:12<17:10,  2.96it/s]phase1_shape_color_acc:  62%|██████▏   | 4950/8000 [27:12<17:15,  2.94it/s]phase1_shape_color_acc:  62%|██████▏   | 4951/8000 [27:13<17:20,  2.93it/s]phase1_shape_color_acc:  62%|██████▏   | 4952/8000 [27:13<17:24,  2.92it/s]phase1_shape_color_acc:  62%|██████▏   | 4953/8000 [27:13<16:14,  3.13it/s]phase1_shape_color_acc:  62%|██████▏   | 4954/8000 [27:14<16:03,  3.16it/s]phase1_shape_color_acc:  62%|██████▏   | 4955/8000 [27:14<16:08,  3.14it/s]phase1_shape_color_acc:  62%|██████▏   | 4956/8000 [27:14<16:36,  3.05it/s]phase1_shape_color_acc:  62%|██████▏   | 4957/8000 [27:15<16:57,  2.99it/s]phase1_shape_color_acc:  62%|██████▏   | 4958/8000 [27:15<17:07,  2.96it/s]phase1_shape_color_acc:  62%|██████▏   | 4959/8000 [27:15<17:13,  2.94it/s]phase1_shape_color_acc:  62%|██████▏   | 4960/8000 [27:16<17:18,  2.93it/s]phase1_shape_color_acc:  62%|██████▏   | 4961/8000 [27:16<17:24,  2.91it/s]phase1_shape_color_acc:  62%|██████▏   | 4962/8000 [27:16<15:50,  3.20it/s]phase1_shape_color_acc:  62%|██████▏   | 4963/8000 [27:17<15:41,  3.23it/s]phase1_shape_color_acc:  62%|██████▏   | 4964/8000 [27:17<15:46,  3.21it/s]phase1_shape_color_acc:  62%|██████▏   | 4965/8000 [27:17<16:19,  3.10it/s]phase1_shape_color_acc:  62%|██████▏   | 4966/8000 [27:18<16:43,  3.02it/s]phase1_shape_color_acc:  62%|██████▏   | 4967/8000 [27:18<16:56,  2.98it/s]phase1_shape_color_acc:  62%|██████▏   | 4968/8000 [27:18<17:04,  2.96it/s]phase1_shape_color_acc:  62%|██████▏   | 4969/8000 [27:19<17:11,  2.94it/s]phase1_shape_color_acc:  62%|██████▏   | 4970/8000 [27:19<17:14,  2.93it/s]phase1_shape_color_acc:  62%|██████▏   | 4971/8000 [27:19<16:52,  2.99it/s]phase1_shape_color_acc:  62%|██████▏   | 4972/8000 [27:19<15:44,  3.21it/s]phase1_shape_color_acc:  62%|██████▏   | 4973/8000 [27:20<15:42,  3.21it/s]phase1_shape_color_acc:  62%|██████▏   | 4974/8000 [27:20<15:56,  3.16it/s]phase1_shape_color_acc:  62%|██████▏   | 4975/8000 [27:20<16:24,  3.07it/s]phase1_shape_color_acc:  62%|██████▏   | 4976/8000 [27:21<16:45,  3.01it/s]phase1_shape_color_acc:  62%|██████▏   | 4977/8000 [27:21<16:57,  2.97it/s]phase1_shape_color_acc:  62%|██████▏   | 4978/8000 [27:22<17:03,  2.95it/s]phase1_shape_color_acc:  62%|██████▏   | 4979/8000 [27:22<17:12,  2.93it/s]phase1_shape_color_acc:  62%|██████▏   | 4980/8000 [27:22<17:20,  2.90it/s]phase1_shape_color_acc:  62%|██████▏   | 4981/8000 [27:22<16:08,  3.12it/s]phase1_shape_color_acc:  62%|██████▏   | 4982/8000 [27:23<15:58,  3.15it/s]phase1_shape_color_acc:  62%|██████▏   | 4983/8000 [27:23<16:02,  3.13it/s]phase1_shape_color_acc:  62%|██████▏   | 4984/8000 [27:23<16:31,  3.04it/s]phase1_shape_color_acc:  62%|██████▏   | 4985/8000 [27:24<16:47,  2.99it/s]phase1_shape_color_acc:  62%|██████▏   | 4986/8000 [27:24<16:56,  2.97it/s]phase1_shape_color_acc:  62%|██████▏   | 4987/8000 [27:25<17:03,  2.94it/s]phase1_shape_color_acc:  62%|██████▏   | 4988/8000 [27:25<17:08,  2.93it/s]phase1_shape_color_acc:  62%|██████▏   | 4989/8000 [27:25<17:12,  2.92it/s]phase1_shape_color_acc:  62%|██████▏   | 4990/8000 [27:25<16:03,  3.12it/s]phase1_shape_color_acc:  62%|██████▏   | 4991/8000 [27:26<15:53,  3.16it/s]phase1_shape_color_acc:  62%|██████▏   | 4992/8000 [27:26<15:58,  3.14it/s]phase1_shape_color_acc:  62%|██████▏   | 4993/8000 [27:26<16:24,  3.05it/s]phase1_shape_color_acc:  62%|██████▏   | 4994/8000 [27:27<16:44,  2.99it/s]phase1_shape_color_acc:  62%|██████▏   | 4995/8000 [27:27<16:54,  2.96it/s]phase1_shape_color_acc:  62%|██████▏   | 4996/8000 [27:27<17:01,  2.94it/s]phase1_shape_color_acc:  62%|██████▏   | 4997/8000 [27:28<17:06,  2.93it/s]phase1_shape_color_acc:  62%|██████▏   | 4998/8000 [27:28<17:10,  2.91it/s]phase1_shape_color_acc:  62%|██████▏   | 4999/8000 [27:28<16:17,  3.07it/s]phase1_shape_color_acc:  62%|██████▎   | 5000/8000 [27:29<15:15,  3.28it/s]phase1_shape_color_acc:  63%|██████▎   | 5001/8000 [27:29<15:18,  3.26it/s]phase1_shape_color_acc:  63%|██████▎   | 5002/8000 [27:29<15:38,  3.20it/s]phase1_shape_color_acc:  63%|██████▎   | 5003/8000 [27:30<16:10,  3.09it/s]phase1_shape_color_acc:  63%|██████▎   | 5004/8000 [27:30<16:30,  3.02it/s]phase1_shape_color_acc:  63%|██████▎   | 5005/8000 [27:30<16:44,  2.98it/s]phase1_shape_color_acc:  63%|██████▎   | 5006/8000 [27:31<16:53,  2.95it/s]phase1_shape_color_acc:  63%|██████▎   | 5007/8000 [27:31<16:59,  2.94it/s]phase1_shape_color_acc:  63%|██████▎   | 5008/8000 [27:31<17:03,  2.92it/s]phase1_shape_color_acc:  63%|██████▎   | 5009/8000 [27:32<15:43,  3.17it/s]phase1_shape_color_acc:  63%|██████▎   | 5010/8000 [27:32<15:36,  3.19it/s]phase1_shape_color_acc:  63%|██████▎   | 5011/8000 [27:32<15:47,  3.15it/s]phase1_shape_color_acc:  63%|██████▎   | 5012/8000 [27:33<16:13,  3.07it/s]phase1_shape_color_acc:  63%|██████▎   | 5013/8000 [27:33<16:32,  3.01it/s]phase1_shape_color_acc:  63%|██████▎   | 5014/8000 [27:33<16:44,  2.97it/s]phase1_shape_color_acc:  63%|██████▎   | 5015/8000 [27:34<16:52,  2.95it/s]phase1_shape_color_acc:  63%|██████▎   | 5016/8000 [27:34<16:57,  2.93it/s]phase1_shape_color_acc:  63%|██████▎   | 5017/8000 [27:34<17:02,  2.92it/s]phase1_shape_color_acc:  63%|██████▎   | 5018/8000 [27:35<15:46,  3.15it/s]phase1_shape_color_acc:  63%|██████▎   | 5019/8000 [27:35<15:39,  3.17it/s]phase1_shape_color_acc:  63%|██████▎   | 5020/8000 [27:35<15:45,  3.15it/s]phase1_shape_color_acc:  63%|██████▎   | 5021/8000 [27:36<16:14,  3.06it/s]phase1_shape_color_acc:  63%|██████▎   | 5022/8000 [27:36<16:36,  2.99it/s]phase1_shape_color_acc:  63%|██████▎   | 5023/8000 [27:36<16:47,  2.95it/s]phase1_shape_color_acc:  63%|██████▎   | 5024/8000 [27:37<16:52,  2.94it/s]phase1_shape_color_acc:  63%|██████▎   | 5025/8000 [27:37<16:57,  2.92it/s]phase1_shape_color_acc:  63%|██████▎   | 5026/8000 [27:37<17:00,  2.91it/s]phase1_shape_color_acc:  63%|██████▎   | 5027/8000 [27:38<15:55,  3.11it/s]phase1_shape_color_acc:  63%|██████▎   | 5028/8000 [27:38<15:46,  3.14it/s]phase1_shape_color_acc:  63%|██████▎   | 5029/8000 [27:38<15:39,  3.16it/s]phase1_shape_color_acc:  63%|██████▎   | 5030/8000 [27:39<16:06,  3.07it/s]phase1_shape_color_acc:  63%|██████▎   | 5031/8000 [27:39<16:28,  3.00it/s]phase1_shape_color_acc:  63%|██████▎   | 5032/8000 [27:39<16:38,  2.97it/s]phase1_shape_color_acc:  63%|██████▎   | 5033/8000 [27:40<16:48,  2.94it/s]phase1_shape_color_acc:  63%|██████▎   | 5034/8000 [27:40<16:53,  2.93it/s]phase1_shape_color_acc:  63%|██████▎   | 5035/8000 [27:40<16:55,  2.92it/s]phase1_shape_color_acc:  63%|██████▎   | 5036/8000 [27:41<15:47,  3.13it/s]phase1_shape_color_acc:  63%|██████▎   | 5037/8000 [27:41<14:32,  3.40it/s]phase1_shape_color_acc:  63%|██████▎   | 5038/8000 [27:41<14:38,  3.37it/s]phase1_shape_color_acc:  63%|██████▎   | 5039/8000 [27:41<15:01,  3.29it/s]phase1_shape_color_acc:  63%|██████▎   | 5040/8000 [27:42<15:37,  3.16it/s]phase1_shape_color_acc:  63%|██████▎   | 5041/8000 [27:42<16:05,  3.06it/s]phase1_shape_color_acc:  63%|██████▎   | 5042/8000 [27:43<16:22,  3.01it/s]phase1_shape_color_acc:  63%|██████▎   | 5043/8000 [27:43<16:33,  2.98it/s]phase1_shape_color_acc:  63%|██████▎   | 5044/8000 [27:43<16:42,  2.95it/s]phase1_shape_color_acc:  63%|██████▎   | 5045/8000 [27:44<16:49,  2.93it/s]phase1_shape_color_acc:  63%|██████▎   | 5046/8000 [27:44<15:28,  3.18it/s]phase1_shape_color_acc:  63%|██████▎   | 5047/8000 [27:44<15:17,  3.22it/s]phase1_shape_color_acc:  63%|██████▎   | 5048/8000 [27:44<12:59,  3.79it/s]phase1_shape_color_acc:  63%|██████▎   | 5049/8000 [27:44<11:23,  4.31it/s]phase1_shape_color_acc:  63%|██████▎   | 5050/8000 [27:45<12:34,  3.91it/s]phase1_shape_color_acc:  63%|██████▎   | 5051/8000 [27:45<13:55,  3.53it/s]phase1_shape_color_acc:  63%|██████▎   | 5052/8000 [27:45<14:52,  3.30it/s]phase1_shape_color_acc:  63%|██████▎   | 5053/8000 [27:46<15:31,  3.16it/s]phase1_shape_color_acc:  63%|██████▎   | 5054/8000 [27:46<15:57,  3.08it/s]phase1_shape_color_acc:  63%|██████▎   | 5055/8000 [27:46<16:14,  3.02it/s]phase1_shape_color_acc:  63%|██████▎   | 5056/8000 [27:47<16:27,  2.98it/s]phase1_shape_color_acc:  63%|██████▎   | 5057/8000 [27:47<15:43,  3.12it/s]phase1_shape_color_acc:  63%|██████▎   | 5058/8000 [27:47<15:33,  3.15it/s]phase1_shape_color_acc:  63%|██████▎   | 5059/8000 [27:48<15:27,  3.17it/s]phase1_shape_color_acc:  63%|██████▎   | 5060/8000 [27:48<15:54,  3.08it/s]phase1_shape_color_acc:  63%|██████▎   | 5061/8000 [27:48<16:16,  3.01it/s]phase1_shape_color_acc:  63%|██████▎   | 5062/8000 [27:49<16:26,  2.98it/s]phase1_shape_color_acc:  63%|██████▎   | 5063/8000 [27:49<16:34,  2.95it/s]phase1_shape_color_acc:  63%|██████▎   | 5064/8000 [27:49<16:39,  2.94it/s]phase1_shape_color_acc:  63%|██████▎   | 5065/8000 [27:50<16:45,  2.92it/s]phase1_shape_color_acc:  63%|██████▎   | 5066/8000 [27:50<15:50,  3.09it/s]phase1_shape_color_acc:  63%|██████▎   | 5067/8000 [27:50<15:37,  3.13it/s]phase1_shape_color_acc:  63%|██████▎   | 5068/8000 [27:51<15:20,  3.18it/s]phase1_shape_color_acc:  63%|██████▎   | 5069/8000 [27:51<15:50,  3.08it/s]phase1_shape_color_acc:  63%|██████▎   | 5070/8000 [27:51<16:14,  3.01it/s]phase1_shape_color_acc:  63%|██████▎   | 5071/8000 [27:52<16:26,  2.97it/s]phase1_shape_color_acc:  63%|██████▎   | 5072/8000 [27:52<16:35,  2.94it/s]phase1_shape_color_acc:  63%|██████▎   | 5073/8000 [27:52<16:40,  2.93it/s]phase1_shape_color_acc:  63%|██████▎   | 5074/8000 [27:53<16:43,  2.91it/s]phase1_shape_color_acc:  63%|██████▎   | 5075/8000 [27:53<16:07,  3.02it/s]phase1_shape_color_acc:  63%|██████▎   | 5076/8000 [27:53<15:15,  3.19it/s]phase1_shape_color_acc:  63%|██████▎   | 5077/8000 [27:54<15:12,  3.20it/s]phase1_shape_color_acc:  63%|██████▎   | 5078/8000 [27:54<15:24,  3.16it/s]phase1_shape_color_acc:  63%|██████▎   | 5079/8000 [27:54<15:52,  3.07it/s]phase1_shape_color_acc:  64%|██████▎   | 5080/8000 [27:55<16:10,  3.01it/s]phase1_shape_color_acc:  64%|██████▎   | 5081/8000 [27:55<16:22,  2.97it/s]phase1_shape_color_acc:  64%|██████▎   | 5082/8000 [27:55<16:29,  2.95it/s]phase1_shape_color_acc:  64%|██████▎   | 5083/8000 [27:56<16:35,  2.93it/s]phase1_shape_color_acc:  64%|██████▎   | 5084/8000 [27:56<16:38,  2.92it/s]phase1_shape_color_acc:  64%|██████▎   | 5085/8000 [27:56<15:22,  3.16it/s]phase1_shape_color_acc:  64%|██████▎   | 5086/8000 [27:57<15:15,  3.18it/s]phase1_shape_color_acc:  64%|██████▎   | 5087/8000 [27:57<15:20,  3.16it/s]phase1_shape_color_acc:  64%|██████▎   | 5088/8000 [27:57<15:46,  3.08it/s]phase1_shape_color_acc:  64%|██████▎   | 5089/8000 [27:58<16:08,  3.01it/s]phase1_shape_color_acc:  64%|██████▎   | 5090/8000 [27:58<16:18,  2.97it/s]phase1_shape_color_acc:  64%|██████▎   | 5091/8000 [27:58<16:26,  2.95it/s]phase1_shape_color_acc:  64%|██████▎   | 5092/8000 [27:59<16:31,  2.93it/s]phase1_shape_color_acc:  64%|██████▎   | 5093/8000 [27:59<16:36,  2.92it/s]phase1_shape_color_acc:  64%|██████▎   | 5094/8000 [27:59<15:43,  3.08it/s]phase1_shape_color_acc:  64%|██████▎   | 5095/8000 [28:00<15:31,  3.12it/s]phase1_shape_color_acc:  64%|██████▎   | 5096/8000 [28:00<15:21,  3.15it/s]phase1_shape_color_acc:  64%|██████▎   | 5097/8000 [28:00<15:48,  3.06it/s]phase1_shape_color_acc:  64%|██████▎   | 5098/8000 [28:01<16:09,  2.99it/s]phase1_shape_color_acc:  64%|██████▎   | 5099/8000 [28:01<16:20,  2.96it/s]phase1_shape_color_acc:  64%|██████▍   | 5100/8000 [28:01<16:26,  2.94it/s]phase1_shape_color_acc:  64%|██████▍   | 5101/8000 [28:02<16:31,  2.92it/s]phase1_shape_color_acc:  64%|██████▍   | 5102/8000 [28:02<16:34,  2.91it/s]phase1_shape_color_acc:  64%|██████▍   | 5103/8000 [28:02<15:29,  3.12it/s]phase1_shape_color_acc:  64%|██████▍   | 5104/8000 [28:03<15:20,  3.15it/s]phase1_shape_color_acc:  64%|██████▍   | 5105/8000 [28:03<15:06,  3.19it/s]phase1_shape_color_acc:  64%|██████▍   | 5106/8000 [28:03<15:36,  3.09it/s]phase1_shape_color_acc:  64%|██████▍   | 5107/8000 [28:04<15:58,  3.02it/s]phase1_shape_color_acc:  64%|██████▍   | 5108/8000 [28:04<16:10,  2.98it/s]phase1_shape_color_acc:  64%|██████▍   | 5109/8000 [28:04<16:19,  2.95it/s]phase1_shape_color_acc:  64%|██████▍   | 5110/8000 [28:05<16:25,  2.93it/s]phase1_shape_color_acc:  64%|██████▍   | 5111/8000 [28:05<16:29,  2.92it/s]phase1_shape_color_acc:  64%|██████▍   | 5112/8000 [28:05<15:21,  3.13it/s]phase1_shape_color_acc:  64%|██████▍   | 5113/8000 [28:06<14:35,  3.30it/s]phase1_shape_color_acc:  64%|██████▍   | 5114/8000 [28:06<14:39,  3.28it/s]phase1_shape_color_acc:  64%|██████▍   | 5115/8000 [28:06<15:00,  3.20it/s]phase1_shape_color_acc:  64%|██████▍   | 5116/8000 [28:06<15:29,  3.10it/s]phase1_shape_color_acc:  64%|██████▍   | 5117/8000 [28:07<15:50,  3.03it/s]phase1_shape_color_acc:  64%|██████▍   | 5118/8000 [28:07<16:02,  2.99it/s]phase1_shape_color_acc:  64%|██████▍   | 5119/8000 [28:08<16:12,  2.96it/s]phase1_shape_color_acc:  64%|██████▍   | 5120/8000 [28:08<16:18,  2.94it/s]phase1_shape_color_acc:  64%|██████▍   | 5121/8000 [28:08<16:25,  2.92it/s]phase1_shape_color_acc:  64%|██████▍   | 5122/8000 [28:08<15:23,  3.12it/s]phase1_shape_color_acc:  64%|██████▍   | 5123/8000 [28:09<15:14,  3.15it/s]phase1_shape_color_acc:  64%|██████▍   | 5124/8000 [28:09<15:27,  3.10it/s]phase1_shape_color_acc:  64%|██████▍   | 5125/8000 [28:09<15:47,  3.03it/s]phase1_shape_color_acc:  64%|██████▍   | 5126/8000 [28:10<16:01,  2.99it/s]phase1_shape_color_acc:  64%|██████▍   | 5127/8000 [28:10<16:10,  2.96it/s]phase1_shape_color_acc:  64%|██████▍   | 5128/8000 [28:11<16:16,  2.94it/s]phase1_shape_color_acc:  64%|██████▍   | 5129/8000 [28:11<16:21,  2.93it/s]phase1_shape_color_acc:  64%|██████▍   | 5130/8000 [28:11<16:23,  2.92it/s]phase1_shape_color_acc:  64%|██████▍   | 5131/8000 [28:11<15:14,  3.14it/s]phase1_shape_color_acc:  64%|██████▍   | 5132/8000 [28:12<15:06,  3.16it/s]phase1_shape_color_acc:  64%|██████▍   | 5133/8000 [28:12<15:14,  3.13it/s]phase1_shape_color_acc:  64%|██████▍   | 5134/8000 [28:12<15:40,  3.05it/s]phase1_shape_color_acc:  64%|██████▍   | 5135/8000 [28:13<15:56,  3.00it/s]phase1_shape_color_acc:  64%|██████▍   | 5136/8000 [28:13<16:05,  2.97it/s]phase1_shape_color_acc:  64%|██████▍   | 5137/8000 [28:13<16:14,  2.94it/s]phase1_shape_color_acc:  64%|██████▍   | 5138/8000 [28:14<16:19,  2.92it/s]phase1_shape_color_acc:  64%|██████▍   | 5139/8000 [28:14<16:22,  2.91it/s]phase1_shape_color_acc:  64%|██████▍   | 5140/8000 [28:14<15:12,  3.13it/s]phase1_shape_color_acc:  64%|██████▍   | 5141/8000 [28:15<15:06,  3.15it/s]phase1_shape_color_acc:  64%|██████▍   | 5142/8000 [28:15<15:10,  3.14it/s]phase1_shape_color_acc:  64%|██████▍   | 5143/8000 [28:15<15:35,  3.05it/s]phase1_shape_color_acc:  64%|██████▍   | 5144/8000 [28:16<15:53,  2.99it/s]phase1_shape_color_acc:  64%|██████▍   | 5145/8000 [28:16<16:05,  2.96it/s]phase1_shape_color_acc:  64%|██████▍   | 5146/8000 [28:16<16:11,  2.94it/s]phase1_shape_color_acc:  64%|██████▍   | 5147/8000 [28:17<16:15,  2.92it/s]phase1_shape_color_acc:  64%|██████▍   | 5148/8000 [28:17<16:18,  2.92it/s]phase1_shape_color_acc:  64%|██████▍   | 5149/8000 [28:17<14:39,  3.24it/s]phase1_shape_color_acc:  64%|██████▍   | 5150/8000 [28:18<14:45,  3.22it/s]phase1_shape_color_acc:  64%|██████▍   | 5151/8000 [28:18<14:46,  3.22it/s]phase1_shape_color_acc:  64%|██████▍   | 5152/8000 [28:18<15:15,  3.11it/s]phase1_shape_color_acc:  64%|██████▍   | 5153/8000 [28:19<15:39,  3.03it/s]phase1_shape_color_acc:  64%|██████▍   | 5154/8000 [28:19<15:53,  2.98it/s]phase1_shape_color_acc:  64%|██████▍   | 5155/8000 [28:19<16:01,  2.96it/s]phase1_shape_color_acc:  64%|██████▍   | 5156/8000 [28:20<16:07,  2.94it/s]phase1_shape_color_acc:  64%|██████▍   | 5157/8000 [28:20<16:12,  2.92it/s]phase1_shape_color_acc:  64%|██████▍   | 5158/8000 [28:20<15:10,  3.12it/s]phase1_shape_color_acc:  64%|██████▍   | 5159/8000 [28:21<15:02,  3.15it/s]phase1_shape_color_acc:  64%|██████▍   | 5160/8000 [28:21<14:56,  3.17it/s]phase1_shape_color_acc:  65%|██████▍   | 5161/8000 [28:21<15:23,  3.08it/s]phase1_shape_color_acc:  65%|██████▍   | 5162/8000 [28:22<15:44,  3.00it/s]phase1_shape_color_acc:  65%|██████▍   | 5163/8000 [28:22<15:55,  2.97it/s]phase1_shape_color_acc:  65%|██████▍   | 5164/8000 [28:22<16:01,  2.95it/s]phase1_shape_color_acc:  65%|██████▍   | 5165/8000 [28:23<16:07,  2.93it/s]phase1_shape_color_acc:  65%|██████▍   | 5166/8000 [28:23<16:09,  2.92it/s]phase1_shape_color_acc:  65%|██████▍   | 5167/8000 [28:23<15:14,  3.10it/s]phase1_shape_color_acc:  65%|██████▍   | 5168/8000 [28:24<15:03,  3.13it/s]phase1_shape_color_acc:  65%|██████▍   | 5169/8000 [28:24<14:48,  3.19it/s]phase1_shape_color_acc:  65%|██████▍   | 5170/8000 [28:24<15:15,  3.09it/s]phase1_shape_color_acc:  65%|██████▍   | 5171/8000 [28:25<15:36,  3.02it/s]phase1_shape_color_acc:  65%|██████▍   | 5172/8000 [28:25<15:48,  2.98it/s]phase1_shape_color_acc:  65%|██████▍   | 5173/8000 [28:25<15:58,  2.95it/s]phase1_shape_color_acc:  65%|██████▍   | 5174/8000 [28:26<16:03,  2.93it/s]phase1_shape_color_acc:  65%|██████▍   | 5175/8000 [28:26<16:07,  2.92it/s]phase1_shape_color_acc:  65%|██████▍   | 5176/8000 [28:26<15:13,  3.09it/s]phase1_shape_color_acc:  65%|██████▍   | 5177/8000 [28:27<15:03,  3.13it/s]phase1_shape_color_acc:  65%|██████▍   | 5178/8000 [28:27<14:45,  3.19it/s]phase1_shape_color_acc:  65%|██████▍   | 5179/8000 [28:27<15:12,  3.09it/s]phase1_shape_color_acc:  65%|██████▍   | 5180/8000 [28:28<15:34,  3.02it/s]phase1_shape_color_acc:  65%|██████▍   | 5181/8000 [28:28<15:46,  2.98it/s]phase1_shape_color_acc:  65%|██████▍   | 5182/8000 [28:28<15:53,  2.96it/s]phase1_shape_color_acc:  65%|██████▍   | 5183/8000 [28:29<15:59,  2.94it/s]phase1_shape_color_acc:  65%|██████▍   | 5184/8000 [28:29<16:03,  2.92it/s]phase1_shape_color_acc:  65%|██████▍   | 5185/8000 [28:29<15:04,  3.11it/s]phase1_shape_color_acc:  65%|██████▍   | 5186/8000 [28:30<14:17,  3.28it/s]phase1_shape_color_acc:  65%|██████▍   | 5187/8000 [28:30<14:12,  3.30it/s]phase1_shape_color_acc:  65%|██████▍   | 5188/8000 [28:30<14:32,  3.22it/s]phase1_shape_color_acc:  65%|██████▍   | 5189/8000 [28:31<15:03,  3.11it/s]phase1_shape_color_acc:  65%|██████▍   | 5190/8000 [28:31<15:24,  3.04it/s]phase1_shape_color_acc:  65%|██████▍   | 5191/8000 [28:31<15:38,  2.99it/s]phase1_shape_color_acc:  65%|██████▍   | 5192/8000 [28:32<15:47,  2.96it/s]phase1_shape_color_acc:  65%|██████▍   | 5193/8000 [28:32<15:55,  2.94it/s]phase1_shape_color_acc:  65%|██████▍   | 5194/8000 [28:32<15:59,  2.92it/s]phase1_shape_color_acc:  65%|██████▍   | 5195/8000 [28:33<14:47,  3.16it/s]phase1_shape_color_acc:  65%|██████▍   | 5196/8000 [28:33<14:41,  3.18it/s]phase1_shape_color_acc:  65%|██████▍   | 5197/8000 [28:33<14:42,  3.17it/s]phase1_shape_color_acc:  65%|██████▍   | 5198/8000 [28:33<15:12,  3.07it/s]phase1_shape_color_acc:  65%|██████▍   | 5199/8000 [28:34<15:32,  3.00it/s]phase1_shape_color_acc:  65%|██████▌   | 5200/8000 [28:34<15:42,  2.97it/s]phase1_shape_color_acc:  65%|██████▌   | 5201/8000 [28:35<15:52,  2.94it/s]phase1_shape_color_acc:  65%|██████▌   | 5202/8000 [28:35<15:55,  2.93it/s]phase1_shape_color_acc:  65%|██████▌   | 5203/8000 [28:35<16:00,  2.91it/s]phase1_shape_color_acc:  65%|██████▌   | 5204/8000 [28:36<15:06,  3.09it/s]phase1_shape_color_acc:  65%|██████▌   | 5205/8000 [28:36<14:56,  3.12it/s]phase1_shape_color_acc:  65%|██████▌   | 5206/8000 [28:36<14:47,  3.15it/s]phase1_shape_color_acc:  65%|██████▌   | 5207/8000 [28:36<15:09,  3.07it/s]phase1_shape_color_acc:  65%|██████▌   | 5208/8000 [28:37<15:29,  3.00it/s]phase1_shape_color_acc:  65%|██████▌   | 5209/8000 [28:37<15:40,  2.97it/s]phase1_shape_color_acc:  65%|██████▌   | 5210/8000 [28:38<15:46,  2.95it/s]phase1_shape_color_acc:  65%|██████▌   | 5211/8000 [28:38<15:50,  2.93it/s]phase1_shape_color_acc:  65%|██████▌   | 5212/8000 [28:38<15:54,  2.92it/s]phase1_shape_color_acc:  65%|██████▌   | 5213/8000 [28:38<15:04,  3.08it/s]phase1_shape_color_acc:  65%|██████▌   | 5214/8000 [28:39<14:51,  3.12it/s]phase1_shape_color_acc:  65%|██████▌   | 5215/8000 [28:39<14:34,  3.18it/s]phase1_shape_color_acc:  65%|██████▌   | 5216/8000 [28:39<15:01,  3.09it/s]phase1_shape_color_acc:  65%|██████▌   | 5217/8000 [28:40<15:23,  3.01it/s]phase1_shape_color_acc:  65%|██████▌   | 5218/8000 [28:40<15:33,  2.98it/s]phase1_shape_color_acc:  65%|██████▌   | 5219/8000 [28:40<15:41,  2.95it/s]phase1_shape_color_acc:  65%|██████▌   | 5220/8000 [28:41<15:46,  2.94it/s]phase1_shape_color_acc:  65%|██████▌   | 5221/8000 [28:41<15:51,  2.92it/s]phase1_shape_color_acc:  65%|██████▌   | 5222/8000 [28:41<15:29,  2.99it/s]phase1_shape_color_acc:  65%|██████▌   | 5223/8000 [28:42<13:44,  3.37it/s]phase1_shape_color_acc:  65%|██████▌   | 5224/8000 [28:42<13:53,  3.33it/s]phase1_shape_color_acc:  65%|██████▌   | 5225/8000 [28:42<14:11,  3.26it/s]phase1_shape_color_acc:  65%|██████▌   | 5226/8000 [28:43<14:45,  3.13it/s]phase1_shape_color_acc:  65%|██████▌   | 5227/8000 [28:43<15:09,  3.05it/s]phase1_shape_color_acc:  65%|██████▌   | 5228/8000 [28:43<15:23,  3.00it/s]phase1_shape_color_acc:  65%|██████▌   | 5229/8000 [28:44<15:33,  2.97it/s]phase1_shape_color_acc:  65%|██████▌   | 5230/8000 [28:44<15:39,  2.95it/s]phase1_shape_color_acc:  65%|██████▌   | 5231/8000 [28:44<15:44,  2.93it/s]phase1_shape_color_acc:  65%|██████▌   | 5232/8000 [28:45<14:52,  3.10it/s]phase1_shape_color_acc:  65%|██████▌   | 5233/8000 [28:45<14:42,  3.14it/s]phase1_shape_color_acc:  65%|██████▌   | 5234/8000 [28:45<14:33,  3.17it/s]phase1_shape_color_acc:  65%|██████▌   | 5235/8000 [28:46<14:57,  3.08it/s]phase1_shape_color_acc:  65%|██████▌   | 5236/8000 [28:46<15:18,  3.01it/s]phase1_shape_color_acc:  65%|██████▌   | 5237/8000 [28:46<15:29,  2.97it/s]phase1_shape_color_acc:  65%|██████▌   | 5238/8000 [28:47<15:35,  2.95it/s]phase1_shape_color_acc:  65%|██████▌   | 5239/8000 [28:47<15:40,  2.94it/s]phase1_shape_color_acc:  66%|██████▌   | 5240/8000 [28:47<15:43,  2.92it/s]phase1_shape_color_acc:  66%|██████▌   | 5241/8000 [28:48<15:16,  3.01it/s]phase1_shape_color_acc:  66%|██████▌   | 5242/8000 [28:48<15:04,  3.05it/s]phase1_shape_color_acc:  66%|██████▌   | 5243/8000 [28:48<14:50,  3.10it/s]phase1_shape_color_acc:  66%|██████▌   | 5244/8000 [28:49<15:11,  3.02it/s]phase1_shape_color_acc:  66%|██████▌   | 5245/8000 [28:49<15:27,  2.97it/s]phase1_shape_color_acc:  66%|██████▌   | 5246/8000 [28:49<15:35,  2.95it/s]phase1_shape_color_acc:  66%|██████▌   | 5247/8000 [28:50<15:39,  2.93it/s]phase1_shape_color_acc:  66%|██████▌   | 5248/8000 [28:50<15:42,  2.92it/s]phase1_shape_color_acc:  66%|██████▌   | 5249/8000 [28:50<15:45,  2.91it/s]phase1_shape_color_acc:  66%|██████▌   | 5250/8000 [28:51<14:48,  3.10it/s]phase1_shape_color_acc:  66%|██████▌   | 5251/8000 [28:51<14:38,  3.13it/s]phase1_shape_color_acc:  66%|██████▌   | 5252/8000 [28:51<14:22,  3.18it/s]phase1_shape_color_acc:  66%|██████▌   | 5253/8000 [28:52<14:51,  3.08it/s]phase1_shape_color_acc:  66%|██████▌   | 5254/8000 [28:52<15:18,  2.99it/s]phase1_shape_color_acc:  66%|██████▌   | 5255/8000 [28:52<15:27,  2.96it/s]phase1_shape_color_acc:  66%|██████▌   | 5256/8000 [28:53<15:33,  2.94it/s]phase1_shape_color_acc:  66%|██████▌   | 5257/8000 [28:53<15:37,  2.92it/s]phase1_shape_color_acc:  66%|██████▌   | 5258/8000 [28:53<15:41,  2.91it/s]phase1_shape_color_acc:  66%|██████▌   | 5259/8000 [28:54<14:29,  3.15it/s]phase1_shape_color_acc:  66%|██████▌   | 5260/8000 [28:54<14:27,  3.16it/s]phase1_shape_color_acc:  66%|██████▌   | 5261/8000 [28:54<14:22,  3.18it/s]phase1_shape_color_acc:  66%|██████▌   | 5262/8000 [28:55<14:48,  3.08it/s]phase1_shape_color_acc:  66%|██████▌   | 5263/8000 [28:55<15:08,  3.01it/s]phase1_shape_color_acc:  66%|██████▌   | 5264/8000 [28:55<15:21,  2.97it/s]phase1_shape_color_acc:  66%|██████▌   | 5265/8000 [28:56<15:30,  2.94it/s]phase1_shape_color_acc:  66%|██████▌   | 5266/8000 [28:56<15:36,  2.92it/s]phase1_shape_color_acc:  66%|██████▌   | 5267/8000 [28:56<15:40,  2.91it/s]phase1_shape_color_acc:  66%|██████▌   | 5268/8000 [28:57<15:01,  3.03it/s]phase1_shape_color_acc:  66%|██████▌   | 5269/8000 [28:57<14:51,  3.06it/s]phase1_shape_color_acc:  66%|██████▌   | 5270/8000 [28:57<14:35,  3.12it/s]phase1_shape_color_acc:  66%|██████▌   | 5271/8000 [28:58<14:55,  3.05it/s]phase1_shape_color_acc:  66%|██████▌   | 5272/8000 [28:58<15:12,  2.99it/s]phase1_shape_color_acc:  66%|██████▌   | 5273/8000 [28:58<15:22,  2.96it/s]phase1_shape_color_acc:  66%|██████▌   | 5274/8000 [28:59<15:28,  2.94it/s]phase1_shape_color_acc:  66%|██████▌   | 5275/8000 [28:59<15:32,  2.92it/s]phase1_shape_color_acc:  66%|██████▌   | 5276/8000 [28:59<15:33,  2.92it/s]phase1_shape_color_acc:  66%|██████▌   | 5277/8000 [29:00<15:06,  3.01it/s]phase1_shape_color_acc:  66%|██████▌   | 5278/8000 [29:00<14:11,  3.19it/s]phase1_shape_color_acc:  66%|██████▌   | 5279/8000 [29:00<14:09,  3.20it/s]phase1_shape_color_acc:  66%|██████▌   | 5280/8000 [29:01<14:21,  3.16it/s]phase1_shape_color_acc:  66%|██████▌   | 5281/8000 [29:01<14:48,  3.06it/s]phase1_shape_color_acc:  66%|██████▌   | 5282/8000 [29:01<15:02,  3.01it/s]phase1_shape_color_acc:  66%|██████▌   | 5283/8000 [29:02<15:13,  2.98it/s]phase1_shape_color_acc:  66%|██████▌   | 5284/8000 [29:02<15:19,  2.95it/s]phase1_shape_color_acc:  66%|██████▌   | 5285/8000 [29:02<15:25,  2.93it/s]phase1_shape_color_acc:  66%|██████▌   | 5286/8000 [29:03<15:29,  2.92it/s]phase1_shape_color_acc:  66%|██████▌   | 5287/8000 [29:03<14:17,  3.16it/s]phase1_shape_color_acc:  66%|██████▌   | 5288/8000 [29:03<14:12,  3.18it/s]phase1_shape_color_acc:  66%|██████▌   | 5289/8000 [29:04<14:19,  3.15it/s]phase1_shape_color_acc:  66%|██████▌   | 5290/8000 [29:04<14:42,  3.07it/s]phase1_shape_color_acc:  66%|██████▌   | 5291/8000 [29:04<15:00,  3.01it/s]phase1_shape_color_acc:  66%|██████▌   | 5292/8000 [29:05<15:10,  2.97it/s]phase1_shape_color_acc:  66%|██████▌   | 5293/8000 [29:05<15:20,  2.94it/s]phase1_shape_color_acc:  66%|██████▌   | 5294/8000 [29:05<15:27,  2.92it/s]phase1_shape_color_acc:  66%|██████▌   | 5295/8000 [29:06<15:28,  2.91it/s]phase1_shape_color_acc:  66%|██████▌   | 5296/8000 [29:06<14:15,  3.16it/s]phase1_shape_color_acc:  66%|██████▌   | 5297/8000 [29:06<13:32,  3.33it/s]phase1_shape_color_acc:  66%|██████▌   | 5298/8000 [29:06<13:38,  3.30it/s]phase1_shape_color_acc:  66%|██████▌   | 5299/8000 [29:07<13:59,  3.22it/s]phase1_shape_color_acc:  66%|██████▋   | 5300/8000 [29:07<14:27,  3.11it/s]phase1_shape_color_acc:  66%|██████▋   | 5301/8000 [29:07<14:48,  3.04it/s]phase1_shape_color_acc:  66%|██████▋   | 5302/8000 [29:08<15:00,  3.00it/s]phase1_shape_color_acc:  66%|██████▋   | 5303/8000 [29:08<15:11,  2.96it/s]phase1_shape_color_acc:  66%|██████▋   | 5304/8000 [29:09<15:19,  2.93it/s]phase1_shape_color_acc:  66%|██████▋   | 5305/8000 [29:09<15:24,  2.91it/s]phase1_shape_color_acc:  66%|██████▋   | 5306/8000 [29:09<14:20,  3.13it/s]phase1_shape_color_acc:  66%|██████▋   | 5307/8000 [29:09<14:17,  3.14it/s]phase1_shape_color_acc:  66%|██████▋   | 5308/8000 [29:10<14:23,  3.12it/s]phase1_shape_color_acc:  66%|██████▋   | 5309/8000 [29:10<14:46,  3.04it/s]phase1_shape_color_acc:  66%|██████▋   | 5310/8000 [29:10<15:00,  2.99it/s]phase1_shape_color_acc:  66%|██████▋   | 5311/8000 [29:11<15:07,  2.96it/s]phase1_shape_color_acc:  66%|██████▋   | 5312/8000 [29:11<15:13,  2.94it/s]phase1_shape_color_acc:  66%|██████▋   | 5313/8000 [29:11<15:19,  2.92it/s]phase1_shape_color_acc:  66%|██████▋   | 5314/8000 [29:12<15:22,  2.91it/s]phase1_shape_color_acc:  66%|██████▋   | 5315/8000 [29:12<14:18,  3.13it/s]phase1_shape_color_acc:  66%|██████▋   | 5316/8000 [29:12<14:10,  3.16it/s]phase1_shape_color_acc:  66%|██████▋   | 5317/8000 [29:13<14:14,  3.14it/s]phase1_shape_color_acc:  66%|██████▋   | 5318/8000 [29:13<14:37,  3.06it/s]phase1_shape_color_acc:  66%|██████▋   | 5319/8000 [29:13<14:54,  3.00it/s]phase1_shape_color_acc:  66%|██████▋   | 5320/8000 [29:14<15:03,  2.97it/s]phase1_shape_color_acc:  67%|██████▋   | 5321/8000 [29:14<15:10,  2.94it/s]phase1_shape_color_acc:  67%|██████▋   | 5322/8000 [29:14<15:13,  2.93it/s]phase1_shape_color_acc:  67%|██████▋   | 5323/8000 [29:15<15:16,  2.92it/s]phase1_shape_color_acc:  67%|██████▋   | 5324/8000 [29:15<14:27,  3.09it/s]phase1_shape_color_acc:  67%|██████▋   | 5325/8000 [29:15<14:16,  3.12it/s]phase1_shape_color_acc:  67%|██████▋   | 5326/8000 [29:16<14:07,  3.16it/s]phase1_shape_color_acc:  67%|██████▋   | 5327/8000 [29:16<14:29,  3.07it/s]phase1_shape_color_acc:  67%|██████▋   | 5328/8000 [29:16<14:48,  3.01it/s]phase1_shape_color_acc:  67%|██████▋   | 5329/8000 [29:17<14:59,  2.97it/s]phase1_shape_color_acc:  67%|██████▋   | 5330/8000 [29:17<15:06,  2.95it/s]phase1_shape_color_acc:  67%|██████▋   | 5331/8000 [29:17<15:10,  2.93it/s]phase1_shape_color_acc:  67%|██████▋   | 5332/8000 [29:18<15:14,  2.92it/s]phase1_shape_color_acc:  67%|██████▋   | 5333/8000 [29:18<14:53,  2.98it/s]phase1_shape_color_acc:  67%|██████▋   | 5334/8000 [29:18<13:18,  3.34it/s]phase1_shape_color_acc:  67%|██████▋   | 5335/8000 [29:19<13:24,  3.31it/s]phase1_shape_color_acc:  67%|██████▋   | 5336/8000 [29:19<13:39,  3.25it/s]phase1_shape_color_acc:  67%|██████▋   | 5337/8000 [29:19<14:10,  3.13it/s]phase1_shape_color_acc:  67%|██████▋   | 5338/8000 [29:20<14:33,  3.05it/s]phase1_shape_color_acc:  67%|██████▋   | 5339/8000 [29:20<14:47,  3.00it/s]phase1_shape_color_acc:  67%|██████▋   | 5340/8000 [29:20<14:56,  2.97it/s]phase1_shape_color_acc:  67%|██████▋   | 5341/8000 [29:21<15:03,  2.94it/s]phase1_shape_color_acc:  67%|██████▋   | 5342/8000 [29:21<15:06,  2.93it/s]phase1_shape_color_acc:  67%|██████▋   | 5343/8000 [29:21<14:17,  3.10it/s]phase1_shape_color_acc:  67%|██████▋   | 5344/8000 [29:22<14:07,  3.13it/s]phase1_shape_color_acc:  67%|██████▋   | 5345/8000 [29:22<14:00,  3.16it/s]phase1_shape_color_acc:  67%|██████▋   | 5346/8000 [29:22<14:24,  3.07it/s]phase1_shape_color_acc:  67%|██████▋   | 5347/8000 [29:23<14:42,  3.01it/s]phase1_shape_color_acc:  67%|██████▋   | 5348/8000 [29:23<14:52,  2.97it/s]phase1_shape_color_acc:  67%|██████▋   | 5349/8000 [29:23<14:59,  2.95it/s]phase1_shape_color_acc:  67%|██████▋   | 5350/8000 [29:24<15:04,  2.93it/s]phase1_shape_color_acc:  67%|██████▋   | 5351/8000 [29:24<15:07,  2.92it/s]phase1_shape_color_acc:  67%|██████▋   | 5352/8000 [29:24<14:14,  3.10it/s]phase1_shape_color_acc:  67%|██████▋   | 5353/8000 [29:25<14:05,  3.13it/s]phase1_shape_color_acc:  67%|██████▋   | 5354/8000 [29:25<13:48,  3.19it/s]phase1_shape_color_acc:  67%|██████▋   | 5355/8000 [29:25<14:15,  3.09it/s]phase1_shape_color_acc:  67%|██████▋   | 5356/8000 [29:26<14:35,  3.02it/s]phase1_shape_color_acc:  67%|██████▋   | 5357/8000 [29:26<14:47,  2.98it/s]phase1_shape_color_acc:  67%|██████▋   | 5358/8000 [29:26<14:55,  2.95it/s]phase1_shape_color_acc:  67%|██████▋   | 5359/8000 [29:27<15:01,  2.93it/s]phase1_shape_color_acc:  67%|██████▋   | 5360/8000 [29:27<15:04,  2.92it/s]phase1_shape_color_acc:  67%|██████▋   | 5361/8000 [29:27<14:14,  3.09it/s]phase1_shape_color_acc:  67%|██████▋   | 5362/8000 [29:28<14:01,  3.13it/s]phase1_shape_color_acc:  67%|██████▋   | 5363/8000 [29:28<13:46,  3.19it/s]phase1_shape_color_acc:  67%|██████▋   | 5364/8000 [29:28<14:12,  3.09it/s]phase1_shape_color_acc:  67%|██████▋   | 5365/8000 [29:29<14:33,  3.02it/s]phase1_shape_color_acc:  67%|██████▋   | 5366/8000 [29:29<14:43,  2.98it/s]phase1_shape_color_acc:  67%|██████▋   | 5367/8000 [29:29<14:50,  2.96it/s]phase1_shape_color_acc:  67%|██████▋   | 5368/8000 [29:30<14:56,  2.94it/s]phase1_shape_color_acc:  67%|██████▋   | 5369/8000 [29:30<15:00,  2.92it/s]phase1_shape_color_acc:  67%|██████▋   | 5370/8000 [29:30<14:52,  2.95it/s]phase1_shape_color_acc:  67%|██████▋   | 5371/8000 [29:30<13:08,  3.33it/s]phase1_shape_color_acc:  67%|██████▋   | 5372/8000 [29:31<13:16,  3.30it/s]phase1_shape_color_acc:  67%|██████▋   | 5373/8000 [29:31<13:32,  3.23it/s]phase1_shape_color_acc:  67%|██████▋   | 5374/8000 [29:31<14:00,  3.13it/s]phase1_shape_color_acc:  67%|██████▋   | 5375/8000 [29:32<14:22,  3.04it/s]phase1_shape_color_acc:  67%|██████▋   | 5376/8000 [29:32<14:35,  3.00it/s]phase1_shape_color_acc:  67%|██████▋   | 5377/8000 [29:33<14:45,  2.96it/s]phase1_shape_color_acc:  67%|██████▋   | 5378/8000 [29:33<14:51,  2.94it/s]phase1_shape_color_acc:  67%|██████▋   | 5379/8000 [29:33<14:55,  2.93it/s]phase1_shape_color_acc:  67%|██████▋   | 5380/8000 [29:33<13:53,  3.14it/s]phase1_shape_color_acc:  67%|██████▋   | 5381/8000 [29:34<13:47,  3.16it/s]phase1_shape_color_acc:  67%|██████▋   | 5382/8000 [29:34<13:53,  3.14it/s]phase1_shape_color_acc:  67%|██████▋   | 5383/8000 [29:34<14:14,  3.06it/s]phase1_shape_color_acc:  67%|██████▋   | 5384/8000 [29:35<14:29,  3.01it/s]phase1_shape_color_acc:  67%|██████▋   | 5385/8000 [29:35<14:40,  2.97it/s]phase1_shape_color_acc:  67%|██████▋   | 5386/8000 [29:35<14:45,  2.95it/s]phase1_shape_color_acc:  67%|██████▋   | 5387/8000 [29:36<14:50,  2.93it/s]phase1_shape_color_acc:  67%|██████▋   | 5388/8000 [29:36<14:53,  2.92it/s]phase1_shape_color_acc:  67%|██████▋   | 5389/8000 [29:36<14:05,  3.09it/s]phase1_shape_color_acc:  67%|██████▋   | 5390/8000 [29:37<13:53,  3.13it/s]phase1_shape_color_acc:  67%|██████▋   | 5391/8000 [29:37<13:38,  3.19it/s]phase1_shape_color_acc:  67%|██████▋   | 5392/8000 [29:37<14:04,  3.09it/s]phase1_shape_color_acc:  67%|██████▋   | 5393/8000 [29:38<14:25,  3.01it/s]phase1_shape_color_acc:  67%|██████▋   | 5394/8000 [29:38<14:34,  2.98it/s]phase1_shape_color_acc:  67%|██████▋   | 5395/8000 [29:38<14:41,  2.96it/s]phase1_shape_color_acc:  67%|██████▋   | 5396/8000 [29:39<14:46,  2.94it/s]phase1_shape_color_acc:  67%|██████▋   | 5397/8000 [29:39<14:51,  2.92it/s]phase1_shape_color_acc:  67%|██████▋   | 5398/8000 [29:39<14:26,  3.00it/s]phase1_shape_color_acc:  67%|██████▋   | 5399/8000 [29:40<14:14,  3.04it/s]phase1_shape_color_acc:  68%|██████▊   | 5400/8000 [29:40<14:00,  3.09it/s]phase1_shape_color_acc:  68%|██████▊   | 5401/8000 [29:40<14:18,  3.03it/s]phase1_shape_color_acc:  68%|██████▊   | 5402/8000 [29:41<14:33,  2.97it/s]phase1_shape_color_acc:  68%|██████▊   | 5403/8000 [29:41<14:40,  2.95it/s]phase1_shape_color_acc:  68%|██████▊   | 5404/8000 [29:41<14:45,  2.93it/s]phase1_shape_color_acc:  68%|██████▊   | 5405/8000 [29:42<14:48,  2.92it/s]phase1_shape_color_acc:  68%|██████▊   | 5406/8000 [29:42<14:49,  2.91it/s]phase1_shape_color_acc:  68%|██████▊   | 5407/8000 [29:42<14:28,  2.99it/s]phase1_shape_color_acc:  68%|██████▊   | 5408/8000 [29:43<12:56,  3.34it/s]phase1_shape_color_acc:  68%|██████▊   | 5409/8000 [29:43<13:04,  3.30it/s]phase1_shape_color_acc:  68%|██████▊   | 5410/8000 [29:43<13:20,  3.24it/s]phase1_shape_color_acc:  68%|██████▊   | 5411/8000 [29:44<13:49,  3.12it/s]phase1_shape_color_acc:  68%|██████▊   | 5412/8000 [29:44<14:10,  3.04it/s]phase1_shape_color_acc:  68%|██████▊   | 5413/8000 [29:44<14:24,  2.99it/s]phase1_shape_color_acc:  68%|██████▊   | 5414/8000 [29:45<14:32,  2.96it/s]phase1_shape_color_acc:  68%|██████▊   | 5415/8000 [29:45<14:38,  2.94it/s]phase1_shape_color_acc:  68%|██████▊   | 5416/8000 [29:45<14:42,  2.93it/s]phase1_shape_color_acc:  68%|██████▊   | 5417/8000 [29:46<13:42,  3.14it/s]phase1_shape_color_acc:  68%|██████▊   | 5418/8000 [29:46<13:34,  3.17it/s]phase1_shape_color_acc:  68%|██████▊   | 5419/8000 [29:46<13:41,  3.14it/s]phase1_shape_color_acc:  68%|██████▊   | 5420/8000 [29:47<14:02,  3.06it/s]phase1_shape_color_acc:  68%|██████▊   | 5421/8000 [29:47<14:20,  3.00it/s]phase1_shape_color_acc:  68%|██████▊   | 5422/8000 [29:47<14:28,  2.97it/s]phase1_shape_color_acc:  68%|██████▊   | 5423/8000 [29:48<14:34,  2.95it/s]phase1_shape_color_acc:  68%|██████▊   | 5424/8000 [29:48<14:39,  2.93it/s]phase1_shape_color_acc:  68%|██████▊   | 5425/8000 [29:48<14:41,  2.92it/s]phase1_shape_color_acc:  68%|██████▊   | 5426/8000 [29:49<13:41,  3.13it/s]phase1_shape_color_acc:  68%|██████▊   | 5427/8000 [29:49<13:34,  3.16it/s]phase1_shape_color_acc:  68%|██████▊   | 5428/8000 [29:49<13:41,  3.13it/s]phase1_shape_color_acc:  68%|██████▊   | 5429/8000 [29:50<14:02,  3.05it/s]phase1_shape_color_acc:  68%|██████▊   | 5430/8000 [29:50<14:16,  3.00it/s]phase1_shape_color_acc:  68%|██████▊   | 5431/8000 [29:50<14:25,  2.97it/s]phase1_shape_color_acc:  68%|██████▊   | 5432/8000 [29:51<14:31,  2.95it/s]phase1_shape_color_acc:  68%|██████▊   | 5433/8000 [29:51<14:36,  2.93it/s]phase1_shape_color_acc:  68%|██████▊   | 5434/8000 [29:51<14:40,  2.92it/s]phase1_shape_color_acc:  68%|██████▊   | 5435/8000 [29:52<13:39,  3.13it/s]phase1_shape_color_acc:  68%|██████▊   | 5436/8000 [29:52<13:31,  3.16it/s]phase1_shape_color_acc:  68%|██████▊   | 5437/8000 [29:52<13:34,  3.15it/s]phase1_shape_color_acc:  68%|██████▊   | 5438/8000 [29:53<13:59,  3.05it/s]phase1_shape_color_acc:  68%|██████▊   | 5439/8000 [29:53<14:17,  2.99it/s]phase1_shape_color_acc:  68%|██████▊   | 5440/8000 [29:53<14:26,  2.96it/s]phase1_shape_color_acc:  68%|██████▊   | 5441/8000 [29:54<14:35,  2.92it/s]phase1_shape_color_acc:  68%|██████▊   | 5442/8000 [29:54<14:41,  2.90it/s]phase1_shape_color_acc:  68%|██████▊   | 5443/8000 [29:54<14:42,  2.90it/s]phase1_shape_color_acc:  68%|██████▊   | 5444/8000 [29:55<13:15,  3.21it/s]phase1_shape_color_acc:  68%|██████▊   | 5445/8000 [29:55<13:16,  3.21it/s]phase1_shape_color_acc:  68%|██████▊   | 5446/8000 [29:55<13:19,  3.19it/s]phase1_shape_color_acc:  68%|██████▊   | 5447/8000 [29:56<13:43,  3.10it/s]phase1_shape_color_acc:  68%|██████▊   | 5448/8000 [29:56<14:04,  3.02it/s]phase1_shape_color_acc:  68%|██████▊   | 5449/8000 [29:56<14:15,  2.98it/s]phase1_shape_color_acc:  68%|██████▊   | 5450/8000 [29:57<14:23,  2.95it/s]phase1_shape_color_acc:  68%|██████▊   | 5451/8000 [29:57<14:28,  2.94it/s]phase1_shape_color_acc:  68%|██████▊   | 5452/8000 [29:57<14:31,  2.92it/s]phase1_shape_color_acc:  68%|██████▊   | 5453/8000 [29:58<13:44,  3.09it/s]phase1_shape_color_acc:  68%|██████▊   | 5454/8000 [29:58<13:32,  3.13it/s]phase1_shape_color_acc:  68%|██████▊   | 5455/8000 [29:58<13:17,  3.19it/s]phase1_shape_color_acc:  68%|██████▊   | 5456/8000 [29:59<13:42,  3.09it/s]phase1_shape_color_acc:  68%|██████▊   | 5457/8000 [29:59<14:03,  3.02it/s]phase1_shape_color_acc:  68%|██████▊   | 5458/8000 [29:59<14:14,  2.98it/s]phase1_shape_color_acc:  68%|██████▊   | 5459/8000 [30:00<14:20,  2.95it/s]phase1_shape_color_acc:  68%|██████▊   | 5460/8000 [30:00<14:25,  2.94it/s]phase1_shape_color_acc:  68%|██████▊   | 5461/8000 [30:00<14:28,  2.92it/s]phase1_shape_color_acc:  68%|██████▊   | 5462/8000 [30:01<14:04,  3.01it/s]phase1_shape_color_acc:  68%|██████▊   | 5463/8000 [30:01<13:54,  3.04it/s]phase1_shape_color_acc:  68%|██████▊   | 5464/8000 [30:01<13:39,  3.09it/s]phase1_shape_color_acc:  68%|██████▊   | 5465/8000 [30:02<13:57,  3.03it/s]phase1_shape_color_acc:  68%|██████▊   | 5466/8000 [30:02<14:13,  2.97it/s]phase1_shape_color_acc:  68%|██████▊   | 5467/8000 [30:02<14:19,  2.95it/s]phase1_shape_color_acc:  68%|██████▊   | 5468/8000 [30:03<14:23,  2.93it/s]phase1_shape_color_acc:  68%|██████▊   | 5469/8000 [30:03<14:27,  2.92it/s]phase1_shape_color_acc:  68%|██████▊   | 5470/8000 [30:03<14:30,  2.91it/s]phase1_shape_color_acc:  68%|██████▊   | 5471/8000 [30:04<13:41,  3.08it/s]phase1_shape_color_acc:  68%|██████▊   | 5472/8000 [30:04<13:29,  3.12it/s]phase1_shape_color_acc:  68%|██████▊   | 5473/8000 [30:04<13:15,  3.18it/s]phase1_shape_color_acc:  68%|██████▊   | 5474/8000 [30:05<13:38,  3.09it/s]phase1_shape_color_acc:  68%|██████▊   | 5475/8000 [30:05<13:57,  3.01it/s]phase1_shape_color_acc:  68%|██████▊   | 5476/8000 [30:05<14:07,  2.98it/s]phase1_shape_color_acc:  68%|██████▊   | 5477/8000 [30:06<14:15,  2.95it/s]phase1_shape_color_acc:  68%|██████▊   | 5478/8000 [30:06<14:20,  2.93it/s]phase1_shape_color_acc:  68%|██████▊   | 5479/8000 [30:06<14:23,  2.92it/s]phase1_shape_color_acc:  68%|██████▊   | 5480/8000 [30:07<14:01,  2.99it/s]phase1_shape_color_acc:  69%|██████▊   | 5481/8000 [30:07<12:27,  3.37it/s]phase1_shape_color_acc:  69%|██████▊   | 5482/8000 [30:07<12:29,  3.36it/s]phase1_shape_color_acc:  69%|██████▊   | 5483/8000 [30:07<12:45,  3.29it/s]phase1_shape_color_acc:  69%|██████▊   | 5484/8000 [30:08<13:16,  3.16it/s]phase1_shape_color_acc:  69%|██████▊   | 5485/8000 [30:08<13:41,  3.06it/s]phase1_shape_color_acc:  69%|██████▊   | 5486/8000 [30:08<13:56,  3.01it/s]phase1_shape_color_acc:  69%|██████▊   | 5487/8000 [30:09<14:05,  2.97it/s]phase1_shape_color_acc:  69%|██████▊   | 5488/8000 [30:09<14:11,  2.95it/s]phase1_shape_color_acc:  69%|██████▊   | 5489/8000 [30:09<14:17,  2.93it/s]phase1_shape_color_acc:  69%|██████▊   | 5490/8000 [30:10<13:34,  3.08it/s]phase1_shape_color_acc:  69%|██████▊   | 5491/8000 [30:10<13:25,  3.12it/s]phase1_shape_color_acc:  69%|██████▊   | 5492/8000 [30:10<13:17,  3.15it/s]phase1_shape_color_acc:  69%|██████▊   | 5493/8000 [30:11<13:39,  3.06it/s]phase1_shape_color_acc:  69%|██████▊   | 5494/8000 [30:11<13:57,  2.99it/s]phase1_shape_color_acc:  69%|██████▊   | 5495/8000 [30:11<14:05,  2.96it/s]phase1_shape_color_acc:  69%|██████▊   | 5496/8000 [30:12<14:10,  2.94it/s]phase1_shape_color_acc:  69%|██████▊   | 5497/8000 [30:12<14:17,  2.92it/s]phase1_shape_color_acc:  69%|██████▊   | 5498/8000 [30:12<14:21,  2.90it/s]phase1_shape_color_acc:  69%|██████▊   | 5499/8000 [30:13<13:53,  3.00it/s]phase1_shape_color_acc:  69%|██████▉   | 5500/8000 [30:13<13:40,  3.05it/s]phase1_shape_color_acc:  69%|██████▉   | 5501/8000 [30:13<13:31,  3.08it/s]phase1_shape_color_acc:  69%|██████▉   | 5502/8000 [30:14<13:46,  3.02it/s]phase1_shape_color_acc:  69%|██████▉   | 5503/8000 [30:14<14:00,  2.97it/s]phase1_shape_color_acc:  69%|██████▉   | 5504/8000 [30:14<14:06,  2.95it/s]phase1_shape_color_acc:  69%|██████▉   | 5505/8000 [30:15<14:12,  2.93it/s]phase1_shape_color_acc:  69%|██████▉   | 5506/8000 [30:15<14:14,  2.92it/s]phase1_shape_color_acc:  69%|██████▉   | 5507/8000 [30:15<14:16,  2.91it/s]phase1_shape_color_acc:  69%|██████▉   | 5508/8000 [30:16<13:45,  3.02it/s]phase1_shape_color_acc:  69%|██████▉   | 5509/8000 [30:16<13:36,  3.05it/s]phase1_shape_color_acc:  69%|██████▉   | 5510/8000 [30:16<13:24,  3.10it/s]phase1_shape_color_acc:  69%|██████▉   | 5511/8000 [30:17<13:41,  3.03it/s]phase1_shape_color_acc:  69%|██████▉   | 5512/8000 [30:17<13:55,  2.98it/s]phase1_shape_color_acc:  69%|██████▉   | 5513/8000 [30:17<14:02,  2.95it/s]phase1_shape_color_acc:  69%|██████▉   | 5514/8000 [30:18<14:11,  2.92it/s]phase1_shape_color_acc:  69%|██████▉   | 5515/8000 [30:18<14:17,  2.90it/s]phase1_shape_color_acc:  69%|██████▉   | 5516/8000 [30:19<14:19,  2.89it/s]phase1_shape_color_acc:  69%|██████▉   | 5517/8000 [30:19<13:41,  3.02it/s]phase1_shape_color_acc:  69%|██████▉   | 5518/8000 [30:19<12:49,  3.22it/s]phase1_shape_color_acc:  69%|██████▉   | 5519/8000 [30:19<12:47,  3.23it/s]phase1_shape_color_acc:  69%|██████▉   | 5520/8000 [30:20<13:01,  3.18it/s]phase1_shape_color_acc:  69%|██████▉   | 5521/8000 [30:20<13:26,  3.07it/s]phase1_shape_color_acc:  69%|██████▉   | 5522/8000 [30:20<13:40,  3.02it/s]phase1_shape_color_acc:  69%|██████▉   | 5523/8000 [30:21<13:52,  2.98it/s]phase1_shape_color_acc:  69%|██████▉   | 5524/8000 [30:21<13:59,  2.95it/s]phase1_shape_color_acc:  69%|██████▉   | 5525/8000 [30:21<14:04,  2.93it/s]phase1_shape_color_acc:  69%|██████▉   | 5526/8000 [30:22<14:08,  2.92it/s]phase1_shape_color_acc:  69%|██████▉   | 5527/8000 [30:22<13:07,  3.14it/s]phase1_shape_color_acc:  69%|██████▉   | 5528/8000 [30:22<13:00,  3.17it/s]phase1_shape_color_acc:  69%|██████▉   | 5529/8000 [30:23<13:07,  3.14it/s]phase1_shape_color_acc:  69%|██████▉   | 5530/8000 [30:23<13:28,  3.05it/s]phase1_shape_color_acc:  69%|██████▉   | 5531/8000 [30:23<13:42,  3.00it/s]phase1_shape_color_acc:  69%|██████▉   | 5532/8000 [30:24<13:50,  2.97it/s]phase1_shape_color_acc:  69%|██████▉   | 5533/8000 [30:24<13:57,  2.95it/s]phase1_shape_color_acc:  69%|██████▉   | 5534/8000 [30:24<14:01,  2.93it/s]phase1_shape_color_acc:  69%|██████▉   | 5535/8000 [30:25<14:05,  2.92it/s]phase1_shape_color_acc:  69%|██████▉   | 5536/8000 [30:25<13:05,  3.14it/s]phase1_shape_color_acc:  69%|██████▉   | 5537/8000 [30:25<12:59,  3.16it/s]phase1_shape_color_acc:  69%|██████▉   | 5538/8000 [30:26<13:08,  3.12it/s]phase1_shape_color_acc:  69%|██████▉   | 5539/8000 [30:26<13:27,  3.05it/s]phase1_shape_color_acc:  69%|██████▉   | 5540/8000 [30:26<13:40,  3.00it/s]phase1_shape_color_acc:  69%|██████▉   | 5541/8000 [30:27<13:49,  2.96it/s]phase1_shape_color_acc:  69%|██████▉   | 5542/8000 [30:27<13:56,  2.94it/s]phase1_shape_color_acc:  69%|██████▉   | 5543/8000 [30:27<13:59,  2.93it/s]phase1_shape_color_acc:  69%|██████▉   | 5544/8000 [30:28<14:01,  2.92it/s]phase1_shape_color_acc:  69%|██████▉   | 5545/8000 [30:28<13:03,  3.13it/s]phase1_shape_color_acc:  69%|██████▉   | 5546/8000 [30:28<12:56,  3.16it/s]phase1_shape_color_acc:  69%|██████▉   | 5547/8000 [30:29<12:59,  3.15it/s]phase1_shape_color_acc:  69%|██████▉   | 5548/8000 [30:29<13:19,  3.07it/s]phase1_shape_color_acc:  69%|██████▉   | 5549/8000 [30:29<13:37,  3.00it/s]phase1_shape_color_acc:  69%|██████▉   | 5550/8000 [30:30<13:46,  2.96it/s]phase1_shape_color_acc:  69%|██████▉   | 5551/8000 [30:30<13:52,  2.94it/s]phase1_shape_color_acc:  69%|██████▉   | 5552/8000 [30:30<13:55,  2.93it/s]phase1_shape_color_acc:  69%|██████▉   | 5553/8000 [30:31<13:59,  2.92it/s]phase1_shape_color_acc:  69%|██████▉   | 5554/8000 [30:31<13:07,  3.11it/s]phase1_shape_color_acc:  69%|██████▉   | 5555/8000 [30:31<12:23,  3.29it/s]phase1_shape_color_acc:  69%|██████▉   | 5556/8000 [30:32<12:26,  3.28it/s]phase1_shape_color_acc:  69%|██████▉   | 5557/8000 [30:32<12:42,  3.20it/s]phase1_shape_color_acc:  69%|██████▉   | 5558/8000 [30:32<13:07,  3.10it/s]phase1_shape_color_acc:  69%|██████▉   | 5559/8000 [30:33<13:24,  3.03it/s]phase1_shape_color_acc:  70%|██████▉   | 5560/8000 [30:33<13:36,  2.99it/s]phase1_shape_color_acc:  70%|██████▉   | 5561/8000 [30:33<13:44,  2.96it/s]phase1_shape_color_acc:  70%|██████▉   | 5562/8000 [30:34<13:50,  2.94it/s]phase1_shape_color_acc:  70%|██████▉   | 5563/8000 [30:34<13:53,  2.92it/s]phase1_shape_color_acc:  70%|██████▉   | 5564/8000 [30:34<12:50,  3.16it/s]phase1_shape_color_acc:  70%|██████▉   | 5565/8000 [30:35<12:46,  3.18it/s]phase1_shape_color_acc:  70%|██████▉   | 5566/8000 [30:35<12:50,  3.16it/s]phase1_shape_color_acc:  70%|██████▉   | 5567/8000 [30:35<13:14,  3.06it/s]phase1_shape_color_acc:  70%|██████▉   | 5568/8000 [30:36<13:28,  3.01it/s]phase1_shape_color_acc:  70%|██████▉   | 5569/8000 [30:36<13:38,  2.97it/s]phase1_shape_color_acc:  70%|██████▉   | 5570/8000 [30:36<13:44,  2.95it/s]phase1_shape_color_acc:  70%|██████▉   | 5571/8000 [30:37<13:48,  2.93it/s]phase1_shape_color_acc:  70%|██████▉   | 5572/8000 [30:37<13:51,  2.92it/s]phase1_shape_color_acc:  70%|██████▉   | 5573/8000 [30:37<12:55,  3.13it/s]phase1_shape_color_acc:  70%|██████▉   | 5574/8000 [30:37<12:47,  3.16it/s]phase1_shape_color_acc:  70%|██████▉   | 5575/8000 [30:38<12:53,  3.14it/s]phase1_shape_color_acc:  70%|██████▉   | 5576/8000 [30:38<13:12,  3.06it/s]phase1_shape_color_acc:  70%|██████▉   | 5577/8000 [30:39<13:27,  3.00it/s]phase1_shape_color_acc:  70%|██████▉   | 5578/8000 [30:39<13:38,  2.96it/s]phase1_shape_color_acc:  70%|██████▉   | 5579/8000 [30:39<13:44,  2.94it/s]phase1_shape_color_acc:  70%|██████▉   | 5580/8000 [30:40<13:49,  2.92it/s]phase1_shape_color_acc:  70%|██████▉   | 5581/8000 [30:40<13:51,  2.91it/s]phase1_shape_color_acc:  70%|██████▉   | 5582/8000 [30:40<12:58,  3.11it/s]phase1_shape_color_acc:  70%|██████▉   | 5583/8000 [30:40<12:49,  3.14it/s]phase1_shape_color_acc:  70%|██████▉   | 5584/8000 [30:41<12:51,  3.13it/s]phase1_shape_color_acc:  70%|██████▉   | 5585/8000 [30:41<13:13,  3.04it/s]phase1_shape_color_acc:  70%|██████▉   | 5586/8000 [30:42<13:30,  2.98it/s]phase1_shape_color_acc:  70%|██████▉   | 5587/8000 [30:42<13:38,  2.95it/s]phase1_shape_color_acc:  70%|██████▉   | 5588/8000 [30:42<13:42,  2.93it/s]phase1_shape_color_acc:  70%|██████▉   | 5589/8000 [30:43<13:45,  2.92it/s]phase1_shape_color_acc:  70%|██████▉   | 5590/8000 [30:43<13:49,  2.90it/s]phase1_shape_color_acc:  70%|██████▉   | 5591/8000 [30:43<13:02,  3.08it/s]phase1_shape_color_acc:  70%|██████▉   | 5592/8000 [30:43<12:26,  3.22it/s]phase1_shape_color_acc:  70%|██████▉   | 5593/8000 [30:44<12:25,  3.23it/s]phase1_shape_color_acc:  70%|██████▉   | 5594/8000 [30:44<12:40,  3.16it/s]phase1_shape_color_acc:  70%|██████▉   | 5595/8000 [30:44<13:03,  3.07it/s]phase1_shape_color_acc:  70%|██████▉   | 5596/8000 [30:45<13:17,  3.01it/s]phase1_shape_color_acc:  70%|██████▉   | 5597/8000 [30:45<13:28,  2.97it/s]phase1_shape_color_acc:  70%|██████▉   | 5598/8000 [30:45<13:35,  2.95it/s]phase1_shape_color_acc:  70%|██████▉   | 5599/8000 [30:46<13:38,  2.93it/s]phase1_shape_color_acc:  70%|███████   | 5600/8000 [30:46<13:34,  2.95it/s]phase1_shape_color_acc:  70%|███████   | 5601/8000 [30:46<12:44,  3.14it/s]phase1_shape_color_acc:  70%|███████   | 5602/8000 [30:47<12:39,  3.16it/s]phase1_shape_color_acc:  70%|███████   | 5603/8000 [30:47<12:48,  3.12it/s]phase1_shape_color_acc:  70%|███████   | 5604/8000 [30:47<13:06,  3.05it/s]phase1_shape_color_acc:  70%|███████   | 5605/8000 [30:48<13:19,  2.99it/s]phase1_shape_color_acc:  70%|███████   | 5606/8000 [30:48<13:29,  2.96it/s]phase1_shape_color_acc:  70%|███████   | 5607/8000 [30:48<13:34,  2.94it/s]phase1_shape_color_acc:  70%|███████   | 5608/8000 [30:49<13:38,  2.92it/s]phase1_shape_color_acc:  70%|███████   | 5609/8000 [30:49<13:31,  2.95it/s]phase1_shape_color_acc:  70%|███████   | 5610/8000 [30:49<12:41,  3.14it/s]phase1_shape_color_acc:  70%|███████   | 5611/8000 [30:50<12:35,  3.16it/s]phase1_shape_color_acc:  70%|███████   | 5612/8000 [30:50<12:47,  3.11it/s]phase1_shape_color_acc:  70%|███████   | 5613/8000 [30:50<13:05,  3.04it/s]phase1_shape_color_acc:  70%|███████   | 5614/8000 [30:51<13:16,  3.00it/s]phase1_shape_color_acc:  70%|███████   | 5615/8000 [30:51<13:23,  2.97it/s]phase1_shape_color_acc:  70%|███████   | 5616/8000 [30:51<13:30,  2.94it/s]phase1_shape_color_acc:  70%|███████   | 5617/8000 [30:52<13:35,  2.92it/s]phase1_shape_color_acc:  70%|███████   | 5618/8000 [30:52<13:27,  2.95it/s]phase1_shape_color_acc:  70%|███████   | 5619/8000 [30:52<12:33,  3.16it/s]phase1_shape_color_acc:  70%|███████   | 5620/8000 [30:53<12:26,  3.19it/s]phase1_shape_color_acc:  70%|███████   | 5621/8000 [30:53<12:37,  3.14it/s]phase1_shape_color_acc:  70%|███████   | 5622/8000 [30:53<12:56,  3.06it/s]phase1_shape_color_acc:  70%|███████   | 5623/8000 [30:54<13:10,  3.01it/s]phase1_shape_color_acc:  70%|███████   | 5624/8000 [30:54<13:18,  2.97it/s]phase1_shape_color_acc:  70%|███████   | 5625/8000 [30:54<13:25,  2.95it/s]phase1_shape_color_acc:  70%|███████   | 5626/8000 [30:55<13:28,  2.94it/s]phase1_shape_color_acc:  70%|███████   | 5627/8000 [30:55<13:31,  2.92it/s]phase1_shape_color_acc:  70%|███████   | 5628/8000 [30:55<11:48,  3.35it/s]phase1_shape_color_acc:  70%|███████   | 5629/8000 [30:56<11:49,  3.34it/s]phase1_shape_color_acc:  70%|███████   | 5630/8000 [30:56<11:49,  3.34it/s]phase1_shape_color_acc:  70%|███████   | 5631/8000 [30:56<12:21,  3.19it/s]phase1_shape_color_acc:  70%|███████   | 5632/8000 [30:57<12:47,  3.09it/s]phase1_shape_color_acc:  70%|███████   | 5633/8000 [30:57<13:03,  3.02it/s]phase1_shape_color_acc:  70%|███████   | 5634/8000 [30:57<13:13,  2.98it/s]phase1_shape_color_acc:  70%|███████   | 5635/8000 [30:58<13:20,  2.96it/s]phase1_shape_color_acc:  70%|███████   | 5636/8000 [30:58<13:24,  2.94it/s]phase1_shape_color_acc:  70%|███████   | 5637/8000 [30:58<12:57,  3.04it/s]phase1_shape_color_acc:  70%|███████   | 5638/8000 [30:59<12:42,  3.10it/s]phase1_shape_color_acc:  70%|███████   | 5639/8000 [30:59<12:31,  3.14it/s]phase1_shape_color_acc:  70%|███████   | 5640/8000 [30:59<12:46,  3.08it/s]phase1_shape_color_acc:  71%|███████   | 5641/8000 [31:00<13:04,  3.01it/s]phase1_shape_color_acc:  71%|███████   | 5642/8000 [31:00<13:13,  2.97it/s]phase1_shape_color_acc:  71%|███████   | 5643/8000 [31:00<13:19,  2.95it/s]phase1_shape_color_acc:  71%|███████   | 5644/8000 [31:01<13:23,  2.93it/s]phase1_shape_color_acc:  71%|███████   | 5645/8000 [31:01<13:26,  2.92it/s]phase1_shape_color_acc:  71%|███████   | 5646/8000 [31:01<12:44,  3.08it/s]phase1_shape_color_acc:  71%|███████   | 5647/8000 [31:02<12:34,  3.12it/s]phase1_shape_color_acc:  71%|███████   | 5648/8000 [31:02<12:26,  3.15it/s]phase1_shape_color_acc:  71%|███████   | 5649/8000 [31:02<12:48,  3.06it/s]phase1_shape_color_acc:  71%|███████   | 5650/8000 [31:03<13:04,  3.00it/s]phase1_shape_color_acc:  71%|███████   | 5651/8000 [31:03<13:11,  2.97it/s]phase1_shape_color_acc:  71%|███████   | 5652/8000 [31:03<13:17,  2.95it/s]phase1_shape_color_acc:  71%|███████   | 5653/8000 [31:04<13:22,  2.93it/s]phase1_shape_color_acc:  71%|███████   | 5654/8000 [31:04<13:25,  2.91it/s]phase1_shape_color_acc:  71%|███████   | 5655/8000 [31:04<13:01,  3.00it/s]phase1_shape_color_acc:  71%|███████   | 5656/8000 [31:05<12:51,  3.04it/s]phase1_shape_color_acc:  71%|███████   | 5657/8000 [31:05<12:39,  3.09it/s]phase1_shape_color_acc:  71%|███████   | 5658/8000 [31:05<12:54,  3.02it/s]phase1_shape_color_acc:  71%|███████   | 5659/8000 [31:06<13:07,  2.97it/s]phase1_shape_color_acc:  71%|███████   | 5660/8000 [31:06<13:13,  2.95it/s]phase1_shape_color_acc:  71%|███████   | 5661/8000 [31:06<13:18,  2.93it/s]phase1_shape_color_acc:  71%|███████   | 5662/8000 [31:07<13:20,  2.92it/s]phase1_shape_color_acc:  71%|███████   | 5663/8000 [31:07<13:21,  2.92it/s]phase1_shape_color_acc:  71%|███████   | 5664/8000 [31:07<13:02,  2.99it/s]phase1_shape_color_acc:  71%|███████   | 5665/8000 [31:07<11:43,  3.32it/s]phase1_shape_color_acc:  71%|███████   | 5666/8000 [31:08<11:46,  3.30it/s]phase1_shape_color_acc:  71%|███████   | 5667/8000 [31:08<11:59,  3.24it/s]phase1_shape_color_acc:  71%|███████   | 5668/8000 [31:08<12:25,  3.13it/s]phase1_shape_color_acc:  71%|███████   | 5669/8000 [31:09<12:44,  3.05it/s]phase1_shape_color_acc:  71%|███████   | 5670/8000 [31:09<12:57,  3.00it/s]phase1_shape_color_acc:  71%|███████   | 5671/8000 [31:10<13:06,  2.96it/s]phase1_shape_color_acc:  71%|███████   | 5672/8000 [31:10<13:11,  2.94it/s]phase1_shape_color_acc:  71%|███████   | 5673/8000 [31:10<13:15,  2.92it/s]phase1_shape_color_acc:  71%|███████   | 5674/8000 [31:10<12:13,  3.17it/s]phase1_shape_color_acc:  71%|███████   | 5675/8000 [31:11<12:09,  3.19it/s]phase1_shape_color_acc:  71%|███████   | 5676/8000 [31:11<12:14,  3.17it/s]phase1_shape_color_acc:  71%|███████   | 5677/8000 [31:11<12:35,  3.07it/s]phase1_shape_color_acc:  71%|███████   | 5678/8000 [31:12<12:50,  3.01it/s]phase1_shape_color_acc:  71%|███████   | 5679/8000 [31:12<13:00,  2.97it/s]phase1_shape_color_acc:  71%|███████   | 5680/8000 [31:12<13:06,  2.95it/s]phase1_shape_color_acc:  71%|███████   | 5681/8000 [31:13<13:11,  2.93it/s]phase1_shape_color_acc:  71%|███████   | 5682/8000 [31:13<13:13,  2.92it/s]phase1_shape_color_acc:  71%|███████   | 5683/8000 [31:13<12:23,  3.12it/s]phase1_shape_color_acc:  71%|███████   | 5684/8000 [31:14<12:15,  3.15it/s]phase1_shape_color_acc:  71%|███████   | 5685/8000 [31:14<12:03,  3.20it/s]phase1_shape_color_acc:  71%|███████   | 5686/8000 [31:14<12:25,  3.10it/s]phase1_shape_color_acc:  71%|███████   | 5687/8000 [31:15<12:44,  3.03it/s]phase1_shape_color_acc:  71%|███████   | 5688/8000 [31:15<12:54,  2.99it/s]phase1_shape_color_acc:  71%|███████   | 5689/8000 [31:15<13:02,  2.95it/s]phase1_shape_color_acc:  71%|███████   | 5690/8000 [31:16<13:05,  2.94it/s]phase1_shape_color_acc:  71%|███████   | 5691/8000 [31:16<13:08,  2.93it/s]phase1_shape_color_acc:  71%|███████   | 5692/8000 [31:16<12:44,  3.02it/s]phase1_shape_color_acc:  71%|███████   | 5693/8000 [31:17<12:34,  3.06it/s]phase1_shape_color_acc:  71%|███████   | 5694/8000 [31:17<12:21,  3.11it/s]phase1_shape_color_acc:  71%|███████   | 5695/8000 [31:17<12:37,  3.04it/s]phase1_shape_color_acc:  71%|███████   | 5696/8000 [31:18<12:51,  2.99it/s]phase1_shape_color_acc:  71%|███████   | 5697/8000 [31:18<13:00,  2.95it/s]phase1_shape_color_acc:  71%|███████   | 5698/8000 [31:18<13:04,  2.94it/s]phase1_shape_color_acc:  71%|███████   | 5699/8000 [31:19<13:07,  2.92it/s]phase1_shape_color_acc:  71%|███████▏  | 5700/8000 [31:19<13:09,  2.91it/s]phase1_shape_color_acc:  71%|███████▏  | 5701/8000 [31:19<12:49,  2.99it/s]phase1_shape_color_acc:  71%|███████▏  | 5702/8000 [31:20<11:28,  3.34it/s]phase1_shape_color_acc:  71%|███████▏  | 5703/8000 [31:20<11:33,  3.31it/s]phase1_shape_color_acc:  71%|███████▏  | 5704/8000 [31:20<11:47,  3.25it/s]phase1_shape_color_acc:  71%|███████▏  | 5705/8000 [31:21<12:13,  3.13it/s]phase1_shape_color_acc:  71%|███████▏  | 5706/8000 [31:21<12:34,  3.04it/s]phase1_shape_color_acc:  71%|███████▏  | 5707/8000 [31:21<12:45,  2.99it/s]phase1_shape_color_acc:  71%|███████▏  | 5708/8000 [31:22<12:52,  2.97it/s]phase1_shape_color_acc:  71%|███████▏  | 5709/8000 [31:22<12:59,  2.94it/s]phase1_shape_color_acc:  71%|███████▏  | 5710/8000 [31:22<13:03,  2.92it/s]phase1_shape_color_acc:  71%|███████▏  | 5711/8000 [31:23<12:12,  3.12it/s]phase1_shape_color_acc:  71%|███████▏  | 5712/8000 [31:23<12:04,  3.16it/s]phase1_shape_color_acc:  71%|███████▏  | 5713/8000 [31:23<11:53,  3.20it/s]phase1_shape_color_acc:  71%|███████▏  | 5714/8000 [31:24<12:16,  3.10it/s]phase1_shape_color_acc:  71%|███████▏  | 5715/8000 [31:24<12:34,  3.03it/s]phase1_shape_color_acc:  71%|███████▏  | 5716/8000 [31:24<12:44,  2.99it/s]phase1_shape_color_acc:  71%|███████▏  | 5717/8000 [31:25<12:51,  2.96it/s]phase1_shape_color_acc:  71%|███████▏  | 5718/8000 [31:25<12:57,  2.94it/s]phase1_shape_color_acc:  71%|███████▏  | 5719/8000 [31:25<13:00,  2.92it/s]phase1_shape_color_acc:  72%|███████▏  | 5720/8000 [31:26<12:16,  3.09it/s]phase1_shape_color_acc:  72%|███████▏  | 5721/8000 [31:26<12:07,  3.13it/s]phase1_shape_color_acc:  72%|███████▏  | 5722/8000 [31:26<11:53,  3.19it/s]phase1_shape_color_acc:  72%|███████▏  | 5723/8000 [31:27<12:16,  3.09it/s]phase1_shape_color_acc:  72%|███████▏  | 5724/8000 [31:27<12:34,  3.02it/s]phase1_shape_color_acc:  72%|███████▏  | 5725/8000 [31:27<12:44,  2.98it/s]phase1_shape_color_acc:  72%|███████▏  | 5726/8000 [31:28<12:49,  2.96it/s]phase1_shape_color_acc:  72%|███████▏  | 5727/8000 [31:28<12:53,  2.94it/s]phase1_shape_color_acc:  72%|███████▏  | 5728/8000 [31:28<12:56,  2.92it/s]phase1_shape_color_acc:  72%|███████▏  | 5729/8000 [31:29<12:35,  3.01it/s]phase1_shape_color_acc:  72%|███████▏  | 5730/8000 [31:29<12:24,  3.05it/s]phase1_shape_color_acc:  72%|███████▏  | 5731/8000 [31:29<12:12,  3.10it/s]phase1_shape_color_acc:  72%|███████▏  | 5732/8000 [31:30<12:29,  3.03it/s]phase1_shape_color_acc:  72%|███████▏  | 5733/8000 [31:30<12:42,  2.97it/s]phase1_shape_color_acc:  72%|███████▏  | 5734/8000 [31:30<12:47,  2.95it/s]phase1_shape_color_acc:  72%|███████▏  | 5735/8000 [31:31<12:51,  2.94it/s]phase1_shape_color_acc:  72%|███████▏  | 5736/8000 [31:31<12:53,  2.93it/s]phase1_shape_color_acc:  72%|███████▏  | 5737/8000 [31:31<12:57,  2.91it/s]phase1_shape_color_acc:  72%|███████▏  | 5738/8000 [31:32<12:05,  3.12it/s]phase1_shape_color_acc:  72%|███████▏  | 5739/8000 [31:32<11:31,  3.27it/s]phase1_shape_color_acc:  72%|███████▏  | 5740/8000 [31:32<11:33,  3.26it/s]phase1_shape_color_acc:  72%|███████▏  | 5741/8000 [31:33<11:50,  3.18it/s]phase1_shape_color_acc:  72%|███████▏  | 5742/8000 [31:33<12:13,  3.08it/s]phase1_shape_color_acc:  72%|███████▏  | 5743/8000 [31:33<12:27,  3.02it/s]phase1_shape_color_acc:  72%|███████▏  | 5744/8000 [31:34<12:36,  2.98it/s]phase1_shape_color_acc:  72%|███████▏  | 5745/8000 [31:34<12:43,  2.95it/s]phase1_shape_color_acc:  72%|███████▏  | 5746/8000 [31:34<12:48,  2.93it/s]phase1_shape_color_acc:  72%|███████▏  | 5747/8000 [31:35<12:39,  2.97it/s]phase1_shape_color_acc:  72%|███████▏  | 5748/8000 [31:35<11:51,  3.17it/s]phase1_shape_color_acc:  72%|███████▏  | 5749/8000 [31:35<11:48,  3.18it/s]phase1_shape_color_acc:  72%|███████▏  | 5750/8000 [31:35<11:59,  3.13it/s]phase1_shape_color_acc:  72%|███████▏  | 5751/8000 [31:36<12:19,  3.04it/s]phase1_shape_color_acc:  72%|███████▏  | 5752/8000 [31:36<12:30,  2.99it/s]phase1_shape_color_acc:  72%|███████▏  | 5753/8000 [31:37<12:38,  2.96it/s]phase1_shape_color_acc:  72%|███████▏  | 5754/8000 [31:37<12:43,  2.94it/s]phase1_shape_color_acc:  72%|███████▏  | 5755/8000 [31:37<12:47,  2.93it/s]phase1_shape_color_acc:  72%|███████▏  | 5756/8000 [31:38<12:40,  2.95it/s]phase1_shape_color_acc:  72%|███████▏  | 5757/8000 [31:38<11:53,  3.14it/s]phase1_shape_color_acc:  72%|███████▏  | 5758/8000 [31:38<11:48,  3.16it/s]phase1_shape_color_acc:  72%|███████▏  | 5759/8000 [31:38<11:57,  3.12it/s]phase1_shape_color_acc:  72%|███████▏  | 5760/8000 [31:39<12:16,  3.04it/s]phase1_shape_color_acc:  72%|███████▏  | 5761/8000 [31:39<12:29,  2.99it/s]phase1_shape_color_acc:  72%|███████▏  | 5762/8000 [31:39<12:40,  2.94it/s]phase1_shape_color_acc:  72%|███████▏  | 5763/8000 [31:40<12:43,  2.93it/s]phase1_shape_color_acc:  72%|███████▏  | 5764/8000 [31:40<12:45,  2.92it/s]phase1_shape_color_acc:  72%|███████▏  | 5765/8000 [31:41<12:34,  2.96it/s]phase1_shape_color_acc:  72%|███████▏  | 5766/8000 [31:41<11:49,  3.15it/s]phase1_shape_color_acc:  72%|███████▏  | 5767/8000 [31:41<11:43,  3.17it/s]phase1_shape_color_acc:  72%|███████▏  | 5768/8000 [31:41<11:53,  3.13it/s]phase1_shape_color_acc:  72%|███████▏  | 5769/8000 [31:42<12:11,  3.05it/s]phase1_shape_color_acc:  72%|███████▏  | 5770/8000 [31:42<12:23,  3.00it/s]phase1_shape_color_acc:  72%|███████▏  | 5771/8000 [31:42<12:30,  2.97it/s]phase1_shape_color_acc:  72%|███████▏  | 5772/8000 [31:43<12:35,  2.95it/s]phase1_shape_color_acc:  72%|███████▏  | 5773/8000 [31:43<12:40,  2.93it/s]phase1_shape_color_acc:  72%|███████▏  | 5774/8000 [31:43<12:34,  2.95it/s]phase1_shape_color_acc:  72%|███████▏  | 5775/8000 [31:44<11:09,  3.32it/s]phase1_shape_color_acc:  72%|███████▏  | 5776/8000 [31:44<11:13,  3.30it/s]phase1_shape_color_acc:  72%|███████▏  | 5777/8000 [31:44<11:26,  3.24it/s]phase1_shape_color_acc:  72%|███████▏  | 5778/8000 [31:45<11:53,  3.12it/s]phase1_shape_color_acc:  72%|███████▏  | 5779/8000 [31:45<12:09,  3.04it/s]phase1_shape_color_acc:  72%|███████▏  | 5780/8000 [31:45<12:20,  3.00it/s]phase1_shape_color_acc:  72%|███████▏  | 5781/8000 [31:46<12:28,  2.96it/s]phase1_shape_color_acc:  72%|███████▏  | 5782/8000 [31:46<12:35,  2.93it/s]phase1_shape_color_acc:  72%|███████▏  | 5783/8000 [31:46<12:39,  2.92it/s]phase1_shape_color_acc:  72%|███████▏  | 5784/8000 [31:47<11:49,  3.12it/s]phase1_shape_color_acc:  72%|███████▏  | 5785/8000 [31:47<11:45,  3.14it/s]phase1_shape_color_acc:  72%|███████▏  | 5786/8000 [31:47<11:50,  3.11it/s]phase1_shape_color_acc:  72%|███████▏  | 5787/8000 [31:48<12:08,  3.04it/s]phase1_shape_color_acc:  72%|███████▏  | 5788/8000 [31:48<12:20,  2.99it/s]phase1_shape_color_acc:  72%|███████▏  | 5789/8000 [31:48<12:28,  2.95it/s]phase1_shape_color_acc:  72%|███████▏  | 5790/8000 [31:49<12:32,  2.94it/s]phase1_shape_color_acc:  72%|███████▏  | 5791/8000 [31:49<12:35,  2.92it/s]phase1_shape_color_acc:  72%|███████▏  | 5792/8000 [31:49<12:37,  2.91it/s]phase1_shape_color_acc:  72%|███████▏  | 5793/8000 [31:50<11:42,  3.14it/s]phase1_shape_color_acc:  72%|███████▏  | 5794/8000 [31:50<11:43,  3.13it/s]phase1_shape_color_acc:  72%|███████▏  | 5795/8000 [31:50<11:48,  3.11it/s]phase1_shape_color_acc:  72%|███████▏  | 5796/8000 [31:51<12:06,  3.03it/s]phase1_shape_color_acc:  72%|███████▏  | 5797/8000 [31:51<12:19,  2.98it/s]phase1_shape_color_acc:  72%|███████▏  | 5798/8000 [31:51<12:26,  2.95it/s]phase1_shape_color_acc:  72%|███████▏  | 5799/8000 [31:52<12:30,  2.93it/s]phase1_shape_color_acc:  72%|███████▎  | 5800/8000 [31:52<12:32,  2.92it/s]phase1_shape_color_acc:  73%|███████▎  | 5801/8000 [31:52<12:35,  2.91it/s]phase1_shape_color_acc:  73%|███████▎  | 5802/8000 [31:53<11:41,  3.13it/s]phase1_shape_color_acc:  73%|███████▎  | 5803/8000 [31:53<11:35,  3.16it/s]phase1_shape_color_acc:  73%|███████▎  | 5804/8000 [31:53<11:39,  3.14it/s]phase1_shape_color_acc:  73%|███████▎  | 5805/8000 [31:54<11:59,  3.05it/s]phase1_shape_color_acc:  73%|███████▎  | 5806/8000 [31:54<12:13,  2.99it/s]phase1_shape_color_acc:  73%|███████▎  | 5807/8000 [31:54<12:20,  2.96it/s]phase1_shape_color_acc:  73%|███████▎  | 5808/8000 [31:55<12:25,  2.94it/s]phase1_shape_color_acc:  73%|███████▎  | 5809/8000 [31:55<12:29,  2.92it/s]phase1_shape_color_acc:  73%|███████▎  | 5810/8000 [31:55<12:31,  2.92it/s]phase1_shape_color_acc:  73%|███████▎  | 5811/8000 [31:56<11:39,  3.13it/s]phase1_shape_color_acc:  73%|███████▎  | 5812/8000 [31:56<11:06,  3.28it/s]phase1_shape_color_acc:  73%|███████▎  | 5813/8000 [31:56<11:09,  3.27it/s]phase1_shape_color_acc:  73%|███████▎  | 5814/8000 [31:57<11:23,  3.20it/s]phase1_shape_color_acc:  73%|███████▎  | 5815/8000 [31:57<11:47,  3.09it/s]phase1_shape_color_acc:  73%|███████▎  | 5816/8000 [31:57<12:01,  3.03it/s]phase1_shape_color_acc:  73%|███████▎  | 5817/8000 [31:58<12:11,  2.98it/s]phase1_shape_color_acc:  73%|███████▎  | 5818/8000 [31:58<12:18,  2.96it/s]phase1_shape_color_acc:  73%|███████▎  | 5819/8000 [31:58<12:22,  2.94it/s]phase1_shape_color_acc:  73%|███████▎  | 5820/8000 [31:59<12:22,  2.93it/s]phase1_shape_color_acc:  73%|███████▎  | 5821/8000 [31:59<11:36,  3.13it/s]phase1_shape_color_acc:  73%|███████▎  | 5822/8000 [31:59<11:30,  3.15it/s]phase1_shape_color_acc:  73%|███████▎  | 5823/8000 [32:00<11:39,  3.11it/s]phase1_shape_color_acc:  73%|███████▎  | 5824/8000 [32:00<11:57,  3.03it/s]phase1_shape_color_acc:  73%|███████▎  | 5825/8000 [32:00<12:08,  2.99it/s]phase1_shape_color_acc:  73%|███████▎  | 5826/8000 [32:01<12:15,  2.96it/s]phase1_shape_color_acc:  73%|███████▎  | 5827/8000 [32:01<12:20,  2.93it/s]phase1_shape_color_acc:  73%|███████▎  | 5828/8000 [32:01<12:23,  2.92it/s]phase1_shape_color_acc:  73%|███████▎  | 5829/8000 [32:02<12:25,  2.91it/s]phase1_shape_color_acc:  73%|███████▎  | 5830/8000 [32:02<11:30,  3.14it/s]phase1_shape_color_acc:  73%|███████▎  | 5831/8000 [32:02<11:24,  3.17it/s]phase1_shape_color_acc:  73%|███████▎  | 5832/8000 [32:03<11:32,  3.13it/s]phase1_shape_color_acc:  73%|███████▎  | 5833/8000 [32:03<11:51,  3.05it/s]phase1_shape_color_acc:  73%|███████▎  | 5834/8000 [32:03<12:03,  3.00it/s]phase1_shape_color_acc:  73%|███████▎  | 5835/8000 [32:04<12:09,  2.97it/s]phase1_shape_color_acc:  73%|███████▎  | 5836/8000 [32:04<12:14,  2.94it/s]phase1_shape_color_acc:  73%|███████▎  | 5837/8000 [32:04<12:20,  2.92it/s]phase1_shape_color_acc:  73%|███████▎  | 5838/8000 [32:05<12:24,  2.90it/s]phase1_shape_color_acc:  73%|███████▎  | 5839/8000 [32:05<11:33,  3.12it/s]phase1_shape_color_acc:  73%|███████▎  | 5840/8000 [32:05<11:29,  3.13it/s]phase1_shape_color_acc:  73%|███████▎  | 5841/8000 [32:05<11:33,  3.11it/s]phase1_shape_color_acc:  73%|███████▎  | 5842/8000 [32:06<11:49,  3.04it/s]phase1_shape_color_acc:  73%|███████▎  | 5843/8000 [32:06<12:00,  2.99it/s]phase1_shape_color_acc:  73%|███████▎  | 5844/8000 [32:07<12:06,  2.97it/s]phase1_shape_color_acc:  73%|███████▎  | 5845/8000 [32:07<12:12,  2.94it/s]phase1_shape_color_acc:  73%|███████▎  | 5846/8000 [32:07<12:17,  2.92it/s]phase1_shape_color_acc:  73%|███████▎  | 5847/8000 [32:08<12:20,  2.91it/s]phase1_shape_color_acc:  73%|███████▎  | 5848/8000 [32:08<11:05,  3.24it/s]phase1_shape_color_acc:  73%|███████▎  | 5849/8000 [32:08<11:05,  3.23it/s]phase1_shape_color_acc:  73%|███████▎  | 5850/8000 [32:08<11:05,  3.23it/s]phase1_shape_color_acc:  73%|███████▎  | 5851/8000 [32:09<11:29,  3.11it/s]phase1_shape_color_acc:  73%|███████▎  | 5852/8000 [32:09<11:49,  3.03it/s]phase1_shape_color_acc:  73%|███████▎  | 5853/8000 [32:09<12:00,  2.98it/s]phase1_shape_color_acc:  73%|███████▎  | 5854/8000 [32:10<12:06,  2.95it/s]phase1_shape_color_acc:  73%|███████▎  | 5855/8000 [32:10<12:10,  2.94it/s]phase1_shape_color_acc:  73%|███████▎  | 5856/8000 [32:11<12:13,  2.92it/s]phase1_shape_color_acc:  73%|███████▎  | 5857/8000 [32:11<11:27,  3.12it/s]phase1_shape_color_acc:  73%|███████▎  | 5858/8000 [32:11<11:20,  3.15it/s]phase1_shape_color_acc:  73%|███████▎  | 5859/8000 [32:11<11:08,  3.20it/s]phase1_shape_color_acc:  73%|███████▎  | 5860/8000 [32:12<11:30,  3.10it/s]phase1_shape_color_acc:  73%|███████▎  | 5861/8000 [32:12<11:48,  3.02it/s]phase1_shape_color_acc:  73%|███████▎  | 5862/8000 [32:12<11:56,  2.98it/s]phase1_shape_color_acc:  73%|███████▎  | 5863/8000 [32:13<12:03,  2.95it/s]phase1_shape_color_acc:  73%|███████▎  | 5864/8000 [32:13<12:06,  2.94it/s]phase1_shape_color_acc:  73%|███████▎  | 5865/8000 [32:13<12:10,  2.92it/s]phase1_shape_color_acc:  73%|███████▎  | 5866/8000 [32:14<11:21,  3.13it/s]phase1_shape_color_acc:  73%|███████▎  | 5867/8000 [32:14<11:14,  3.16it/s]phase1_shape_color_acc:  73%|███████▎  | 5868/8000 [32:14<11:11,  3.18it/s]phase1_shape_color_acc:  73%|███████▎  | 5869/8000 [32:15<11:34,  3.07it/s]phase1_shape_color_acc:  73%|███████▎  | 5870/8000 [32:15<11:48,  3.00it/s]phase1_shape_color_acc:  73%|███████▎  | 5871/8000 [32:15<11:56,  2.97it/s]phase1_shape_color_acc:  73%|███████▎  | 5872/8000 [32:16<12:01,  2.95it/s]phase1_shape_color_acc:  73%|███████▎  | 5873/8000 [32:16<12:06,  2.93it/s]phase1_shape_color_acc:  73%|███████▎  | 5874/8000 [32:16<12:07,  2.92it/s]phase1_shape_color_acc:  73%|███████▎  | 5875/8000 [32:17<11:24,  3.11it/s]phase1_shape_color_acc:  73%|███████▎  | 5876/8000 [32:17<11:15,  3.14it/s]phase1_shape_color_acc:  73%|███████▎  | 5877/8000 [32:17<11:04,  3.20it/s]phase1_shape_color_acc:  73%|███████▎  | 5878/8000 [32:18<11:25,  3.10it/s]phase1_shape_color_acc:  73%|███████▎  | 5879/8000 [32:18<11:42,  3.02it/s]phase1_shape_color_acc:  74%|███████▎  | 5880/8000 [32:18<11:53,  2.97it/s]phase1_shape_color_acc:  74%|███████▎  | 5881/8000 [32:19<11:59,  2.94it/s]phase1_shape_color_acc:  74%|███████▎  | 5882/8000 [32:19<12:01,  2.93it/s]phase1_shape_color_acc:  74%|███████▎  | 5883/8000 [32:19<12:04,  2.92it/s]phase1_shape_color_acc:  74%|███████▎  | 5884/8000 [32:20<11:40,  3.02it/s]phase1_shape_color_acc:  74%|███████▎  | 5885/8000 [32:20<10:51,  3.25it/s]phase1_shape_color_acc:  74%|███████▎  | 5886/8000 [32:20<10:53,  3.24it/s]phase1_shape_color_acc:  74%|███████▎  | 5887/8000 [32:21<11:03,  3.19it/s]phase1_shape_color_acc:  74%|███████▎  | 5888/8000 [32:21<11:24,  3.08it/s]phase1_shape_color_acc:  74%|███████▎  | 5889/8000 [32:21<11:39,  3.02it/s]phase1_shape_color_acc:  74%|███████▎  | 5890/8000 [32:22<11:48,  2.98it/s]phase1_shape_color_acc:  74%|███████▎  | 5891/8000 [32:22<11:54,  2.95it/s]phase1_shape_color_acc:  74%|███████▎  | 5892/8000 [32:22<11:57,  2.94it/s]phase1_shape_color_acc:  74%|███████▎  | 5893/8000 [32:23<12:01,  2.92it/s]phase1_shape_color_acc:  74%|███████▎  | 5894/8000 [32:23<11:13,  3.13it/s]phase1_shape_color_acc:  74%|███████▎  | 5895/8000 [32:23<11:06,  3.16it/s]phase1_shape_color_acc:  74%|███████▎  | 5896/8000 [32:24<11:09,  3.14it/s]phase1_shape_color_acc:  74%|███████▎  | 5897/8000 [32:24<11:27,  3.06it/s]phase1_shape_color_acc:  74%|███████▎  | 5898/8000 [32:24<11:38,  3.01it/s]phase1_shape_color_acc:  74%|███████▎  | 5899/8000 [32:25<11:46,  2.97it/s]phase1_shape_color_acc:  74%|███████▍  | 5900/8000 [32:25<11:51,  2.95it/s]phase1_shape_color_acc:  74%|███████▍  | 5901/8000 [32:25<11:55,  2.93it/s]phase1_shape_color_acc:  74%|███████▍  | 5902/8000 [32:26<11:58,  2.92it/s]phase1_shape_color_acc:  74%|███████▍  | 5903/8000 [32:26<11:11,  3.13it/s]phase1_shape_color_acc:  74%|███████▍  | 5904/8000 [32:26<11:04,  3.15it/s]phase1_shape_color_acc:  74%|███████▍  | 5905/8000 [32:27<11:07,  3.14it/s]phase1_shape_color_acc:  74%|███████▍  | 5906/8000 [32:27<11:24,  3.06it/s]phase1_shape_color_acc:  74%|███████▍  | 5907/8000 [32:27<11:36,  3.00it/s]phase1_shape_color_acc:  74%|███████▍  | 5908/8000 [32:28<11:44,  2.97it/s]phase1_shape_color_acc:  74%|███████▍  | 5909/8000 [32:28<11:50,  2.95it/s]phase1_shape_color_acc:  74%|███████▍  | 5910/8000 [32:28<11:53,  2.93it/s]phase1_shape_color_acc:  74%|███████▍  | 5911/8000 [32:29<11:55,  2.92it/s]phase1_shape_color_acc:  74%|███████▍  | 5912/8000 [32:29<11:05,  3.14it/s]phase1_shape_color_acc:  74%|███████▍  | 5913/8000 [32:29<10:59,  3.16it/s]phase1_shape_color_acc:  74%|███████▍  | 5914/8000 [32:30<11:05,  3.13it/s]phase1_shape_color_acc:  74%|███████▍  | 5915/8000 [32:30<11:24,  3.05it/s]phase1_shape_color_acc:  74%|███████▍  | 5916/8000 [32:30<11:35,  3.00it/s]phase1_shape_color_acc:  74%|███████▍  | 5917/8000 [32:31<11:42,  2.96it/s]phase1_shape_color_acc:  74%|███████▍  | 5918/8000 [32:31<11:47,  2.94it/s]phase1_shape_color_acc:  74%|███████▍  | 5919/8000 [32:31<11:50,  2.93it/s]phase1_shape_color_acc:  74%|███████▍  | 5920/8000 [32:32<11:52,  2.92it/s]phase1_shape_color_acc:  74%|███████▍  | 5921/8000 [32:32<10:40,  3.25it/s]phase1_shape_color_acc:  74%|███████▍  | 5922/8000 [32:32<10:40,  3.25it/s]phase1_shape_color_acc:  74%|███████▍  | 5923/8000 [32:32<10:40,  3.24it/s]phase1_shape_color_acc:  74%|███████▍  | 5924/8000 [32:33<11:03,  3.13it/s]phase1_shape_color_acc:  74%|███████▍  | 5925/8000 [32:33<11:22,  3.04it/s]phase1_shape_color_acc:  74%|███████▍  | 5926/8000 [32:33<11:31,  3.00it/s]phase1_shape_color_acc:  74%|███████▍  | 5927/8000 [32:34<11:38,  2.97it/s]phase1_shape_color_acc:  74%|███████▍  | 5928/8000 [32:34<11:43,  2.95it/s]phase1_shape_color_acc:  74%|███████▍  | 5929/8000 [32:35<11:47,  2.93it/s]phase1_shape_color_acc:  74%|███████▍  | 5930/8000 [32:35<11:02,  3.13it/s]phase1_shape_color_acc:  74%|███████▍  | 5931/8000 [32:35<10:57,  3.14it/s]phase1_shape_color_acc:  74%|███████▍  | 5932/8000 [32:35<10:53,  3.17it/s]phase1_shape_color_acc:  74%|███████▍  | 5933/8000 [32:36<11:13,  3.07it/s]phase1_shape_color_acc:  74%|███████▍  | 5934/8000 [32:36<11:29,  3.00it/s]phase1_shape_color_acc:  74%|███████▍  | 5935/8000 [32:36<11:37,  2.96it/s]phase1_shape_color_acc:  74%|███████▍  | 5936/8000 [32:37<11:41,  2.94it/s]phase1_shape_color_acc:  74%|███████▍  | 5937/8000 [32:37<11:45,  2.92it/s]phase1_shape_color_acc:  74%|███████▍  | 5938/8000 [32:38<11:46,  2.92it/s]phase1_shape_color_acc:  74%|███████▍  | 5939/8000 [32:38<11:03,  3.11it/s]phase1_shape_color_acc:  74%|███████▍  | 5940/8000 [32:38<10:56,  3.14it/s]phase1_shape_color_acc:  74%|███████▍  | 5941/8000 [32:38<10:47,  3.18it/s]phase1_shape_color_acc:  74%|███████▍  | 5942/8000 [32:39<11:06,  3.09it/s]phase1_shape_color_acc:  74%|███████▍  | 5943/8000 [32:39<11:21,  3.02it/s]phase1_shape_color_acc:  74%|███████▍  | 5944/8000 [32:39<11:30,  2.98it/s]phase1_shape_color_acc:  74%|███████▍  | 5945/8000 [32:40<11:36,  2.95it/s]phase1_shape_color_acc:  74%|███████▍  | 5946/8000 [32:40<11:40,  2.93it/s]phase1_shape_color_acc:  74%|███████▍  | 5947/8000 [32:40<11:43,  2.92it/s]phase1_shape_color_acc:  74%|███████▍  | 5948/8000 [32:41<11:23,  3.00it/s]phase1_shape_color_acc:  74%|███████▍  | 5949/8000 [32:41<11:16,  3.03it/s]phase1_shape_color_acc:  74%|███████▍  | 5950/8000 [32:41<11:03,  3.09it/s]phase1_shape_color_acc:  74%|███████▍  | 5951/8000 [32:42<11:17,  3.02it/s]phase1_shape_color_acc:  74%|███████▍  | 5952/8000 [32:42<11:28,  2.97it/s]phase1_shape_color_acc:  74%|███████▍  | 5953/8000 [32:42<11:34,  2.95it/s]phase1_shape_color_acc:  74%|███████▍  | 5954/8000 [32:43<11:38,  2.93it/s]phase1_shape_color_acc:  74%|███████▍  | 5955/8000 [32:43<11:41,  2.92it/s]phase1_shape_color_acc:  74%|███████▍  | 5956/8000 [32:44<11:42,  2.91it/s]phase1_shape_color_acc:  74%|███████▍  | 5957/8000 [32:44<11:26,  2.98it/s]phase1_shape_color_acc:  74%|███████▍  | 5958/8000 [32:44<10:07,  3.36it/s]phase1_shape_color_acc:  74%|███████▍  | 5959/8000 [32:44<10:13,  3.33it/s]phase1_shape_color_acc:  74%|███████▍  | 5960/8000 [32:45<10:25,  3.26it/s]phase1_shape_color_acc:  75%|███████▍  | 5961/8000 [32:45<10:52,  3.13it/s]phase1_shape_color_acc:  75%|███████▍  | 5962/8000 [32:45<11:05,  3.06it/s]phase1_shape_color_acc:  75%|███████▍  | 5963/8000 [32:46<11:16,  3.01it/s]phase1_shape_color_acc:  75%|███████▍  | 5964/8000 [32:46<11:24,  2.97it/s]phase1_shape_color_acc:  75%|███████▍  | 5965/8000 [32:46<11:30,  2.95it/s]phase1_shape_color_acc:  75%|███████▍  | 5966/8000 [32:47<11:34,  2.93it/s]phase1_shape_color_acc:  75%|███████▍  | 5967/8000 [32:47<10:46,  3.14it/s]phase1_shape_color_acc:  75%|███████▍  | 5968/8000 [32:47<10:41,  3.17it/s]phase1_shape_color_acc:  75%|███████▍  | 5969/8000 [32:48<10:45,  3.14it/s]phase1_shape_color_acc:  75%|███████▍  | 5970/8000 [32:48<11:01,  3.07it/s]phase1_shape_color_acc:  75%|███████▍  | 5971/8000 [32:48<11:12,  3.02it/s]phase1_shape_color_acc:  75%|███████▍  | 5972/8000 [32:49<11:20,  2.98it/s]phase1_shape_color_acc:  75%|███████▍  | 5973/8000 [32:49<11:27,  2.95it/s]phase1_shape_color_acc:  75%|███████▍  | 5974/8000 [32:49<11:30,  2.93it/s]phase1_shape_color_acc:  75%|███████▍  | 5975/8000 [32:50<11:33,  2.92it/s]phase1_shape_color_acc:  75%|███████▍  | 5976/8000 [32:50<11:01,  3.06it/s]phase1_shape_color_acc:  75%|███████▍  | 5977/8000 [32:50<10:52,  3.10it/s]phase1_shape_color_acc:  75%|███████▍  | 5978/8000 [32:51<10:44,  3.14it/s]phase1_shape_color_acc:  75%|███████▍  | 5979/8000 [32:51<11:03,  3.05it/s]phase1_shape_color_acc:  75%|███████▍  | 5980/8000 [32:51<11:11,  3.01it/s]phase1_shape_color_acc:  75%|███████▍  | 5981/8000 [32:52<11:19,  2.97it/s]phase1_shape_color_acc:  75%|███████▍  | 5982/8000 [32:52<11:25,  2.94it/s]phase1_shape_color_acc:  75%|███████▍  | 5983/8000 [32:52<11:29,  2.93it/s]phase1_shape_color_acc:  75%|███████▍  | 5984/8000 [32:53<11:32,  2.91it/s]phase1_shape_color_acc:  75%|███████▍  | 5985/8000 [32:53<10:52,  3.09it/s]phase1_shape_color_acc:  75%|███████▍  | 5986/8000 [32:53<10:44,  3.13it/s]phase1_shape_color_acc:  75%|███████▍  | 5987/8000 [32:54<10:32,  3.18it/s]phase1_shape_color_acc:  75%|███████▍  | 5988/8000 [32:54<10:51,  3.09it/s]phase1_shape_color_acc:  75%|███████▍  | 5989/8000 [32:54<11:05,  3.02it/s]phase1_shape_color_acc:  75%|███████▍  | 5990/8000 [32:55<11:14,  2.98it/s]phase1_shape_color_acc:  75%|███████▍  | 5991/8000 [32:55<11:20,  2.95it/s]phase1_shape_color_acc:  75%|███████▍  | 5992/8000 [32:55<11:24,  2.93it/s]phase1_shape_color_acc:  75%|███████▍  | 5993/8000 [32:56<11:27,  2.92it/s]phase1_shape_color_acc:  75%|███████▍  | 5994/8000 [32:56<11:14,  2.97it/s]phase1_shape_color_acc:  75%|███████▍  | 5995/8000 [32:56<09:59,  3.34it/s]phase1_shape_color_acc:  75%|███████▍  | 5996/8000 [32:56<08:39,  3.85it/s]phase1_shape_color_acc:  75%|███████▍  | 5997/8000 [32:57<07:37,  4.38it/s]phase1_shape_color_acc:  75%|███████▍  | 5998/8000 [32:57<08:13,  4.06it/s]phase1_shape_color_acc:  75%|███████▍  | 5999/8000 [32:57<08:58,  3.72it/s]phase1_shape_color_acc:  75%|███████▌  | 6000/8000 [32:57<09:46,  3.41it/s]phase1_shape_color_acc:  75%|███████▌  | 6001/8000 [32:58<10:21,  3.22it/s]phase1_shape_color_acc:  75%|███████▌  | 6002/8000 [32:58<10:41,  3.12it/s]phase1_shape_color_acc:  75%|███████▌  | 6003/8000 [32:59<10:55,  3.05it/s]phase1_shape_color_acc:  75%|███████▌  | 6004/8000 [32:59<11:05,  3.00it/s]phase1_shape_color_acc:  75%|███████▌  | 6005/8000 [32:59<11:13,  2.96it/s]phase1_shape_color_acc:  75%|███████▌  | 6006/8000 [32:59<10:40,  3.11it/s]phase1_shape_color_acc:  75%|███████▌  | 6007/8000 [33:00<10:33,  3.14it/s]phase1_shape_color_acc:  75%|███████▌  | 6008/8000 [33:00<10:28,  3.17it/s]phase1_shape_color_acc:  75%|███████▌  | 6009/8000 [33:00<10:46,  3.08it/s]phase1_shape_color_acc:  75%|███████▌  | 6010/8000 [33:01<11:00,  3.01it/s]phase1_shape_color_acc:  75%|███████▌  | 6011/8000 [33:01<11:08,  2.98it/s]phase1_shape_color_acc:  75%|███████▌  | 6012/8000 [33:02<11:13,  2.95it/s]phase1_shape_color_acc:  75%|███████▌  | 6013/8000 [33:02<11:17,  2.93it/s]phase1_shape_color_acc:  75%|███████▌  | 6014/8000 [33:02<11:19,  2.92it/s]phase1_shape_color_acc:  75%|███████▌  | 6015/8000 [33:03<10:59,  3.01it/s]phase1_shape_color_acc:  75%|███████▌  | 6016/8000 [33:03<10:51,  3.05it/s]phase1_shape_color_acc:  75%|███████▌  | 6017/8000 [33:03<10:41,  3.09it/s]phase1_shape_color_acc:  75%|███████▌  | 6018/8000 [33:03<10:54,  3.03it/s]phase1_shape_color_acc:  75%|███████▌  | 6019/8000 [33:04<11:05,  2.98it/s]phase1_shape_color_acc:  75%|███████▌  | 6020/8000 [33:04<11:11,  2.95it/s]phase1_shape_color_acc:  75%|███████▌  | 6021/8000 [33:05<11:15,  2.93it/s]phase1_shape_color_acc:  75%|███████▌  | 6022/8000 [33:05<11:16,  2.92it/s]phase1_shape_color_acc:  75%|███████▌  | 6023/8000 [33:05<11:19,  2.91it/s]phase1_shape_color_acc:  75%|███████▌  | 6024/8000 [33:06<10:58,  3.00it/s]phase1_shape_color_acc:  75%|███████▌  | 6025/8000 [33:06<10:48,  3.05it/s]phase1_shape_color_acc:  75%|███████▌  | 6026/8000 [33:06<10:36,  3.10it/s]phase1_shape_color_acc:  75%|███████▌  | 6027/8000 [33:06<10:49,  3.04it/s]phase1_shape_color_acc:  75%|███████▌  | 6028/8000 [33:07<11:01,  2.98it/s]phase1_shape_color_acc:  75%|███████▌  | 6029/8000 [33:07<11:07,  2.95it/s]phase1_shape_color_acc:  75%|███████▌  | 6030/8000 [33:08<11:10,  2.94it/s]phase1_shape_color_acc:  75%|███████▌  | 6031/8000 [33:08<11:13,  2.93it/s]phase1_shape_color_acc:  75%|███████▌  | 6032/8000 [33:08<11:14,  2.92it/s]phase1_shape_color_acc:  75%|███████▌  | 6033/8000 [33:09<10:58,  2.99it/s]phase1_shape_color_acc:  75%|███████▌  | 6034/8000 [33:09<09:44,  3.36it/s]phase1_shape_color_acc:  75%|███████▌  | 6035/8000 [33:09<09:50,  3.33it/s]phase1_shape_color_acc:  75%|███████▌  | 6036/8000 [33:09<10:02,  3.26it/s]phase1_shape_color_acc:  75%|███████▌  | 6037/8000 [33:10<10:26,  3.13it/s]phase1_shape_color_acc:  75%|███████▌  | 6038/8000 [33:10<10:44,  3.04it/s]phase1_shape_color_acc:  75%|███████▌  | 6039/8000 [33:10<10:53,  3.00it/s]phase1_shape_color_acc:  76%|███████▌  | 6040/8000 [33:11<11:00,  2.97it/s]phase1_shape_color_acc:  76%|███████▌  | 6041/8000 [33:11<11:05,  2.94it/s]phase1_shape_color_acc:  76%|███████▌  | 6042/8000 [33:11<11:09,  2.93it/s]phase1_shape_color_acc:  76%|███████▌  | 6043/8000 [33:12<10:23,  3.14it/s]phase1_shape_color_acc:  76%|███████▌  | 6044/8000 [33:12<10:18,  3.16it/s]phase1_shape_color_acc:  76%|███████▌  | 6045/8000 [33:12<10:21,  3.14it/s]phase1_shape_color_acc:  76%|███████▌  | 6046/8000 [33:13<10:40,  3.05it/s]phase1_shape_color_acc:  76%|███████▌  | 6047/8000 [33:13<10:54,  2.99it/s]phase1_shape_color_acc:  76%|███████▌  | 6048/8000 [33:13<11:00,  2.95it/s]phase1_shape_color_acc:  76%|███████▌  | 6049/8000 [33:14<11:06,  2.93it/s]phase1_shape_color_acc:  76%|███████▌  | 6050/8000 [33:14<11:09,  2.91it/s]phase1_shape_color_acc:  76%|███████▌  | 6051/8000 [33:14<11:10,  2.91it/s]phase1_shape_color_acc:  76%|███████▌  | 6052/8000 [33:15<10:25,  3.12it/s]phase1_shape_color_acc:  76%|███████▌  | 6053/8000 [33:15<10:19,  3.14it/s]phase1_shape_color_acc:  76%|███████▌  | 6054/8000 [33:15<10:08,  3.20it/s]phase1_shape_color_acc:  76%|███████▌  | 6055/8000 [33:16<10:27,  3.10it/s]phase1_shape_color_acc:  76%|███████▌  | 6056/8000 [33:16<10:42,  3.03it/s]phase1_shape_color_acc:  76%|███████▌  | 6057/8000 [33:16<10:51,  2.98it/s]phase1_shape_color_acc:  76%|███████▌  | 6058/8000 [33:17<10:58,  2.95it/s]phase1_shape_color_acc:  76%|███████▌  | 6059/8000 [33:17<11:01,  2.93it/s]phase1_shape_color_acc:  76%|███████▌  | 6060/8000 [33:17<11:03,  2.92it/s]phase1_shape_color_acc:  76%|███████▌  | 6061/8000 [33:18<10:28,  3.08it/s]phase1_shape_color_acc:  76%|███████▌  | 6062/8000 [33:18<10:19,  3.13it/s]phase1_shape_color_acc:  76%|███████▌  | 6063/8000 [33:18<10:08,  3.18it/s]phase1_shape_color_acc:  76%|███████▌  | 6064/8000 [33:19<10:28,  3.08it/s]phase1_shape_color_acc:  76%|███████▌  | 6065/8000 [33:19<10:44,  3.00it/s]phase1_shape_color_acc:  76%|███████▌  | 6066/8000 [33:19<10:51,  2.97it/s]phase1_shape_color_acc:  76%|███████▌  | 6067/8000 [33:20<10:55,  2.95it/s]phase1_shape_color_acc:  76%|███████▌  | 6068/8000 [33:20<10:58,  2.93it/s]phase1_shape_color_acc:  76%|███████▌  | 6069/8000 [33:20<11:01,  2.92it/s]phase1_shape_color_acc:  76%|███████▌  | 6070/8000 [33:21<10:42,  3.00it/s]phase1_shape_color_acc:  76%|███████▌  | 6071/8000 [33:21<10:05,  3.18it/s]phase1_shape_color_acc:  76%|███████▌  | 6072/8000 [33:21<10:02,  3.20it/s]phase1_shape_color_acc:  76%|███████▌  | 6073/8000 [33:22<10:11,  3.15it/s]phase1_shape_color_acc:  76%|███████▌  | 6074/8000 [33:22<10:28,  3.06it/s]phase1_shape_color_acc:  76%|███████▌  | 6075/8000 [33:22<10:41,  3.00it/s]phase1_shape_color_acc:  76%|███████▌  | 6076/8000 [33:23<10:47,  2.97it/s]phase1_shape_color_acc:  76%|███████▌  | 6077/8000 [33:23<10:53,  2.94it/s]phase1_shape_color_acc:  76%|███████▌  | 6078/8000 [33:23<10:56,  2.93it/s]phase1_shape_color_acc:  76%|███████▌  | 6079/8000 [33:24<10:58,  2.92it/s]phase1_shape_color_acc:  76%|███████▌  | 6080/8000 [33:24<10:12,  3.14it/s]phase1_shape_color_acc:  76%|███████▌  | 6081/8000 [33:24<10:08,  3.15it/s]phase1_shape_color_acc:  76%|███████▌  | 6082/8000 [33:25<10:17,  3.11it/s]phase1_shape_color_acc:  76%|███████▌  | 6083/8000 [33:25<10:31,  3.04it/s]phase1_shape_color_acc:  76%|███████▌  | 6084/8000 [33:25<10:42,  2.98it/s]phase1_shape_color_acc:  76%|███████▌  | 6085/8000 [33:26<10:48,  2.95it/s]phase1_shape_color_acc:  76%|███████▌  | 6086/8000 [33:26<10:52,  2.93it/s]phase1_shape_color_acc:  76%|███████▌  | 6087/8000 [33:26<10:55,  2.92it/s]phase1_shape_color_acc:  76%|███████▌  | 6088/8000 [33:27<10:56,  2.91it/s]phase1_shape_color_acc:  76%|███████▌  | 6089/8000 [33:27<10:09,  3.14it/s]phase1_shape_color_acc:  76%|███████▌  | 6090/8000 [33:27<10:10,  3.13it/s]phase1_shape_color_acc:  76%|███████▌  | 6091/8000 [33:28<10:15,  3.10it/s]phase1_shape_color_acc:  76%|███████▌  | 6092/8000 [33:28<10:29,  3.03it/s]phase1_shape_color_acc:  76%|███████▌  | 6093/8000 [33:28<10:40,  2.98it/s]phase1_shape_color_acc:  76%|███████▌  | 6094/8000 [33:29<10:46,  2.95it/s]phase1_shape_color_acc:  76%|███████▌  | 6095/8000 [33:29<10:49,  2.93it/s]phase1_shape_color_acc:  76%|███████▌  | 6096/8000 [33:29<10:51,  2.92it/s]phase1_shape_color_acc:  76%|███████▌  | 6097/8000 [33:30<10:53,  2.91it/s]phase1_shape_color_acc:  76%|███████▌  | 6098/8000 [33:30<10:06,  3.14it/s]phase1_shape_color_acc:  76%|███████▌  | 6099/8000 [33:30<10:01,  3.16it/s]phase1_shape_color_acc:  76%|███████▋  | 6100/8000 [33:31<10:09,  3.12it/s]phase1_shape_color_acc:  76%|███████▋  | 6101/8000 [33:31<10:26,  3.03it/s]phase1_shape_color_acc:  76%|███████▋  | 6102/8000 [33:31<10:37,  2.98it/s]phase1_shape_color_acc:  76%|███████▋  | 6103/8000 [33:32<10:42,  2.95it/s]phase1_shape_color_acc:  76%|███████▋  | 6104/8000 [33:32<10:45,  2.94it/s]phase1_shape_color_acc:  76%|███████▋  | 6105/8000 [33:32<10:49,  2.92it/s]phase1_shape_color_acc:  76%|███████▋  | 6106/8000 [33:33<10:50,  2.91it/s]phase1_shape_color_acc:  76%|███████▋  | 6107/8000 [33:33<09:35,  3.29it/s]phase1_shape_color_acc:  76%|███████▋  | 6108/8000 [33:33<09:38,  3.27it/s]phase1_shape_color_acc:  76%|███████▋  | 6109/8000 [33:33<09:42,  3.25it/s]phase1_shape_color_acc:  76%|███████▋  | 6110/8000 [33:34<10:03,  3.13it/s]phase1_shape_color_acc:  76%|███████▋  | 6111/8000 [33:34<10:20,  3.05it/s]phase1_shape_color_acc:  76%|███████▋  | 6112/8000 [33:35<10:29,  3.00it/s]phase1_shape_color_acc:  76%|███████▋  | 6113/8000 [33:35<10:36,  2.96it/s]phase1_shape_color_acc:  76%|███████▋  | 6114/8000 [33:35<10:40,  2.95it/s]phase1_shape_color_acc:  76%|███████▋  | 6115/8000 [33:36<10:44,  2.93it/s]phase1_shape_color_acc:  76%|███████▋  | 6116/8000 [33:36<10:26,  3.01it/s]phase1_shape_color_acc:  76%|███████▋  | 6117/8000 [33:36<10:20,  3.04it/s]phase1_shape_color_acc:  76%|███████▋  | 6118/8000 [33:37<10:08,  3.09it/s]phase1_shape_color_acc:  76%|███████▋  | 6119/8000 [33:37<10:21,  3.02it/s]phase1_shape_color_acc:  76%|███████▋  | 6120/8000 [33:37<10:32,  2.97it/s]phase1_shape_color_acc:  77%|███████▋  | 6121/8000 [33:38<10:37,  2.95it/s]phase1_shape_color_acc:  77%|███████▋  | 6122/8000 [33:38<10:40,  2.93it/s]phase1_shape_color_acc:  77%|███████▋  | 6123/8000 [33:38<10:42,  2.92it/s]phase1_shape_color_acc:  77%|███████▋  | 6124/8000 [33:39<10:43,  2.91it/s]phase1_shape_color_acc:  77%|███████▋  | 6125/8000 [33:39<10:25,  3.00it/s]phase1_shape_color_acc:  77%|███████▋  | 6126/8000 [33:39<10:15,  3.04it/s]phase1_shape_color_acc:  77%|███████▋  | 6127/8000 [33:40<10:04,  3.10it/s]phase1_shape_color_acc:  77%|███████▋  | 6128/8000 [33:40<10:16,  3.03it/s]phase1_shape_color_acc:  77%|███████▋  | 6129/8000 [33:40<10:28,  2.98it/s]phase1_shape_color_acc:  77%|███████▋  | 6130/8000 [33:41<10:34,  2.95it/s]phase1_shape_color_acc:  77%|███████▋  | 6131/8000 [33:41<10:37,  2.93it/s]phase1_shape_color_acc:  77%|███████▋  | 6132/8000 [33:41<10:39,  2.92it/s]phase1_shape_color_acc:  77%|███████▋  | 6133/8000 [33:42<10:41,  2.91it/s]phase1_shape_color_acc:  77%|███████▋  | 6134/8000 [33:42<10:23,  2.99it/s]phase1_shape_color_acc:  77%|███████▋  | 6135/8000 [33:42<10:14,  3.03it/s]phase1_shape_color_acc:  77%|███████▋  | 6136/8000 [33:43<10:04,  3.08it/s]phase1_shape_color_acc:  77%|███████▋  | 6137/8000 [33:43<10:16,  3.02it/s]phase1_shape_color_acc:  77%|███████▋  | 6138/8000 [33:43<10:27,  2.97it/s]phase1_shape_color_acc:  77%|███████▋  | 6139/8000 [33:44<10:32,  2.94it/s]phase1_shape_color_acc:  77%|███████▋  | 6140/8000 [33:44<10:36,  2.92it/s]phase1_shape_color_acc:  77%|███████▋  | 6141/8000 [33:44<10:38,  2.91it/s]phase1_shape_color_acc:  77%|███████▋  | 6142/8000 [33:45<10:40,  2.90it/s]phase1_shape_color_acc:  77%|███████▋  | 6143/8000 [33:45<10:21,  2.99it/s]phase1_shape_color_acc:  77%|███████▋  | 6144/8000 [33:45<09:10,  3.37it/s]phase1_shape_color_acc:  77%|███████▋  | 6145/8000 [33:45<09:17,  3.33it/s]phase1_shape_color_acc:  77%|███████▋  | 6146/8000 [33:46<09:27,  3.27it/s]phase1_shape_color_acc:  77%|███████▋  | 6147/8000 [33:46<09:49,  3.14it/s]phase1_shape_color_acc:  77%|███████▋  | 6148/8000 [33:46<10:06,  3.06it/s]phase1_shape_color_acc:  77%|███████▋  | 6149/8000 [33:47<10:16,  3.00it/s]phase1_shape_color_acc:  77%|███████▋  | 6150/8000 [33:47<10:22,  2.97it/s]phase1_shape_color_acc:  77%|███████▋  | 6151/8000 [33:48<10:27,  2.95it/s]phase1_shape_color_acc:  77%|███████▋  | 6152/8000 [33:48<10:30,  2.93it/s]phase1_shape_color_acc:  77%|███████▋  | 6153/8000 [33:48<09:42,  3.17it/s]phase1_shape_color_acc:  77%|███████▋  | 6154/8000 [33:48<09:38,  3.19it/s]phase1_shape_color_acc:  77%|███████▋  | 6155/8000 [33:49<09:41,  3.17it/s]phase1_shape_color_acc:  77%|███████▋  | 6156/8000 [33:49<09:58,  3.08it/s]phase1_shape_color_acc:  77%|███████▋  | 6157/8000 [33:49<10:12,  3.01it/s]phase1_shape_color_acc:  77%|███████▋  | 6158/8000 [33:50<10:18,  2.98it/s]phase1_shape_color_acc:  77%|███████▋  | 6159/8000 [33:50<10:23,  2.95it/s]phase1_shape_color_acc:  77%|███████▋  | 6160/8000 [33:50<10:27,  2.93it/s]phase1_shape_color_acc:  77%|███████▋  | 6161/8000 [33:51<10:31,  2.91it/s]phase1_shape_color_acc:  77%|███████▋  | 6162/8000 [33:51<09:44,  3.14it/s]phase1_shape_color_acc:  77%|███████▋  | 6163/8000 [33:51<09:40,  3.16it/s]phase1_shape_color_acc:  77%|███████▋  | 6164/8000 [33:52<09:42,  3.15it/s]phase1_shape_color_acc:  77%|███████▋  | 6165/8000 [33:52<10:00,  3.06it/s]phase1_shape_color_acc:  77%|███████▋  | 6166/8000 [33:52<10:11,  3.00it/s]phase1_shape_color_acc:  77%|███████▋  | 6167/8000 [33:53<10:20,  2.96it/s]phase1_shape_color_acc:  77%|███████▋  | 6168/8000 [33:53<10:24,  2.94it/s]phase1_shape_color_acc:  77%|███████▋  | 6169/8000 [33:53<10:27,  2.92it/s]phase1_shape_color_acc:  77%|███████▋  | 6170/8000 [33:54<10:28,  2.91it/s]phase1_shape_color_acc:  77%|███████▋  | 6171/8000 [33:54<09:44,  3.13it/s]phase1_shape_color_acc:  77%|███████▋  | 6172/8000 [33:54<09:38,  3.16it/s]phase1_shape_color_acc:  77%|███████▋  | 6173/8000 [33:55<09:42,  3.14it/s]phase1_shape_color_acc:  77%|███████▋  | 6174/8000 [33:55<09:58,  3.05it/s]phase1_shape_color_acc:  77%|███████▋  | 6175/8000 [33:55<10:09,  2.99it/s]phase1_shape_color_acc:  77%|███████▋  | 6176/8000 [33:56<10:15,  2.96it/s]phase1_shape_color_acc:  77%|███████▋  | 6177/8000 [33:56<10:20,  2.94it/s]phase1_shape_color_acc:  77%|███████▋  | 6178/8000 [33:56<10:22,  2.93it/s]phase1_shape_color_acc:  77%|███████▋  | 6179/8000 [33:57<10:24,  2.92it/s]phase1_shape_color_acc:  77%|███████▋  | 6180/8000 [33:57<09:43,  3.12it/s]phase1_shape_color_acc:  77%|███████▋  | 6181/8000 [33:57<09:13,  3.29it/s]phase1_shape_color_acc:  77%|███████▋  | 6182/8000 [33:58<09:14,  3.28it/s]phase1_shape_color_acc:  77%|███████▋  | 6183/8000 [33:58<09:27,  3.20it/s]phase1_shape_color_acc:  77%|███████▋  | 6184/8000 [33:58<09:45,  3.10it/s]phase1_shape_color_acc:  77%|███████▋  | 6185/8000 [33:59<10:00,  3.02it/s]phase1_shape_color_acc:  77%|███████▋  | 6186/8000 [33:59<10:09,  2.98it/s]phase1_shape_color_acc:  77%|███████▋  | 6187/8000 [33:59<10:13,  2.95it/s]phase1_shape_color_acc:  77%|███████▋  | 6188/8000 [34:00<10:17,  2.94it/s]phase1_shape_color_acc:  77%|███████▋  | 6189/8000 [34:00<10:18,  2.93it/s]phase1_shape_color_acc:  77%|███████▋  | 6190/8000 [34:00<09:39,  3.12it/s]phase1_shape_color_acc:  77%|███████▋  | 6191/8000 [34:01<09:34,  3.15it/s]phase1_shape_color_acc:  77%|███████▋  | 6192/8000 [34:01<09:41,  3.11it/s]phase1_shape_color_acc:  77%|███████▋  | 6193/8000 [34:01<09:55,  3.03it/s]phase1_shape_color_acc:  77%|███████▋  | 6194/8000 [34:02<10:06,  2.98it/s]phase1_shape_color_acc:  77%|███████▋  | 6195/8000 [34:02<10:11,  2.95it/s]phase1_shape_color_acc:  77%|███████▋  | 6196/8000 [34:02<10:14,  2.93it/s]phase1_shape_color_acc:  77%|███████▋  | 6197/8000 [34:03<10:18,  2.92it/s]phase1_shape_color_acc:  77%|███████▋  | 6198/8000 [34:03<10:19,  2.91it/s]phase1_shape_color_acc:  77%|███████▋  | 6199/8000 [34:03<09:35,  3.13it/s]phase1_shape_color_acc:  78%|███████▊  | 6200/8000 [34:04<09:30,  3.16it/s]phase1_shape_color_acc:  78%|███████▊  | 6201/8000 [34:04<09:36,  3.12it/s]phase1_shape_color_acc:  78%|███████▊  | 6202/8000 [34:04<09:49,  3.05it/s]phase1_shape_color_acc:  78%|███████▊  | 6203/8000 [34:05<10:00,  2.99it/s]phase1_shape_color_acc:  78%|███████▊  | 6204/8000 [34:05<10:06,  2.96it/s]phase1_shape_color_acc:  78%|███████▊  | 6205/8000 [34:05<10:10,  2.94it/s]phase1_shape_color_acc:  78%|███████▊  | 6206/8000 [34:06<10:13,  2.92it/s]phase1_shape_color_acc:  78%|███████▊  | 6207/8000 [34:06<10:15,  2.92it/s]phase1_shape_color_acc:  78%|███████▊  | 6208/8000 [34:06<09:30,  3.14it/s]phase1_shape_color_acc:  78%|███████▊  | 6209/8000 [34:07<09:26,  3.16it/s]phase1_shape_color_acc:  78%|███████▊  | 6210/8000 [34:07<09:29,  3.14it/s]phase1_shape_color_acc:  78%|███████▊  | 6211/8000 [34:07<09:45,  3.05it/s]phase1_shape_color_acc:  78%|███████▊  | 6212/8000 [34:08<09:57,  2.99it/s]phase1_shape_color_acc:  78%|███████▊  | 6213/8000 [34:08<10:03,  2.96it/s]phase1_shape_color_acc:  78%|███████▊  | 6214/8000 [34:08<10:06,  2.94it/s]phase1_shape_color_acc:  78%|███████▊  | 6215/8000 [34:09<10:09,  2.93it/s]phase1_shape_color_acc:  78%|███████▊  | 6216/8000 [34:09<10:11,  2.92it/s]phase1_shape_color_acc:  78%|███████▊  | 6217/8000 [34:09<09:36,  3.09it/s]phase1_shape_color_acc:  78%|███████▊  | 6218/8000 [34:10<09:00,  3.30it/s]phase1_shape_color_acc:  78%|███████▊  | 6219/8000 [34:10<09:02,  3.28it/s]phase1_shape_color_acc:  78%|███████▊  | 6220/8000 [34:10<09:15,  3.20it/s]phase1_shape_color_acc:  78%|███████▊  | 6221/8000 [34:10<09:34,  3.10it/s]phase1_shape_color_acc:  78%|███████▊  | 6222/8000 [34:11<09:48,  3.02it/s]phase1_shape_color_acc:  78%|███████▊  | 6223/8000 [34:11<09:55,  2.98it/s]phase1_shape_color_acc:  78%|███████▊  | 6224/8000 [34:12<10:00,  2.96it/s]phase1_shape_color_acc:  78%|███████▊  | 6225/8000 [34:12<10:04,  2.93it/s]phase1_shape_color_acc:  78%|███████▊  | 6226/8000 [34:12<10:07,  2.92it/s]phase1_shape_color_acc:  78%|███████▊  | 6227/8000 [34:12<09:18,  3.17it/s]phase1_shape_color_acc:  78%|███████▊  | 6228/8000 [34:13<09:15,  3.19it/s]phase1_shape_color_acc:  78%|███████▊  | 6229/8000 [34:13<09:19,  3.16it/s]phase1_shape_color_acc:  78%|███████▊  | 6230/8000 [34:13<09:37,  3.07it/s]phase1_shape_color_acc:  78%|███████▊  | 6231/8000 [34:14<09:49,  3.00it/s]phase1_shape_color_acc:  78%|███████▊  | 6232/8000 [34:14<09:55,  2.97it/s]phase1_shape_color_acc:  78%|███████▊  | 6233/8000 [34:15<10:00,  2.94it/s]phase1_shape_color_acc:  78%|███████▊  | 6234/8000 [34:15<10:03,  2.93it/s]phase1_shape_color_acc:  78%|███████▊  | 6235/8000 [34:15<10:05,  2.92it/s]phase1_shape_color_acc:  78%|███████▊  | 6236/8000 [34:15<09:23,  3.13it/s]phase1_shape_color_acc:  78%|███████▊  | 6237/8000 [34:16<09:20,  3.15it/s]phase1_shape_color_acc:  78%|███████▊  | 6238/8000 [34:16<09:25,  3.11it/s]phase1_shape_color_acc:  78%|███████▊  | 6239/8000 [34:16<09:38,  3.04it/s]phase1_shape_color_acc:  78%|███████▊  | 6240/8000 [34:17<09:48,  2.99it/s]phase1_shape_color_acc:  78%|███████▊  | 6241/8000 [34:17<09:55,  2.95it/s]phase1_shape_color_acc:  78%|███████▊  | 6242/8000 [34:17<09:58,  2.94it/s]phase1_shape_color_acc:  78%|███████▊  | 6243/8000 [34:18<10:00,  2.92it/s]phase1_shape_color_acc:  78%|███████▊  | 6244/8000 [34:18<10:02,  2.91it/s]phase1_shape_color_acc:  78%|███████▊  | 6245/8000 [34:18<09:22,  3.12it/s]phase1_shape_color_acc:  78%|███████▊  | 6246/8000 [34:19<09:16,  3.15it/s]phase1_shape_color_acc:  78%|███████▊  | 6247/8000 [34:19<09:18,  3.14it/s]phase1_shape_color_acc:  78%|███████▊  | 6248/8000 [34:19<09:34,  3.05it/s]phase1_shape_color_acc:  78%|███████▊  | 6249/8000 [34:20<09:45,  2.99it/s]phase1_shape_color_acc:  78%|███████▊  | 6250/8000 [34:20<09:50,  2.96it/s]phase1_shape_color_acc:  78%|███████▊  | 6251/8000 [34:20<09:54,  2.94it/s]phase1_shape_color_acc:  78%|███████▊  | 6252/8000 [34:21<09:57,  2.93it/s]phase1_shape_color_acc:  78%|███████▊  | 6253/8000 [34:21<09:59,  2.91it/s]phase1_shape_color_acc:  78%|███████▊  | 6254/8000 [34:21<09:28,  3.07it/s]phase1_shape_color_acc:  78%|███████▊  | 6255/8000 [34:22<08:57,  3.25it/s]phase1_shape_color_acc:  78%|███████▊  | 6256/8000 [34:22<08:57,  3.24it/s]phase1_shape_color_acc:  78%|███████▊  | 6257/8000 [34:22<09:10,  3.17it/s]phase1_shape_color_acc:  78%|███████▊  | 6258/8000 [34:23<09:27,  3.07it/s]phase1_shape_color_acc:  78%|███████▊  | 6259/8000 [34:23<09:39,  3.00it/s]phase1_shape_color_acc:  78%|███████▊  | 6260/8000 [34:23<09:45,  2.97it/s]phase1_shape_color_acc:  78%|███████▊  | 6261/8000 [34:24<09:50,  2.94it/s]phase1_shape_color_acc:  78%|███████▊  | 6262/8000 [34:24<09:53,  2.93it/s]phase1_shape_color_acc:  78%|███████▊  | 6263/8000 [34:24<09:50,  2.94it/s]phase1_shape_color_acc:  78%|███████▊  | 6264/8000 [34:25<09:12,  3.14it/s]phase1_shape_color_acc:  78%|███████▊  | 6265/8000 [34:25<09:10,  3.15it/s]phase1_shape_color_acc:  78%|███████▊  | 6266/8000 [34:25<09:19,  3.10it/s]phase1_shape_color_acc:  78%|███████▊  | 6267/8000 [34:26<09:32,  3.02it/s]phase1_shape_color_acc:  78%|███████▊  | 6268/8000 [34:26<09:40,  2.98it/s]phase1_shape_color_acc:  78%|███████▊  | 6269/8000 [34:26<09:46,  2.95it/s]phase1_shape_color_acc:  78%|███████▊  | 6270/8000 [34:27<09:50,  2.93it/s]phase1_shape_color_acc:  78%|███████▊  | 6271/8000 [34:27<09:52,  2.92it/s]phase1_shape_color_acc:  78%|███████▊  | 6272/8000 [34:27<09:44,  2.96it/s]phase1_shape_color_acc:  78%|███████▊  | 6273/8000 [34:28<09:06,  3.16it/s]phase1_shape_color_acc:  78%|███████▊  | 6274/8000 [34:28<09:04,  3.17it/s]phase1_shape_color_acc:  78%|███████▊  | 6275/8000 [34:28<09:12,  3.12it/s]phase1_shape_color_acc:  78%|███████▊  | 6276/8000 [34:29<09:26,  3.04it/s]phase1_shape_color_acc:  78%|███████▊  | 6277/8000 [34:29<09:36,  2.99it/s]phase1_shape_color_acc:  78%|███████▊  | 6278/8000 [34:29<09:42,  2.96it/s]phase1_shape_color_acc:  78%|███████▊  | 6279/8000 [34:30<09:45,  2.94it/s]phase1_shape_color_acc:  78%|███████▊  | 6280/8000 [34:30<09:47,  2.93it/s]phase1_shape_color_acc:  79%|███████▊  | 6281/8000 [34:30<09:50,  2.91it/s]phase1_shape_color_acc:  79%|███████▊  | 6282/8000 [34:31<09:07,  3.14it/s]phase1_shape_color_acc:  79%|███████▊  | 6283/8000 [34:31<09:04,  3.15it/s]phase1_shape_color_acc:  79%|███████▊  | 6284/8000 [34:31<09:11,  3.11it/s]phase1_shape_color_acc:  79%|███████▊  | 6285/8000 [34:32<09:25,  3.03it/s]phase1_shape_color_acc:  79%|███████▊  | 6286/8000 [34:32<09:34,  2.98it/s]phase1_shape_color_acc:  79%|███████▊  | 6287/8000 [34:32<09:39,  2.96it/s]phase1_shape_color_acc:  79%|███████▊  | 6288/8000 [34:33<09:42,  2.94it/s]phase1_shape_color_acc:  79%|███████▊  | 6289/8000 [34:33<09:44,  2.93it/s]phase1_shape_color_acc:  79%|███████▊  | 6290/8000 [34:33<09:46,  2.91it/s]phase1_shape_color_acc:  79%|███████▊  | 6291/8000 [34:34<08:38,  3.30it/s]phase1_shape_color_acc:  79%|███████▊  | 6292/8000 [34:34<08:40,  3.28it/s]phase1_shape_color_acc:  79%|███████▊  | 6293/8000 [34:34<08:39,  3.29it/s]phase1_shape_color_acc:  79%|███████▊  | 6294/8000 [34:35<09:00,  3.15it/s]phase1_shape_color_acc:  79%|███████▊  | 6295/8000 [34:35<09:17,  3.06it/s]phase1_shape_color_acc:  79%|███████▊  | 6296/8000 [34:35<09:26,  3.01it/s]phase1_shape_color_acc:  79%|███████▊  | 6297/8000 [34:36<09:32,  2.97it/s]phase1_shape_color_acc:  79%|███████▊  | 6298/8000 [34:36<09:37,  2.95it/s]phase1_shape_color_acc:  79%|███████▊  | 6299/8000 [34:36<09:40,  2.93it/s]phase1_shape_color_acc:  79%|███████▉  | 6300/8000 [34:37<09:04,  3.12it/s]phase1_shape_color_acc:  79%|███████▉  | 6301/8000 [34:37<08:59,  3.15it/s]phase1_shape_color_acc:  79%|███████▉  | 6302/8000 [34:37<08:49,  3.20it/s]phase1_shape_color_acc:  79%|███████▉  | 6303/8000 [34:38<09:06,  3.10it/s]phase1_shape_color_acc:  79%|███████▉  | 6304/8000 [34:38<09:20,  3.03it/s]phase1_shape_color_acc:  79%|███████▉  | 6305/8000 [34:38<09:28,  2.98it/s]phase1_shape_color_acc:  79%|███████▉  | 6306/8000 [34:39<09:33,  2.96it/s]phase1_shape_color_acc:  79%|███████▉  | 6307/8000 [34:39<09:36,  2.94it/s]phase1_shape_color_acc:  79%|███████▉  | 6308/8000 [34:39<09:38,  2.92it/s]phase1_shape_color_acc:  79%|███████▉  | 6309/8000 [34:40<09:06,  3.10it/s]phase1_shape_color_acc:  79%|███████▉  | 6310/8000 [34:40<08:58,  3.14it/s]phase1_shape_color_acc:  79%|███████▉  | 6311/8000 [34:40<08:48,  3.19it/s]phase1_shape_color_acc:  79%|███████▉  | 6312/8000 [34:40<09:05,  3.10it/s]phase1_shape_color_acc:  79%|███████▉  | 6313/8000 [34:41<09:18,  3.02it/s]phase1_shape_color_acc:  79%|███████▉  | 6314/8000 [34:41<09:24,  2.98it/s]phase1_shape_color_acc:  79%|███████▉  | 6315/8000 [34:42<09:29,  2.96it/s]phase1_shape_color_acc:  79%|███████▉  | 6316/8000 [34:42<09:32,  2.94it/s]phase1_shape_color_acc:  79%|███████▉  | 6317/8000 [34:42<09:35,  2.92it/s]phase1_shape_color_acc:  79%|███████▉  | 6318/8000 [34:43<09:18,  3.01it/s]phase1_shape_color_acc:  79%|███████▉  | 6319/8000 [34:43<09:11,  3.05it/s]phase1_shape_color_acc:  79%|███████▉  | 6320/8000 [34:43<09:02,  3.10it/s]phase1_shape_color_acc:  79%|███████▉  | 6321/8000 [34:44<09:14,  3.03it/s]phase1_shape_color_acc:  79%|███████▉  | 6322/8000 [34:44<09:23,  2.98it/s]phase1_shape_color_acc:  79%|███████▉  | 6323/8000 [34:44<09:28,  2.95it/s]phase1_shape_color_acc:  79%|███████▉  | 6324/8000 [34:45<09:31,  2.93it/s]phase1_shape_color_acc:  79%|███████▉  | 6325/8000 [34:45<09:33,  2.92it/s]phase1_shape_color_acc:  79%|███████▉  | 6326/8000 [34:45<09:35,  2.91it/s]phase1_shape_color_acc:  79%|███████▉  | 6327/8000 [34:46<09:35,  2.91it/s]phase1_shape_color_acc:  79%|███████▉  | 6328/8000 [34:46<08:47,  3.17it/s]phase1_shape_color_acc:  79%|███████▉  | 6329/8000 [34:46<08:55,  3.12it/s]phase1_shape_color_acc:  79%|███████▉  | 6330/8000 [34:46<09:00,  3.09it/s]phase1_shape_color_acc:  79%|███████▉  | 6331/8000 [34:47<09:03,  3.07it/s]phase1_shape_color_acc:  79%|███████▉  | 6332/8000 [34:47<09:04,  3.06it/s]phase1_shape_color_acc:  79%|███████▉  | 6333/8000 [34:47<09:06,  3.05it/s]phase1_shape_color_acc:  79%|███████▉  | 6334/8000 [34:48<09:07,  3.04it/s]phase1_shape_color_acc:  79%|███████▉  | 6335/8000 [34:48<08:40,  3.20it/s]phase1_shape_color_acc:  79%|███████▉  | 6336/8000 [34:48<08:38,  3.21it/s]phase1_shape_color_acc:  79%|███████▉  | 6337/8000 [34:49<08:34,  3.23it/s]phase1_shape_color_acc:  79%|███████▉  | 6338/8000 [34:49<08:54,  3.11it/s]phase1_shape_color_acc:  79%|███████▉  | 6339/8000 [34:49<09:08,  3.03it/s]phase1_shape_color_acc:  79%|███████▉  | 6340/8000 [34:50<09:16,  2.98it/s]phase1_shape_color_acc:  79%|███████▉  | 6341/8000 [34:50<09:21,  2.95it/s]phase1_shape_color_acc:  79%|███████▉  | 6342/8000 [34:50<09:25,  2.93it/s]phase1_shape_color_acc:  79%|███████▉  | 6343/8000 [34:51<09:27,  2.92it/s]phase1_shape_color_acc:  79%|███████▉  | 6344/8000 [34:51<08:49,  3.13it/s]phase1_shape_color_acc:  79%|███████▉  | 6345/8000 [34:51<08:45,  3.15it/s]phase1_shape_color_acc:  79%|███████▉  | 6346/8000 [34:52<08:35,  3.21it/s]phase1_shape_color_acc:  79%|███████▉  | 6347/8000 [34:52<08:52,  3.10it/s]phase1_shape_color_acc:  79%|███████▉  | 6348/8000 [34:52<09:05,  3.03it/s]phase1_shape_color_acc:  79%|███████▉  | 6349/8000 [34:53<09:14,  2.98it/s]phase1_shape_color_acc:  79%|███████▉  | 6350/8000 [34:53<09:19,  2.95it/s]phase1_shape_color_acc:  79%|███████▉  | 6351/8000 [34:53<09:22,  2.93it/s]phase1_shape_color_acc:  79%|███████▉  | 6352/8000 [34:54<09:24,  2.92it/s]phase1_shape_color_acc:  79%|███████▉  | 6353/8000 [34:54<08:49,  3.11it/s]phase1_shape_color_acc:  79%|███████▉  | 6354/8000 [34:54<08:43,  3.15it/s]phase1_shape_color_acc:  79%|███████▉  | 6355/8000 [34:55<08:34,  3.20it/s]phase1_shape_color_acc:  79%|███████▉  | 6356/8000 [34:55<08:50,  3.10it/s]phase1_shape_color_acc:  79%|███████▉  | 6357/8000 [34:55<09:04,  3.02it/s]phase1_shape_color_acc:  79%|███████▉  | 6358/8000 [34:56<09:11,  2.98it/s]phase1_shape_color_acc:  79%|███████▉  | 6359/8000 [34:56<09:15,  2.95it/s]phase1_shape_color_acc:  80%|███████▉  | 6360/8000 [34:56<09:18,  2.94it/s]phase1_shape_color_acc:  80%|███████▉  | 6361/8000 [34:57<09:20,  2.92it/s]phase1_shape_color_acc:  80%|███████▉  | 6362/8000 [34:57<09:04,  3.01it/s]phase1_shape_color_acc:  80%|███████▉  | 6363/8000 [34:57<08:56,  3.05it/s]phase1_shape_color_acc:  80%|███████▉  | 6364/8000 [34:58<08:48,  3.10it/s]phase1_shape_color_acc:  80%|███████▉  | 6365/8000 [34:58<08:59,  3.03it/s]phase1_shape_color_acc:  80%|███████▉  | 6366/8000 [34:58<09:08,  2.98it/s]phase1_shape_color_acc:  80%|███████▉  | 6367/8000 [34:59<09:12,  2.96it/s]phase1_shape_color_acc:  80%|███████▉  | 6368/8000 [34:59<09:15,  2.94it/s]phase1_shape_color_acc:  80%|███████▉  | 6369/8000 [34:59<09:18,  2.92it/s]phase1_shape_color_acc:  80%|███████▉  | 6370/8000 [35:00<09:19,  2.91it/s]phase1_shape_color_acc:  80%|███████▉  | 6371/8000 [35:00<09:06,  2.98it/s]phase1_shape_color_acc:  80%|███████▉  | 6372/8000 [35:00<08:05,  3.35it/s]phase1_shape_color_acc:  80%|███████▉  | 6373/8000 [35:01<08:11,  3.31it/s]phase1_shape_color_acc:  80%|███████▉  | 6374/8000 [35:01<08:18,  3.26it/s]phase1_shape_color_acc:  80%|███████▉  | 6375/8000 [35:01<08:37,  3.14it/s]phase1_shape_color_acc:  80%|███████▉  | 6376/8000 [35:02<08:50,  3.06it/s]phase1_shape_color_acc:  80%|███████▉  | 6377/8000 [35:02<09:00,  3.00it/s]phase1_shape_color_acc:  80%|███████▉  | 6378/8000 [35:02<09:06,  2.97it/s]phase1_shape_color_acc:  80%|███████▉  | 6379/8000 [35:03<09:10,  2.95it/s]phase1_shape_color_acc:  80%|███████▉  | 6380/8000 [35:03<09:12,  2.93it/s]phase1_shape_color_acc:  80%|███████▉  | 6381/8000 [35:03<08:32,  3.16it/s]phase1_shape_color_acc:  80%|███████▉  | 6382/8000 [35:04<08:28,  3.18it/s]phase1_shape_color_acc:  80%|███████▉  | 6383/8000 [35:04<08:30,  3.17it/s]phase1_shape_color_acc:  80%|███████▉  | 6384/8000 [35:04<08:44,  3.08it/s]phase1_shape_color_acc:  80%|███████▉  | 6385/8000 [35:05<08:56,  3.01it/s]phase1_shape_color_acc:  80%|███████▉  | 6386/8000 [35:05<09:03,  2.97it/s]phase1_shape_color_acc:  80%|███████▉  | 6387/8000 [35:05<09:07,  2.95it/s]phase1_shape_color_acc:  80%|███████▉  | 6388/8000 [35:06<09:09,  2.93it/s]phase1_shape_color_acc:  80%|███████▉  | 6389/8000 [35:06<09:11,  2.92it/s]phase1_shape_color_acc:  80%|███████▉  | 6390/8000 [35:06<08:30,  3.16it/s]phase1_shape_color_acc:  80%|███████▉  | 6391/8000 [35:06<08:26,  3.18it/s]phase1_shape_color_acc:  80%|███████▉  | 6392/8000 [35:07<08:28,  3.16it/s]phase1_shape_color_acc:  80%|███████▉  | 6393/8000 [35:07<08:44,  3.06it/s]phase1_shape_color_acc:  80%|███████▉  | 6394/8000 [35:08<08:55,  3.00it/s]phase1_shape_color_acc:  80%|███████▉  | 6395/8000 [35:08<09:00,  2.97it/s]phase1_shape_color_acc:  80%|███████▉  | 6396/8000 [35:08<09:04,  2.95it/s]phase1_shape_color_acc:  80%|███████▉  | 6397/8000 [35:09<09:07,  2.93it/s]phase1_shape_color_acc:  80%|███████▉  | 6398/8000 [35:09<09:08,  2.92it/s]phase1_shape_color_acc:  80%|███████▉  | 6399/8000 [35:09<08:32,  3.13it/s]phase1_shape_color_acc:  80%|████████  | 6400/8000 [35:09<08:27,  3.15it/s]phase1_shape_color_acc:  80%|████████  | 6401/8000 [35:10<08:25,  3.17it/s]phase1_shape_color_acc:  80%|████████  | 6402/8000 [35:10<08:41,  3.06it/s]phase1_shape_color_acc:  80%|████████  | 6403/8000 [35:10<08:52,  3.00it/s]phase1_shape_color_acc:  80%|████████  | 6404/8000 [35:11<08:57,  2.97it/s]phase1_shape_color_acc:  80%|████████  | 6405/8000 [35:11<09:02,  2.94it/s]phase1_shape_color_acc:  80%|████████  | 6406/8000 [35:12<09:04,  2.93it/s]phase1_shape_color_acc:  80%|████████  | 6407/8000 [35:12<09:05,  2.92it/s]phase1_shape_color_acc:  80%|████████  | 6408/8000 [35:12<08:47,  3.02it/s]phase1_shape_color_acc:  80%|████████  | 6409/8000 [35:12<07:49,  3.39it/s]phase1_shape_color_acc:  80%|████████  | 6410/8000 [35:13<07:54,  3.35it/s]phase1_shape_color_acc:  80%|████████  | 6411/8000 [35:13<08:04,  3.28it/s]phase1_shape_color_acc:  80%|████████  | 6412/8000 [35:13<08:23,  3.15it/s]phase1_shape_color_acc:  80%|████████  | 6413/8000 [35:14<08:39,  3.06it/s]phase1_shape_color_acc:  80%|████████  | 6414/8000 [35:14<08:47,  3.00it/s]phase1_shape_color_acc:  80%|████████  | 6415/8000 [35:14<08:53,  2.97it/s]phase1_shape_color_acc:  80%|████████  | 6416/8000 [35:15<08:57,  2.95it/s]phase1_shape_color_acc:  80%|████████  | 6417/8000 [35:15<09:00,  2.93it/s]phase1_shape_color_acc:  80%|████████  | 6418/8000 [35:15<08:21,  3.16it/s]phase1_shape_color_acc:  80%|████████  | 6419/8000 [35:16<08:17,  3.18it/s]phase1_shape_color_acc:  80%|████████  | 6420/8000 [35:16<08:20,  3.16it/s]phase1_shape_color_acc:  80%|████████  | 6421/8000 [35:16<08:34,  3.07it/s]phase1_shape_color_acc:  80%|████████  | 6422/8000 [35:17<08:44,  3.01it/s]phase1_shape_color_acc:  80%|████████  | 6423/8000 [35:17<08:49,  2.98it/s]phase1_shape_color_acc:  80%|████████  | 6424/8000 [35:17<08:53,  2.95it/s]phase1_shape_color_acc:  80%|████████  | 6425/8000 [35:18<08:57,  2.93it/s]phase1_shape_color_acc:  80%|████████  | 6426/8000 [35:18<08:58,  2.92it/s]phase1_shape_color_acc:  80%|████████  | 6427/8000 [35:18<08:15,  3.17it/s]phase1_shape_color_acc:  80%|████████  | 6428/8000 [35:19<08:12,  3.19it/s]phase1_shape_color_acc:  80%|████████  | 6429/8000 [35:19<08:15,  3.17it/s]phase1_shape_color_acc:  80%|████████  | 6430/8000 [35:19<08:30,  3.08it/s]phase1_shape_color_acc:  80%|████████  | 6431/8000 [35:20<08:39,  3.02it/s]phase1_shape_color_acc:  80%|████████  | 6432/8000 [35:20<08:46,  2.98it/s]phase1_shape_color_acc:  80%|████████  | 6433/8000 [35:20<08:51,  2.95it/s]phase1_shape_color_acc:  80%|████████  | 6434/8000 [35:21<08:54,  2.93it/s]phase1_shape_color_acc:  80%|████████  | 6435/8000 [35:21<08:55,  2.92it/s]phase1_shape_color_acc:  80%|████████  | 6436/8000 [35:21<08:16,  3.15it/s]phase1_shape_color_acc:  80%|████████  | 6437/8000 [35:22<08:09,  3.19it/s]phase1_shape_color_acc:  80%|████████  | 6438/8000 [35:22<08:11,  3.18it/s]phase1_shape_color_acc:  80%|████████  | 6439/8000 [35:22<08:25,  3.09it/s]phase1_shape_color_acc:  80%|████████  | 6440/8000 [35:23<08:35,  3.02it/s]phase1_shape_color_acc:  81%|████████  | 6441/8000 [35:23<08:42,  2.98it/s]phase1_shape_color_acc:  81%|████████  | 6442/8000 [35:23<08:47,  2.95it/s]phase1_shape_color_acc:  81%|████████  | 6443/8000 [35:24<08:50,  2.94it/s]phase1_shape_color_acc:  81%|████████  | 6444/8000 [35:24<08:52,  2.92it/s]phase1_shape_color_acc:  81%|████████  | 6445/8000 [35:24<08:16,  3.13it/s]phase1_shape_color_acc:  81%|████████  | 6446/8000 [35:25<07:54,  3.27it/s]phase1_shape_color_acc:  81%|████████  | 6447/8000 [35:25<07:55,  3.27it/s]phase1_shape_color_acc:  81%|████████  | 6448/8000 [35:25<08:04,  3.20it/s]phase1_shape_color_acc:  81%|████████  | 6449/8000 [35:25<08:20,  3.10it/s]phase1_shape_color_acc:  81%|████████  | 6450/8000 [35:26<08:31,  3.03it/s]phase1_shape_color_acc:  81%|████████  | 6451/8000 [35:26<08:38,  2.99it/s]phase1_shape_color_acc:  81%|████████  | 6452/8000 [35:27<08:42,  2.96it/s]phase1_shape_color_acc:  81%|████████  | 6453/8000 [35:27<08:46,  2.94it/s]phase1_shape_color_acc:  81%|████████  | 6454/8000 [35:27<08:49,  2.92it/s]phase1_shape_color_acc:  81%|████████  | 6455/8000 [35:27<08:07,  3.17it/s]phase1_shape_color_acc:  81%|████████  | 6456/8000 [35:28<08:04,  3.19it/s]phase1_shape_color_acc:  81%|████████  | 6457/8000 [35:28<08:08,  3.16it/s]phase1_shape_color_acc:  81%|████████  | 6458/8000 [35:28<08:21,  3.08it/s]phase1_shape_color_acc:  81%|████████  | 6459/8000 [35:29<08:32,  3.01it/s]phase1_shape_color_acc:  81%|████████  | 6460/8000 [35:29<08:37,  2.97it/s]phase1_shape_color_acc:  81%|████████  | 6461/8000 [35:29<08:42,  2.95it/s]phase1_shape_color_acc:  81%|████████  | 6462/8000 [35:30<08:45,  2.93it/s]phase1_shape_color_acc:  81%|████████  | 6463/8000 [35:30<08:46,  2.92it/s]phase1_shape_color_acc:  81%|████████  | 6464/8000 [35:30<08:14,  3.10it/s]phase1_shape_color_acc:  81%|████████  | 6465/8000 [35:31<08:09,  3.14it/s]phase1_shape_color_acc:  81%|████████  | 6466/8000 [35:31<07:59,  3.20it/s]phase1_shape_color_acc:  81%|████████  | 6467/8000 [35:31<08:15,  3.10it/s]phase1_shape_color_acc:  81%|████████  | 6468/8000 [35:32<08:27,  3.02it/s]phase1_shape_color_acc:  81%|████████  | 6469/8000 [35:32<08:33,  2.98it/s]phase1_shape_color_acc:  81%|████████  | 6470/8000 [35:32<08:38,  2.95it/s]phase1_shape_color_acc:  81%|████████  | 6471/8000 [35:33<08:40,  2.94it/s]phase1_shape_color_acc:  81%|████████  | 6472/8000 [35:33<08:42,  2.92it/s]phase1_shape_color_acc:  81%|████████  | 6473/8000 [35:33<08:28,  3.00it/s]phase1_shape_color_acc:  81%|████████  | 6474/8000 [35:34<08:20,  3.05it/s]phase1_shape_color_acc:  81%|████████  | 6475/8000 [35:34<08:11,  3.10it/s]phase1_shape_color_acc:  81%|████████  | 6476/8000 [35:34<08:21,  3.04it/s]phase1_shape_color_acc:  81%|████████  | 6477/8000 [35:35<08:31,  2.98it/s]phase1_shape_color_acc:  81%|████████  | 6478/8000 [35:35<08:35,  2.95it/s]phase1_shape_color_acc:  81%|████████  | 6479/8000 [35:35<08:38,  2.93it/s]phase1_shape_color_acc:  81%|████████  | 6480/8000 [35:36<08:41,  2.92it/s]phase1_shape_color_acc:  81%|████████  | 6481/8000 [35:36<08:43,  2.90it/s]phase1_shape_color_acc:  81%|████████  | 6482/8000 [35:36<08:27,  2.99it/s]phase1_shape_color_acc:  81%|████████  | 6483/8000 [35:37<07:35,  3.33it/s]phase1_shape_color_acc:  81%|████████  | 6484/8000 [35:37<07:38,  3.31it/s]phase1_shape_color_acc:  81%|████████  | 6485/8000 [35:37<07:48,  3.24it/s]phase1_shape_color_acc:  81%|████████  | 6486/8000 [35:38<08:05,  3.12it/s]phase1_shape_color_acc:  81%|████████  | 6487/8000 [35:38<08:16,  3.05it/s]phase1_shape_color_acc:  81%|████████  | 6488/8000 [35:38<08:24,  3.00it/s]phase1_shape_color_acc:  81%|████████  | 6489/8000 [35:39<08:29,  2.96it/s]phase1_shape_color_acc:  81%|████████  | 6490/8000 [35:39<08:33,  2.94it/s]phase1_shape_color_acc:  81%|████████  | 6491/8000 [35:39<08:35,  2.93it/s]phase1_shape_color_acc:  81%|████████  | 6492/8000 [35:40<08:00,  3.14it/s]phase1_shape_color_acc:  81%|████████  | 6493/8000 [35:40<07:56,  3.16it/s]phase1_shape_color_acc:  81%|████████  | 6494/8000 [35:40<07:59,  3.14it/s]phase1_shape_color_acc:  81%|████████  | 6495/8000 [35:41<08:11,  3.06it/s]phase1_shape_color_acc:  81%|████████  | 6496/8000 [35:41<08:20,  3.01it/s]phase1_shape_color_acc:  81%|████████  | 6497/8000 [35:41<08:26,  2.97it/s]phase1_shape_color_acc:  81%|████████  | 6498/8000 [35:42<08:30,  2.94it/s]phase1_shape_color_acc:  81%|████████  | 6499/8000 [35:42<08:32,  2.93it/s]phase1_shape_color_acc:  81%|████████▏ | 6500/8000 [35:42<08:33,  2.92it/s]phase1_shape_color_acc:  81%|████████▏ | 6501/8000 [35:43<07:54,  3.16it/s]phase1_shape_color_acc:  81%|████████▏ | 6502/8000 [35:43<07:51,  3.18it/s]phase1_shape_color_acc:  81%|████████▏ | 6503/8000 [35:43<07:55,  3.15it/s]phase1_shape_color_acc:  81%|████████▏ | 6504/8000 [35:44<08:07,  3.07it/s]phase1_shape_color_acc:  81%|████████▏ | 6505/8000 [35:44<08:16,  3.01it/s]phase1_shape_color_acc:  81%|████████▏ | 6506/8000 [35:44<08:22,  2.97it/s]phase1_shape_color_acc:  81%|████████▏ | 6507/8000 [35:45<08:26,  2.95it/s]phase1_shape_color_acc:  81%|████████▏ | 6508/8000 [35:45<08:28,  2.93it/s]phase1_shape_color_acc:  81%|████████▏ | 6509/8000 [35:45<08:30,  2.92it/s]phase1_shape_color_acc:  81%|████████▏ | 6510/8000 [35:46<07:56,  3.13it/s]phase1_shape_color_acc:  81%|████████▏ | 6511/8000 [35:46<07:51,  3.16it/s]phase1_shape_color_acc:  81%|████████▏ | 6512/8000 [35:46<07:58,  3.11it/s]phase1_shape_color_acc:  81%|████████▏ | 6513/8000 [35:47<08:11,  3.03it/s]phase1_shape_color_acc:  81%|████████▏ | 6514/8000 [35:47<08:17,  2.99it/s]phase1_shape_color_acc:  81%|████████▏ | 6515/8000 [35:47<08:21,  2.96it/s]phase1_shape_color_acc:  81%|████████▏ | 6516/8000 [35:48<08:25,  2.94it/s]phase1_shape_color_acc:  81%|████████▏ | 6517/8000 [35:48<08:27,  2.92it/s]phase1_shape_color_acc:  81%|████████▏ | 6518/8000 [35:48<08:29,  2.91it/s]phase1_shape_color_acc:  81%|████████▏ | 6519/8000 [35:49<07:58,  3.09it/s]phase1_shape_color_acc:  82%|████████▏ | 6520/8000 [35:49<07:31,  3.28it/s]phase1_shape_color_acc:  82%|████████▏ | 6521/8000 [35:49<07:33,  3.26it/s]phase1_shape_color_acc:  82%|████████▏ | 6522/8000 [35:50<07:40,  3.21it/s]phase1_shape_color_acc:  82%|████████▏ | 6523/8000 [35:50<07:55,  3.11it/s]phase1_shape_color_acc:  82%|████████▏ | 6524/8000 [35:50<08:06,  3.04it/s]phase1_shape_color_acc:  82%|████████▏ | 6525/8000 [35:51<08:13,  2.99it/s]phase1_shape_color_acc:  82%|████████▏ | 6526/8000 [35:51<08:18,  2.96it/s]phase1_shape_color_acc:  82%|████████▏ | 6527/8000 [35:51<08:21,  2.94it/s]phase1_shape_color_acc:  82%|████████▏ | 6528/8000 [35:52<08:23,  2.93it/s]phase1_shape_color_acc:  82%|████████▏ | 6529/8000 [35:52<07:45,  3.16it/s]phase1_shape_color_acc:  82%|████████▏ | 6530/8000 [35:52<07:41,  3.18it/s]phase1_shape_color_acc:  82%|████████▏ | 6531/8000 [35:52<07:47,  3.14it/s]phase1_shape_color_acc:  82%|████████▏ | 6532/8000 [35:53<07:59,  3.06it/s]phase1_shape_color_acc:  82%|████████▏ | 6533/8000 [35:53<08:09,  3.00it/s]phase1_shape_color_acc:  82%|████████▏ | 6534/8000 [35:54<08:14,  2.97it/s]phase1_shape_color_acc:  82%|████████▏ | 6535/8000 [35:54<08:17,  2.94it/s]phase1_shape_color_acc:  82%|████████▏ | 6536/8000 [35:54<08:19,  2.93it/s]phase1_shape_color_acc:  82%|████████▏ | 6537/8000 [35:55<08:21,  2.92it/s]phase1_shape_color_acc:  82%|████████▏ | 6538/8000 [35:55<07:46,  3.14it/s]phase1_shape_color_acc:  82%|████████▏ | 6539/8000 [35:55<07:41,  3.16it/s]phase1_shape_color_acc:  82%|████████▏ | 6540/8000 [35:55<07:44,  3.14it/s]phase1_shape_color_acc:  82%|████████▏ | 6541/8000 [35:56<07:57,  3.06it/s]phase1_shape_color_acc:  82%|████████▏ | 6542/8000 [35:56<08:05,  3.00it/s]phase1_shape_color_acc:  82%|████████▏ | 6543/8000 [35:56<08:10,  2.97it/s]phase1_shape_color_acc:  82%|████████▏ | 6544/8000 [35:57<08:14,  2.95it/s]phase1_shape_color_acc:  82%|████████▏ | 6545/8000 [35:57<08:17,  2.93it/s]phase1_shape_color_acc:  82%|████████▏ | 6546/8000 [35:58<08:18,  2.92it/s]phase1_shape_color_acc:  82%|████████▏ | 6547/8000 [35:58<07:44,  3.13it/s]phase1_shape_color_acc:  82%|████████▏ | 6548/8000 [35:58<07:40,  3.16it/s]phase1_shape_color_acc:  82%|████████▏ | 6549/8000 [35:58<07:43,  3.13it/s]phase1_shape_color_acc:  82%|████████▏ | 6550/8000 [35:59<07:55,  3.05it/s]phase1_shape_color_acc:  82%|████████▏ | 6551/8000 [35:59<08:03,  3.00it/s]phase1_shape_color_acc:  82%|████████▏ | 6552/8000 [35:59<08:07,  2.97it/s]phase1_shape_color_acc:  82%|████████▏ | 6553/8000 [36:00<08:11,  2.94it/s]phase1_shape_color_acc:  82%|████████▏ | 6554/8000 [36:00<08:13,  2.93it/s]phase1_shape_color_acc:  82%|████████▏ | 6555/8000 [36:01<08:14,  2.92it/s]phase1_shape_color_acc:  82%|████████▏ | 6556/8000 [36:01<07:20,  3.28it/s]phase1_shape_color_acc:  82%|████████▏ | 6557/8000 [36:01<07:22,  3.26it/s]phase1_shape_color_acc:  82%|████████▏ | 6558/8000 [36:01<07:22,  3.26it/s]phase1_shape_color_acc:  82%|████████▏ | 6559/8000 [36:02<07:39,  3.13it/s]phase1_shape_color_acc:  82%|████████▏ | 6560/8000 [36:02<07:52,  3.05it/s]phase1_shape_color_acc:  82%|████████▏ | 6561/8000 [36:02<08:01,  2.99it/s]phase1_shape_color_acc:  82%|████████▏ | 6562/8000 [36:03<08:05,  2.96it/s]phase1_shape_color_acc:  82%|████████▏ | 6563/8000 [36:03<08:08,  2.94it/s]phase1_shape_color_acc:  82%|████████▏ | 6564/8000 [36:03<08:10,  2.93it/s]phase1_shape_color_acc:  82%|████████▏ | 6565/8000 [36:04<07:57,  3.01it/s]phase1_shape_color_acc:  82%|████████▏ | 6566/8000 [36:04<07:29,  3.19it/s]phase1_shape_color_acc:  82%|████████▏ | 6567/8000 [36:04<07:27,  3.20it/s]phase1_shape_color_acc:  82%|████████▏ | 6568/8000 [36:05<07:34,  3.15it/s]phase1_shape_color_acc:  82%|████████▏ | 6569/8000 [36:05<07:47,  3.06it/s]phase1_shape_color_acc:  82%|████████▏ | 6570/8000 [36:05<07:54,  3.01it/s]phase1_shape_color_acc:  82%|████████▏ | 6571/8000 [36:06<08:00,  2.97it/s]phase1_shape_color_acc:  82%|████████▏ | 6572/8000 [36:06<08:03,  2.95it/s]phase1_shape_color_acc:  82%|████████▏ | 6573/8000 [36:06<08:06,  2.93it/s]phase1_shape_color_acc:  82%|████████▏ | 6574/8000 [36:07<08:07,  2.92it/s]phase1_shape_color_acc:  82%|████████▏ | 6575/8000 [36:07<07:32,  3.15it/s]phase1_shape_color_acc:  82%|████████▏ | 6576/8000 [36:07<07:28,  3.18it/s]phase1_shape_color_acc:  82%|████████▏ | 6577/8000 [36:08<07:34,  3.13it/s]phase1_shape_color_acc:  82%|████████▏ | 6578/8000 [36:08<07:45,  3.05it/s]phase1_shape_color_acc:  82%|████████▏ | 6579/8000 [36:08<07:53,  3.00it/s]phase1_shape_color_acc:  82%|████████▏ | 6580/8000 [36:09<07:58,  2.97it/s]phase1_shape_color_acc:  82%|████████▏ | 6581/8000 [36:09<08:02,  2.94it/s]phase1_shape_color_acc:  82%|████████▏ | 6582/8000 [36:09<08:03,  2.93it/s]phase1_shape_color_acc:  82%|████████▏ | 6583/8000 [36:10<08:05,  2.92it/s]phase1_shape_color_acc:  82%|████████▏ | 6584/8000 [36:10<07:32,  3.13it/s]phase1_shape_color_acc:  82%|████████▏ | 6585/8000 [36:10<07:29,  3.15it/s]phase1_shape_color_acc:  82%|████████▏ | 6586/8000 [36:11<07:30,  3.14it/s]phase1_shape_color_acc:  82%|████████▏ | 6587/8000 [36:11<07:41,  3.06it/s]phase1_shape_color_acc:  82%|████████▏ | 6588/8000 [36:11<07:51,  3.00it/s]phase1_shape_color_acc:  82%|████████▏ | 6589/8000 [36:12<07:56,  2.96it/s]phase1_shape_color_acc:  82%|████████▏ | 6590/8000 [36:12<07:59,  2.94it/s]phase1_shape_color_acc:  82%|████████▏ | 6591/8000 [36:12<08:00,  2.93it/s]phase1_shape_color_acc:  82%|████████▏ | 6592/8000 [36:13<08:02,  2.92it/s]phase1_shape_color_acc:  82%|████████▏ | 6593/8000 [36:13<07:20,  3.19it/s]phase1_shape_color_acc:  82%|████████▏ | 6594/8000 [36:13<07:12,  3.25it/s]phase1_shape_color_acc:  82%|████████▏ | 6595/8000 [36:14<07:14,  3.24it/s]phase1_shape_color_acc:  82%|████████▏ | 6596/8000 [36:14<07:26,  3.15it/s]phase1_shape_color_acc:  82%|████████▏ | 6597/8000 [36:14<07:38,  3.06it/s]phase1_shape_color_acc:  82%|████████▏ | 6598/8000 [36:15<07:45,  3.01it/s]phase1_shape_color_acc:  82%|████████▏ | 6599/8000 [36:15<07:51,  2.97it/s]phase1_shape_color_acc:  82%|████████▎ | 6600/8000 [36:15<07:54,  2.95it/s]phase1_shape_color_acc:  83%|████████▎ | 6601/8000 [36:16<07:57,  2.93it/s]phase1_shape_color_acc:  83%|████████▎ | 6602/8000 [36:16<07:52,  2.96it/s]phase1_shape_color_acc:  83%|████████▎ | 6603/8000 [36:16<07:22,  3.16it/s]phase1_shape_color_acc:  83%|████████▎ | 6604/8000 [36:17<07:21,  3.16it/s]phase1_shape_color_acc:  83%|████████▎ | 6605/8000 [36:17<07:27,  3.12it/s]phase1_shape_color_acc:  83%|████████▎ | 6606/8000 [36:17<07:39,  3.03it/s]phase1_shape_color_acc:  83%|████████▎ | 6607/8000 [36:18<07:46,  2.98it/s]phase1_shape_color_acc:  83%|████████▎ | 6608/8000 [36:18<07:51,  2.95it/s]phase1_shape_color_acc:  83%|████████▎ | 6609/8000 [36:18<07:54,  2.93it/s]phase1_shape_color_acc:  83%|████████▎ | 6610/8000 [36:19<07:56,  2.91it/s]phase1_shape_color_acc:  83%|████████▎ | 6611/8000 [36:19<07:57,  2.91it/s]phase1_shape_color_acc:  83%|████████▎ | 6612/8000 [36:19<07:22,  3.14it/s]phase1_shape_color_acc:  83%|████████▎ | 6613/8000 [36:20<07:24,  3.12it/s]phase1_shape_color_acc:  83%|████████▎ | 6614/8000 [36:20<07:27,  3.10it/s]phase1_shape_color_acc:  83%|████████▎ | 6615/8000 [36:20<07:36,  3.03it/s]phase1_shape_color_acc:  83%|████████▎ | 6616/8000 [36:21<07:44,  2.98it/s]phase1_shape_color_acc:  83%|████████▎ | 6617/8000 [36:21<07:48,  2.95it/s]phase1_shape_color_acc:  83%|████████▎ | 6618/8000 [36:21<07:51,  2.93it/s]phase1_shape_color_acc:  83%|████████▎ | 6619/8000 [36:22<07:52,  2.92it/s]phase1_shape_color_acc:  83%|████████▎ | 6620/8000 [36:22<07:53,  2.91it/s]phase1_shape_color_acc:  83%|████████▎ | 6621/8000 [36:22<07:20,  3.13it/s]phase1_shape_color_acc:  83%|████████▎ | 6622/8000 [36:22<07:16,  3.16it/s]phase1_shape_color_acc:  83%|████████▎ | 6623/8000 [36:23<07:18,  3.14it/s]phase1_shape_color_acc:  83%|████████▎ | 6624/8000 [36:23<07:29,  3.06it/s]phase1_shape_color_acc:  83%|████████▎ | 6625/8000 [36:24<07:39,  3.00it/s]phase1_shape_color_acc:  83%|████████▎ | 6626/8000 [36:24<07:43,  2.96it/s]phase1_shape_color_acc:  83%|████████▎ | 6627/8000 [36:24<07:46,  2.94it/s]phase1_shape_color_acc:  83%|████████▎ | 6628/8000 [36:25<07:48,  2.93it/s]phase1_shape_color_acc:  83%|████████▎ | 6629/8000 [36:25<07:50,  2.92it/s]phase1_shape_color_acc:  83%|████████▎ | 6630/8000 [36:25<07:17,  3.13it/s]phase1_shape_color_acc:  83%|████████▎ | 6631/8000 [36:25<07:03,  3.23it/s]phase1_shape_color_acc:  83%|████████▎ | 6632/8000 [36:26<07:03,  3.23it/s]phase1_shape_color_acc:  83%|████████▎ | 6633/8000 [36:26<07:14,  3.15it/s]phase1_shape_color_acc:  83%|████████▎ | 6634/8000 [36:26<07:25,  3.07it/s]phase1_shape_color_acc:  83%|████████▎ | 6635/8000 [36:27<07:32,  3.01it/s]phase1_shape_color_acc:  83%|████████▎ | 6636/8000 [36:27<07:39,  2.97it/s]phase1_shape_color_acc:  83%|████████▎ | 6637/8000 [36:27<07:43,  2.94it/s]phase1_shape_color_acc:  83%|████████▎ | 6638/8000 [36:28<07:44,  2.93it/s]phase1_shape_color_acc:  83%|████████▎ | 6639/8000 [36:28<07:32,  3.01it/s]phase1_shape_color_acc:  83%|████████▎ | 6640/8000 [36:28<07:26,  3.05it/s]phase1_shape_color_acc:  83%|████████▎ | 6641/8000 [36:29<07:20,  3.08it/s]phase1_shape_color_acc:  83%|████████▎ | 6642/8000 [36:29<07:31,  3.01it/s]phase1_shape_color_acc:  83%|████████▎ | 6643/8000 [36:29<07:39,  2.96it/s]phase1_shape_color_acc:  83%|████████▎ | 6644/8000 [36:30<07:41,  2.94it/s]phase1_shape_color_acc:  83%|████████▎ | 6645/8000 [36:30<07:43,  2.92it/s]phase1_shape_color_acc:  83%|████████▎ | 6646/8000 [36:31<07:44,  2.92it/s]phase1_shape_color_acc:  83%|████████▎ | 6647/8000 [36:31<07:44,  2.91it/s]phase1_shape_color_acc:  83%|████████▎ | 6648/8000 [36:31<07:26,  3.03it/s]phase1_shape_color_acc:  83%|████████▎ | 6649/8000 [36:31<07:20,  3.06it/s]phase1_shape_color_acc:  83%|████████▎ | 6650/8000 [36:32<07:13,  3.11it/s]phase1_shape_color_acc:  83%|████████▎ | 6651/8000 [36:32<07:23,  3.04it/s]phase1_shape_color_acc:  83%|████████▎ | 6652/8000 [36:32<07:31,  2.98it/s]phase1_shape_color_acc:  83%|████████▎ | 6653/8000 [36:33<07:35,  2.96it/s]phase1_shape_color_acc:  83%|████████▎ | 6654/8000 [36:33<07:37,  2.94it/s]phase1_shape_color_acc:  83%|████████▎ | 6655/8000 [36:34<07:39,  2.93it/s]phase1_shape_color_acc:  83%|████████▎ | 6656/8000 [36:34<07:40,  2.92it/s]phase1_shape_color_acc:  83%|████████▎ | 6657/8000 [36:34<07:15,  3.08it/s]phase1_shape_color_acc:  83%|████████▎ | 6658/8000 [36:34<07:09,  3.12it/s]phase1_shape_color_acc:  83%|████████▎ | 6659/8000 [36:35<07:01,  3.18it/s]phase1_shape_color_acc:  83%|████████▎ | 6660/8000 [36:35<07:14,  3.09it/s]phase1_shape_color_acc:  83%|████████▎ | 6661/8000 [36:35<07:24,  3.01it/s]phase1_shape_color_acc:  83%|████████▎ | 6662/8000 [36:36<07:28,  2.98it/s]phase1_shape_color_acc:  83%|████████▎ | 6663/8000 [36:36<07:32,  2.96it/s]phase1_shape_color_acc:  83%|████████▎ | 6664/8000 [36:36<07:36,  2.93it/s]phase1_shape_color_acc:  83%|████████▎ | 6665/8000 [36:37<07:38,  2.91it/s]phase1_shape_color_acc:  83%|████████▎ | 6666/8000 [36:37<07:06,  3.13it/s]phase1_shape_color_acc:  83%|████████▎ | 6667/8000 [36:37<06:43,  3.30it/s]phase1_shape_color_acc:  83%|████████▎ | 6668/8000 [36:38<06:41,  3.31it/s]phase1_shape_color_acc:  83%|████████▎ | 6669/8000 [36:38<06:51,  3.23it/s]phase1_shape_color_acc:  83%|████████▎ | 6670/8000 [36:38<07:06,  3.12it/s]phase1_shape_color_acc:  83%|████████▎ | 6671/8000 [36:39<07:16,  3.04it/s]phase1_shape_color_acc:  83%|████████▎ | 6672/8000 [36:39<07:24,  2.99it/s]phase1_shape_color_acc:  83%|████████▎ | 6673/8000 [36:39<07:29,  2.95it/s]phase1_shape_color_acc:  83%|████████▎ | 6674/8000 [36:40<07:31,  2.94it/s]phase1_shape_color_acc:  83%|████████▎ | 6675/8000 [36:40<07:34,  2.92it/s]phase1_shape_color_acc:  83%|████████▎ | 6676/8000 [36:40<07:00,  3.15it/s]phase1_shape_color_acc:  83%|████████▎ | 6677/8000 [36:41<06:56,  3.18it/s]phase1_shape_color_acc:  83%|████████▎ | 6678/8000 [36:41<07:00,  3.14it/s]phase1_shape_color_acc:  83%|████████▎ | 6679/8000 [36:41<07:11,  3.06it/s]phase1_shape_color_acc:  84%|████████▎ | 6680/8000 [36:42<07:20,  3.00it/s]phase1_shape_color_acc:  84%|████████▎ | 6681/8000 [36:42<07:25,  2.96it/s]phase1_shape_color_acc:  84%|████████▎ | 6682/8000 [36:42<07:28,  2.94it/s]phase1_shape_color_acc:  84%|████████▎ | 6683/8000 [36:43<07:30,  2.92it/s]phase1_shape_color_acc:  84%|████████▎ | 6684/8000 [36:43<07:31,  2.91it/s]phase1_shape_color_acc:  84%|████████▎ | 6685/8000 [36:43<06:55,  3.16it/s]phase1_shape_color_acc:  84%|████████▎ | 6686/8000 [36:44<06:52,  3.19it/s]phase1_shape_color_acc:  84%|████████▎ | 6687/8000 [36:44<06:55,  3.16it/s]phase1_shape_color_acc:  84%|████████▎ | 6688/8000 [36:44<07:07,  3.07it/s]phase1_shape_color_acc:  84%|████████▎ | 6689/8000 [36:45<07:17,  3.00it/s]phase1_shape_color_acc:  84%|████████▎ | 6690/8000 [36:45<07:21,  2.97it/s]phase1_shape_color_acc:  84%|████████▎ | 6691/8000 [36:45<07:24,  2.95it/s]phase1_shape_color_acc:  84%|████████▎ | 6692/8000 [36:46<07:26,  2.93it/s]phase1_shape_color_acc:  84%|████████▎ | 6693/8000 [36:46<07:27,  2.92it/s]phase1_shape_color_acc:  84%|████████▎ | 6694/8000 [36:46<06:56,  3.13it/s]phase1_shape_color_acc:  84%|████████▎ | 6695/8000 [36:47<06:53,  3.16it/s]phase1_shape_color_acc:  84%|████████▎ | 6696/8000 [36:47<06:55,  3.13it/s]phase1_shape_color_acc:  84%|████████▎ | 6697/8000 [36:47<07:06,  3.05it/s]phase1_shape_color_acc:  84%|████████▎ | 6698/8000 [36:48<07:15,  2.99it/s]phase1_shape_color_acc:  84%|████████▎ | 6699/8000 [36:48<07:19,  2.96it/s]phase1_shape_color_acc:  84%|████████▍ | 6700/8000 [36:48<07:22,  2.94it/s]phase1_shape_color_acc:  84%|████████▍ | 6701/8000 [36:49<07:24,  2.92it/s]phase1_shape_color_acc:  84%|████████▍ | 6702/8000 [36:49<07:25,  2.91it/s]phase1_shape_color_acc:  84%|████████▍ | 6703/8000 [36:49<06:49,  3.16it/s]phase1_shape_color_acc:  84%|████████▍ | 6704/8000 [36:50<06:32,  3.30it/s]phase1_shape_color_acc:  84%|████████▍ | 6705/8000 [36:50<06:28,  3.34it/s]phase1_shape_color_acc:  84%|████████▍ | 6706/8000 [36:50<06:37,  3.26it/s]phase1_shape_color_acc:  84%|████████▍ | 6707/8000 [36:50<06:53,  3.13it/s]phase1_shape_color_acc:  84%|████████▍ | 6708/8000 [36:51<07:04,  3.04it/s]phase1_shape_color_acc:  84%|████████▍ | 6709/8000 [36:51<07:10,  3.00it/s]phase1_shape_color_acc:  84%|████████▍ | 6710/8000 [36:52<07:16,  2.95it/s]phase1_shape_color_acc:  84%|████████▍ | 6711/8000 [36:52<07:19,  2.93it/s]phase1_shape_color_acc:  84%|████████▍ | 6712/8000 [36:52<07:21,  2.92it/s]phase1_shape_color_acc:  84%|████████▍ | 6713/8000 [36:52<06:51,  3.13it/s]phase1_shape_color_acc:  84%|████████▍ | 6714/8000 [36:53<06:47,  3.16it/s]phase1_shape_color_acc:  84%|████████▍ | 6715/8000 [36:53<06:51,  3.12it/s]phase1_shape_color_acc:  84%|████████▍ | 6716/8000 [36:53<07:01,  3.04it/s]phase1_shape_color_acc:  84%|████████▍ | 6717/8000 [36:54<07:08,  2.99it/s]phase1_shape_color_acc:  84%|████████▍ | 6718/8000 [36:54<07:12,  2.97it/s]phase1_shape_color_acc:  84%|████████▍ | 6719/8000 [36:55<07:15,  2.94it/s]phase1_shape_color_acc:  84%|████████▍ | 6720/8000 [36:55<07:16,  2.93it/s]phase1_shape_color_acc:  84%|████████▍ | 6721/8000 [36:55<07:18,  2.91it/s]phase1_shape_color_acc:  84%|████████▍ | 6722/8000 [36:55<06:48,  3.13it/s]phase1_shape_color_acc:  84%|████████▍ | 6723/8000 [36:56<06:43,  3.17it/s]phase1_shape_color_acc:  84%|████████▍ | 6724/8000 [36:56<06:47,  3.13it/s]phase1_shape_color_acc:  84%|████████▍ | 6725/8000 [36:56<06:58,  3.05it/s]phase1_shape_color_acc:  84%|████████▍ | 6726/8000 [36:57<07:05,  3.00it/s]phase1_shape_color_acc:  84%|████████▍ | 6727/8000 [36:57<07:09,  2.97it/s]phase1_shape_color_acc:  84%|████████▍ | 6728/8000 [36:57<07:12,  2.94it/s]phase1_shape_color_acc:  84%|████████▍ | 6729/8000 [36:58<07:14,  2.93it/s]phase1_shape_color_acc:  84%|████████▍ | 6730/8000 [36:58<07:15,  2.91it/s]phase1_shape_color_acc:  84%|████████▍ | 6731/8000 [36:58<06:43,  3.14it/s]phase1_shape_color_acc:  84%|████████▍ | 6732/8000 [36:59<06:40,  3.17it/s]phase1_shape_color_acc:  84%|████████▍ | 6733/8000 [36:59<06:43,  3.14it/s]phase1_shape_color_acc:  84%|████████▍ | 6734/8000 [36:59<06:54,  3.06it/s]phase1_shape_color_acc:  84%|████████▍ | 6735/8000 [37:00<07:02,  3.00it/s]phase1_shape_color_acc:  84%|████████▍ | 6736/8000 [37:00<07:06,  2.97it/s]phase1_shape_color_acc:  84%|████████▍ | 6737/8000 [37:00<07:09,  2.94it/s]phase1_shape_color_acc:  84%|████████▍ | 6738/8000 [37:01<07:10,  2.93it/s]phase1_shape_color_acc:  84%|████████▍ | 6739/8000 [37:01<07:11,  2.92it/s]phase1_shape_color_acc:  84%|████████▍ | 6740/8000 [37:01<06:38,  3.16it/s]phase1_shape_color_acc:  84%|████████▍ | 6741/8000 [37:02<06:22,  3.29it/s]phase1_shape_color_acc:  84%|████████▍ | 6742/8000 [37:02<06:23,  3.28it/s]phase1_shape_color_acc:  84%|████████▍ | 6743/8000 [37:02<06:32,  3.20it/s]phase1_shape_color_acc:  84%|████████▍ | 6744/8000 [37:03<06:45,  3.10it/s]phase1_shape_color_acc:  84%|████████▍ | 6745/8000 [37:03<06:53,  3.03it/s]phase1_shape_color_acc:  84%|████████▍ | 6746/8000 [37:03<06:58,  2.99it/s]phase1_shape_color_acc:  84%|████████▍ | 6747/8000 [37:04<07:02,  2.96it/s]phase1_shape_color_acc:  84%|████████▍ | 6748/8000 [37:04<07:05,  2.94it/s]phase1_shape_color_acc:  84%|████████▍ | 6749/8000 [37:04<07:03,  2.95it/s]phase1_shape_color_acc:  84%|████████▍ | 6750/8000 [37:05<06:37,  3.14it/s]phase1_shape_color_acc:  84%|████████▍ | 6751/8000 [37:05<06:34,  3.17it/s]phase1_shape_color_acc:  84%|████████▍ | 6752/8000 [37:05<06:40,  3.11it/s]phase1_shape_color_acc:  84%|████████▍ | 6753/8000 [37:06<06:51,  3.03it/s]phase1_shape_color_acc:  84%|████████▍ | 6754/8000 [37:06<06:59,  2.97it/s]phase1_shape_color_acc:  84%|████████▍ | 6755/8000 [37:06<07:02,  2.95it/s]phase1_shape_color_acc:  84%|████████▍ | 6756/8000 [37:07<07:05,  2.92it/s]phase1_shape_color_acc:  84%|████████▍ | 6757/8000 [37:07<07:07,  2.91it/s]phase1_shape_color_acc:  84%|████████▍ | 6758/8000 [37:07<07:08,  2.90it/s]phase1_shape_color_acc:  84%|████████▍ | 6759/8000 [37:08<06:38,  3.12it/s]phase1_shape_color_acc:  84%|████████▍ | 6760/8000 [37:08<06:34,  3.15it/s]phase1_shape_color_acc:  85%|████████▍ | 6761/8000 [37:08<06:39,  3.10it/s]phase1_shape_color_acc:  85%|████████▍ | 6762/8000 [37:09<06:49,  3.02it/s]phase1_shape_color_acc:  85%|████████▍ | 6763/8000 [37:09<06:55,  2.97it/s]phase1_shape_color_acc:  85%|████████▍ | 6764/8000 [37:09<06:59,  2.94it/s]phase1_shape_color_acc:  85%|████████▍ | 6765/8000 [37:10<07:03,  2.92it/s]phase1_shape_color_acc:  85%|████████▍ | 6766/8000 [37:10<07:03,  2.91it/s]phase1_shape_color_acc:  85%|████████▍ | 6767/8000 [37:10<07:04,  2.91it/s]phase1_shape_color_acc:  85%|████████▍ | 6768/8000 [37:11<06:32,  3.14it/s]phase1_shape_color_acc:  85%|████████▍ | 6769/8000 [37:11<06:29,  3.16it/s]phase1_shape_color_acc:  85%|████████▍ | 6770/8000 [37:11<06:33,  3.13it/s]phase1_shape_color_acc:  85%|████████▍ | 6771/8000 [37:12<06:43,  3.04it/s]phase1_shape_color_acc:  85%|████████▍ | 6772/8000 [37:12<06:49,  3.00it/s]phase1_shape_color_acc:  85%|████████▍ | 6773/8000 [37:12<06:54,  2.96it/s]phase1_shape_color_acc:  85%|████████▍ | 6774/8000 [37:13<06:56,  2.94it/s]phase1_shape_color_acc:  85%|████████▍ | 6775/8000 [37:13<06:58,  2.93it/s]phase1_shape_color_acc:  85%|████████▍ | 6776/8000 [37:13<06:59,  2.92it/s]phase1_shape_color_acc:  85%|████████▍ | 6777/8000 [37:14<06:24,  3.18it/s]phase1_shape_color_acc:  85%|████████▍ | 6778/8000 [37:14<06:21,  3.21it/s]phase1_shape_color_acc:  85%|████████▍ | 6779/8000 [37:14<06:22,  3.19it/s]phase1_shape_color_acc:  85%|████████▍ | 6780/8000 [37:15<06:34,  3.09it/s]phase1_shape_color_acc:  85%|████████▍ | 6781/8000 [37:15<06:44,  3.01it/s]phase1_shape_color_acc:  85%|████████▍ | 6782/8000 [37:15<06:49,  2.97it/s]phase1_shape_color_acc:  85%|████████▍ | 6783/8000 [37:16<06:52,  2.95it/s]phase1_shape_color_acc:  85%|████████▍ | 6784/8000 [37:16<06:55,  2.93it/s]phase1_shape_color_acc:  85%|████████▍ | 6785/8000 [37:16<06:56,  2.92it/s]phase1_shape_color_acc:  85%|████████▍ | 6786/8000 [37:17<06:44,  3.00it/s]phase1_shape_color_acc:  85%|████████▍ | 6787/8000 [37:17<06:38,  3.04it/s]phase1_shape_color_acc:  85%|████████▍ | 6788/8000 [37:17<06:31,  3.10it/s]phase1_shape_color_acc:  85%|████████▍ | 6789/8000 [37:18<06:39,  3.03it/s]phase1_shape_color_acc:  85%|████████▍ | 6790/8000 [37:18<06:46,  2.98it/s]phase1_shape_color_acc:  85%|████████▍ | 6791/8000 [37:18<06:49,  2.96it/s]phase1_shape_color_acc:  85%|████████▍ | 6792/8000 [37:19<06:51,  2.94it/s]phase1_shape_color_acc:  85%|████████▍ | 6793/8000 [37:19<06:53,  2.92it/s]phase1_shape_color_acc:  85%|████████▍ | 6794/8000 [37:19<06:54,  2.91it/s]phase1_shape_color_acc:  85%|████████▍ | 6795/8000 [37:20<06:31,  3.08it/s]phase1_shape_color_acc:  85%|████████▍ | 6796/8000 [37:20<06:26,  3.12it/s]phase1_shape_color_acc:  85%|████████▍ | 6797/8000 [37:20<06:18,  3.18it/s]phase1_shape_color_acc:  85%|████████▍ | 6798/8000 [37:21<06:29,  3.08it/s]phase1_shape_color_acc:  85%|████████▍ | 6799/8000 [37:21<06:38,  3.01it/s]phase1_shape_color_acc:  85%|████████▌ | 6800/8000 [37:21<06:42,  2.98it/s]phase1_shape_color_acc:  85%|████████▌ | 6801/8000 [37:22<06:47,  2.94it/s]phase1_shape_color_acc:  85%|████████▌ | 6802/8000 [37:22<06:49,  2.93it/s]phase1_shape_color_acc:  85%|████████▌ | 6803/8000 [37:22<06:50,  2.92it/s]phase1_shape_color_acc:  85%|████████▌ | 6804/8000 [37:23<06:26,  3.10it/s]phase1_shape_color_acc:  85%|████████▌ | 6805/8000 [37:23<06:21,  3.13it/s]phase1_shape_color_acc:  85%|████████▌ | 6806/8000 [37:23<06:14,  3.19it/s]phase1_shape_color_acc:  85%|████████▌ | 6807/8000 [37:24<06:25,  3.09it/s]phase1_shape_color_acc:  85%|████████▌ | 6808/8000 [37:24<06:34,  3.02it/s]phase1_shape_color_acc:  85%|████████▌ | 6809/8000 [37:24<06:39,  2.98it/s]phase1_shape_color_acc:  85%|████████▌ | 6810/8000 [37:25<06:42,  2.96it/s]phase1_shape_color_acc:  85%|████████▌ | 6811/8000 [37:25<06:44,  2.94it/s]phase1_shape_color_acc:  85%|████████▌ | 6812/8000 [37:25<06:46,  2.92it/s]phase1_shape_color_acc:  85%|████████▌ | 6813/8000 [37:26<06:34,  3.01it/s]phase1_shape_color_acc:  85%|████████▌ | 6814/8000 [37:26<05:58,  3.31it/s]phase1_shape_color_acc:  85%|████████▌ | 6815/8000 [37:26<06:00,  3.29it/s]phase1_shape_color_acc:  85%|████████▌ | 6816/8000 [37:26<06:07,  3.23it/s]phase1_shape_color_acc:  85%|████████▌ | 6817/8000 [37:27<06:20,  3.11it/s]phase1_shape_color_acc:  85%|████████▌ | 6818/8000 [37:27<06:28,  3.05it/s]phase1_shape_color_acc:  85%|████████▌ | 6819/8000 [37:27<06:33,  3.00it/s]phase1_shape_color_acc:  85%|████████▌ | 6820/8000 [37:28<06:37,  2.97it/s]phase1_shape_color_acc:  85%|████████▌ | 6821/8000 [37:28<06:40,  2.94it/s]phase1_shape_color_acc:  85%|████████▌ | 6822/8000 [37:29<06:42,  2.93it/s]phase1_shape_color_acc:  85%|████████▌ | 6823/8000 [37:29<06:12,  3.16it/s]phase1_shape_color_acc:  85%|████████▌ | 6824/8000 [37:29<06:09,  3.18it/s]phase1_shape_color_acc:  85%|████████▌ | 6825/8000 [37:29<06:13,  3.15it/s]phase1_shape_color_acc:  85%|████████▌ | 6826/8000 [37:30<06:23,  3.06it/s]phase1_shape_color_acc:  85%|████████▌ | 6827/8000 [37:30<06:31,  3.00it/s]phase1_shape_color_acc:  85%|████████▌ | 6828/8000 [37:30<06:35,  2.97it/s]phase1_shape_color_acc:  85%|████████▌ | 6829/8000 [37:31<06:37,  2.94it/s]phase1_shape_color_acc:  85%|████████▌ | 6830/8000 [37:31<06:39,  2.93it/s]phase1_shape_color_acc:  85%|████████▌ | 6831/8000 [37:31<06:40,  2.92it/s]phase1_shape_color_acc:  85%|████████▌ | 6832/8000 [37:32<06:13,  3.13it/s]phase1_shape_color_acc:  85%|████████▌ | 6833/8000 [37:32<06:14,  3.12it/s]phase1_shape_color_acc:  85%|████████▌ | 6834/8000 [37:32<06:16,  3.10it/s]phase1_shape_color_acc:  85%|████████▌ | 6835/8000 [37:33<06:24,  3.03it/s]phase1_shape_color_acc:  85%|████████▌ | 6836/8000 [37:33<06:30,  2.98it/s]phase1_shape_color_acc:  85%|████████▌ | 6837/8000 [37:33<06:33,  2.95it/s]phase1_shape_color_acc:  85%|████████▌ | 6838/8000 [37:34<06:35,  2.94it/s]phase1_shape_color_acc:  85%|████████▌ | 6839/8000 [37:34<06:37,  2.92it/s]phase1_shape_color_acc:  86%|████████▌ | 6840/8000 [37:34<06:37,  2.91it/s]phase1_shape_color_acc:  86%|████████▌ | 6841/8000 [37:35<06:09,  3.14it/s]phase1_shape_color_acc:  86%|████████▌ | 6842/8000 [37:35<06:05,  3.16it/s]phase1_shape_color_acc:  86%|████████▌ | 6843/8000 [37:35<06:07,  3.15it/s]phase1_shape_color_acc:  86%|████████▌ | 6844/8000 [37:36<06:17,  3.06it/s]phase1_shape_color_acc:  86%|████████▌ | 6845/8000 [37:36<06:25,  3.00it/s]phase1_shape_color_acc:  86%|████████▌ | 6846/8000 [37:36<06:28,  2.97it/s]phase1_shape_color_acc:  86%|████████▌ | 6847/8000 [37:37<06:31,  2.95it/s]phase1_shape_color_acc:  86%|████████▌ | 6848/8000 [37:37<06:33,  2.93it/s]phase1_shape_color_acc:  86%|████████▌ | 6849/8000 [37:37<06:34,  2.92it/s]phase1_shape_color_acc:  86%|████████▌ | 6850/8000 [37:38<06:05,  3.14it/s]phase1_shape_color_acc:  86%|████████▌ | 6851/8000 [37:38<05:49,  3.29it/s]phase1_shape_color_acc:  86%|████████▌ | 6852/8000 [37:38<05:50,  3.27it/s]phase1_shape_color_acc:  86%|████████▌ | 6853/8000 [37:39<05:58,  3.20it/s]phase1_shape_color_acc:  86%|████████▌ | 6854/8000 [37:39<06:10,  3.09it/s]phase1_shape_color_acc:  86%|████████▌ | 6855/8000 [37:39<06:17,  3.03it/s]phase1_shape_color_acc:  86%|████████▌ | 6856/8000 [37:40<06:22,  2.99it/s]phase1_shape_color_acc:  86%|████████▌ | 6857/8000 [37:40<06:26,  2.96it/s]phase1_shape_color_acc:  86%|████████▌ | 6858/8000 [37:40<06:28,  2.94it/s]phase1_shape_color_acc:  86%|████████▌ | 6859/8000 [37:41<06:27,  2.95it/s]phase1_shape_color_acc:  86%|████████▌ | 6860/8000 [37:41<05:59,  3.17it/s]phase1_shape_color_acc:  86%|████████▌ | 6861/8000 [37:41<05:57,  3.18it/s]phase1_shape_color_acc:  86%|████████▌ | 6862/8000 [37:42<06:02,  3.14it/s]phase1_shape_color_acc:  86%|████████▌ | 6863/8000 [37:42<06:12,  3.05it/s]phase1_shape_color_acc:  86%|████████▌ | 6864/8000 [37:42<06:18,  3.00it/s]phase1_shape_color_acc:  86%|████████▌ | 6865/8000 [37:43<06:22,  2.97it/s]phase1_shape_color_acc:  86%|████████▌ | 6866/8000 [37:43<06:24,  2.95it/s]phase1_shape_color_acc:  86%|████████▌ | 6867/8000 [37:43<06:26,  2.93it/s]phase1_shape_color_acc:  86%|████████▌ | 6868/8000 [37:44<06:27,  2.92it/s]phase1_shape_color_acc:  86%|████████▌ | 6869/8000 [37:44<05:58,  3.16it/s]phase1_shape_color_acc:  86%|████████▌ | 6870/8000 [37:44<05:55,  3.18it/s]phase1_shape_color_acc:  86%|████████▌ | 6871/8000 [37:45<05:57,  3.16it/s]phase1_shape_color_acc:  86%|████████▌ | 6872/8000 [37:45<06:07,  3.07it/s]phase1_shape_color_acc:  86%|████████▌ | 6873/8000 [37:45<06:14,  3.01it/s]phase1_shape_color_acc:  86%|████████▌ | 6874/8000 [37:46<06:18,  2.98it/s]phase1_shape_color_acc:  86%|████████▌ | 6875/8000 [37:46<06:21,  2.95it/s]phase1_shape_color_acc:  86%|████████▌ | 6876/8000 [37:46<06:22,  2.93it/s]phase1_shape_color_acc:  86%|████████▌ | 6877/8000 [37:47<06:24,  2.92it/s]phase1_shape_color_acc:  86%|████████▌ | 6878/8000 [37:47<05:57,  3.14it/s]phase1_shape_color_acc:  86%|████████▌ | 6879/8000 [37:47<05:54,  3.17it/s]phase1_shape_color_acc:  86%|████████▌ | 6880/8000 [37:48<05:56,  3.14it/s]phase1_shape_color_acc:  86%|████████▌ | 6881/8000 [37:48<06:06,  3.05it/s]phase1_shape_color_acc:  86%|████████▌ | 6882/8000 [37:48<06:13,  2.99it/s]phase1_shape_color_acc:  86%|████████▌ | 6883/8000 [37:49<06:17,  2.96it/s]phase1_shape_color_acc:  86%|████████▌ | 6884/8000 [37:49<06:19,  2.94it/s]phase1_shape_color_acc:  86%|████████▌ | 6885/8000 [37:49<06:21,  2.92it/s]phase1_shape_color_acc:  86%|████████▌ | 6886/8000 [37:50<06:22,  2.91it/s]phase1_shape_color_acc:  86%|████████▌ | 6887/8000 [37:50<05:55,  3.13it/s]phase1_shape_color_acc:  86%|████████▌ | 6888/8000 [37:50<05:39,  3.28it/s]phase1_shape_color_acc:  86%|████████▌ | 6889/8000 [37:50<05:40,  3.26it/s]phase1_shape_color_acc:  86%|████████▌ | 6890/8000 [37:51<05:48,  3.19it/s]phase1_shape_color_acc:  86%|████████▌ | 6891/8000 [37:51<05:59,  3.08it/s]phase1_shape_color_acc:  86%|████████▌ | 6892/8000 [37:51<06:06,  3.02it/s]phase1_shape_color_acc:  86%|████████▌ | 6893/8000 [37:52<06:11,  2.98it/s]phase1_shape_color_acc:  86%|████████▌ | 6894/8000 [37:52<06:14,  2.95it/s]phase1_shape_color_acc:  86%|████████▌ | 6895/8000 [37:53<06:16,  2.94it/s]phase1_shape_color_acc:  86%|████████▌ | 6896/8000 [37:53<06:13,  2.96it/s]phase1_shape_color_acc:  86%|████████▌ | 6897/8000 [37:53<05:50,  3.15it/s]phase1_shape_color_acc:  86%|████████▌ | 6898/8000 [37:53<05:48,  3.17it/s]phase1_shape_color_acc:  86%|████████▌ | 6899/8000 [37:54<05:52,  3.12it/s]phase1_shape_color_acc:  86%|████████▋ | 6900/8000 [37:54<06:01,  3.04it/s]phase1_shape_color_acc:  86%|████████▋ | 6901/8000 [37:54<06:07,  2.99it/s]phase1_shape_color_acc:  86%|████████▋ | 6902/8000 [37:55<06:10,  2.96it/s]phase1_shape_color_acc:  86%|████████▋ | 6903/8000 [37:55<06:12,  2.94it/s]phase1_shape_color_acc:  86%|████████▋ | 6904/8000 [37:55<06:14,  2.93it/s]phase1_shape_color_acc:  86%|████████▋ | 6905/8000 [37:56<06:15,  2.92it/s]phase1_shape_color_acc:  86%|████████▋ | 6906/8000 [37:56<05:47,  3.14it/s]phase1_shape_color_acc:  86%|████████▋ | 6907/8000 [37:56<05:45,  3.16it/s]phase1_shape_color_acc:  86%|████████▋ | 6908/8000 [37:57<05:48,  3.13it/s]phase1_shape_color_acc:  86%|████████▋ | 6909/8000 [37:57<05:57,  3.05it/s]phase1_shape_color_acc:  86%|████████▋ | 6910/8000 [37:57<06:03,  3.00it/s]phase1_shape_color_acc:  86%|████████▋ | 6911/8000 [37:58<06:07,  2.97it/s]phase1_shape_color_acc:  86%|████████▋ | 6912/8000 [37:58<06:09,  2.94it/s]phase1_shape_color_acc:  86%|████████▋ | 6913/8000 [37:58<06:11,  2.93it/s]phase1_shape_color_acc:  86%|████████▋ | 6914/8000 [37:59<06:12,  2.91it/s]phase1_shape_color_acc:  86%|████████▋ | 6915/8000 [37:59<05:44,  3.15it/s]phase1_shape_color_acc:  86%|████████▋ | 6916/8000 [37:59<05:41,  3.17it/s]phase1_shape_color_acc:  86%|████████▋ | 6917/8000 [38:00<05:45,  3.14it/s]phase1_shape_color_acc:  86%|████████▋ | 6918/8000 [38:00<05:53,  3.06it/s]phase1_shape_color_acc:  86%|████████▋ | 6919/8000 [38:00<06:00,  3.00it/s]phase1_shape_color_acc:  86%|████████▋ | 6920/8000 [38:01<06:03,  2.97it/s]phase1_shape_color_acc:  87%|████████▋ | 6921/8000 [38:01<06:06,  2.94it/s]phase1_shape_color_acc:  87%|████████▋ | 6922/8000 [38:01<06:07,  2.93it/s]phase1_shape_color_acc:  87%|████████▋ | 6923/8000 [38:02<06:08,  2.92it/s]phase1_shape_color_acc:  87%|████████▋ | 6924/8000 [38:02<05:36,  3.19it/s]phase1_shape_color_acc:  87%|████████▋ | 6925/8000 [38:02<05:37,  3.19it/s]phase1_shape_color_acc:  87%|████████▋ | 6926/8000 [38:03<05:35,  3.20it/s]phase1_shape_color_acc:  87%|████████▋ | 6927/8000 [38:03<05:46,  3.10it/s]phase1_shape_color_acc:  87%|████████▋ | 6928/8000 [38:03<05:54,  3.02it/s]phase1_shape_color_acc:  87%|████████▋ | 6929/8000 [38:04<06:00,  2.97it/s]phase1_shape_color_acc:  87%|████████▋ | 6930/8000 [38:04<06:03,  2.94it/s]phase1_shape_color_acc:  87%|████████▋ | 6931/8000 [38:04<06:05,  2.92it/s]phase1_shape_color_acc:  87%|████████▋ | 6932/8000 [38:05<06:07,  2.91it/s]phase1_shape_color_acc:  87%|████████▋ | 6933/8000 [38:05<05:54,  3.01it/s]phase1_shape_color_acc:  87%|████████▋ | 6934/8000 [38:05<05:48,  3.05it/s]phase1_shape_color_acc:  87%|████████▋ | 6935/8000 [38:06<05:43,  3.10it/s]phase1_shape_color_acc:  87%|████████▋ | 6936/8000 [38:06<05:50,  3.04it/s]phase1_shape_color_acc:  87%|████████▋ | 6937/8000 [38:06<05:56,  2.98it/s]phase1_shape_color_acc:  87%|████████▋ | 6938/8000 [38:07<05:59,  2.95it/s]phase1_shape_color_acc:  87%|████████▋ | 6939/8000 [38:07<06:01,  2.93it/s]phase1_shape_color_acc:  87%|████████▋ | 6940/8000 [38:07<06:02,  2.92it/s]phase1_shape_color_acc:  87%|████████▋ | 6941/8000 [38:08<06:03,  2.91it/s]phase1_shape_color_acc:  87%|████████▋ | 6942/8000 [38:08<05:53,  2.99it/s]phase1_shape_color_acc:  87%|████████▋ | 6943/8000 [38:08<05:48,  3.03it/s]phase1_shape_color_acc:  87%|████████▋ | 6944/8000 [38:09<05:19,  3.30it/s]phase1_shape_color_acc:  87%|████████▋ | 6945/8000 [38:09<04:32,  3.86it/s]phase1_shape_color_acc:  87%|████████▋ | 6946/8000 [38:09<04:33,  3.86it/s]phase1_shape_color_acc:  87%|████████▋ | 6947/8000 [38:09<05:00,  3.51it/s]phase1_shape_color_acc:  87%|████████▋ | 6948/8000 [38:10<05:20,  3.28it/s]phase1_shape_color_acc:  87%|████████▋ | 6949/8000 [38:10<05:33,  3.15it/s]phase1_shape_color_acc:  87%|████████▋ | 6950/8000 [38:10<05:42,  3.06it/s]phase1_shape_color_acc:  87%|████████▋ | 6951/8000 [38:11<05:48,  3.01it/s]phase1_shape_color_acc:  87%|████████▋ | 6952/8000 [38:11<05:51,  2.98it/s]phase1_shape_color_acc:  87%|████████▋ | 6953/8000 [38:11<05:29,  3.18it/s]phase1_shape_color_acc:  87%|████████▋ | 6954/8000 [38:12<05:27,  3.19it/s]phase1_shape_color_acc:  87%|████████▋ | 6955/8000 [38:12<05:29,  3.17it/s]phase1_shape_color_acc:  87%|████████▋ | 6956/8000 [38:12<05:39,  3.07it/s]phase1_shape_color_acc:  87%|████████▋ | 6957/8000 [38:13<05:46,  3.01it/s]phase1_shape_color_acc:  87%|████████▋ | 6958/8000 [38:13<05:50,  2.98it/s]phase1_shape_color_acc:  87%|████████▋ | 6959/8000 [38:13<05:52,  2.95it/s]phase1_shape_color_acc:  87%|████████▋ | 6960/8000 [38:14<05:54,  2.93it/s]phase1_shape_color_acc:  87%|████████▋ | 6961/8000 [38:14<05:56,  2.91it/s]phase1_shape_color_acc:  87%|████████▋ | 6962/8000 [38:14<05:21,  3.23it/s]phase1_shape_color_acc:  87%|████████▋ | 6963/8000 [38:15<05:22,  3.21it/s]phase1_shape_color_acc:  87%|████████▋ | 6964/8000 [38:15<05:22,  3.22it/s]phase1_shape_color_acc:  87%|████████▋ | 6965/8000 [38:15<05:32,  3.11it/s]phase1_shape_color_acc:  87%|████████▋ | 6966/8000 [38:16<05:41,  3.03it/s]phase1_shape_color_acc:  87%|████████▋ | 6967/8000 [38:16<05:45,  2.99it/s]phase1_shape_color_acc:  87%|████████▋ | 6968/8000 [38:16<05:48,  2.96it/s]phase1_shape_color_acc:  87%|████████▋ | 6969/8000 [38:17<05:50,  2.94it/s]phase1_shape_color_acc:  87%|████████▋ | 6970/8000 [38:17<05:52,  2.92it/s]phase1_shape_color_acc:  87%|████████▋ | 6971/8000 [38:17<05:41,  3.01it/s]phase1_shape_color_acc:  87%|████████▋ | 6972/8000 [38:18<05:36,  3.05it/s]phase1_shape_color_acc:  87%|████████▋ | 6973/8000 [38:18<05:31,  3.10it/s]phase1_shape_color_acc:  87%|████████▋ | 6974/8000 [38:18<05:38,  3.03it/s]phase1_shape_color_acc:  87%|████████▋ | 6975/8000 [38:19<05:43,  2.98it/s]phase1_shape_color_acc:  87%|████████▋ | 6976/8000 [38:19<05:47,  2.95it/s]phase1_shape_color_acc:  87%|████████▋ | 6977/8000 [38:19<05:49,  2.92it/s]phase1_shape_color_acc:  87%|████████▋ | 6978/8000 [38:20<05:50,  2.92it/s]phase1_shape_color_acc:  87%|████████▋ | 6979/8000 [38:20<05:50,  2.91it/s]phase1_shape_color_acc:  87%|████████▋ | 6980/8000 [38:20<05:29,  3.09it/s]phase1_shape_color_acc:  87%|████████▋ | 6981/8000 [38:21<05:25,  3.13it/s]phase1_shape_color_acc:  87%|████████▋ | 6982/8000 [38:21<05:19,  3.19it/s]phase1_shape_color_acc:  87%|████████▋ | 6983/8000 [38:21<05:29,  3.08it/s]phase1_shape_color_acc:  87%|████████▋ | 6984/8000 [38:22<05:37,  3.01it/s]phase1_shape_color_acc:  87%|████████▋ | 6985/8000 [38:22<05:41,  2.97it/s]phase1_shape_color_acc:  87%|████████▋ | 6986/8000 [38:22<05:43,  2.95it/s]phase1_shape_color_acc:  87%|████████▋ | 6987/8000 [38:23<05:45,  2.93it/s]phase1_shape_color_acc:  87%|████████▋ | 6988/8000 [38:23<05:46,  2.92it/s]phase1_shape_color_acc:  87%|████████▋ | 6989/8000 [38:23<05:26,  3.10it/s]phase1_shape_color_acc:  87%|████████▋ | 6990/8000 [38:24<05:21,  3.14it/s]phase1_shape_color_acc:  87%|████████▋ | 6991/8000 [38:24<05:15,  3.19it/s]phase1_shape_color_acc:  87%|████████▋ | 6992/8000 [38:24<05:25,  3.09it/s]phase1_shape_color_acc:  87%|████████▋ | 6993/8000 [38:25<05:33,  3.02it/s]phase1_shape_color_acc:  87%|████████▋ | 6994/8000 [38:25<05:37,  2.98it/s]phase1_shape_color_acc:  87%|████████▋ | 6995/8000 [38:25<05:40,  2.95it/s]phase1_shape_color_acc:  87%|████████▋ | 6996/8000 [38:26<05:42,  2.93it/s]phase1_shape_color_acc:  87%|████████▋ | 6997/8000 [38:26<05:43,  2.92it/s]phase1_shape_color_acc:  87%|████████▋ | 6998/8000 [38:26<05:21,  3.12it/s]phase1_shape_color_acc:  87%|████████▋ | 6999/8000 [38:27<05:06,  3.27it/s]phase1_shape_color_acc:  88%|████████▊ | 7000/8000 [38:27<05:07,  3.25it/s]phase1_shape_color_acc:  88%|████████▊ | 7001/8000 [38:27<05:14,  3.18it/s]phase1_shape_color_acc:  88%|████████▊ | 7002/8000 [38:28<05:23,  3.09it/s]phase1_shape_color_acc:  88%|████████▊ | 7003/8000 [38:28<05:30,  3.02it/s]phase1_shape_color_acc:  88%|████████▊ | 7004/8000 [38:28<05:34,  2.98it/s]phase1_shape_color_acc:  88%|████████▊ | 7005/8000 [38:29<05:37,  2.95it/s]phase1_shape_color_acc:  88%|████████▊ | 7006/8000 [38:29<05:38,  2.93it/s]phase1_shape_color_acc:  88%|████████▊ | 7007/8000 [38:29<05:39,  2.92it/s]phase1_shape_color_acc:  88%|████████▊ | 7008/8000 [38:30<05:15,  3.14it/s]phase1_shape_color_acc:  88%|████████▊ | 7009/8000 [38:30<05:13,  3.16it/s]phase1_shape_color_acc:  88%|████████▊ | 7010/8000 [38:30<05:17,  3.12it/s]phase1_shape_color_acc:  88%|████████▊ | 7011/8000 [38:31<05:24,  3.05it/s]phase1_shape_color_acc:  88%|████████▊ | 7012/8000 [38:31<05:29,  3.00it/s]phase1_shape_color_acc:  88%|████████▊ | 7013/8000 [38:31<05:33,  2.96it/s]phase1_shape_color_acc:  88%|████████▊ | 7014/8000 [38:32<05:35,  2.94it/s]phase1_shape_color_acc:  88%|████████▊ | 7015/8000 [38:32<05:36,  2.93it/s]phase1_shape_color_acc:  88%|████████▊ | 7016/8000 [38:32<05:37,  2.92it/s]phase1_shape_color_acc:  88%|████████▊ | 7017/8000 [38:33<05:13,  3.13it/s]phase1_shape_color_acc:  88%|████████▊ | 7018/8000 [38:33<05:10,  3.16it/s]phase1_shape_color_acc:  88%|████████▊ | 7019/8000 [38:33<05:11,  3.15it/s]phase1_shape_color_acc:  88%|████████▊ | 7020/8000 [38:33<05:20,  3.05it/s]phase1_shape_color_acc:  88%|████████▊ | 7021/8000 [38:34<05:27,  2.99it/s]phase1_shape_color_acc:  88%|████████▊ | 7022/8000 [38:34<05:30,  2.96it/s]phase1_shape_color_acc:  88%|████████▊ | 7023/8000 [38:35<05:32,  2.94it/s]phase1_shape_color_acc:  88%|████████▊ | 7024/8000 [38:35<05:33,  2.93it/s]phase1_shape_color_acc:  88%|████████▊ | 7025/8000 [38:35<05:34,  2.91it/s]phase1_shape_color_acc:  88%|████████▊ | 7026/8000 [38:35<05:16,  3.07it/s]phase1_shape_color_acc:  88%|████████▊ | 7027/8000 [38:36<05:12,  3.12it/s]phase1_shape_color_acc:  88%|████████▊ | 7028/8000 [38:36<05:08,  3.15it/s]phase1_shape_color_acc:  88%|████████▊ | 7029/8000 [38:36<05:17,  3.06it/s]phase1_shape_color_acc:  88%|████████▊ | 7030/8000 [38:37<05:23,  3.00it/s]phase1_shape_color_acc:  88%|████████▊ | 7031/8000 [38:37<05:27,  2.96it/s]phase1_shape_color_acc:  88%|████████▊ | 7032/8000 [38:38<05:28,  2.94it/s]phase1_shape_color_acc:  88%|████████▊ | 7033/8000 [38:38<05:30,  2.92it/s]phase1_shape_color_acc:  88%|████████▊ | 7034/8000 [38:38<05:31,  2.91it/s]phase1_shape_color_acc:  88%|████████▊ | 7035/8000 [38:38<05:10,  3.10it/s]phase1_shape_color_acc:  88%|████████▊ | 7036/8000 [38:39<04:55,  3.26it/s]phase1_shape_color_acc:  88%|████████▊ | 7037/8000 [38:39<04:55,  3.26it/s]phase1_shape_color_acc:  88%|████████▊ | 7038/8000 [38:39<05:01,  3.19it/s]phase1_shape_color_acc:  88%|████████▊ | 7039/8000 [38:40<05:10,  3.10it/s]phase1_shape_color_acc:  88%|████████▊ | 7040/8000 [38:40<05:16,  3.03it/s]phase1_shape_color_acc:  88%|████████▊ | 7041/8000 [38:40<05:22,  2.98it/s]phase1_shape_color_acc:  88%|████████▊ | 7042/8000 [38:41<05:26,  2.94it/s]phase1_shape_color_acc:  88%|████████▊ | 7043/8000 [38:41<05:27,  2.92it/s]phase1_shape_color_acc:  88%|████████▊ | 7044/8000 [38:41<05:26,  2.93it/s]phase1_shape_color_acc:  88%|████████▊ | 7045/8000 [38:42<05:04,  3.14it/s]phase1_shape_color_acc:  88%|████████▊ | 7046/8000 [38:42<05:02,  3.15it/s]phase1_shape_color_acc:  88%|████████▊ | 7047/8000 [38:42<05:06,  3.11it/s]phase1_shape_color_acc:  88%|████████▊ | 7048/8000 [38:43<05:13,  3.03it/s]phase1_shape_color_acc:  88%|████████▊ | 7049/8000 [38:43<05:19,  2.98it/s]phase1_shape_color_acc:  88%|████████▊ | 7050/8000 [38:43<05:22,  2.95it/s]phase1_shape_color_acc:  88%|████████▊ | 7051/8000 [38:44<05:24,  2.93it/s]phase1_shape_color_acc:  88%|████████▊ | 7052/8000 [38:44<05:25,  2.91it/s]phase1_shape_color_acc:  88%|████████▊ | 7053/8000 [38:44<05:21,  2.95it/s]phase1_shape_color_acc:  88%|████████▊ | 7054/8000 [38:45<05:01,  3.14it/s]phase1_shape_color_acc:  88%|████████▊ | 7055/8000 [38:45<04:58,  3.17it/s]phase1_shape_color_acc:  88%|████████▊ | 7056/8000 [38:45<05:02,  3.12it/s]phase1_shape_color_acc:  88%|████████▊ | 7057/8000 [38:46<05:10,  3.04it/s]phase1_shape_color_acc:  88%|████████▊ | 7058/8000 [38:46<05:14,  2.99it/s]phase1_shape_color_acc:  88%|████████▊ | 7059/8000 [38:46<05:17,  2.96it/s]phase1_shape_color_acc:  88%|████████▊ | 7060/8000 [38:47<05:19,  2.94it/s]phase1_shape_color_acc:  88%|████████▊ | 7061/8000 [38:47<05:21,  2.92it/s]phase1_shape_color_acc:  88%|████████▊ | 7062/8000 [38:47<05:19,  2.94it/s]phase1_shape_color_acc:  88%|████████▊ | 7063/8000 [38:48<04:58,  3.14it/s]phase1_shape_color_acc:  88%|████████▊ | 7064/8000 [38:48<04:56,  3.16it/s]phase1_shape_color_acc:  88%|████████▊ | 7065/8000 [38:48<05:00,  3.11it/s]phase1_shape_color_acc:  88%|████████▊ | 7066/8000 [38:49<05:06,  3.05it/s]phase1_shape_color_acc:  88%|████████▊ | 7067/8000 [38:49<05:11,  3.00it/s]phase1_shape_color_acc:  88%|████████▊ | 7068/8000 [38:49<05:14,  2.97it/s]phase1_shape_color_acc:  88%|████████▊ | 7069/8000 [38:50<05:16,  2.94it/s]phase1_shape_color_acc:  88%|████████▊ | 7070/8000 [38:50<05:17,  2.93it/s]phase1_shape_color_acc:  88%|████████▊ | 7071/8000 [38:50<05:17,  2.92it/s]phase1_shape_color_acc:  88%|████████▊ | 7072/8000 [38:51<04:38,  3.33it/s]phase1_shape_color_acc:  88%|████████▊ | 7073/8000 [38:51<04:38,  3.33it/s]phase1_shape_color_acc:  88%|████████▊ | 7074/8000 [38:51<04:37,  3.33it/s]phase1_shape_color_acc:  88%|████████▊ | 7075/8000 [38:52<04:51,  3.17it/s]phase1_shape_color_acc:  88%|████████▊ | 7076/8000 [38:52<04:59,  3.09it/s]phase1_shape_color_acc:  88%|████████▊ | 7077/8000 [38:52<05:05,  3.02it/s]phase1_shape_color_acc:  88%|████████▊ | 7078/8000 [38:53<05:10,  2.97it/s]phase1_shape_color_acc:  88%|████████▊ | 7079/8000 [38:53<05:12,  2.94it/s]phase1_shape_color_acc:  88%|████████▊ | 7080/8000 [38:53<05:14,  2.92it/s]phase1_shape_color_acc:  89%|████████▊ | 7081/8000 [38:54<04:56,  3.10it/s]phase1_shape_color_acc:  89%|████████▊ | 7082/8000 [38:54<04:53,  3.13it/s]phase1_shape_color_acc:  89%|████████▊ | 7083/8000 [38:54<04:47,  3.19it/s]phase1_shape_color_acc:  89%|████████▊ | 7084/8000 [38:55<04:56,  3.09it/s]phase1_shape_color_acc:  89%|████████▊ | 7085/8000 [38:55<05:02,  3.03it/s]phase1_shape_color_acc:  89%|████████▊ | 7086/8000 [38:55<05:05,  2.99it/s]phase1_shape_color_acc:  89%|████████▊ | 7087/8000 [38:56<05:08,  2.96it/s]phase1_shape_color_acc:  89%|████████▊ | 7088/8000 [38:56<05:10,  2.94it/s]phase1_shape_color_acc:  89%|████████▊ | 7089/8000 [38:56<05:11,  2.92it/s]phase1_shape_color_acc:  89%|████████▊ | 7090/8000 [38:57<05:04,  2.99it/s]phase1_shape_color_acc:  89%|████████▊ | 7091/8000 [38:57<04:46,  3.17it/s]phase1_shape_color_acc:  89%|████████▊ | 7092/8000 [38:57<04:45,  3.18it/s]phase1_shape_color_acc:  89%|████████▊ | 7093/8000 [38:57<04:49,  3.13it/s]phase1_shape_color_acc:  89%|████████▊ | 7094/8000 [38:58<04:57,  3.05it/s]phase1_shape_color_acc:  89%|████████▊ | 7095/8000 [38:58<05:00,  3.01it/s]phase1_shape_color_acc:  89%|████████▊ | 7096/8000 [38:59<05:03,  2.98it/s]phase1_shape_color_acc:  89%|████████▊ | 7097/8000 [38:59<05:06,  2.95it/s]phase1_shape_color_acc:  89%|████████▊ | 7098/8000 [38:59<05:07,  2.93it/s]phase1_shape_color_acc:  89%|████████▊ | 7099/8000 [39:00<05:08,  2.92it/s]phase1_shape_color_acc:  89%|████████▉ | 7100/8000 [39:00<04:46,  3.14it/s]phase1_shape_color_acc:  89%|████████▉ | 7101/8000 [39:00<04:44,  3.16it/s]phase1_shape_color_acc:  89%|████████▉ | 7102/8000 [39:00<04:47,  3.13it/s]phase1_shape_color_acc:  89%|████████▉ | 7103/8000 [39:01<04:54,  3.04it/s]phase1_shape_color_acc:  89%|████████▉ | 7104/8000 [39:01<04:57,  3.02it/s]phase1_shape_color_acc:  89%|████████▉ | 7105/8000 [39:01<05:00,  2.98it/s]phase1_shape_color_acc:  89%|████████▉ | 7106/8000 [39:02<05:02,  2.95it/s]phase1_shape_color_acc:  89%|████████▉ | 7107/8000 [39:02<05:04,  2.94it/s]phase1_shape_color_acc:  89%|████████▉ | 7108/8000 [39:03<05:05,  2.92it/s]phase1_shape_color_acc:  89%|████████▉ | 7109/8000 [39:03<04:36,  3.22it/s]phase1_shape_color_acc:  89%|████████▉ | 7110/8000 [39:03<04:35,  3.23it/s]phase1_shape_color_acc:  89%|████████▉ | 7111/8000 [39:03<04:35,  3.23it/s]phase1_shape_color_acc:  89%|████████▉ | 7112/8000 [39:04<04:44,  3.12it/s]phase1_shape_color_acc:  89%|████████▉ | 7113/8000 [39:04<04:52,  3.03it/s]phase1_shape_color_acc:  89%|████████▉ | 7114/8000 [39:04<04:56,  2.99it/s]phase1_shape_color_acc:  89%|████████▉ | 7115/8000 [39:05<04:59,  2.96it/s]phase1_shape_color_acc:  89%|████████▉ | 7116/8000 [39:05<05:00,  2.94it/s]phase1_shape_color_acc:  89%|████████▉ | 7117/8000 [39:05<05:02,  2.92it/s]phase1_shape_color_acc:  89%|████████▉ | 7118/8000 [39:06<04:45,  3.09it/s]phase1_shape_color_acc:  89%|████████▉ | 7119/8000 [39:06<04:41,  3.12it/s]phase1_shape_color_acc:  89%|████████▉ | 7120/8000 [39:06<04:36,  3.18it/s]phase1_shape_color_acc:  89%|████████▉ | 7121/8000 [39:07<04:46,  3.06it/s]phase1_shape_color_acc:  89%|████████▉ | 7122/8000 [39:07<04:52,  3.00it/s]phase1_shape_color_acc:  89%|████████▉ | 7123/8000 [39:07<04:55,  2.97it/s]phase1_shape_color_acc:  89%|████████▉ | 7124/8000 [39:08<04:57,  2.95it/s]phase1_shape_color_acc:  89%|████████▉ | 7125/8000 [39:08<04:58,  2.93it/s]phase1_shape_color_acc:  89%|████████▉ | 7126/8000 [39:08<04:59,  2.92it/s]phase1_shape_color_acc:  89%|████████▉ | 7127/8000 [39:09<04:48,  3.03it/s]phase1_shape_color_acc:  89%|████████▉ | 7128/8000 [39:09<04:44,  3.07it/s]phase1_shape_color_acc:  89%|████████▉ | 7129/8000 [39:09<04:40,  3.11it/s]phase1_shape_color_acc:  89%|████████▉ | 7130/8000 [39:10<04:46,  3.04it/s]phase1_shape_color_acc:  89%|████████▉ | 7131/8000 [39:10<04:51,  2.98it/s]phase1_shape_color_acc:  89%|████████▉ | 7132/8000 [39:10<04:53,  2.96it/s]phase1_shape_color_acc:  89%|████████▉ | 7133/8000 [39:11<04:55,  2.94it/s]phase1_shape_color_acc:  89%|████████▉ | 7134/8000 [39:11<04:56,  2.92it/s]phase1_shape_color_acc:  89%|████████▉ | 7135/8000 [39:11<04:56,  2.92it/s]phase1_shape_color_acc:  89%|████████▉ | 7136/8000 [39:12<04:40,  3.08it/s]phase1_shape_color_acc:  89%|████████▉ | 7137/8000 [39:12<04:36,  3.12it/s]phase1_shape_color_acc:  89%|████████▉ | 7138/8000 [39:12<04:30,  3.18it/s]phase1_shape_color_acc:  89%|████████▉ | 7139/8000 [39:13<04:39,  3.08it/s]phase1_shape_color_acc:  89%|████████▉ | 7140/8000 [39:13<04:45,  3.01it/s]phase1_shape_color_acc:  89%|████████▉ | 7141/8000 [39:13<04:49,  2.97it/s]phase1_shape_color_acc:  89%|████████▉ | 7142/8000 [39:14<04:50,  2.95it/s]phase1_shape_color_acc:  89%|████████▉ | 7143/8000 [39:14<04:52,  2.93it/s]phase1_shape_color_acc:  89%|████████▉ | 7144/8000 [39:14<04:53,  2.92it/s]phase1_shape_color_acc:  89%|████████▉ | 7145/8000 [39:15<04:44,  3.00it/s]phase1_shape_color_acc:  89%|████████▉ | 7146/8000 [39:15<04:19,  3.29it/s]phase1_shape_color_acc:  89%|████████▉ | 7147/8000 [39:15<04:20,  3.27it/s]phase1_shape_color_acc:  89%|████████▉ | 7148/8000 [39:16<04:25,  3.21it/s]phase1_shape_color_acc:  89%|████████▉ | 7149/8000 [39:16<04:35,  3.09it/s]phase1_shape_color_acc:  89%|████████▉ | 7150/8000 [39:16<04:40,  3.03it/s]phase1_shape_color_acc:  89%|████████▉ | 7151/8000 [39:17<04:44,  2.99it/s]phase1_shape_color_acc:  89%|████████▉ | 7152/8000 [39:17<04:46,  2.96it/s]phase1_shape_color_acc:  89%|████████▉ | 7153/8000 [39:17<04:48,  2.94it/s]phase1_shape_color_acc:  89%|████████▉ | 7154/8000 [39:18<04:49,  2.93it/s]phase1_shape_color_acc:  89%|████████▉ | 7155/8000 [39:18<04:29,  3.13it/s]phase1_shape_color_acc:  89%|████████▉ | 7156/8000 [39:18<04:27,  3.16it/s]phase1_shape_color_acc:  89%|████████▉ | 7157/8000 [39:19<04:28,  3.14it/s]phase1_shape_color_acc:  89%|████████▉ | 7158/8000 [39:19<04:35,  3.06it/s]phase1_shape_color_acc:  89%|████████▉ | 7159/8000 [39:19<04:40,  3.00it/s]phase1_shape_color_acc:  90%|████████▉ | 7160/8000 [39:20<04:43,  2.97it/s]phase1_shape_color_acc:  90%|████████▉ | 7161/8000 [39:20<04:45,  2.94it/s]phase1_shape_color_acc:  90%|████████▉ | 7162/8000 [39:20<04:46,  2.93it/s]phase1_shape_color_acc:  90%|████████▉ | 7163/8000 [39:21<04:46,  2.92it/s]phase1_shape_color_acc:  90%|████████▉ | 7164/8000 [39:21<04:27,  3.12it/s]phase1_shape_color_acc:  90%|████████▉ | 7165/8000 [39:21<04:25,  3.15it/s]phase1_shape_color_acc:  90%|████████▉ | 7166/8000 [39:22<04:25,  3.15it/s]phase1_shape_color_acc:  90%|████████▉ | 7167/8000 [39:22<04:32,  3.06it/s]phase1_shape_color_acc:  90%|████████▉ | 7168/8000 [39:22<04:37,  3.00it/s]phase1_shape_color_acc:  90%|████████▉ | 7169/8000 [39:23<04:40,  2.96it/s]phase1_shape_color_acc:  90%|████████▉ | 7170/8000 [39:23<04:42,  2.94it/s]phase1_shape_color_acc:  90%|████████▉ | 7171/8000 [39:23<04:43,  2.93it/s]phase1_shape_color_acc:  90%|████████▉ | 7172/8000 [39:24<04:43,  2.92it/s]phase1_shape_color_acc:  90%|████████▉ | 7173/8000 [39:24<04:28,  3.08it/s]phase1_shape_color_acc:  90%|████████▉ | 7174/8000 [39:24<04:24,  3.12it/s]phase1_shape_color_acc:  90%|████████▉ | 7175/8000 [39:25<04:19,  3.18it/s]phase1_shape_color_acc:  90%|████████▉ | 7176/8000 [39:25<04:26,  3.09it/s]phase1_shape_color_acc:  90%|████████▉ | 7177/8000 [39:25<04:33,  3.01it/s]phase1_shape_color_acc:  90%|████████▉ | 7178/8000 [39:26<04:35,  2.98it/s]phase1_shape_color_acc:  90%|████████▉ | 7179/8000 [39:26<04:37,  2.95it/s]phase1_shape_color_acc:  90%|████████▉ | 7180/8000 [39:26<04:39,  2.94it/s]phase1_shape_color_acc:  90%|████████▉ | 7181/8000 [39:27<04:40,  2.92it/s]phase1_shape_color_acc:  90%|████████▉ | 7182/8000 [39:27<04:22,  3.11it/s]phase1_shape_color_acc:  90%|████████▉ | 7183/8000 [39:27<04:11,  3.24it/s]phase1_shape_color_acc:  90%|████████▉ | 7184/8000 [39:27<04:12,  3.23it/s]phase1_shape_color_acc:  90%|████████▉ | 7185/8000 [39:28<04:20,  3.13it/s]phase1_shape_color_acc:  90%|████████▉ | 7186/8000 [39:28<04:27,  3.05it/s]phase1_shape_color_acc:  90%|████████▉ | 7187/8000 [39:29<04:31,  2.99it/s]phase1_shape_color_acc:  90%|████████▉ | 7188/8000 [39:29<04:34,  2.96it/s]phase1_shape_color_acc:  90%|████████▉ | 7189/8000 [39:29<04:36,  2.93it/s]phase1_shape_color_acc:  90%|████████▉ | 7190/8000 [39:30<04:37,  2.92it/s]phase1_shape_color_acc:  90%|████████▉ | 7191/8000 [39:30<04:29,  3.01it/s]phase1_shape_color_acc:  90%|████████▉ | 7192/8000 [39:30<04:25,  3.04it/s]phase1_shape_color_acc:  90%|████████▉ | 7193/8000 [39:31<04:21,  3.08it/s]phase1_shape_color_acc:  90%|████████▉ | 7194/8000 [39:31<04:26,  3.02it/s]phase1_shape_color_acc:  90%|████████▉ | 7195/8000 [39:31<04:30,  2.97it/s]phase1_shape_color_acc:  90%|████████▉ | 7196/8000 [39:32<04:32,  2.95it/s]phase1_shape_color_acc:  90%|████████▉ | 7197/8000 [39:32<04:34,  2.93it/s]phase1_shape_color_acc:  90%|████████▉ | 7198/8000 [39:32<04:34,  2.92it/s]phase1_shape_color_acc:  90%|████████▉ | 7199/8000 [39:33<04:34,  2.91it/s]phase1_shape_color_acc:  90%|█████████ | 7200/8000 [39:33<04:19,  3.08it/s]phase1_shape_color_acc:  90%|█████████ | 7201/8000 [39:33<04:16,  3.11it/s]phase1_shape_color_acc:  90%|█████████ | 7202/8000 [39:33<04:11,  3.18it/s]phase1_shape_color_acc:  90%|█████████ | 7203/8000 [39:34<04:18,  3.09it/s]phase1_shape_color_acc:  90%|█████████ | 7204/8000 [39:34<04:24,  3.01it/s]phase1_shape_color_acc:  90%|█████████ | 7205/8000 [39:35<04:27,  2.97it/s]phase1_shape_color_acc:  90%|█████████ | 7206/8000 [39:35<04:28,  2.95it/s]phase1_shape_color_acc:  90%|█████████ | 7207/8000 [39:35<04:30,  2.94it/s]phase1_shape_color_acc:  90%|█████████ | 7208/8000 [39:36<04:30,  2.92it/s]phase1_shape_color_acc:  90%|█████████ | 7209/8000 [39:36<04:23,  3.01it/s]phase1_shape_color_acc:  90%|█████████ | 7210/8000 [39:36<04:19,  3.05it/s]phase1_shape_color_acc:  90%|█████████ | 7211/8000 [39:36<04:14,  3.10it/s]phase1_shape_color_acc:  90%|█████████ | 7212/8000 [39:37<04:20,  3.03it/s]phase1_shape_color_acc:  90%|█████████ | 7213/8000 [39:37<04:24,  2.97it/s]phase1_shape_color_acc:  90%|█████████ | 7214/8000 [39:38<04:26,  2.95it/s]phase1_shape_color_acc:  90%|█████████ | 7215/8000 [39:38<04:27,  2.93it/s]phase1_shape_color_acc:  90%|█████████ | 7216/8000 [39:38<04:28,  2.92it/s]phase1_shape_color_acc:  90%|█████████ | 7217/8000 [39:39<04:29,  2.91it/s]phase1_shape_color_acc:  90%|█████████ | 7218/8000 [39:39<04:21,  2.99it/s]phase1_shape_color_acc:  90%|█████████ | 7219/8000 [39:39<03:54,  3.33it/s]phase1_shape_color_acc:  90%|█████████ | 7220/8000 [39:39<03:55,  3.31it/s]phase1_shape_color_acc:  90%|█████████ | 7221/8000 [39:40<04:00,  3.23it/s]phase1_shape_color_acc:  90%|█████████ | 7222/8000 [39:40<04:10,  3.11it/s]phase1_shape_color_acc:  90%|█████████ | 7223/8000 [39:40<04:16,  3.03it/s]phase1_shape_color_acc:  90%|█████████ | 7224/8000 [39:41<04:19,  2.99it/s]phase1_shape_color_acc:  90%|█████████ | 7225/8000 [39:41<04:22,  2.96it/s]phase1_shape_color_acc:  90%|█████████ | 7226/8000 [39:41<04:23,  2.93it/s]phase1_shape_color_acc:  90%|█████████ | 7227/8000 [39:42<04:24,  2.92it/s]phase1_shape_color_acc:  90%|█████████ | 7228/8000 [39:42<04:06,  3.13it/s]phase1_shape_color_acc:  90%|█████████ | 7229/8000 [39:42<04:04,  3.15it/s]phase1_shape_color_acc:  90%|█████████ | 7230/8000 [39:43<04:00,  3.21it/s]phase1_shape_color_acc:  90%|█████████ | 7231/8000 [39:43<04:07,  3.10it/s]phase1_shape_color_acc:  90%|█████████ | 7232/8000 [39:43<04:13,  3.03it/s]phase1_shape_color_acc:  90%|█████████ | 7233/8000 [39:44<04:17,  2.98it/s]phase1_shape_color_acc:  90%|█████████ | 7234/8000 [39:44<04:19,  2.95it/s]phase1_shape_color_acc:  90%|█████████ | 7235/8000 [39:44<04:20,  2.94it/s]phase1_shape_color_acc:  90%|█████████ | 7236/8000 [39:45<04:21,  2.92it/s]phase1_shape_color_acc:  90%|█████████ | 7237/8000 [39:45<04:06,  3.09it/s]phase1_shape_color_acc:  90%|█████████ | 7238/8000 [39:45<04:03,  3.13it/s]phase1_shape_color_acc:  90%|█████████ | 7239/8000 [39:46<03:58,  3.19it/s]phase1_shape_color_acc:  90%|█████████ | 7240/8000 [39:46<04:05,  3.09it/s]phase1_shape_color_acc:  91%|█████████ | 7241/8000 [39:46<04:11,  3.01it/s]phase1_shape_color_acc:  91%|█████████ | 7242/8000 [39:47<04:14,  2.98it/s]phase1_shape_color_acc:  91%|█████████ | 7243/8000 [39:47<04:16,  2.96it/s]phase1_shape_color_acc:  91%|█████████ | 7244/8000 [39:47<04:17,  2.94it/s]phase1_shape_color_acc:  91%|█████████ | 7245/8000 [39:48<04:18,  2.92it/s]phase1_shape_color_acc:  91%|█████████ | 7246/8000 [39:48<04:04,  3.09it/s]phase1_shape_color_acc:  91%|█████████ | 7247/8000 [39:48<04:00,  3.13it/s]phase1_shape_color_acc:  91%|█████████ | 7248/8000 [39:49<03:55,  3.19it/s]phase1_shape_color_acc:  91%|█████████ | 7249/8000 [39:49<04:04,  3.08it/s]phase1_shape_color_acc:  91%|█████████ | 7250/8000 [39:49<04:09,  3.01it/s]phase1_shape_color_acc:  91%|█████████ | 7251/8000 [39:50<04:11,  2.97it/s]phase1_shape_color_acc:  91%|█████████ | 7252/8000 [39:50<04:13,  2.95it/s]phase1_shape_color_acc:  91%|█████████ | 7253/8000 [39:50<04:14,  2.93it/s]phase1_shape_color_acc:  91%|█████████ | 7254/8000 [39:51<04:15,  2.92it/s]phase1_shape_color_acc:  91%|█████████ | 7255/8000 [39:51<04:02,  3.07it/s]phase1_shape_color_acc:  91%|█████████ | 7256/8000 [39:51<03:48,  3.26it/s]phase1_shape_color_acc:  91%|█████████ | 7257/8000 [39:52<03:45,  3.30it/s]phase1_shape_color_acc:  91%|█████████ | 7258/8000 [39:52<03:49,  3.23it/s]phase1_shape_color_acc:  91%|█████████ | 7259/8000 [39:52<03:58,  3.11it/s]phase1_shape_color_acc:  91%|█████████ | 7260/8000 [39:53<04:04,  3.03it/s]phase1_shape_color_acc:  91%|█████████ | 7261/8000 [39:53<04:07,  2.98it/s]phase1_shape_color_acc:  91%|█████████ | 7262/8000 [39:53<04:09,  2.95it/s]phase1_shape_color_acc:  91%|█████████ | 7263/8000 [39:54<04:11,  2.94it/s]phase1_shape_color_acc:  91%|█████████ | 7264/8000 [39:54<04:11,  2.92it/s]phase1_shape_color_acc:  91%|█████████ | 7265/8000 [39:54<03:53,  3.15it/s]phase1_shape_color_acc:  91%|█████████ | 7266/8000 [39:55<03:51,  3.18it/s]phase1_shape_color_acc:  91%|█████████ | 7267/8000 [39:55<03:52,  3.15it/s]phase1_shape_color_acc:  91%|█████████ | 7268/8000 [39:55<03:59,  3.05it/s]phase1_shape_color_acc:  91%|█████████ | 7269/8000 [39:56<04:04,  2.98it/s]phase1_shape_color_acc:  91%|█████████ | 7270/8000 [39:56<04:07,  2.95it/s]phase1_shape_color_acc:  91%|█████████ | 7271/8000 [39:56<04:09,  2.93it/s]phase1_shape_color_acc:  91%|█████████ | 7272/8000 [39:57<04:10,  2.91it/s]phase1_shape_color_acc:  91%|█████████ | 7273/8000 [39:57<04:10,  2.90it/s]phase1_shape_color_acc:  91%|█████████ | 7274/8000 [39:57<03:54,  3.09it/s]phase1_shape_color_acc:  91%|█████████ | 7275/8000 [39:58<03:52,  3.12it/s]phase1_shape_color_acc:  91%|█████████ | 7276/8000 [39:58<03:49,  3.15it/s]phase1_shape_color_acc:  91%|█████████ | 7277/8000 [39:58<03:56,  3.06it/s]phase1_shape_color_acc:  91%|█████████ | 7278/8000 [39:59<04:00,  3.00it/s]phase1_shape_color_acc:  91%|█████████ | 7279/8000 [39:59<04:03,  2.96it/s]phase1_shape_color_acc:  91%|█████████ | 7280/8000 [39:59<04:04,  2.94it/s]phase1_shape_color_acc:  91%|█████████ | 7281/8000 [40:00<04:06,  2.91it/s]phase1_shape_color_acc:  91%|█████████ | 7282/8000 [40:00<04:07,  2.91it/s]phase1_shape_color_acc:  91%|█████████ | 7283/8000 [40:00<03:59,  3.00it/s]phase1_shape_color_acc:  91%|█████████ | 7284/8000 [40:01<03:55,  3.04it/s]phase1_shape_color_acc:  91%|█████████ | 7285/8000 [40:01<03:51,  3.08it/s]phase1_shape_color_acc:  91%|█████████ | 7286/8000 [40:01<03:56,  3.01it/s]phase1_shape_color_acc:  91%|█████████ | 7287/8000 [40:02<04:00,  2.96it/s]phase1_shape_color_acc:  91%|█████████ | 7288/8000 [40:02<04:01,  2.94it/s]phase1_shape_color_acc:  91%|█████████ | 7289/8000 [40:02<04:03,  2.93it/s]phase1_shape_color_acc:  91%|█████████ | 7290/8000 [40:03<04:03,  2.91it/s]phase1_shape_color_acc:  91%|█████████ | 7291/8000 [40:03<04:03,  2.91it/s]phase1_shape_color_acc:  91%|█████████ | 7292/8000 [40:03<03:55,  3.00it/s]phase1_shape_color_acc:  91%|█████████ | 7293/8000 [40:04<03:30,  3.35it/s]phase1_shape_color_acc:  91%|█████████ | 7294/8000 [40:04<03:31,  3.34it/s]phase1_shape_color_acc:  91%|█████████ | 7295/8000 [40:04<03:35,  3.27it/s]phase1_shape_color_acc:  91%|█████████ | 7296/8000 [40:04<03:44,  3.14it/s]phase1_shape_color_acc:  91%|█████████ | 7297/8000 [40:05<03:50,  3.04it/s]phase1_shape_color_acc:  91%|█████████ | 7298/8000 [40:05<03:54,  2.99it/s]phase1_shape_color_acc:  91%|█████████ | 7299/8000 [40:06<03:56,  2.96it/s]phase1_shape_color_acc:  91%|█████████▏| 7300/8000 [40:06<03:58,  2.94it/s]phase1_shape_color_acc:  91%|█████████▏| 7301/8000 [40:06<03:59,  2.92it/s]phase1_shape_color_acc:  91%|█████████▏| 7302/8000 [40:06<03:46,  3.08it/s]phase1_shape_color_acc:  91%|█████████▏| 7303/8000 [40:07<03:43,  3.12it/s]phase1_shape_color_acc:  91%|█████████▏| 7304/8000 [40:07<03:39,  3.18it/s]phase1_shape_color_acc:  91%|█████████▏| 7305/8000 [40:07<03:46,  3.07it/s]phase1_shape_color_acc:  91%|█████████▏| 7306/8000 [40:08<03:50,  3.01it/s]phase1_shape_color_acc:  91%|█████████▏| 7307/8000 [40:08<03:53,  2.97it/s]phase1_shape_color_acc:  91%|█████████▏| 7308/8000 [40:08<03:54,  2.95it/s]phase1_shape_color_acc:  91%|█████████▏| 7309/8000 [40:09<03:55,  2.93it/s]phase1_shape_color_acc:  91%|█████████▏| 7310/8000 [40:09<03:56,  2.92it/s]phase1_shape_color_acc:  91%|█████████▏| 7311/8000 [40:10<03:49,  3.00it/s]phase1_shape_color_acc:  91%|█████████▏| 7312/8000 [40:10<03:36,  3.18it/s]phase1_shape_color_acc:  91%|█████████▏| 7313/8000 [40:10<03:35,  3.19it/s]phase1_shape_color_acc:  91%|█████████▏| 7314/8000 [40:10<03:38,  3.13it/s]phase1_shape_color_acc:  91%|█████████▏| 7315/8000 [40:11<03:44,  3.05it/s]phase1_shape_color_acc:  91%|█████████▏| 7316/8000 [40:11<03:47,  3.00it/s]phase1_shape_color_acc:  91%|█████████▏| 7317/8000 [40:11<03:50,  2.96it/s]phase1_shape_color_acc:  91%|█████████▏| 7318/8000 [40:12<03:51,  2.95it/s]phase1_shape_color_acc:  91%|█████████▏| 7319/8000 [40:12<03:52,  2.93it/s]phase1_shape_color_acc:  92%|█████████▏| 7320/8000 [40:12<03:51,  2.94it/s]phase1_shape_color_acc:  92%|█████████▏| 7321/8000 [40:13<03:35,  3.16it/s]phase1_shape_color_acc:  92%|█████████▏| 7322/8000 [40:13<03:34,  3.16it/s]phase1_shape_color_acc:  92%|█████████▏| 7323/8000 [40:13<03:37,  3.11it/s]phase1_shape_color_acc:  92%|█████████▏| 7324/8000 [40:14<03:43,  3.03it/s]phase1_shape_color_acc:  92%|█████████▏| 7325/8000 [40:14<03:47,  2.97it/s]phase1_shape_color_acc:  92%|█████████▏| 7326/8000 [40:14<03:49,  2.94it/s]phase1_shape_color_acc:  92%|█████████▏| 7327/8000 [40:15<03:51,  2.91it/s]phase1_shape_color_acc:  92%|█████████▏| 7328/8000 [40:15<03:51,  2.90it/s]phase1_shape_color_acc:  92%|█████████▏| 7329/8000 [40:15<03:47,  2.95it/s]phase1_shape_color_acc:  92%|█████████▏| 7330/8000 [40:16<03:22,  3.30it/s]phase1_shape_color_acc:  92%|█████████▏| 7331/8000 [40:16<03:23,  3.28it/s]phase1_shape_color_acc:  92%|█████████▏| 7332/8000 [40:16<03:27,  3.23it/s]phase1_shape_color_acc:  92%|█████████▏| 7333/8000 [40:17<03:34,  3.11it/s]phase1_shape_color_acc:  92%|█████████▏| 7334/8000 [40:17<03:39,  3.04it/s]phase1_shape_color_acc:  92%|█████████▏| 7335/8000 [40:17<03:42,  2.99it/s]phase1_shape_color_acc:  92%|█████████▏| 7336/8000 [40:18<03:44,  2.96it/s]phase1_shape_color_acc:  92%|█████████▏| 7337/8000 [40:18<03:45,  2.94it/s]phase1_shape_color_acc:  92%|█████████▏| 7338/8000 [40:18<03:46,  2.93it/s]phase1_shape_color_acc:  92%|█████████▏| 7339/8000 [40:19<03:29,  3.16it/s]phase1_shape_color_acc:  92%|█████████▏| 7340/8000 [40:19<03:27,  3.18it/s]phase1_shape_color_acc:  92%|█████████▏| 7341/8000 [40:19<03:29,  3.15it/s]phase1_shape_color_acc:  92%|█████████▏| 7342/8000 [40:20<03:35,  3.06it/s]phase1_shape_color_acc:  92%|█████████▏| 7343/8000 [40:20<03:38,  3.00it/s]phase1_shape_color_acc:  92%|█████████▏| 7344/8000 [40:20<03:40,  2.97it/s]phase1_shape_color_acc:  92%|█████████▏| 7345/8000 [40:21<03:42,  2.94it/s]phase1_shape_color_acc:  92%|█████████▏| 7346/8000 [40:21<03:42,  2.93it/s]phase1_shape_color_acc:  92%|█████████▏| 7347/8000 [40:21<03:43,  2.92it/s]phase1_shape_color_acc:  92%|█████████▏| 7348/8000 [40:22<03:28,  3.13it/s]phase1_shape_color_acc:  92%|█████████▏| 7349/8000 [40:22<03:26,  3.16it/s]phase1_shape_color_acc:  92%|█████████▏| 7350/8000 [40:22<03:27,  3.13it/s]phase1_shape_color_acc:  92%|█████████▏| 7351/8000 [40:23<03:33,  3.04it/s]phase1_shape_color_acc:  92%|█████████▏| 7352/8000 [40:23<03:36,  2.99it/s]phase1_shape_color_acc:  92%|█████████▏| 7353/8000 [40:23<03:38,  2.96it/s]phase1_shape_color_acc:  92%|█████████▏| 7354/8000 [40:24<03:39,  2.94it/s]phase1_shape_color_acc:  92%|█████████▏| 7355/8000 [40:24<03:40,  2.92it/s]phase1_shape_color_acc:  92%|█████████▏| 7356/8000 [40:24<03:40,  2.91it/s]phase1_shape_color_acc:  92%|█████████▏| 7357/8000 [40:25<03:25,  3.13it/s]phase1_shape_color_acc:  92%|█████████▏| 7358/8000 [40:25<03:23,  3.16it/s]phase1_shape_color_acc:  92%|█████████▏| 7359/8000 [40:25<03:25,  3.13it/s]phase1_shape_color_acc:  92%|█████████▏| 7360/8000 [40:26<03:29,  3.05it/s]phase1_shape_color_acc:  92%|█████████▏| 7361/8000 [40:26<03:33,  2.99it/s]phase1_shape_color_acc:  92%|█████████▏| 7362/8000 [40:26<03:36,  2.95it/s]phase1_shape_color_acc:  92%|█████████▏| 7363/8000 [40:27<03:37,  2.93it/s]phase1_shape_color_acc:  92%|█████████▏| 7364/8000 [40:27<03:37,  2.92it/s]phase1_shape_color_acc:  92%|█████████▏| 7365/8000 [40:27<03:38,  2.91it/s]phase1_shape_color_acc:  92%|█████████▏| 7366/8000 [40:28<03:18,  3.19it/s]phase1_shape_color_acc:  92%|█████████▏| 7367/8000 [40:28<03:19,  3.17it/s]phase1_shape_color_acc:  92%|█████████▏| 7368/8000 [40:28<03:18,  3.19it/s]phase1_shape_color_acc:  92%|█████████▏| 7369/8000 [40:29<03:24,  3.09it/s]phase1_shape_color_acc:  92%|█████████▏| 7370/8000 [40:29<03:28,  3.02it/s]phase1_shape_color_acc:  92%|█████████▏| 7371/8000 [40:29<03:31,  2.98it/s]phase1_shape_color_acc:  92%|█████████▏| 7372/8000 [40:30<03:32,  2.95it/s]phase1_shape_color_acc:  92%|█████████▏| 7373/8000 [40:30<03:33,  2.93it/s]phase1_shape_color_acc:  92%|█████████▏| 7374/8000 [40:30<03:34,  2.92it/s]phase1_shape_color_acc:  92%|█████████▏| 7375/8000 [40:31<03:21,  3.10it/s]phase1_shape_color_acc:  92%|█████████▏| 7376/8000 [40:31<03:19,  3.13it/s]phase1_shape_color_acc:  92%|█████████▏| 7377/8000 [40:31<03:15,  3.18it/s]phase1_shape_color_acc:  92%|█████████▏| 7378/8000 [40:32<03:21,  3.08it/s]phase1_shape_color_acc:  92%|█████████▏| 7379/8000 [40:32<03:26,  3.01it/s]phase1_shape_color_acc:  92%|█████████▏| 7380/8000 [40:32<03:28,  2.97it/s]phase1_shape_color_acc:  92%|█████████▏| 7381/8000 [40:33<03:30,  2.95it/s]phase1_shape_color_acc:  92%|█████████▏| 7382/8000 [40:33<03:31,  2.93it/s]phase1_shape_color_acc:  92%|█████████▏| 7383/8000 [40:33<03:31,  2.92it/s]phase1_shape_color_acc:  92%|█████████▏| 7384/8000 [40:34<03:24,  3.01it/s]phase1_shape_color_acc:  92%|█████████▏| 7385/8000 [40:34<03:13,  3.18it/s]phase1_shape_color_acc:  92%|█████████▏| 7386/8000 [40:34<03:11,  3.20it/s]phase1_shape_color_acc:  92%|█████████▏| 7387/8000 [40:34<03:15,  3.14it/s]phase1_shape_color_acc:  92%|█████████▏| 7388/8000 [40:35<03:20,  3.06it/s]phase1_shape_color_acc:  92%|█████████▏| 7389/8000 [40:35<03:23,  3.00it/s]phase1_shape_color_acc:  92%|█████████▏| 7390/8000 [40:36<03:25,  2.97it/s]phase1_shape_color_acc:  92%|█████████▏| 7391/8000 [40:36<03:26,  2.95it/s]phase1_shape_color_acc:  92%|█████████▏| 7392/8000 [40:36<03:27,  2.93it/s]phase1_shape_color_acc:  92%|█████████▏| 7393/8000 [40:37<03:26,  2.94it/s]phase1_shape_color_acc:  92%|█████████▏| 7394/8000 [40:37<03:13,  3.14it/s]phase1_shape_color_acc:  92%|█████████▏| 7395/8000 [40:37<03:11,  3.16it/s]phase1_shape_color_acc:  92%|█████████▏| 7396/8000 [40:37<03:14,  3.11it/s]phase1_shape_color_acc:  92%|█████████▏| 7397/8000 [40:38<03:19,  3.03it/s]phase1_shape_color_acc:  92%|█████████▏| 7398/8000 [40:38<03:21,  2.99it/s]phase1_shape_color_acc:  92%|█████████▏| 7399/8000 [40:39<03:23,  2.96it/s]phase1_shape_color_acc:  92%|█████████▎| 7400/8000 [40:39<03:24,  2.94it/s]phase1_shape_color_acc:  93%|█████████▎| 7401/8000 [40:39<03:25,  2.92it/s]phase1_shape_color_acc:  93%|█████████▎| 7402/8000 [40:40<03:25,  2.91it/s]phase1_shape_color_acc:  93%|█████████▎| 7403/8000 [40:40<03:02,  3.26it/s]phase1_shape_color_acc:  93%|█████████▎| 7404/8000 [40:40<03:03,  3.25it/s]phase1_shape_color_acc:  93%|█████████▎| 7405/8000 [40:40<03:01,  3.27it/s]phase1_shape_color_acc:  93%|█████████▎| 7406/8000 [40:41<03:08,  3.14it/s]phase1_shape_color_acc:  93%|█████████▎| 7407/8000 [40:41<03:14,  3.05it/s]phase1_shape_color_acc:  93%|█████████▎| 7408/8000 [40:41<03:17,  3.00it/s]phase1_shape_color_acc:  93%|█████████▎| 7409/8000 [40:42<03:19,  2.96it/s]phase1_shape_color_acc:  93%|█████████▎| 7410/8000 [40:42<03:20,  2.94it/s]phase1_shape_color_acc:  93%|█████████▎| 7411/8000 [40:42<03:21,  2.93it/s]phase1_shape_color_acc:  93%|█████████▎| 7412/8000 [40:43<03:14,  3.02it/s]phase1_shape_color_acc:  93%|█████████▎| 7413/8000 [40:43<03:12,  3.05it/s]phase1_shape_color_acc:  93%|█████████▎| 7414/8000 [40:43<03:09,  3.10it/s]phase1_shape_color_acc:  93%|█████████▎| 7415/8000 [40:44<03:12,  3.04it/s]phase1_shape_color_acc:  93%|█████████▎| 7416/8000 [40:44<03:15,  2.98it/s]phase1_shape_color_acc:  93%|█████████▎| 7417/8000 [40:44<03:17,  2.95it/s]phase1_shape_color_acc:  93%|█████████▎| 7418/8000 [40:45<03:18,  2.94it/s]phase1_shape_color_acc:  93%|█████████▎| 7419/8000 [40:45<03:18,  2.92it/s]phase1_shape_color_acc:  93%|█████████▎| 7420/8000 [40:45<03:19,  2.91it/s]phase1_shape_color_acc:  93%|█████████▎| 7421/8000 [40:46<03:06,  3.10it/s]phase1_shape_color_acc:  93%|█████████▎| 7422/8000 [40:46<03:04,  3.14it/s]phase1_shape_color_acc:  93%|█████████▎| 7423/8000 [40:46<03:02,  3.16it/s]phase1_shape_color_acc:  93%|█████████▎| 7424/8000 [40:47<03:07,  3.07it/s]phase1_shape_color_acc:  93%|█████████▎| 7425/8000 [40:47<03:11,  3.00it/s]phase1_shape_color_acc:  93%|█████████▎| 7426/8000 [40:47<03:13,  2.97it/s]phase1_shape_color_acc:  93%|█████████▎| 7427/8000 [40:48<03:14,  2.94it/s]phase1_shape_color_acc:  93%|█████████▎| 7428/8000 [40:48<03:15,  2.93it/s]phase1_shape_color_acc:  93%|█████████▎| 7429/8000 [40:48<03:15,  2.92it/s]phase1_shape_color_acc:  93%|█████████▎| 7430/8000 [40:49<03:10,  3.00it/s]phase1_shape_color_acc:  93%|█████████▎| 7431/8000 [40:49<02:59,  3.18it/s]phase1_shape_color_acc:  93%|█████████▎| 7432/8000 [40:49<02:57,  3.19it/s]phase1_shape_color_acc:  93%|█████████▎| 7433/8000 [40:50<03:00,  3.13it/s]phase1_shape_color_acc:  93%|█████████▎| 7434/8000 [40:50<03:05,  3.05it/s]phase1_shape_color_acc:  93%|█████████▎| 7435/8000 [40:50<03:08,  3.00it/s]phase1_shape_color_acc:  93%|█████████▎| 7436/8000 [40:51<03:10,  2.97it/s]phase1_shape_color_acc:  93%|█████████▎| 7437/8000 [40:51<03:11,  2.94it/s]phase1_shape_color_acc:  93%|█████████▎| 7438/8000 [40:51<03:11,  2.93it/s]phase1_shape_color_acc:  93%|█████████▎| 7439/8000 [40:52<03:12,  2.92it/s]phase1_shape_color_acc:  93%|█████████▎| 7440/8000 [40:52<02:49,  3.31it/s]phase1_shape_color_acc:  93%|█████████▎| 7441/8000 [40:52<02:50,  3.28it/s]phase1_shape_color_acc:  93%|█████████▎| 7442/8000 [40:53<02:50,  3.27it/s]phase1_shape_color_acc:  93%|█████████▎| 7443/8000 [40:53<02:56,  3.15it/s]phase1_shape_color_acc:  93%|█████████▎| 7444/8000 [40:53<03:02,  3.05it/s]phase1_shape_color_acc:  93%|█████████▎| 7445/8000 [40:54<03:04,  3.00it/s]phase1_shape_color_acc:  93%|█████████▎| 7446/8000 [40:54<03:06,  2.97it/s]phase1_shape_color_acc:  93%|█████████▎| 7447/8000 [40:54<03:07,  2.94it/s]phase1_shape_color_acc:  93%|█████████▎| 7448/8000 [40:55<03:08,  2.93it/s]phase1_shape_color_acc:  93%|█████████▎| 7449/8000 [40:55<03:03,  3.00it/s]phase1_shape_color_acc:  93%|█████████▎| 7450/8000 [40:55<03:01,  3.03it/s]phase1_shape_color_acc:  93%|█████████▎| 7451/8000 [40:56<02:57,  3.08it/s]phase1_shape_color_acc:  93%|█████████▎| 7452/8000 [40:56<03:01,  3.02it/s]phase1_shape_color_acc:  93%|█████████▎| 7453/8000 [40:56<03:04,  2.97it/s]phase1_shape_color_acc:  93%|█████████▎| 7454/8000 [40:57<03:05,  2.94it/s]phase1_shape_color_acc:  93%|█████████▎| 7455/8000 [40:57<03:06,  2.93it/s]phase1_shape_color_acc:  93%|█████████▎| 7456/8000 [40:57<03:06,  2.92it/s]phase1_shape_color_acc:  93%|█████████▎| 7457/8000 [40:58<03:06,  2.91it/s]phase1_shape_color_acc:  93%|█████████▎| 7458/8000 [40:58<02:55,  3.09it/s]phase1_shape_color_acc:  93%|█████████▎| 7459/8000 [40:58<02:53,  3.12it/s]phase1_shape_color_acc:  93%|█████████▎| 7460/8000 [40:59<02:49,  3.18it/s]phase1_shape_color_acc:  93%|█████████▎| 7461/8000 [40:59<02:54,  3.08it/s]phase1_shape_color_acc:  93%|█████████▎| 7462/8000 [40:59<02:58,  3.01it/s]phase1_shape_color_acc:  93%|█████████▎| 7463/8000 [41:00<03:00,  2.97it/s]phase1_shape_color_acc:  93%|█████████▎| 7464/8000 [41:00<03:01,  2.95it/s]phase1_shape_color_acc:  93%|█████████▎| 7465/8000 [41:00<03:02,  2.93it/s]phase1_shape_color_acc:  93%|█████████▎| 7466/8000 [41:01<03:02,  2.92it/s]phase1_shape_color_acc:  93%|█████████▎| 7467/8000 [41:01<02:52,  3.10it/s]phase1_shape_color_acc:  93%|█████████▎| 7468/8000 [41:01<02:49,  3.13it/s]phase1_shape_color_acc:  93%|█████████▎| 7469/8000 [41:02<02:46,  3.18it/s]phase1_shape_color_acc:  93%|█████████▎| 7470/8000 [41:02<02:51,  3.09it/s]phase1_shape_color_acc:  93%|█████████▎| 7471/8000 [41:02<02:55,  3.01it/s]phase1_shape_color_acc:  93%|█████████▎| 7472/8000 [41:03<02:57,  2.98it/s]phase1_shape_color_acc:  93%|█████████▎| 7473/8000 [41:03<02:58,  2.95it/s]phase1_shape_color_acc:  93%|█████████▎| 7474/8000 [41:03<02:59,  2.93it/s]phase1_shape_color_acc:  93%|█████████▎| 7475/8000 [41:04<02:59,  2.92it/s]phase1_shape_color_acc:  93%|█████████▎| 7476/8000 [41:04<02:50,  3.07it/s]phase1_shape_color_acc:  93%|█████████▎| 7477/8000 [41:04<02:39,  3.28it/s]phase1_shape_color_acc:  93%|█████████▎| 7478/8000 [41:04<02:38,  3.28it/s]phase1_shape_color_acc:  93%|█████████▎| 7479/8000 [41:05<02:41,  3.22it/s]phase1_shape_color_acc:  94%|█████████▎| 7480/8000 [41:05<02:47,  3.11it/s]phase1_shape_color_acc:  94%|█████████▎| 7481/8000 [41:05<02:51,  3.03it/s]phase1_shape_color_acc:  94%|█████████▎| 7482/8000 [41:06<02:53,  2.98it/s]phase1_shape_color_acc:  94%|█████████▎| 7483/8000 [41:06<02:54,  2.96it/s]phase1_shape_color_acc:  94%|█████████▎| 7484/8000 [41:07<02:55,  2.94it/s]phase1_shape_color_acc:  94%|█████████▎| 7485/8000 [41:07<02:56,  2.92it/s]phase1_shape_color_acc:  94%|█████████▎| 7486/8000 [41:07<02:42,  3.16it/s]phase1_shape_color_acc:  94%|█████████▎| 7487/8000 [41:07<02:41,  3.17it/s]phase1_shape_color_acc:  94%|█████████▎| 7488/8000 [41:08<02:43,  3.14it/s]phase1_shape_color_acc:  94%|█████████▎| 7489/8000 [41:08<02:47,  3.05it/s]phase1_shape_color_acc:  94%|█████████▎| 7490/8000 [41:08<02:50,  2.99it/s]phase1_shape_color_acc:  94%|█████████▎| 7491/8000 [41:09<02:52,  2.96it/s]phase1_shape_color_acc:  94%|█████████▎| 7492/8000 [41:09<02:52,  2.94it/s]phase1_shape_color_acc:  94%|█████████▎| 7493/8000 [41:10<02:53,  2.92it/s]phase1_shape_color_acc:  94%|█████████▎| 7494/8000 [41:10<02:53,  2.92it/s]phase1_shape_color_acc:  94%|█████████▎| 7495/8000 [41:10<02:41,  3.13it/s]phase1_shape_color_acc:  94%|█████████▎| 7496/8000 [41:10<02:39,  3.15it/s]phase1_shape_color_acc:  94%|█████████▎| 7497/8000 [41:11<02:40,  3.13it/s]phase1_shape_color_acc:  94%|█████████▎| 7498/8000 [41:11<02:45,  3.04it/s]phase1_shape_color_acc:  94%|█████████▎| 7499/8000 [41:11<02:47,  2.99it/s]phase1_shape_color_acc:  94%|█████████▍| 7500/8000 [41:12<02:49,  2.96it/s]phase1_shape_color_acc:  94%|█████████▍| 7501/8000 [41:12<02:49,  2.94it/s]phase1_shape_color_acc:  94%|█████████▍| 7502/8000 [41:12<02:50,  2.92it/s]phase1_shape_color_acc:  94%|█████████▍| 7503/8000 [41:13<02:50,  2.91it/s]phase1_shape_color_acc:  94%|█████████▍| 7504/8000 [41:13<02:39,  3.11it/s]phase1_shape_color_acc:  94%|█████████▍| 7505/8000 [41:13<02:37,  3.14it/s]phase1_shape_color_acc:  94%|█████████▍| 7506/8000 [41:14<02:34,  3.20it/s]phase1_shape_color_acc:  94%|█████████▍| 7507/8000 [41:14<02:39,  3.09it/s]phase1_shape_color_acc:  94%|█████████▍| 7508/8000 [41:14<02:43,  3.02it/s]phase1_shape_color_acc:  94%|█████████▍| 7509/8000 [41:15<02:44,  2.98it/s]phase1_shape_color_acc:  94%|█████████▍| 7510/8000 [41:15<02:46,  2.95it/s]phase1_shape_color_acc:  94%|█████████▍| 7511/8000 [41:15<02:46,  2.93it/s]phase1_shape_color_acc:  94%|█████████▍| 7512/8000 [41:16<02:46,  2.92it/s]phase1_shape_color_acc:  94%|█████████▍| 7513/8000 [41:16<02:42,  2.99it/s]phase1_shape_color_acc:  94%|█████████▍| 7514/8000 [41:16<02:23,  3.39it/s]phase1_shape_color_acc:  94%|█████████▍| 7515/8000 [41:17<02:25,  3.34it/s]phase1_shape_color_acc:  94%|█████████▍| 7516/8000 [41:17<02:28,  3.27it/s]phase1_shape_color_acc:  94%|█████████▍| 7517/8000 [41:17<02:34,  3.13it/s]phase1_shape_color_acc:  94%|█████████▍| 7518/8000 [41:18<02:38,  3.05it/s]phase1_shape_color_acc:  94%|█████████▍| 7519/8000 [41:18<02:40,  3.00it/s]phase1_shape_color_acc:  94%|█████████▍| 7520/8000 [41:18<02:41,  2.97it/s]phase1_shape_color_acc:  94%|█████████▍| 7521/8000 [41:19<02:42,  2.94it/s]phase1_shape_color_acc:  94%|█████████▍| 7522/8000 [41:19<02:43,  2.93it/s]phase1_shape_color_acc:  94%|█████████▍| 7523/8000 [41:19<02:34,  3.08it/s]phase1_shape_color_acc:  94%|█████████▍| 7524/8000 [41:20<02:32,  3.12it/s]phase1_shape_color_acc:  94%|█████████▍| 7525/8000 [41:20<02:30,  3.15it/s]phase1_shape_color_acc:  94%|█████████▍| 7526/8000 [41:20<02:34,  3.06it/s]phase1_shape_color_acc:  94%|█████████▍| 7527/8000 [41:21<02:37,  3.00it/s]phase1_shape_color_acc:  94%|█████████▍| 7528/8000 [41:21<02:39,  2.97it/s]phase1_shape_color_acc:  94%|█████████▍| 7529/8000 [41:21<02:40,  2.94it/s]phase1_shape_color_acc:  94%|█████████▍| 7530/8000 [41:22<02:40,  2.93it/s]phase1_shape_color_acc:  94%|█████████▍| 7531/8000 [41:22<02:40,  2.92it/s]phase1_shape_color_acc:  94%|█████████▍| 7532/8000 [41:22<02:31,  3.09it/s]phase1_shape_color_acc:  94%|█████████▍| 7533/8000 [41:23<02:29,  3.12it/s]phase1_shape_color_acc:  94%|█████████▍| 7534/8000 [41:23<02:26,  3.18it/s]phase1_shape_color_acc:  94%|█████████▍| 7535/8000 [41:23<02:30,  3.09it/s]phase1_shape_color_acc:  94%|█████████▍| 7536/8000 [41:24<02:34,  3.01it/s]phase1_shape_color_acc:  94%|█████████▍| 7537/8000 [41:24<02:35,  2.97it/s]phase1_shape_color_acc:  94%|█████████▍| 7538/8000 [41:24<02:36,  2.95it/s]phase1_shape_color_acc:  94%|█████████▍| 7539/8000 [41:25<02:37,  2.93it/s]phase1_shape_color_acc:  94%|█████████▍| 7540/8000 [41:25<02:37,  2.92it/s]phase1_shape_color_acc:  94%|█████████▍| 7541/8000 [41:25<02:28,  3.09it/s]phase1_shape_color_acc:  94%|█████████▍| 7542/8000 [41:26<02:26,  3.13it/s]phase1_shape_color_acc:  94%|█████████▍| 7543/8000 [41:26<02:23,  3.19it/s]phase1_shape_color_acc:  94%|█████████▍| 7544/8000 [41:26<02:27,  3.08it/s]phase1_shape_color_acc:  94%|█████████▍| 7545/8000 [41:27<02:31,  3.01it/s]phase1_shape_color_acc:  94%|█████████▍| 7546/8000 [41:27<02:32,  2.97it/s]phase1_shape_color_acc:  94%|█████████▍| 7547/8000 [41:27<02:33,  2.94it/s]phase1_shape_color_acc:  94%|█████████▍| 7548/8000 [41:28<02:34,  2.93it/s]phase1_shape_color_acc:  94%|█████████▍| 7549/8000 [41:28<02:34,  2.91it/s]phase1_shape_color_acc:  94%|█████████▍| 7550/8000 [41:28<02:29,  3.00it/s]phase1_shape_color_acc:  94%|█████████▍| 7551/8000 [41:28<02:12,  3.38it/s]phase1_shape_color_acc:  94%|█████████▍| 7552/8000 [41:29<02:14,  3.34it/s]phase1_shape_color_acc:  94%|█████████▍| 7553/8000 [41:29<02:16,  3.26it/s]phase1_shape_color_acc:  94%|█████████▍| 7554/8000 [41:29<02:22,  3.14it/s]phase1_shape_color_acc:  94%|█████████▍| 7555/8000 [41:30<02:26,  3.05it/s]phase1_shape_color_acc:  94%|█████████▍| 7556/8000 [41:30<02:27,  3.00it/s]phase1_shape_color_acc:  94%|█████████▍| 7557/8000 [41:31<02:29,  2.96it/s]phase1_shape_color_acc:  94%|█████████▍| 7558/8000 [41:31<02:30,  2.95it/s]phase1_shape_color_acc:  94%|█████████▍| 7559/8000 [41:31<02:30,  2.93it/s]phase1_shape_color_acc:  94%|█████████▍| 7560/8000 [41:31<02:22,  3.09it/s]phase1_shape_color_acc:  95%|█████████▍| 7561/8000 [41:32<02:20,  3.13it/s]phase1_shape_color_acc:  95%|█████████▍| 7562/8000 [41:32<02:18,  3.15it/s]phase1_shape_color_acc:  95%|█████████▍| 7563/8000 [41:32<02:22,  3.07it/s]phase1_shape_color_acc:  95%|█████████▍| 7564/8000 [41:33<02:25,  3.00it/s]phase1_shape_color_acc:  95%|█████████▍| 7565/8000 [41:33<02:26,  2.96it/s]phase1_shape_color_acc:  95%|█████████▍| 7566/8000 [41:34<02:27,  2.94it/s]phase1_shape_color_acc:  95%|█████████▍| 7567/8000 [41:34<02:28,  2.92it/s]phase1_shape_color_acc:  95%|█████████▍| 7568/8000 [41:34<02:28,  2.91it/s]phase1_shape_color_acc:  95%|█████████▍| 7569/8000 [41:35<02:24,  2.99it/s]phase1_shape_color_acc:  95%|█████████▍| 7570/8000 [41:35<02:21,  3.04it/s]phase1_shape_color_acc:  95%|█████████▍| 7571/8000 [41:35<02:18,  3.09it/s]phase1_shape_color_acc:  95%|█████████▍| 7572/8000 [41:35<02:21,  3.03it/s]phase1_shape_color_acc:  95%|█████████▍| 7573/8000 [41:36<02:23,  2.97it/s]phase1_shape_color_acc:  95%|█████████▍| 7574/8000 [41:36<02:24,  2.95it/s]phase1_shape_color_acc:  95%|█████████▍| 7575/8000 [41:37<02:24,  2.93it/s]phase1_shape_color_acc:  95%|█████████▍| 7576/8000 [41:37<02:25,  2.92it/s]phase1_shape_color_acc:  95%|█████████▍| 7577/8000 [41:37<02:25,  2.91it/s]phase1_shape_color_acc:  95%|█████████▍| 7578/8000 [41:38<02:21,  2.99it/s]phase1_shape_color_acc:  95%|█████████▍| 7579/8000 [41:38<02:18,  3.03it/s]phase1_shape_color_acc:  95%|█████████▍| 7580/8000 [41:38<02:16,  3.08it/s]phase1_shape_color_acc:  95%|█████████▍| 7581/8000 [41:39<02:18,  3.02it/s]phase1_shape_color_acc:  95%|█████████▍| 7582/8000 [41:39<02:20,  2.97it/s]phase1_shape_color_acc:  95%|█████████▍| 7583/8000 [41:39<02:21,  2.95it/s]phase1_shape_color_acc:  95%|█████████▍| 7584/8000 [41:40<02:21,  2.93it/s]phase1_shape_color_acc:  95%|█████████▍| 7585/8000 [41:40<02:22,  2.92it/s]phase1_shape_color_acc:  95%|█████████▍| 7586/8000 [41:40<02:22,  2.91it/s]phase1_shape_color_acc:  95%|█████████▍| 7587/8000 [41:41<02:12,  3.11it/s]phase1_shape_color_acc:  95%|█████████▍| 7588/8000 [41:41<02:04,  3.32it/s]phase1_shape_color_acc:  95%|█████████▍| 7589/8000 [41:41<02:04,  3.29it/s]phase1_shape_color_acc:  95%|█████████▍| 7590/8000 [41:41<02:07,  3.22it/s]phase1_shape_color_acc:  95%|█████████▍| 7591/8000 [41:42<02:11,  3.10it/s]phase1_shape_color_acc:  95%|█████████▍| 7592/8000 [41:42<02:14,  3.03it/s]phase1_shape_color_acc:  95%|█████████▍| 7593/8000 [41:42<02:16,  2.99it/s]phase1_shape_color_acc:  95%|█████████▍| 7594/8000 [41:43<02:17,  2.96it/s]phase1_shape_color_acc:  95%|█████████▍| 7595/8000 [41:43<02:17,  2.94it/s]phase1_shape_color_acc:  95%|█████████▍| 7596/8000 [41:43<02:18,  2.92it/s]phase1_shape_color_acc:  95%|█████████▍| 7597/8000 [41:44<02:06,  3.18it/s]phase1_shape_color_acc:  95%|█████████▍| 7598/8000 [41:44<02:05,  3.19it/s]phase1_shape_color_acc:  95%|█████████▍| 7599/8000 [41:44<02:07,  3.15it/s]phase1_shape_color_acc:  95%|█████████▌| 7600/8000 [41:45<02:10,  3.06it/s]phase1_shape_color_acc:  95%|█████████▌| 7601/8000 [41:45<02:13,  2.99it/s]phase1_shape_color_acc:  95%|█████████▌| 7602/8000 [41:45<02:14,  2.96it/s]phase1_shape_color_acc:  95%|█████████▌| 7603/8000 [41:46<02:14,  2.94it/s]phase1_shape_color_acc:  95%|█████████▌| 7604/8000 [41:46<02:15,  2.93it/s]phase1_shape_color_acc:  95%|█████████▌| 7605/8000 [41:46<02:15,  2.91it/s]phase1_shape_color_acc:  95%|█████████▌| 7606/8000 [41:47<02:05,  3.14it/s]phase1_shape_color_acc:  95%|█████████▌| 7607/8000 [41:47<02:04,  3.16it/s]phase1_shape_color_acc:  95%|█████████▌| 7608/8000 [41:47<02:05,  3.12it/s]phase1_shape_color_acc:  95%|█████████▌| 7609/8000 [41:48<02:08,  3.04it/s]phase1_shape_color_acc:  95%|█████████▌| 7610/8000 [41:48<02:10,  2.99it/s]phase1_shape_color_acc:  95%|█████████▌| 7611/8000 [41:48<02:11,  2.96it/s]phase1_shape_color_acc:  95%|█████████▌| 7612/8000 [41:49<02:12,  2.94it/s]phase1_shape_color_acc:  95%|█████████▌| 7613/8000 [41:49<02:12,  2.92it/s]phase1_shape_color_acc:  95%|█████████▌| 7614/8000 [41:49<02:12,  2.92it/s]phase1_shape_color_acc:  95%|█████████▌| 7615/8000 [41:50<02:02,  3.13it/s]phase1_shape_color_acc:  95%|█████████▌| 7616/8000 [41:50<02:01,  3.16it/s]phase1_shape_color_acc:  95%|█████████▌| 7617/8000 [41:50<02:02,  3.13it/s]phase1_shape_color_acc:  95%|█████████▌| 7618/8000 [41:51<02:05,  3.05it/s]phase1_shape_color_acc:  95%|█████████▌| 7619/8000 [41:51<02:07,  2.99it/s]phase1_shape_color_acc:  95%|█████████▌| 7620/8000 [41:51<02:08,  2.96it/s]phase1_shape_color_acc:  95%|█████████▌| 7621/8000 [41:52<02:09,  2.93it/s]phase1_shape_color_acc:  95%|█████████▌| 7622/8000 [41:52<02:09,  2.92it/s]phase1_shape_color_acc:  95%|█████████▌| 7623/8000 [41:52<02:09,  2.91it/s]phase1_shape_color_acc:  95%|█████████▌| 7624/8000 [41:53<01:54,  3.29it/s]phase1_shape_color_acc:  95%|█████████▌| 7625/8000 [41:53<01:54,  3.26it/s]phase1_shape_color_acc:  95%|█████████▌| 7626/8000 [41:53<01:54,  3.25it/s]phase1_shape_color_acc:  95%|█████████▌| 7627/8000 [41:54<01:59,  3.13it/s]phase1_shape_color_acc:  95%|█████████▌| 7628/8000 [41:54<02:02,  3.04it/s]phase1_shape_color_acc:  95%|█████████▌| 7629/8000 [41:54<02:03,  2.99it/s]phase1_shape_color_acc:  95%|█████████▌| 7630/8000 [41:55<02:04,  2.96it/s]phase1_shape_color_acc:  95%|█████████▌| 7631/8000 [41:55<02:05,  2.94it/s]phase1_shape_color_acc:  95%|█████████▌| 7632/8000 [41:55<02:05,  2.93it/s]phase1_shape_color_acc:  95%|█████████▌| 7633/8000 [41:56<01:57,  3.12it/s]phase1_shape_color_acc:  95%|█████████▌| 7634/8000 [41:56<01:56,  3.15it/s]phase1_shape_color_acc:  95%|█████████▌| 7635/8000 [41:56<01:55,  3.17it/s]phase1_shape_color_acc:  95%|█████████▌| 7636/8000 [41:57<01:58,  3.08it/s]phase1_shape_color_acc:  95%|█████████▌| 7637/8000 [41:57<02:00,  3.01it/s]phase1_shape_color_acc:  95%|█████████▌| 7638/8000 [41:57<02:01,  2.97it/s]phase1_shape_color_acc:  95%|█████████▌| 7639/8000 [41:58<02:02,  2.95it/s]phase1_shape_color_acc:  96%|█████████▌| 7640/8000 [41:58<02:02,  2.93it/s]phase1_shape_color_acc:  96%|█████████▌| 7641/8000 [41:58<02:03,  2.91it/s]phase1_shape_color_acc:  96%|█████████▌| 7642/8000 [41:59<01:55,  3.09it/s]phase1_shape_color_acc:  96%|█████████▌| 7643/8000 [41:59<01:54,  3.13it/s]phase1_shape_color_acc:  96%|█████████▌| 7644/8000 [41:59<01:51,  3.18it/s]phase1_shape_color_acc:  96%|█████████▌| 7645/8000 [42:00<01:55,  3.08it/s]phase1_shape_color_acc:  96%|█████████▌| 7646/8000 [42:00<01:57,  3.01it/s]phase1_shape_color_acc:  96%|█████████▌| 7647/8000 [42:00<01:58,  2.98it/s]phase1_shape_color_acc:  96%|█████████▌| 7648/8000 [42:01<01:59,  2.95it/s]phase1_shape_color_acc:  96%|█████████▌| 7649/8000 [42:01<01:59,  2.93it/s]phase1_shape_color_acc:  96%|█████████▌| 7650/8000 [42:01<01:59,  2.92it/s]phase1_shape_color_acc:  96%|█████████▌| 7651/8000 [42:02<01:56,  3.00it/s]phase1_shape_color_acc:  96%|█████████▌| 7652/8000 [42:02<01:54,  3.03it/s]phase1_shape_color_acc:  96%|█████████▌| 7653/8000 [42:02<01:52,  3.08it/s]phase1_shape_color_acc:  96%|█████████▌| 7654/8000 [42:03<01:54,  3.02it/s]phase1_shape_color_acc:  96%|█████████▌| 7655/8000 [42:03<01:56,  2.97it/s]phase1_shape_color_acc:  96%|█████████▌| 7656/8000 [42:03<01:56,  2.94it/s]phase1_shape_color_acc:  96%|█████████▌| 7657/8000 [42:04<01:57,  2.93it/s]phase1_shape_color_acc:  96%|█████████▌| 7658/8000 [42:04<01:57,  2.91it/s]phase1_shape_color_acc:  96%|█████████▌| 7659/8000 [42:04<01:57,  2.91it/s]phase1_shape_color_acc:  96%|█████████▌| 7660/8000 [42:05<01:49,  3.12it/s]phase1_shape_color_acc:  96%|█████████▌| 7661/8000 [42:05<01:43,  3.27it/s]phase1_shape_color_acc:  96%|█████████▌| 7662/8000 [42:05<01:43,  3.25it/s]phase1_shape_color_acc:  96%|█████████▌| 7663/8000 [42:05<01:46,  3.18it/s]phase1_shape_color_acc:  96%|█████████▌| 7664/8000 [42:06<01:49,  3.08it/s]phase1_shape_color_acc:  96%|█████████▌| 7665/8000 [42:06<01:51,  3.01it/s]phase1_shape_color_acc:  96%|█████████▌| 7666/8000 [42:07<01:52,  2.97it/s]phase1_shape_color_acc:  96%|█████████▌| 7667/8000 [42:07<01:52,  2.95it/s]phase1_shape_color_acc:  96%|█████████▌| 7668/8000 [42:07<01:53,  2.93it/s]phase1_shape_color_acc:  96%|█████████▌| 7669/8000 [42:08<01:53,  2.92it/s]phase1_shape_color_acc:  96%|█████████▌| 7670/8000 [42:08<01:45,  3.14it/s]phase1_shape_color_acc:  96%|█████████▌| 7671/8000 [42:08<01:43,  3.17it/s]phase1_shape_color_acc:  96%|█████████▌| 7672/8000 [42:08<01:44,  3.13it/s]phase1_shape_color_acc:  96%|█████████▌| 7673/8000 [42:09<01:47,  3.05it/s]phase1_shape_color_acc:  96%|█████████▌| 7674/8000 [42:09<01:48,  2.99it/s]phase1_shape_color_acc:  96%|█████████▌| 7675/8000 [42:10<01:49,  2.96it/s]phase1_shape_color_acc:  96%|█████████▌| 7676/8000 [42:10<01:50,  2.94it/s]phase1_shape_color_acc:  96%|█████████▌| 7677/8000 [42:10<01:50,  2.93it/s]phase1_shape_color_acc:  96%|█████████▌| 7678/8000 [42:11<01:50,  2.92it/s]phase1_shape_color_acc:  96%|█████████▌| 7679/8000 [42:11<01:43,  3.11it/s]phase1_shape_color_acc:  96%|█████████▌| 7680/8000 [42:11<01:41,  3.14it/s]phase1_shape_color_acc:  96%|█████████▌| 7681/8000 [42:11<01:42,  3.10it/s]phase1_shape_color_acc:  96%|█████████▌| 7682/8000 [42:12<01:45,  3.01it/s]phase1_shape_color_acc:  96%|█████████▌| 7683/8000 [42:12<01:46,  2.97it/s]phase1_shape_color_acc:  96%|█████████▌| 7684/8000 [42:13<01:47,  2.95it/s]phase1_shape_color_acc:  96%|█████████▌| 7685/8000 [42:13<01:47,  2.93it/s]phase1_shape_color_acc:  96%|█████████▌| 7686/8000 [42:13<01:47,  2.92it/s]phase1_shape_color_acc:  96%|█████████▌| 7687/8000 [42:14<01:47,  2.91it/s]phase1_shape_color_acc:  96%|█████████▌| 7688/8000 [42:14<01:39,  3.13it/s]phase1_shape_color_acc:  96%|█████████▌| 7689/8000 [42:14<01:38,  3.15it/s]phase1_shape_color_acc:  96%|█████████▌| 7690/8000 [42:14<01:39,  3.13it/s]phase1_shape_color_acc:  96%|█████████▌| 7691/8000 [42:15<01:41,  3.04it/s]phase1_shape_color_acc:  96%|█████████▌| 7692/8000 [42:15<01:43,  2.99it/s]phase1_shape_color_acc:  96%|█████████▌| 7693/8000 [42:15<01:43,  2.96it/s]phase1_shape_color_acc:  96%|█████████▌| 7694/8000 [42:16<01:44,  2.94it/s]phase1_shape_color_acc:  96%|█████████▌| 7695/8000 [42:16<01:44,  2.92it/s]phase1_shape_color_acc:  96%|█████████▌| 7696/8000 [42:17<01:44,  2.91it/s]phase1_shape_color_acc:  96%|█████████▌| 7697/8000 [42:17<01:31,  3.30it/s]phase1_shape_color_acc:  96%|█████████▌| 7698/8000 [42:17<01:32,  3.28it/s]phase1_shape_color_acc:  96%|█████████▌| 7699/8000 [42:17<01:32,  3.26it/s]phase1_shape_color_acc:  96%|█████████▋| 7700/8000 [42:18<01:35,  3.14it/s]phase1_shape_color_acc:  96%|█████████▋| 7701/8000 [42:18<01:38,  3.05it/s]phase1_shape_color_acc:  96%|█████████▋| 7702/8000 [42:18<01:39,  3.00it/s]phase1_shape_color_acc:  96%|█████████▋| 7703/8000 [42:19<01:40,  2.97it/s]phase1_shape_color_acc:  96%|█████████▋| 7704/8000 [42:19<01:40,  2.95it/s]phase1_shape_color_acc:  96%|█████████▋| 7705/8000 [42:19<01:41,  2.92it/s]phase1_shape_color_acc:  96%|█████████▋| 7706/8000 [42:20<01:38,  3.00it/s]phase1_shape_color_acc:  96%|█████████▋| 7707/8000 [42:20<01:31,  3.19it/s]phase1_shape_color_acc:  96%|█████████▋| 7708/8000 [42:20<01:31,  3.20it/s]phase1_shape_color_acc:  96%|█████████▋| 7709/8000 [42:21<01:32,  3.14it/s]phase1_shape_color_acc:  96%|█████████▋| 7710/8000 [42:21<01:34,  3.06it/s]phase1_shape_color_acc:  96%|█████████▋| 7711/8000 [42:21<01:36,  3.00it/s]phase1_shape_color_acc:  96%|█████████▋| 7712/8000 [42:22<01:36,  2.97it/s]phase1_shape_color_acc:  96%|█████████▋| 7713/8000 [42:22<01:37,  2.94it/s]phase1_shape_color_acc:  96%|█████████▋| 7714/8000 [42:22<01:37,  2.93it/s]phase1_shape_color_acc:  96%|█████████▋| 7715/8000 [42:23<01:37,  2.92it/s]phase1_shape_color_acc:  96%|█████████▋| 7716/8000 [42:23<01:29,  3.16it/s]phase1_shape_color_acc:  96%|█████████▋| 7717/8000 [42:23<01:29,  3.17it/s]phase1_shape_color_acc:  96%|█████████▋| 7718/8000 [42:24<01:29,  3.14it/s]phase1_shape_color_acc:  96%|█████████▋| 7719/8000 [42:24<01:32,  3.05it/s]phase1_shape_color_acc:  96%|█████████▋| 7720/8000 [42:24<01:33,  2.99it/s]phase1_shape_color_acc:  97%|█████████▋| 7721/8000 [42:25<01:34,  2.96it/s]phase1_shape_color_acc:  97%|█████████▋| 7722/8000 [42:25<01:34,  2.94it/s]phase1_shape_color_acc:  97%|█████████▋| 7723/8000 [42:25<01:34,  2.93it/s]phase1_shape_color_acc:  97%|█████████▋| 7724/8000 [42:26<01:34,  2.92it/s]phase1_shape_color_acc:  97%|█████████▋| 7725/8000 [42:26<01:28,  3.11it/s]phase1_shape_color_acc:  97%|█████████▋| 7726/8000 [42:26<01:27,  3.15it/s]phase1_shape_color_acc:  97%|█████████▋| 7727/8000 [42:27<01:27,  3.13it/s]phase1_shape_color_acc:  97%|█████████▋| 7728/8000 [42:27<01:29,  3.05it/s]phase1_shape_color_acc:  97%|█████████▋| 7729/8000 [42:27<01:30,  2.99it/s]phase1_shape_color_acc:  97%|█████████▋| 7730/8000 [42:28<01:31,  2.96it/s]phase1_shape_color_acc:  97%|█████████▋| 7731/8000 [42:28<01:31,  2.94it/s]phase1_shape_color_acc:  97%|█████████▋| 7732/8000 [42:28<01:31,  2.92it/s]phase1_shape_color_acc:  97%|█████████▋| 7733/8000 [42:29<01:32,  2.90it/s]phase1_shape_color_acc:  97%|█████████▋| 7734/8000 [42:29<01:23,  3.20it/s]phase1_shape_color_acc:  97%|█████████▋| 7735/8000 [42:29<01:22,  3.20it/s]phase1_shape_color_acc:  97%|█████████▋| 7736/8000 [42:30<01:22,  3.20it/s]phase1_shape_color_acc:  97%|█████████▋| 7737/8000 [42:30<01:25,  3.08it/s]phase1_shape_color_acc:  97%|█████████▋| 7738/8000 [42:30<01:27,  3.01it/s]phase1_shape_color_acc:  97%|█████████▋| 7739/8000 [42:31<01:27,  2.97it/s]phase1_shape_color_acc:  97%|█████████▋| 7740/8000 [42:31<01:28,  2.95it/s]phase1_shape_color_acc:  97%|█████████▋| 7741/8000 [42:31<01:28,  2.92it/s]phase1_shape_color_acc:  97%|█████████▋| 7742/8000 [42:32<01:28,  2.91it/s]phase1_shape_color_acc:  97%|█████████▋| 7743/8000 [42:32<01:22,  3.12it/s]phase1_shape_color_acc:  97%|█████████▋| 7744/8000 [42:32<01:21,  3.15it/s]phase1_shape_color_acc:  97%|█████████▋| 7745/8000 [42:33<01:19,  3.19it/s]phase1_shape_color_acc:  97%|█████████▋| 7746/8000 [42:33<01:22,  3.09it/s]phase1_shape_color_acc:  97%|█████████▋| 7747/8000 [42:33<01:23,  3.01it/s]phase1_shape_color_acc:  97%|█████████▋| 7748/8000 [42:34<01:24,  2.97it/s]phase1_shape_color_acc:  97%|█████████▋| 7749/8000 [42:34<01:25,  2.94it/s]phase1_shape_color_acc:  97%|█████████▋| 7750/8000 [42:34<01:25,  2.92it/s]phase1_shape_color_acc:  97%|█████████▋| 7751/8000 [42:35<01:25,  2.91it/s]phase1_shape_color_acc:  97%|█████████▋| 7752/8000 [42:35<01:19,  3.10it/s]phase1_shape_color_acc:  97%|█████████▋| 7753/8000 [42:35<01:18,  3.14it/s]phase1_shape_color_acc:  97%|█████████▋| 7754/8000 [42:36<01:17,  3.19it/s]phase1_shape_color_acc:  97%|█████████▋| 7755/8000 [42:36<01:19,  3.09it/s]phase1_shape_color_acc:  97%|█████████▋| 7756/8000 [42:36<01:20,  3.02it/s]phase1_shape_color_acc:  97%|█████████▋| 7757/8000 [42:37<01:21,  2.98it/s]phase1_shape_color_acc:  97%|█████████▋| 7758/8000 [42:37<01:22,  2.95it/s]phase1_shape_color_acc:  97%|█████████▋| 7759/8000 [42:37<01:22,  2.93it/s]phase1_shape_color_acc:  97%|█████████▋| 7760/8000 [42:38<01:22,  2.92it/s]phase1_shape_color_acc:  97%|█████████▋| 7761/8000 [42:38<01:17,  3.10it/s]phase1_shape_color_acc:  97%|█████████▋| 7762/8000 [42:38<01:15,  3.14it/s]phase1_shape_color_acc:  97%|█████████▋| 7763/8000 [42:38<01:14,  3.19it/s]phase1_shape_color_acc:  97%|█████████▋| 7764/8000 [42:39<01:16,  3.08it/s]phase1_shape_color_acc:  97%|█████████▋| 7765/8000 [42:39<01:18,  3.01it/s]phase1_shape_color_acc:  97%|█████████▋| 7766/8000 [42:40<01:18,  2.97it/s]phase1_shape_color_acc:  97%|█████████▋| 7767/8000 [42:40<01:19,  2.95it/s]phase1_shape_color_acc:  97%|█████████▋| 7768/8000 [42:40<01:19,  2.93it/s]phase1_shape_color_acc:  97%|█████████▋| 7769/8000 [42:41<01:19,  2.92it/s]phase1_shape_color_acc:  97%|█████████▋| 7770/8000 [42:41<01:16,  3.00it/s]phase1_shape_color_acc:  97%|█████████▋| 7771/8000 [42:41<01:08,  3.33it/s]phase1_shape_color_acc:  97%|█████████▋| 7772/8000 [42:41<01:09,  3.30it/s]phase1_shape_color_acc:  97%|█████████▋| 7773/8000 [42:42<01:10,  3.24it/s]phase1_shape_color_acc:  97%|█████████▋| 7774/8000 [42:42<01:12,  3.11it/s]phase1_shape_color_acc:  97%|█████████▋| 7775/8000 [42:42<01:14,  3.04it/s]phase1_shape_color_acc:  97%|█████████▋| 7776/8000 [42:43<01:14,  2.99it/s]phase1_shape_color_acc:  97%|█████████▋| 7777/8000 [42:43<01:15,  2.96it/s]phase1_shape_color_acc:  97%|█████████▋| 7778/8000 [42:43<01:15,  2.94it/s]phase1_shape_color_acc:  97%|█████████▋| 7779/8000 [42:44<01:15,  2.92it/s]phase1_shape_color_acc:  97%|█████████▋| 7780/8000 [42:44<01:10,  3.13it/s]phase1_shape_color_acc:  97%|█████████▋| 7781/8000 [42:44<01:09,  3.15it/s]phase1_shape_color_acc:  97%|█████████▋| 7782/8000 [42:45<01:08,  3.20it/s]phase1_shape_color_acc:  97%|█████████▋| 7783/8000 [42:45<01:10,  3.09it/s]phase1_shape_color_acc:  97%|█████████▋| 7784/8000 [42:45<01:11,  3.01it/s]phase1_shape_color_acc:  97%|█████████▋| 7785/8000 [42:46<01:12,  2.97it/s]phase1_shape_color_acc:  97%|█████████▋| 7786/8000 [42:46<01:12,  2.95it/s]phase1_shape_color_acc:  97%|█████████▋| 7787/8000 [42:46<01:12,  2.93it/s]phase1_shape_color_acc:  97%|█████████▋| 7788/8000 [42:47<01:12,  2.91it/s]phase1_shape_color_acc:  97%|█████████▋| 7789/8000 [42:47<01:08,  3.10it/s]phase1_shape_color_acc:  97%|█████████▋| 7790/8000 [42:47<01:06,  3.13it/s]phase1_shape_color_acc:  97%|█████████▋| 7791/8000 [42:48<01:05,  3.19it/s]phase1_shape_color_acc:  97%|█████████▋| 7792/8000 [42:48<01:07,  3.08it/s]phase1_shape_color_acc:  97%|█████████▋| 7793/8000 [42:48<01:08,  3.01it/s]phase1_shape_color_acc:  97%|█████████▋| 7794/8000 [42:49<01:09,  2.97it/s]phase1_shape_color_acc:  97%|█████████▋| 7795/8000 [42:49<01:09,  2.95it/s]phase1_shape_color_acc:  97%|█████████▋| 7796/8000 [42:49<01:09,  2.93it/s]phase1_shape_color_acc:  97%|█████████▋| 7797/8000 [42:50<01:09,  2.92it/s]phase1_shape_color_acc:  97%|█████████▋| 7798/8000 [42:50<01:07,  2.99it/s]phase1_shape_color_acc:  97%|█████████▋| 7799/8000 [42:50<01:06,  3.04it/s]phase1_shape_color_acc:  98%|█████████▊| 7800/8000 [42:51<01:04,  3.09it/s]phase1_shape_color_acc:  98%|█████████▊| 7801/8000 [42:51<01:06,  3.01it/s]phase1_shape_color_acc:  98%|█████████▊| 7802/8000 [42:51<01:06,  2.96it/s]phase1_shape_color_acc:  98%|█████████▊| 7803/8000 [42:52<01:06,  2.94it/s]phase1_shape_color_acc:  98%|█████████▊| 7804/8000 [42:52<01:06,  2.93it/s]phase1_shape_color_acc:  98%|█████████▊| 7805/8000 [42:52<01:06,  2.91it/s]phase1_shape_color_acc:  98%|█████████▊| 7806/8000 [42:53<01:06,  2.90it/s]phase1_shape_color_acc:  98%|█████████▊| 7807/8000 [42:53<01:04,  3.01it/s]phase1_shape_color_acc:  98%|█████████▊| 7808/8000 [42:53<00:57,  3.32it/s]phase1_shape_color_acc:  98%|█████████▊| 7809/8000 [42:54<00:58,  3.29it/s]phase1_shape_color_acc:  98%|█████████▊| 7810/8000 [42:54<00:59,  3.21it/s]phase1_shape_color_acc:  98%|█████████▊| 7811/8000 [42:54<01:00,  3.10it/s]phase1_shape_color_acc:  98%|█████████▊| 7812/8000 [42:55<01:02,  3.02it/s]phase1_shape_color_acc:  98%|█████████▊| 7813/8000 [42:55<01:02,  2.98it/s]phase1_shape_color_acc:  98%|█████████▊| 7814/8000 [42:55<01:03,  2.95it/s]phase1_shape_color_acc:  98%|█████████▊| 7815/8000 [42:56<01:03,  2.93it/s]phase1_shape_color_acc:  98%|█████████▊| 7816/8000 [42:56<01:02,  2.92it/s]phase1_shape_color_acc:  98%|█████████▊| 7817/8000 [42:56<00:58,  3.12it/s]phase1_shape_color_acc:  98%|█████████▊| 7818/8000 [42:57<00:58,  3.14it/s]phase1_shape_color_acc:  98%|█████████▊| 7819/8000 [42:57<00:58,  3.12it/s]phase1_shape_color_acc:  98%|█████████▊| 7820/8000 [42:57<00:59,  3.04it/s]phase1_shape_color_acc:  98%|█████████▊| 7821/8000 [42:58<01:00,  2.98it/s]phase1_shape_color_acc:  98%|█████████▊| 7822/8000 [42:58<01:00,  2.95it/s]phase1_shape_color_acc:  98%|█████████▊| 7823/8000 [42:58<01:00,  2.93it/s]phase1_shape_color_acc:  98%|█████████▊| 7824/8000 [42:59<01:00,  2.92it/s]phase1_shape_color_acc:  98%|█████████▊| 7825/8000 [42:59<01:00,  2.91it/s]phase1_shape_color_acc:  98%|█████████▊| 7826/8000 [42:59<00:56,  3.10it/s]phase1_shape_color_acc:  98%|█████████▊| 7827/8000 [43:00<00:55,  3.13it/s]phase1_shape_color_acc:  98%|█████████▊| 7828/8000 [43:00<00:53,  3.19it/s]phase1_shape_color_acc:  98%|█████████▊| 7829/8000 [43:00<00:55,  3.08it/s]phase1_shape_color_acc:  98%|█████████▊| 7830/8000 [43:01<00:56,  3.01it/s]phase1_shape_color_acc:  98%|█████████▊| 7831/8000 [43:01<00:56,  2.97it/s]phase1_shape_color_acc:  98%|█████████▊| 7832/8000 [43:01<00:57,  2.95it/s]phase1_shape_color_acc:  98%|█████████▊| 7833/8000 [43:02<00:57,  2.93it/s]phase1_shape_color_acc:  98%|█████████▊| 7834/8000 [43:02<00:56,  2.92it/s]phase1_shape_color_acc:  98%|█████████▊| 7835/8000 [43:02<00:54,  3.00it/s]phase1_shape_color_acc:  98%|█████████▊| 7836/8000 [43:03<00:54,  3.03it/s]phase1_shape_color_acc:  98%|█████████▊| 7837/8000 [43:03<00:52,  3.08it/s]phase1_shape_color_acc:  98%|█████████▊| 7838/8000 [43:03<00:53,  3.01it/s]phase1_shape_color_acc:  98%|█████████▊| 7839/8000 [43:04<00:54,  2.97it/s]phase1_shape_color_acc:  98%|█████████▊| 7840/8000 [43:04<00:54,  2.94it/s]phase1_shape_color_acc:  98%|█████████▊| 7841/8000 [43:04<00:54,  2.92it/s]phase1_shape_color_acc:  98%|█████████▊| 7842/8000 [43:05<00:54,  2.91it/s]phase1_shape_color_acc:  98%|█████████▊| 7843/8000 [43:05<00:54,  2.90it/s]phase1_shape_color_acc:  98%|█████████▊| 7844/8000 [43:05<00:49,  3.12it/s]phase1_shape_color_acc:  98%|█████████▊| 7845/8000 [43:06<00:47,  3.29it/s]phase1_shape_color_acc:  98%|█████████▊| 7846/8000 [43:06<00:46,  3.28it/s]phase1_shape_color_acc:  98%|█████████▊| 7847/8000 [43:06<00:47,  3.20it/s]phase1_shape_color_acc:  98%|█████████▊| 7848/8000 [43:07<00:49,  3.09it/s]phase1_shape_color_acc:  98%|█████████▊| 7849/8000 [43:07<00:50,  3.01it/s]phase1_shape_color_acc:  98%|█████████▊| 7850/8000 [43:07<00:50,  2.97it/s]phase1_shape_color_acc:  98%|█████████▊| 7851/8000 [43:08<00:50,  2.95it/s]phase1_shape_color_acc:  98%|█████████▊| 7852/8000 [43:08<00:50,  2.93it/s]phase1_shape_color_acc:  98%|█████████▊| 7853/8000 [43:08<00:50,  2.92it/s]phase1_shape_color_acc:  98%|█████████▊| 7854/8000 [43:09<00:46,  3.15it/s]phase1_shape_color_acc:  98%|█████████▊| 7855/8000 [43:09<00:45,  3.17it/s]phase1_shape_color_acc:  98%|█████████▊| 7856/8000 [43:09<00:45,  3.14it/s]phase1_shape_color_acc:  98%|█████████▊| 7857/8000 [43:10<00:46,  3.05it/s]phase1_shape_color_acc:  98%|█████████▊| 7858/8000 [43:10<00:47,  2.99it/s]phase1_shape_color_acc:  98%|█████████▊| 7859/8000 [43:10<00:47,  2.96it/s]phase1_shape_color_acc:  98%|█████████▊| 7860/8000 [43:11<00:47,  2.94it/s]phase1_shape_color_acc:  98%|█████████▊| 7861/8000 [43:11<00:47,  2.92it/s]phase1_shape_color_acc:  98%|█████████▊| 7862/8000 [43:11<00:47,  2.91it/s]phase1_shape_color_acc:  98%|█████████▊| 7863/8000 [43:12<00:43,  3.12it/s]phase1_shape_color_acc:  98%|█████████▊| 7864/8000 [43:12<00:43,  3.15it/s]phase1_shape_color_acc:  98%|█████████▊| 7865/8000 [43:12<00:42,  3.19it/s]phase1_shape_color_acc:  98%|█████████▊| 7866/8000 [43:12<00:43,  3.08it/s]phase1_shape_color_acc:  98%|█████████▊| 7867/8000 [43:13<00:44,  3.01it/s]phase1_shape_color_acc:  98%|█████████▊| 7868/8000 [43:13<00:44,  2.97it/s]phase1_shape_color_acc:  98%|█████████▊| 7869/8000 [43:14<00:44,  2.95it/s]phase1_shape_color_acc:  98%|█████████▊| 7870/8000 [43:14<00:44,  2.93it/s]phase1_shape_color_acc:  98%|█████████▊| 7871/8000 [43:14<00:44,  2.92it/s]phase1_shape_color_acc:  98%|█████████▊| 7872/8000 [43:15<00:42,  3.01it/s]phase1_shape_color_acc:  98%|█████████▊| 7873/8000 [43:15<00:41,  3.05it/s]phase1_shape_color_acc:  98%|█████████▊| 7874/8000 [43:15<00:40,  3.11it/s]phase1_shape_color_acc:  98%|█████████▊| 7875/8000 [43:16<00:41,  3.04it/s]phase1_shape_color_acc:  98%|█████████▊| 7876/8000 [43:16<00:41,  2.98it/s]phase1_shape_color_acc:  98%|█████████▊| 7877/8000 [43:16<00:41,  2.95it/s]phase1_shape_color_acc:  98%|█████████▊| 7878/8000 [43:17<00:41,  2.94it/s]phase1_shape_color_acc:  98%|█████████▊| 7879/8000 [43:17<00:41,  2.93it/s]phase1_shape_color_acc:  98%|█████████▊| 7880/8000 [43:17<00:41,  2.92it/s]phase1_shape_color_acc:  99%|█████████▊| 7881/8000 [43:18<00:38,  3.11it/s]phase1_shape_color_acc:  99%|█████████▊| 7882/8000 [43:18<00:36,  3.26it/s]phase1_shape_color_acc:  99%|█████████▊| 7883/8000 [43:18<00:35,  3.26it/s]phase1_shape_color_acc:  99%|█████████▊| 7884/8000 [43:18<00:36,  3.19it/s]phase1_shape_color_acc:  99%|█████████▊| 7885/8000 [43:19<00:37,  3.08it/s]phase1_shape_color_acc:  99%|█████████▊| 7886/8000 [43:19<00:37,  3.02it/s]phase1_shape_color_acc:  99%|█████████▊| 7887/8000 [43:19<00:37,  2.98it/s]phase1_shape_color_acc:  99%|█████████▊| 7888/8000 [43:20<00:37,  2.96it/s]phase1_shape_color_acc:  99%|█████████▊| 7889/8000 [43:20<00:37,  2.94it/s]phase1_shape_color_acc:  99%|█████████▊| 7890/8000 [43:20<00:37,  2.93it/s]phase1_shape_color_acc:  99%|█████████▊| 7891/8000 [43:21<00:34,  3.18it/s]phase1_shape_color_acc:  99%|█████████▊| 7892/8000 [43:21<00:29,  3.70it/s]phase1_shape_color_acc:  99%|█████████▊| 7893/8000 [43:21<00:25,  4.24it/s]phase1_shape_color_acc:  99%|█████████▊| 7894/8000 [43:21<00:26,  4.03it/s]phase1_shape_color_acc:  99%|█████████▊| 7895/8000 [43:22<00:28,  3.68it/s]phase1_shape_color_acc:  99%|█████████▊| 7896/8000 [43:22<00:30,  3.39it/s]phase1_shape_color_acc:  99%|█████████▊| 7897/8000 [43:22<00:31,  3.22it/s]phase1_shape_color_acc:  99%|█████████▊| 7898/8000 [43:23<00:32,  3.11it/s]phase1_shape_color_acc:  99%|█████████▊| 7899/8000 [43:23<00:33,  3.04it/s]phase1_shape_color_acc:  99%|█████████▉| 7900/8000 [43:23<00:33,  3.00it/s]phase1_shape_color_acc:  99%|█████████▉| 7901/8000 [43:24<00:33,  2.96it/s]phase1_shape_color_acc:  99%|█████████▉| 7902/8000 [43:24<00:30,  3.20it/s]phase1_shape_color_acc:  99%|█████████▉| 7903/8000 [43:24<00:30,  3.21it/s]phase1_shape_color_acc:  99%|█████████▉| 7904/8000 [43:25<00:30,  3.17it/s]phase1_shape_color_acc:  99%|█████████▉| 7905/8000 [43:25<00:30,  3.07it/s]phase1_shape_color_acc:  99%|█████████▉| 7906/8000 [43:25<00:31,  3.01it/s]phase1_shape_color_acc:  99%|█████████▉| 7907/8000 [43:26<00:31,  2.98it/s]phase1_shape_color_acc:  99%|█████████▉| 7908/8000 [43:26<00:31,  2.95it/s]phase1_shape_color_acc:  99%|█████████▉| 7909/8000 [43:26<00:31,  2.93it/s]phase1_shape_color_acc:  99%|█████████▉| 7910/8000 [43:27<00:30,  2.92it/s]phase1_shape_color_acc:  99%|█████████▉| 7911/8000 [43:27<00:28,  3.17it/s]phase1_shape_color_acc:  99%|█████████▉| 7912/8000 [43:27<00:27,  3.18it/s]phase1_shape_color_acc:  99%|█████████▉| 7913/8000 [43:28<00:27,  3.15it/s]phase1_shape_color_acc:  99%|█████████▉| 7914/8000 [43:28<00:28,  3.06it/s]phase1_shape_color_acc:  99%|█████████▉| 7915/8000 [43:28<00:28,  3.00it/s]phase1_shape_color_acc:  99%|█████████▉| 7916/8000 [43:29<00:28,  2.97it/s]phase1_shape_color_acc:  99%|█████████▉| 7917/8000 [43:29<00:28,  2.94it/s]phase1_shape_color_acc:  99%|█████████▉| 7918/8000 [43:29<00:27,  2.93it/s]phase1_shape_color_acc:  99%|█████████▉| 7919/8000 [43:30<00:27,  2.92it/s]phase1_shape_color_acc:  99%|█████████▉| 7920/8000 [43:30<00:24,  3.29it/s]phase1_shape_color_acc:  99%|█████████▉| 7921/8000 [43:30<00:24,  3.26it/s]phase1_shape_color_acc:  99%|█████████▉| 7922/8000 [43:31<00:24,  3.22it/s]phase1_shape_color_acc:  99%|█████████▉| 7923/8000 [43:31<00:24,  3.10it/s]phase1_shape_color_acc:  99%|█████████▉| 7924/8000 [43:31<00:25,  3.03it/s]phase1_shape_color_acc:  99%|█████████▉| 7925/8000 [43:32<00:25,  2.98it/s]phase1_shape_color_acc:  99%|█████████▉| 7926/8000 [43:32<00:25,  2.95it/s]phase1_shape_color_acc:  99%|█████████▉| 7927/8000 [43:32<00:24,  2.93it/s]phase1_shape_color_acc:  99%|█████████▉| 7928/8000 [43:33<00:24,  2.92it/s]phase1_shape_color_acc:  99%|█████████▉| 7929/8000 [43:33<00:23,  3.06it/s]phase1_shape_color_acc:  99%|█████████▉| 7930/8000 [43:33<00:22,  3.09it/s]phase1_shape_color_acc:  99%|█████████▉| 7931/8000 [43:34<00:22,  3.13it/s]phase1_shape_color_acc:  99%|█████████▉| 7932/8000 [43:34<00:22,  3.06it/s]phase1_shape_color_acc:  99%|█████████▉| 7933/8000 [43:34<00:22,  2.99it/s]phase1_shape_color_acc:  99%|█████████▉| 7934/8000 [43:35<00:22,  2.96it/s]phase1_shape_color_acc:  99%|█████████▉| 7935/8000 [43:35<00:22,  2.94it/s]phase1_shape_color_acc:  99%|█████████▉| 7936/8000 [43:35<00:21,  2.93it/s]phase1_shape_color_acc:  99%|█████████▉| 7937/8000 [43:36<00:21,  2.91it/s]phase1_shape_color_acc:  99%|█████████▉| 7938/8000 [43:36<00:20,  3.08it/s]phase1_shape_color_acc:  99%|█████████▉| 7939/8000 [43:36<00:19,  3.12it/s]phase1_shape_color_acc:  99%|█████████▉| 7940/8000 [43:37<00:18,  3.16it/s]phase1_shape_color_acc:  99%|█████████▉| 7941/8000 [43:37<00:19,  3.06it/s]phase1_shape_color_acc:  99%|█████████▉| 7942/8000 [43:37<00:19,  2.99it/s]phase1_shape_color_acc:  99%|█████████▉| 7943/8000 [43:38<00:19,  2.96it/s]phase1_shape_color_acc:  99%|█████████▉| 7944/8000 [43:38<00:19,  2.94it/s]phase1_shape_color_acc:  99%|█████████▉| 7945/8000 [43:38<00:18,  2.92it/s]phase1_shape_color_acc:  99%|█████████▉| 7946/8000 [43:39<00:18,  2.91it/s]phase1_shape_color_acc:  99%|█████████▉| 7947/8000 [43:39<00:17,  3.00it/s]phase1_shape_color_acc:  99%|█████████▉| 7948/8000 [43:39<00:17,  3.04it/s]phase1_shape_color_acc:  99%|█████████▉| 7949/8000 [43:40<00:16,  3.08it/s]phase1_shape_color_acc:  99%|█████████▉| 7950/8000 [43:40<00:16,  3.02it/s]phase1_shape_color_acc:  99%|█████████▉| 7951/8000 [43:40<00:16,  2.97it/s]phase1_shape_color_acc:  99%|█████████▉| 7952/8000 [43:41<00:16,  2.95it/s]phase1_shape_color_acc:  99%|█████████▉| 7953/8000 [43:41<00:16,  2.93it/s]phase1_shape_color_acc:  99%|█████████▉| 7954/8000 [43:41<00:15,  2.91it/s]phase1_shape_color_acc:  99%|█████████▉| 7955/8000 [43:42<00:15,  2.90it/s]phase1_shape_color_acc:  99%|█████████▉| 7956/8000 [43:42<00:15,  2.90it/s]phase1_shape_color_acc:  99%|█████████▉| 7957/8000 [43:42<00:14,  2.93it/s]phase1_shape_color_acc:  99%|█████████▉| 7958/8000 [43:43<00:13,  3.13it/s]phase1_shape_color_acc:  99%|█████████▉| 7959/8000 [43:43<00:12,  3.37it/s]phase1_shape_color_acc: 100%|█████████▉| 7960/8000 [43:43<00:11,  3.35it/s]phase1_shape_color_acc: 100%|█████████▉| 7961/8000 [43:43<00:11,  3.25it/s]phase1_shape_color_acc: 100%|█████████▉| 7962/8000 [43:44<00:12,  3.12it/s]phase1_shape_color_acc: 100%|█████████▉| 7963/8000 [43:44<00:12,  3.04it/s]phase1_shape_color_acc: 100%|█████████▉| 7964/8000 [43:44<00:12,  3.00it/s]phase1_shape_color_acc: 100%|█████████▉| 7965/8000 [43:45<00:11,  2.96it/s]phase1_shape_color_acc: 100%|█████████▉| 7966/8000 [43:45<00:11,  2.94it/s]phase1_shape_color_acc: 100%|█████████▉| 7967/8000 [43:46<00:11,  2.92it/s]phase1_shape_color_acc: 100%|█████████▉| 7968/8000 [43:46<00:10,  3.15it/s]phase1_shape_color_acc: 100%|█████████▉| 7969/8000 [43:46<00:09,  3.17it/s]phase1_shape_color_acc: 100%|█████████▉| 7970/8000 [43:46<00:09,  3.12it/s]phase1_shape_color_acc: 100%|█████████▉| 7971/8000 [43:47<00:09,  3.04it/s]phase1_shape_color_acc: 100%|█████████▉| 7972/8000 [43:47<00:09,  2.99it/s]phase1_shape_color_acc: 100%|█████████▉| 7973/8000 [43:47<00:09,  2.95it/s]phase1_shape_color_acc: 100%|█████████▉| 7974/8000 [43:48<00:08,  2.94it/s]phase1_shape_color_acc: 100%|█████████▉| 7975/8000 [43:48<00:08,  2.93it/s]phase1_shape_color_acc: 100%|█████████▉| 7976/8000 [43:49<00:08,  2.92it/s]phase1_shape_color_acc: 100%|█████████▉| 7977/8000 [43:49<00:07,  3.13it/s]phase1_shape_color_acc: 100%|█████████▉| 7978/8000 [43:49<00:06,  3.16it/s]phase1_shape_color_acc: 100%|█████████▉| 7979/8000 [43:49<00:06,  3.13it/s]phase1_shape_color_acc: 100%|█████████▉| 7980/8000 [43:50<00:06,  3.05it/s]phase1_shape_color_acc: 100%|█████████▉| 7981/8000 [43:50<00:06,  2.99it/s]phase1_shape_color_acc: 100%|█████████▉| 7982/8000 [43:50<00:06,  2.96it/s]phase1_shape_color_acc: 100%|█████████▉| 7983/8000 [43:51<00:05,  2.94it/s]phase1_shape_color_acc: 100%|█████████▉| 7984/8000 [43:51<00:05,  2.93it/s]phase1_shape_color_acc: 100%|█████████▉| 7985/8000 [43:51<00:05,  2.91it/s]phase1_shape_color_acc: 100%|█████████▉| 7986/8000 [43:52<00:04,  3.09it/s]phase1_shape_color_acc: 100%|█████████▉| 7987/8000 [43:52<00:04,  3.12it/s]phase1_shape_color_acc: 100%|█████████▉| 7988/8000 [43:52<00:03,  3.15it/s]phase1_shape_color_acc: 100%|█████████▉| 7989/8000 [43:53<00:03,  3.06it/s]phase1_shape_color_acc: 100%|█████████▉| 7990/8000 [43:53<00:03,  3.00it/s]phase1_shape_color_acc: 100%|█████████▉| 7991/8000 [43:53<00:03,  2.97it/s]phase1_shape_color_acc: 100%|█████████▉| 7992/8000 [43:54<00:02,  2.94it/s]phase1_shape_color_acc: 100%|█████████▉| 7993/8000 [43:54<00:02,  2.92it/s]phase1_shape_color_acc: 100%|█████████▉| 7994/8000 [43:54<00:02,  2.92it/s]phase1_shape_color_acc: 100%|█████████▉| 7995/8000 [43:55<00:01,  2.91it/s]phase1_shape_color_acc: 100%|█████████▉| 7996/8000 [43:55<00:01,  2.95it/s]phase1_shape_color_acc: 100%|█████████▉| 7997/8000 [43:55<00:00,  3.04it/s]phase1_shape_color_acc: 100%|█████████▉| 7998/8000 [43:56<00:00,  3.42it/s]phase1_shape_color_acc: 100%|█████████▉| 7999/8000 [43:56<00:00,  3.39it/s]phase1_shape_color_acc: 100%|██████████| 8000/8000 [43:56<00:00,  3.30it/s]phase1_shape_color_acc: 100%|██████████| 8000/8000 [43:56<00:00,  3.03it/s]
  vision shape: (729, 3584)
  A: 25 cells, avg ~320/cell
  Δ: 4 directions
[target] 500 samples
phase2_shape_color_int:   0%|          | 0/500 [00:00<?, ?it/s]We detected that you are passing `past_key_values` as a tuple and this is deprecated and will be removed in v4.43. Please use an appropriate `Cache` class (https://huggingface.co/docs/transformers/v4.41.3/en/internal/generation_utils#transformers.Cache)
phase2_shape_color_int:   0%|          | 1/500 [00:02<24:20,  2.93s/it]phase2_shape_color_int:   0%|          | 2/500 [00:05<23:18,  2.81s/it]phase2_shape_color_int:   1%|          | 3/500 [00:08<22:54,  2.77s/it]phase2_shape_color_int:   1%|          | 4/500 [00:11<23:01,  2.79s/it]phase2_shape_color_int:   1%|          | 5/500 [00:13<22:26,  2.72s/it]phase2_shape_color_int:   1%|          | 6/500 [00:16<22:19,  2.71s/it]phase2_shape_color_int:   1%|▏         | 7/500 [00:19<22:15,  2.71s/it]phase2_shape_color_int:   2%|▏         | 8/500 [00:21<22:17,  2.72s/it]phase2_shape_color_int:   2%|▏         | 9/500 [00:24<22:14,  2.72s/it]phase2_shape_color_int:   2%|▏         | 10/500 [00:27<22:18,  2.73s/it]phase2_shape_color_int:   2%|▏         | 11/500 [00:30<22:11,  2.72s/it]phase2_shape_color_int:   2%|▏         | 12/500 [00:32<22:08,  2.72s/it]phase2_shape_color_int:   3%|▎         | 13/500 [00:35<22:06,  2.72s/it]phase2_shape_color_int:   3%|▎         | 14/500 [00:38<21:57,  2.71s/it]phase2_shape_color_int:   3%|▎         | 15/500 [00:41<22:04,  2.73s/it]phase2_shape_color_int:   3%|▎         | 16/500 [00:43<22:09,  2.75s/it]phase2_shape_color_int:   3%|▎         | 17/500 [00:46<22:03,  2.74s/it]phase2_shape_color_int:   4%|▎         | 18/500 [00:49<22:00,  2.74s/it]phase2_shape_color_int:   4%|▍         | 19/500 [00:51<21:40,  2.70s/it]phase2_shape_color_int:   4%|▍         | 20/500 [00:54<21:40,  2.71s/it]phase2_shape_color_int:   4%|▍         | 21/500 [00:57<21:46,  2.73s/it]phase2_shape_color_int:   4%|▍         | 22/500 [01:00<21:53,  2.75s/it]phase2_shape_color_int:   5%|▍         | 23/500 [01:02<21:47,  2.74s/it]phase2_shape_color_int:   5%|▍         | 24/500 [01:05<21:28,  2.71s/it]phase2_shape_color_int:   5%|▌         | 25/500 [01:08<21:25,  2.71s/it]phase2_shape_color_int:   5%|▌         | 26/500 [01:10<21:22,  2.71s/it]phase2_shape_color_int:   5%|▌         | 27/500 [01:13<21:29,  2.73s/it]phase2_shape_color_int:   6%|▌         | 28/500 [01:16<21:33,  2.74s/it]phase2_shape_color_int:   6%|▌         | 29/500 [01:19<21:17,  2.71s/it]phase2_shape_color_int:   6%|▌         | 30/500 [01:21<21:13,  2.71s/it]phase2_shape_color_int:   6%|▌         | 31/500 [01:24<21:10,  2.71s/it]phase2_shape_color_int:   6%|▋         | 32/500 [01:27<21:13,  2.72s/it]phase2_shape_color_int:   7%|▋         | 33/500 [01:30<21:15,  2.73s/it]phase2_shape_color_int:   7%|▋         | 34/500 [01:32<21:15,  2.74s/it]phase2_shape_color_int:   7%|▋         | 35/500 [01:35<21:13,  2.74s/it]phase2_shape_color_int:   7%|▋         | 36/500 [01:38<21:10,  2.74s/it]phase2_shape_color_int:   7%|▋         | 37/500 [01:41<21:08,  2.74s/it]phase2_shape_color_int:   8%|▊         | 38/500 [01:43<20:52,  2.71s/it]phase2_shape_color_int:   8%|▊         | 39/500 [01:46<20:58,  2.73s/it]phase2_shape_color_int:   8%|▊         | 40/500 [01:49<21:05,  2.75s/it]phase2_shape_color_int:   8%|▊         | 41/500 [01:51<20:58,  2.74s/it]phase2_shape_color_int:   8%|▊         | 42/500 [01:54<20:55,  2.74s/it]phase2_shape_color_int:   9%|▊         | 43/500 [01:57<20:37,  2.71s/it]phase2_shape_color_int:   9%|▉         | 44/500 [02:00<20:33,  2.71s/it]phase2_shape_color_int:   9%|▉         | 45/500 [02:02<20:39,  2.72s/it]phase2_shape_color_int:   9%|▉         | 46/500 [02:05<20:47,  2.75s/it]phase2_shape_color_int:   9%|▉         | 47/500 [02:08<20:41,  2.74s/it]phase2_shape_color_int:  10%|▉         | 48/500 [02:10<20:26,  2.71s/it]phase2_shape_color_int:  10%|▉         | 49/500 [02:13<20:24,  2.72s/it]phase2_shape_color_int:  10%|█         | 50/500 [02:16<20:23,  2.72s/it]phase2_shape_color_int:  10%|█         | 51/500 [02:19<20:25,  2.73s/it]phase2_shape_color_int:  10%|█         | 52/500 [02:21<20:28,  2.74s/it]phase2_shape_color_int:  11%|█         | 53/500 [02:24<20:22,  2.74s/it]phase2_shape_color_int:  11%|█         | 54/500 [02:27<20:18,  2.73s/it]phase2_shape_color_int:  11%|█         | 55/500 [02:30<20:10,  2.72s/it]phase2_shape_color_int:  11%|█         | 56/500 [02:32<20:05,  2.71s/it]phase2_shape_color_int:  11%|█▏        | 57/500 [02:35<19:51,  2.69s/it]phase2_shape_color_int:  12%|█▏        | 58/500 [02:38<20:02,  2.72s/it]phase2_shape_color_int:  12%|█▏        | 59/500 [02:40<19:59,  2.72s/it]phase2_shape_color_int:  12%|█▏        | 60/500 [02:43<19:55,  2.72s/it]phase2_shape_color_int:  12%|█▏        | 61/500 [02:46<19:55,  2.72s/it]phase2_shape_color_int:  12%|█▏        | 62/500 [02:49<19:43,  2.70s/it]phase2_shape_color_int:  13%|█▎        | 63/500 [02:51<19:47,  2.72s/it]phase2_shape_color_int:  13%|█▎        | 64/500 [02:54<19:53,  2.74s/it]phase2_shape_color_int:  13%|█▎        | 65/500 [02:57<19:47,  2.73s/it]phase2_shape_color_int:  13%|█▎        | 66/500 [02:59<19:44,  2.73s/it]phase2_shape_color_int:  13%|█▎        | 67/500 [03:02<19:27,  2.70s/it]phase2_shape_color_int:  14%|█▎        | 68/500 [03:05<19:25,  2.70s/it]phase2_shape_color_int:  14%|█▍        | 69/500 [03:08<19:31,  2.72s/it]phase2_shape_color_int:  14%|█▍        | 70/500 [03:10<19:39,  2.74s/it]phase2_shape_color_int:  14%|█▍        | 71/500 [03:13<19:32,  2.73s/it]phase2_shape_color_int:  14%|█▍        | 72/500 [03:16<19:17,  2.71s/it]phase2_shape_color_int:  15%|█▍        | 73/500 [03:18<19:18,  2.71s/it]phase2_shape_color_int:  15%|█▍        | 74/500 [03:21<19:15,  2.71s/it]phase2_shape_color_int:  15%|█▌        | 75/500 [03:24<19:20,  2.73s/it]phase2_shape_color_int:  15%|█▌        | 76/500 [03:27<19:26,  2.75s/it]phase2_shape_color_int:  15%|█▌        | 77/500 [03:29<19:10,  2.72s/it]phase2_shape_color_int:  16%|█▌        | 78/500 [03:32<19:08,  2.72s/it]phase2_shape_color_int:  16%|█▌        | 79/500 [03:35<19:04,  2.72s/it]phase2_shape_color_int:  16%|█▌        | 80/500 [03:38<18:59,  2.71s/it]phase2_shape_color_int:  16%|█▌        | 81/500 [03:40<18:53,  2.71s/it]phase2_shape_color_int:  16%|█▋        | 82/500 [03:43<19:02,  2.73s/it]phase2_shape_color_int:  17%|█▋        | 83/500 [03:46<18:59,  2.73s/it]phase2_shape_color_int:  17%|█▋        | 84/500 [03:48<18:56,  2.73s/it]phase2_shape_color_int:  17%|█▋        | 85/500 [03:51<18:53,  2.73s/it]phase2_shape_color_int:  17%|█▋        | 86/500 [03:54<18:39,  2.70s/it]phase2_shape_color_int:  17%|█▋        | 87/500 [03:57<18:43,  2.72s/it]phase2_shape_color_int:  18%|█▊        | 88/500 [03:59<18:49,  2.74s/it]phase2_shape_color_int:  18%|█▊        | 89/500 [04:02<18:44,  2.73s/it]phase2_shape_color_int:  18%|█▊        | 90/500 [04:05<18:38,  2.73s/it]phase2_shape_color_int:  18%|█▊        | 91/500 [04:07<18:22,  2.70s/it]phase2_shape_color_int:  18%|█▊        | 92/500 [04:10<18:25,  2.71s/it]phase2_shape_color_int:  19%|█▊        | 93/500 [04:13<18:27,  2.72s/it]phase2_shape_color_int:  19%|█▉        | 94/500 [04:16<18:29,  2.73s/it]phase2_shape_color_int:  19%|█▉        | 95/500 [04:18<18:32,  2.75s/it]phase2_shape_color_int:  19%|█▉        | 96/500 [04:21<18:16,  2.71s/it]phase2_shape_color_int:  19%|█▉        | 97/500 [04:24<18:13,  2.71s/it]phase2_shape_color_int:  20%|█▉        | 98/500 [04:27<18:08,  2.71s/it]phase2_shape_color_int:  20%|█▉        | 99/500 [04:29<18:11,  2.72s/it]phase2_shape_color_int:  20%|██        | 100/500 [04:32<18:15,  2.74s/it]phase2_shape_color_int:  20%|██        | 101/500 [04:35<18:07,  2.73s/it]phase2_shape_color_int:  20%|██        | 102/500 [04:37<18:04,  2.73s/it]phase2_shape_color_int:  21%|██        | 103/500 [04:40<18:01,  2.72s/it]phase2_shape_color_int:  21%|██        | 104/500 [04:43<17:58,  2.72s/it]phase2_shape_color_int:  21%|██        | 105/500 [04:46<17:51,  2.71s/it]phase2_shape_color_int:  21%|██        | 106/500 [04:48<17:59,  2.74s/it]phase2_shape_color_int:  21%|██▏       | 107/500 [04:51<17:58,  2.75s/it]phase2_shape_color_int:  22%|██▏       | 108/500 [04:54<17:53,  2.74s/it]phase2_shape_color_int:  22%|██▏       | 109/500 [04:56<17:05,  2.62s/it]phase2_shape_color_int:  22%|██▏       | 110/500 [04:59<17:11,  2.64s/it]phase2_shape_color_int:  22%|██▏       | 111/500 [05:02<17:26,  2.69s/it]phase2_shape_color_int:  22%|██▏       | 112/500 [05:04<17:27,  2.70s/it]phase2_shape_color_int:  23%|██▎       | 113/500 [05:07<17:25,  2.70s/it]phase2_shape_color_int:  23%|██▎       | 114/500 [05:10<17:25,  2.71s/it]phase2_shape_color_int:  23%|██▎       | 115/500 [05:13<17:16,  2.69s/it]phase2_shape_color_int:  23%|██▎       | 116/500 [05:15<17:22,  2.72s/it]phase2_shape_color_int:  23%|██▎       | 117/500 [05:18<17:31,  2.75s/it]phase2_shape_color_int:  24%|██▎       | 118/500 [05:21<17:26,  2.74s/it]phase2_shape_color_int:  24%|██▍       | 119/500 [05:24<17:22,  2.74s/it]phase2_shape_color_int:  24%|██▍       | 120/500 [05:26<17:10,  2.71s/it]phase2_shape_color_int:  24%|██▍       | 121/500 [05:29<17:11,  2.72s/it]phase2_shape_color_int:  24%|██▍       | 122/500 [05:32<17:10,  2.73s/it]phase2_shape_color_int:  25%|██▍       | 123/500 [05:34<17:12,  2.74s/it]phase2_shape_color_int:  25%|██▍       | 124/500 [05:37<17:14,  2.75s/it]phase2_shape_color_int:  25%|██▌       | 125/500 [05:40<17:01,  2.72s/it]phase2_shape_color_int:  25%|██▌       | 126/500 [05:43<16:57,  2.72s/it]phase2_shape_color_int:  25%|██▌       | 127/500 [05:45<16:55,  2.72s/it]phase2_shape_color_int:  26%|██▌       | 128/500 [05:48<16:56,  2.73s/it]phase2_shape_color_int:  26%|██▌       | 129/500 [05:51<16:57,  2.74s/it]phase2_shape_color_int:  26%|██▌       | 130/500 [05:54<16:50,  2.73s/it]phase2_shape_color_int:  26%|██▌       | 131/500 [05:56<16:45,  2.72s/it]phase2_shape_color_int:  26%|██▋       | 132/500 [05:59<16:40,  2.72s/it]phase2_shape_color_int:  27%|██▋       | 133/500 [06:02<16:38,  2.72s/it]phase2_shape_color_int:  27%|██▋       | 134/500 [06:04<16:30,  2.71s/it]phase2_shape_color_int:  27%|██▋       | 135/500 [06:07<16:40,  2.74s/it]phase2_shape_color_int:  27%|██▋       | 136/500 [06:10<16:35,  2.73s/it]phase2_shape_color_int:  27%|██▋       | 137/500 [06:13<16:32,  2.73s/it]phase2_shape_color_int:  28%|██▊       | 138/500 [06:15<16:28,  2.73s/it]phase2_shape_color_int:  28%|██▊       | 139/500 [06:18<16:22,  2.72s/it]phase2_shape_color_int:  28%|██▊       | 140/500 [06:21<16:23,  2.73s/it]phase2_shape_color_int:  28%|██▊       | 141/500 [06:24<16:23,  2.74s/it]phase2_shape_color_int:  28%|██▊       | 142/500 [06:26<16:26,  2.76s/it]phase2_shape_color_int:  29%|██▊       | 143/500 [06:29<16:19,  2.74s/it]phase2_shape_color_int:  29%|██▉       | 144/500 [06:32<16:07,  2.72s/it]phase2_shape_color_int:  29%|██▉       | 145/500 [06:35<16:05,  2.72s/it]phase2_shape_color_int:  29%|██▉       | 146/500 [06:37<16:05,  2.73s/it]phase2_shape_color_int:  29%|██▉       | 147/500 [06:40<16:07,  2.74s/it]phase2_shape_color_int:  30%|██▉       | 148/500 [06:43<16:10,  2.76s/it]phase2_shape_color_int:  30%|██▉       | 149/500 [06:45<15:52,  2.71s/it]phase2_shape_color_int:  30%|███       | 150/500 [06:48<15:51,  2.72s/it]phase2_shape_color_int:  30%|███       | 151/500 [06:51<15:49,  2.72s/it]phase2_shape_color_int:  30%|███       | 152/500 [06:54<15:50,  2.73s/it]phase2_shape_color_int:  31%|███       | 153/500 [06:56<15:47,  2.73s/it]phase2_shape_color_int:  31%|███       | 154/500 [06:59<15:49,  2.74s/it]phase2_shape_color_int:  31%|███       | 155/500 [07:02<15:46,  2.74s/it]phase2_shape_color_int:  31%|███       | 156/500 [07:05<15:40,  2.73s/it]phase2_shape_color_int:  31%|███▏      | 157/500 [07:07<15:35,  2.73s/it]phase2_shape_color_int:  32%|███▏      | 158/500 [07:10<15:20,  2.69s/it]phase2_shape_color_int:  32%|███▏      | 159/500 [07:13<15:29,  2.73s/it]phase2_shape_color_int:  32%|███▏      | 160/500 [07:15<15:27,  2.73s/it]phase2_shape_color_int:  32%|███▏      | 161/500 [07:18<15:24,  2.73s/it]phase2_shape_color_int:  32%|███▏      | 162/500 [07:21<15:18,  2.72s/it]phase2_shape_color_int:  33%|███▎      | 163/500 [07:24<15:10,  2.70s/it]phase2_shape_color_int:  33%|███▎      | 164/500 [07:26<15:14,  2.72s/it]phase2_shape_color_int:  33%|███▎      | 165/500 [07:29<15:21,  2.75s/it]phase2_shape_color_int:  33%|███▎      | 166/500 [07:32<15:16,  2.74s/it]phase2_shape_color_int:  33%|███▎      | 167/500 [07:35<15:13,  2.74s/it]phase2_shape_color_int:  34%|███▎      | 168/500 [07:37<15:00,  2.71s/it]phase2_shape_color_int:  34%|███▍      | 169/500 [07:40<14:56,  2.71s/it]phase2_shape_color_int:  34%|███▍      | 170/500 [07:43<14:58,  2.72s/it]phase2_shape_color_int:  34%|███▍      | 171/500 [07:45<14:59,  2.73s/it]phase2_shape_color_int:  34%|███▍      | 172/500 [07:48<15:02,  2.75s/it]phase2_shape_color_int:  35%|███▍      | 173/500 [07:51<14:52,  2.73s/it]phase2_shape_color_int:  35%|███▍      | 174/500 [07:54<14:48,  2.72s/it]phase2_shape_color_int:  35%|███▌      | 175/500 [07:56<14:45,  2.72s/it]phase2_shape_color_int:  35%|███▌      | 176/500 [07:59<14:42,  2.72s/it]phase2_shape_color_int:  35%|███▌      | 177/500 [08:02<14:38,  2.72s/it]phase2_shape_color_int:  36%|███▌      | 178/500 [08:05<14:40,  2.73s/it]phase2_shape_color_int:  36%|███▌      | 179/500 [08:07<14:36,  2.73s/it]phase2_shape_color_int:  36%|███▌      | 180/500 [08:10<14:32,  2.73s/it]phase2_shape_color_int:  36%|███▌      | 181/500 [08:13<14:29,  2.72s/it]phase2_shape_color_int:  36%|███▋      | 182/500 [08:15<14:16,  2.69s/it]phase2_shape_color_int:  37%|███▋      | 183/500 [08:18<14:20,  2.71s/it]phase2_shape_color_int:  37%|███▋      | 184/500 [08:21<14:26,  2.74s/it]phase2_shape_color_int:  37%|███▋      | 185/500 [08:24<14:20,  2.73s/it]phase2_shape_color_int:  37%|███▋      | 186/500 [08:26<14:15,  2.73s/it]phase2_shape_color_int:  37%|███▋      | 187/500 [08:29<14:01,  2.69s/it]phase2_shape_color_int:  38%|███▊      | 188/500 [08:32<14:02,  2.70s/it]phase2_shape_color_int:  38%|███▊      | 189/500 [08:34<14:05,  2.72s/it]phase2_shape_color_int:  38%|███▊      | 190/500 [08:37<14:09,  2.74s/it]phase2_shape_color_int:  38%|███▊      | 191/500 [08:40<14:06,  2.74s/it]phase2_shape_color_int:  38%|███▊      | 192/500 [08:43<13:56,  2.71s/it]phase2_shape_color_int:  39%|███▊      | 193/500 [08:45<13:55,  2.72s/it]phase2_shape_color_int:  39%|███▉      | 194/500 [08:48<13:52,  2.72s/it]phase2_shape_color_int:  39%|███▉      | 195/500 [08:51<13:53,  2.73s/it]phase2_shape_color_int:  39%|███▉      | 196/500 [08:54<13:58,  2.76s/it]phase2_shape_color_int:  39%|███▉      | 197/500 [08:56<13:45,  2.73s/it]phase2_shape_color_int:  40%|███▉      | 198/500 [08:59<13:42,  2.72s/it]phase2_shape_color_int:  40%|███▉      | 199/500 [09:02<13:39,  2.72s/it]phase2_shape_color_int:  40%|████      | 200/500 [09:04<13:37,  2.73s/it]phase2_shape_color_int:  40%|████      | 201/500 [09:07<13:31,  2.71s/it]phase2_shape_color_int:  40%|████      | 202/500 [09:10<13:36,  2.74s/it]phase2_shape_color_int:  41%|████      | 203/500 [09:13<13:31,  2.73s/it]phase2_shape_color_int:  41%|████      | 204/500 [09:15<13:25,  2.72s/it]phase2_shape_color_int:  41%|████      | 205/500 [09:18<13:22,  2.72s/it]phase2_shape_color_int:  41%|████      | 206/500 [09:21<13:12,  2.70s/it]phase2_shape_color_int:  41%|████▏     | 207/500 [09:23<13:17,  2.72s/it]phase2_shape_color_int:  42%|████▏     | 208/500 [09:26<13:21,  2.74s/it]phase2_shape_color_int:  42%|████▏     | 209/500 [09:29<13:16,  2.74s/it]phase2_shape_color_int:  42%|████▏     | 210/500 [09:32<13:11,  2.73s/it]phase2_shape_color_int:  42%|████▏     | 211/500 [09:34<13:01,  2.71s/it]phase2_shape_color_int:  42%|████▏     | 212/500 [09:37<12:59,  2.71s/it]phase2_shape_color_int:  43%|████▎     | 213/500 [09:40<13:02,  2.73s/it]phase2_shape_color_int:  43%|████▎     | 214/500 [09:43<13:05,  2.75s/it]phase2_shape_color_int:  43%|████▎     | 215/500 [09:45<12:59,  2.74s/it]phase2_shape_color_int:  43%|████▎     | 216/500 [09:48<12:50,  2.71s/it]phase2_shape_color_int:  43%|████▎     | 217/500 [09:51<12:49,  2.72s/it]phase2_shape_color_int:  44%|████▎     | 218/500 [09:53<12:47,  2.72s/it]phase2_shape_color_int:  44%|████▍     | 219/500 [09:56<12:46,  2.73s/it]phase2_shape_color_int:  44%|████▍     | 220/500 [09:59<12:45,  2.73s/it]phase2_shape_color_int:  44%|████▍     | 221/500 [10:02<12:43,  2.74s/it]phase2_shape_color_int:  44%|████▍     | 222/500 [10:04<12:41,  2.74s/it]phase2_shape_color_int:  45%|████▍     | 223/500 [10:07<12:37,  2.73s/it]phase2_shape_color_int:  45%|████▍     | 224/500 [10:10<12:33,  2.73s/it]phase2_shape_color_int:  45%|████▌     | 225/500 [10:13<12:24,  2.71s/it]phase2_shape_color_int:  45%|████▌     | 226/500 [10:15<12:26,  2.72s/it]phase2_shape_color_int:  45%|████▌     | 227/500 [10:18<12:29,  2.75s/it]phase2_shape_color_int:  46%|████▌     | 228/500 [10:21<12:25,  2.74s/it]phase2_shape_color_int:  46%|████▌     | 229/500 [10:24<12:19,  2.73s/it]phase2_shape_color_int:  46%|████▌     | 230/500 [10:26<12:08,  2.70s/it]phase2_shape_color_int:  46%|████▌     | 231/500 [10:29<12:07,  2.70s/it]phase2_shape_color_int:  46%|████▋     | 232/500 [10:32<12:10,  2.72s/it]phase2_shape_color_int:  47%|████▋     | 233/500 [10:34<11:50,  2.66s/it]phase2_shape_color_int:  47%|████▋     | 234/500 [10:37<11:52,  2.68s/it]phase2_shape_color_int:  47%|████▋     | 235/500 [10:40<11:47,  2.67s/it]phase2_shape_color_int:  47%|████▋     | 236/500 [10:42<11:47,  2.68s/it]phase2_shape_color_int:  47%|████▋     | 237/500 [10:45<11:51,  2.71s/it]phase2_shape_color_int:  48%|████▊     | 238/500 [10:48<11:54,  2.73s/it]phase2_shape_color_int:  48%|████▊     | 239/500 [10:50<11:51,  2.72s/it]phase2_shape_color_int:  48%|████▊     | 240/500 [10:53<11:40,  2.69s/it]phase2_shape_color_int:  48%|████▊     | 241/500 [10:56<11:38,  2.70s/it]phase2_shape_color_int:  48%|████▊     | 242/500 [10:59<11:39,  2.71s/it]phase2_shape_color_int:  49%|████▊     | 243/500 [11:01<11:41,  2.73s/it]phase2_shape_color_int:  49%|████▉     | 244/500 [11:04<11:43,  2.75s/it]phase2_shape_color_int:  49%|████▉     | 245/500 [11:07<11:32,  2.71s/it]phase2_shape_color_int:  49%|████▉     | 246/500 [11:09<11:28,  2.71s/it]phase2_shape_color_int:  49%|████▉     | 247/500 [11:12<11:25,  2.71s/it]phase2_shape_color_int:  50%|████▉     | 248/500 [11:15<11:24,  2.72s/it]phase2_shape_color_int:  50%|████▉     | 249/500 [11:18<11:21,  2.71s/it]phase2_shape_color_int:  50%|█████     | 250/500 [11:20<11:21,  2.73s/it]phase2_shape_color_int:  50%|█████     | 251/500 [11:23<11:18,  2.72s/it]phase2_shape_color_int:  50%|█████     | 252/500 [11:26<11:14,  2.72s/it]phase2_shape_color_int:  51%|█████     | 253/500 [11:29<11:10,  2.72s/it]phase2_shape_color_int:  51%|█████     | 254/500 [11:31<11:04,  2.70s/it]phase2_shape_color_int:  51%|█████     | 255/500 [11:34<11:08,  2.73s/it]phase2_shape_color_int:  51%|█████     | 256/500 [11:37<11:06,  2.73s/it]phase2_shape_color_int:  51%|█████▏    | 257/500 [11:39<11:04,  2.74s/it]phase2_shape_color_int:  52%|█████▏    | 258/500 [11:42<11:03,  2.74s/it]phase2_shape_color_int:  52%|█████▏    | 259/500 [11:45<10:54,  2.72s/it]phase2_shape_color_int:  52%|█████▏    | 260/500 [11:48<10:52,  2.72s/it]phase2_shape_color_int:  52%|█████▏    | 261/500 [11:50<10:52,  2.73s/it]phase2_shape_color_int:  52%|█████▏    | 262/500 [11:53<10:53,  2.75s/it]phase2_shape_color_int:  53%|█████▎    | 263/500 [11:56<10:50,  2.75s/it]phase2_shape_color_int:  53%|█████▎    | 264/500 [11:59<10:42,  2.72s/it]phase2_shape_color_int:  53%|█████▎    | 265/500 [12:01<10:39,  2.72s/it]phase2_shape_color_int:  53%|█████▎    | 266/500 [12:04<10:37,  2.72s/it]phase2_shape_color_int:  53%|█████▎    | 267/500 [12:07<10:38,  2.74s/it]phase2_shape_color_int:  54%|█████▎    | 268/500 [12:10<10:39,  2.76s/it]phase2_shape_color_int:  54%|█████▍    | 269/500 [12:12<10:28,  2.72s/it]phase2_shape_color_int:  54%|█████▍    | 270/500 [12:15<10:24,  2.72s/it]phase2_shape_color_int:  54%|█████▍    | 271/500 [12:18<10:21,  2.71s/it]phase2_shape_color_int:  54%|█████▍    | 272/500 [12:20<10:19,  2.72s/it]phase2_shape_color_int:  55%|█████▍    | 273/500 [12:23<10:21,  2.74s/it]phase2_shape_color_int:  55%|█████▍    | 274/500 [12:26<10:10,  2.70s/it]phase2_shape_color_int:  55%|█████▌    | 275/500 [12:28<10:06,  2.70s/it]phase2_shape_color_int:  55%|█████▌    | 276/500 [12:31<10:06,  2.71s/it]phase2_shape_color_int:  55%|█████▌    | 277/500 [12:34<10:05,  2.71s/it]phase2_shape_color_int:  56%|█████▌    | 278/500 [12:37<09:59,  2.70s/it]phase2_shape_color_int:  56%|█████▌    | 279/500 [12:39<10:02,  2.73s/it]phase2_shape_color_int:  56%|█████▌    | 280/500 [12:42<09:58,  2.72s/it]phase2_shape_color_int:  56%|█████▌    | 281/500 [12:45<09:55,  2.72s/it]phase2_shape_color_int:  56%|█████▋    | 282/500 [12:47<09:51,  2.72s/it]phase2_shape_color_int:  57%|█████▋    | 283/500 [12:50<09:44,  2.70s/it]phase2_shape_color_int:  57%|█████▋    | 284/500 [12:53<09:46,  2.72s/it]phase2_shape_color_int:  57%|█████▋    | 285/500 [12:56<09:48,  2.74s/it]phase2_shape_color_int:  57%|█████▋    | 286/500 [12:58<09:43,  2.73s/it]phase2_shape_color_int:  57%|█████▋    | 287/500 [13:01<09:40,  2.73s/it]phase2_shape_color_int:  58%|█████▊    | 288/500 [13:04<09:34,  2.71s/it]phase2_shape_color_int:  58%|█████▊    | 289/500 [13:07<09:32,  2.72s/it]phase2_shape_color_int:  58%|█████▊    | 290/500 [13:09<09:33,  2.73s/it]phase2_shape_color_int:  58%|█████▊    | 291/500 [13:12<09:34,  2.75s/it]phase2_shape_color_int:  58%|█████▊    | 292/500 [13:15<09:29,  2.74s/it]phase2_shape_color_int:  59%|█████▊    | 293/500 [13:17<09:20,  2.71s/it]phase2_shape_color_int:  59%|█████▉    | 294/500 [13:20<09:17,  2.71s/it]phase2_shape_color_int:  59%|█████▉    | 295/500 [13:23<09:15,  2.71s/it]phase2_shape_color_int:  59%|█████▉    | 296/500 [13:26<09:15,  2.72s/it]phase2_shape_color_int:  59%|█████▉    | 297/500 [13:28<09:16,  2.74s/it]phase2_shape_color_int:  60%|█████▉    | 298/500 [13:31<09:07,  2.71s/it]phase2_shape_color_int:  60%|█████▉    | 299/500 [13:34<09:05,  2.72s/it]phase2_shape_color_int:  60%|██████    | 300/500 [13:36<09:03,  2.72s/it]phase2_shape_color_int:  60%|██████    | 301/500 [13:39<09:01,  2.72s/it]phase2_shape_color_int:  60%|██████    | 302/500 [13:42<08:58,  2.72s/it]phase2_shape_color_int:  61%|██████    | 303/500 [13:45<08:59,  2.74s/it]phase2_shape_color_int:  61%|██████    | 304/500 [13:47<08:56,  2.74s/it]phase2_shape_color_int:  61%|██████    | 305/500 [13:50<08:53,  2.73s/it]phase2_shape_color_int:  61%|██████    | 306/500 [13:53<08:48,  2.72s/it]phase2_shape_color_int:  61%|██████▏   | 307/500 [13:56<08:43,  2.71s/it]phase2_shape_color_int:  62%|██████▏   | 308/500 [13:58<08:44,  2.73s/it]phase2_shape_color_int:  62%|██████▏   | 309/500 [14:01<08:44,  2.75s/it]phase2_shape_color_int:  62%|██████▏   | 310/500 [14:04<08:41,  2.74s/it]phase2_shape_color_int:  62%|██████▏   | 311/500 [14:07<08:37,  2.74s/it]phase2_shape_color_int:  62%|██████▏   | 312/500 [14:09<08:27,  2.70s/it]phase2_shape_color_int:  63%|██████▎   | 313/500 [14:12<08:25,  2.71s/it]phase2_shape_color_int:  63%|██████▎   | 314/500 [14:15<08:26,  2.72s/it]phase2_shape_color_int:  63%|██████▎   | 315/500 [14:17<08:27,  2.74s/it]phase2_shape_color_int:  63%|██████▎   | 316/500 [14:20<08:21,  2.73s/it]phase2_shape_color_int:  63%|██████▎   | 317/500 [14:23<08:14,  2.70s/it]phase2_shape_color_int:  64%|██████▎   | 318/500 [14:26<08:13,  2.71s/it]phase2_shape_color_int:  64%|██████▍   | 319/500 [14:28<08:11,  2.71s/it]phase2_shape_color_int:  64%|██████▍   | 320/500 [14:31<08:11,  2.73s/it]phase2_shape_color_int:  64%|██████▍   | 321/500 [14:34<08:12,  2.75s/it]phase2_shape_color_int:  64%|██████▍   | 322/500 [14:36<08:02,  2.71s/it]phase2_shape_color_int:  65%|██████▍   | 323/500 [14:39<08:00,  2.71s/it]phase2_shape_color_int:  65%|██████▍   | 324/500 [14:42<07:57,  2.71s/it]phase2_shape_color_int:  65%|██████▌   | 325/500 [14:45<07:54,  2.71s/it]phase2_shape_color_int:  65%|██████▌   | 326/500 [14:47<07:51,  2.71s/it]phase2_shape_color_int:  65%|██████▌   | 327/500 [14:50<07:52,  2.73s/it]phase2_shape_color_int:  66%|██████▌   | 328/500 [14:53<07:47,  2.72s/it]phase2_shape_color_int:  66%|██████▌   | 329/500 [14:55<07:43,  2.71s/it]phase2_shape_color_int:  66%|██████▌   | 330/500 [14:58<07:41,  2.71s/it]phase2_shape_color_int:  66%|██████▌   | 331/500 [15:01<07:34,  2.69s/it]phase2_shape_color_int:  66%|██████▋   | 332/500 [15:04<07:34,  2.71s/it]phase2_shape_color_int:  67%|██████▋   | 333/500 [15:06<07:35,  2.73s/it]phase2_shape_color_int:  67%|██████▋   | 334/500 [15:09<07:31,  2.72s/it]phase2_shape_color_int:  67%|██████▋   | 335/500 [15:12<07:28,  2.72s/it]phase2_shape_color_int:  67%|██████▋   | 336/500 [15:14<07:21,  2.69s/it]phase2_shape_color_int:  67%|██████▋   | 337/500 [15:17<07:19,  2.70s/it]phase2_shape_color_int:  68%|██████▊   | 338/500 [15:20<07:19,  2.72s/it]phase2_shape_color_int:  68%|██████▊   | 339/500 [15:23<07:20,  2.74s/it]phase2_shape_color_int:  68%|██████▊   | 340/500 [15:25<07:16,  2.73s/it]phase2_shape_color_int:  68%|██████▊   | 341/500 [15:28<07:10,  2.71s/it]phase2_shape_color_int:  68%|██████▊   | 342/500 [15:31<07:08,  2.71s/it]phase2_shape_color_int:  69%|██████▊   | 343/500 [15:33<07:06,  2.72s/it]phase2_shape_color_int:  69%|██████▉   | 344/500 [15:36<07:05,  2.73s/it]phase2_shape_color_int:  69%|██████▉   | 345/500 [15:39<07:07,  2.76s/it]phase2_shape_color_int:  69%|██████▉   | 346/500 [15:42<07:00,  2.73s/it]phase2_shape_color_int:  69%|██████▉   | 347/500 [15:44<06:56,  2.72s/it]phase2_shape_color_int:  70%|██████▉   | 348/500 [15:47<06:53,  2.72s/it]phase2_shape_color_int:  70%|██████▉   | 349/500 [15:50<06:52,  2.73s/it]phase2_shape_color_int:  70%|███████   | 350/500 [15:53<06:48,  2.72s/it]phase2_shape_color_int:  70%|███████   | 351/500 [15:55<06:49,  2.75s/it]phase2_shape_color_int:  70%|███████   | 352/500 [15:58<06:45,  2.74s/it]phase2_shape_color_int:  71%|███████   | 353/500 [16:01<06:40,  2.73s/it]phase2_shape_color_int:  71%|███████   | 354/500 [16:03<06:37,  2.72s/it]phase2_shape_color_int:  71%|███████   | 355/500 [16:06<06:25,  2.66s/it]phase2_shape_color_int:  71%|███████   | 356/500 [16:09<06:18,  2.63s/it]phase2_shape_color_int:  71%|███████▏  | 357/500 [16:11<06:19,  2.65s/it]phase2_shape_color_int:  72%|███████▏  | 358/500 [16:14<06:18,  2.67s/it]phase2_shape_color_int:  72%|███████▏  | 359/500 [16:17<06:18,  2.68s/it]phase2_shape_color_int:  72%|███████▏  | 360/500 [16:19<06:13,  2.67s/it]phase2_shape_color_int:  72%|███████▏  | 361/500 [16:22<06:16,  2.71s/it]phase2_shape_color_int:  72%|███████▏  | 362/500 [16:25<06:13,  2.71s/it]phase2_shape_color_int:  73%|███████▎  | 363/500 [16:28<06:11,  2.71s/it]phase2_shape_color_int:  73%|███████▎  | 364/500 [16:30<06:09,  2.72s/it]phase2_shape_color_int:  73%|███████▎  | 365/500 [16:33<06:03,  2.69s/it]phase2_shape_color_int:  73%|███████▎  | 366/500 [16:36<06:03,  2.71s/it]phase2_shape_color_int:  73%|███████▎  | 367/500 [16:38<06:02,  2.73s/it]phase2_shape_color_int:  74%|███████▎  | 368/500 [16:41<06:02,  2.75s/it]phase2_shape_color_int:  74%|███████▍  | 369/500 [16:44<05:57,  2.73s/it]phase2_shape_color_int:  74%|███████▍  | 370/500 [16:47<05:51,  2.71s/it]phase2_shape_color_int:  74%|███████▍  | 371/500 [16:49<05:49,  2.71s/it]phase2_shape_color_int:  74%|███████▍  | 372/500 [16:52<05:48,  2.72s/it]phase2_shape_color_int:  75%|███████▍  | 373/500 [16:55<05:48,  2.75s/it]phase2_shape_color_int:  75%|███████▍  | 374/500 [16:58<05:44,  2.73s/it]phase2_shape_color_int:  75%|███████▌  | 375/500 [17:00<05:37,  2.70s/it]phase2_shape_color_int:  75%|███████▌  | 376/500 [17:03<05:34,  2.70s/it]phase2_shape_color_int:  75%|███████▌  | 377/500 [17:06<05:33,  2.71s/it]phase2_shape_color_int:  76%|███████▌  | 378/500 [17:08<05:32,  2.72s/it]phase2_shape_color_int:  76%|███████▌  | 379/500 [17:11<05:30,  2.74s/it]phase2_shape_color_int:  76%|███████▌  | 380/500 [17:14<05:26,  2.72s/it]phase2_shape_color_int:  76%|███████▌  | 381/500 [17:16<05:23,  2.72s/it]phase2_shape_color_int:  76%|███████▋  | 382/500 [17:19<05:20,  2.71s/it]phase2_shape_color_int:  77%|███████▋  | 383/500 [17:22<05:17,  2.72s/it]phase2_shape_color_int:  77%|███████▋  | 384/500 [17:25<05:13,  2.70s/it]phase2_shape_color_int:  77%|███████▋  | 385/500 [17:27<05:13,  2.73s/it]phase2_shape_color_int:  77%|███████▋  | 386/500 [17:30<05:11,  2.73s/it]phase2_shape_color_int:  77%|███████▋  | 387/500 [17:33<05:08,  2.73s/it]phase2_shape_color_int:  78%|███████▊  | 388/500 [17:36<05:05,  2.73s/it]phase2_shape_color_int:  78%|███████▊  | 389/500 [17:38<04:59,  2.70s/it]phase2_shape_color_int:  78%|███████▊  | 390/500 [17:41<04:58,  2.71s/it]phase2_shape_color_int:  78%|███████▊  | 391/500 [17:44<04:57,  2.73s/it]phase2_shape_color_int:  78%|███████▊  | 392/500 [17:46<04:56,  2.75s/it]phase2_shape_color_int:  79%|███████▊  | 393/500 [17:49<04:53,  2.74s/it]phase2_shape_color_int:  79%|███████▉  | 394/500 [17:52<04:48,  2.72s/it]phase2_shape_color_int:  79%|███████▉  | 395/500 [17:55<04:45,  2.72s/it]phase2_shape_color_int:  79%|███████▉  | 396/500 [17:57<04:43,  2.73s/it]phase2_shape_color_int:  79%|███████▉  | 397/500 [18:00<04:43,  2.75s/it]phase2_shape_color_int:  80%|███████▉  | 398/500 [18:03<04:41,  2.76s/it]phase2_shape_color_int:  80%|███████▉  | 399/500 [18:06<04:35,  2.73s/it]phase2_shape_color_int:  80%|████████  | 400/500 [18:08<04:32,  2.72s/it]phase2_shape_color_int:  80%|████████  | 401/500 [18:11<04:29,  2.72s/it]phase2_shape_color_int:  80%|████████  | 402/500 [18:14<04:27,  2.73s/it]phase2_shape_color_int:  81%|████████  | 403/500 [18:17<04:25,  2.73s/it]phase2_shape_color_int:  81%|████████  | 404/500 [18:19<04:22,  2.73s/it]phase2_shape_color_int:  81%|████████  | 405/500 [18:22<04:18,  2.72s/it]phase2_shape_color_int:  81%|████████  | 406/500 [18:25<04:15,  2.72s/it]phase2_shape_color_int:  81%|████████▏ | 407/500 [18:27<04:12,  2.71s/it]phase2_shape_color_int:  82%|████████▏ | 408/500 [18:30<04:08,  2.70s/it]phase2_shape_color_int:  82%|████████▏ | 409/500 [18:33<04:08,  2.73s/it]phase2_shape_color_int:  82%|████████▏ | 410/500 [18:36<04:04,  2.72s/it]phase2_shape_color_int:  82%|████████▏ | 411/500 [18:38<04:01,  2.72s/it]phase2_shape_color_int:  82%|████████▏ | 412/500 [18:41<03:58,  2.71s/it]phase2_shape_color_int:  83%|████████▎ | 413/500 [18:44<03:54,  2.70s/it]phase2_shape_color_int:  83%|████████▎ | 414/500 [18:46<03:53,  2.72s/it]phase2_shape_color_int:  83%|████████▎ | 415/500 [18:49<03:53,  2.74s/it]phase2_shape_color_int:  83%|████████▎ | 416/500 [18:52<03:49,  2.74s/it]phase2_shape_color_int:  83%|████████▎ | 417/500 [18:55<03:46,  2.73s/it]phase2_shape_color_int:  84%|████████▎ | 418/500 [18:57<03:42,  2.71s/it]phase2_shape_color_int:  84%|████████▍ | 419/500 [19:00<03:40,  2.72s/it]phase2_shape_color_int:  84%|████████▍ | 420/500 [19:03<03:38,  2.73s/it]phase2_shape_color_int:  84%|████████▍ | 421/500 [19:06<03:37,  2.76s/it]phase2_shape_color_int:  84%|████████▍ | 422/500 [19:08<03:34,  2.74s/it]phase2_shape_color_int:  85%|████████▍ | 423/500 [19:11<03:28,  2.71s/it]phase2_shape_color_int:  85%|████████▍ | 424/500 [19:14<03:25,  2.71s/it]phase2_shape_color_int:  85%|████████▌ | 425/500 [19:16<03:23,  2.72s/it]phase2_shape_color_int:  85%|████████▌ | 426/500 [19:19<03:21,  2.73s/it]phase2_shape_color_int:  85%|████████▌ | 427/500 [19:22<03:21,  2.75s/it]phase2_shape_color_int:  86%|████████▌ | 428/500 [19:25<03:16,  2.72s/it]phase2_shape_color_int:  86%|████████▌ | 429/500 [19:27<03:13,  2.72s/it]phase2_shape_color_int:  86%|████████▌ | 430/500 [19:30<03:10,  2.72s/it]phase2_shape_color_int:  86%|████████▌ | 431/500 [19:33<03:07,  2.72s/it]phase2_shape_color_int:  86%|████████▋ | 432/500 [19:35<03:04,  2.72s/it]phase2_shape_color_int:  87%|████████▋ | 433/500 [19:38<03:03,  2.74s/it]phase2_shape_color_int:  87%|████████▋ | 434/500 [19:41<03:00,  2.74s/it]phase2_shape_color_int:  87%|████████▋ | 435/500 [19:44<02:57,  2.74s/it]phase2_shape_color_int:  87%|████████▋ | 436/500 [19:46<02:54,  2.73s/it]phase2_shape_color_int:  87%|████████▋ | 437/500 [19:49<02:50,  2.71s/it]phase2_shape_color_int:  88%|████████▊ | 438/500 [19:52<02:48,  2.72s/it]phase2_shape_color_int:  88%|████████▊ | 439/500 [19:55<02:47,  2.74s/it]phase2_shape_color_int:  88%|████████▊ | 440/500 [19:57<02:43,  2.73s/it]phase2_shape_color_int:  88%|████████▊ | 441/500 [20:00<02:40,  2.73s/it]phase2_shape_color_int:  88%|████████▊ | 442/500 [20:03<02:36,  2.70s/it]phase2_shape_color_int:  89%|████████▊ | 443/500 [20:05<02:33,  2.70s/it]phase2_shape_color_int:  89%|████████▉ | 444/500 [20:08<02:32,  2.71s/it]phase2_shape_color_int:  89%|████████▉ | 445/500 [20:11<02:30,  2.74s/it]phase2_shape_color_int:  89%|████████▉ | 446/500 [20:14<02:27,  2.73s/it]phase2_shape_color_int:  89%|████████▉ | 447/500 [20:16<02:23,  2.71s/it]phase2_shape_color_int:  90%|████████▉ | 448/500 [20:19<02:21,  2.71s/it]phase2_shape_color_int:  90%|████████▉ | 449/500 [20:22<02:18,  2.72s/it]phase2_shape_color_int:  90%|█████████ | 450/500 [20:25<02:16,  2.72s/it]phase2_shape_color_int:  90%|█████████ | 451/500 [20:27<02:13,  2.72s/it]phase2_shape_color_int:  90%|█████████ | 452/500 [20:30<02:11,  2.74s/it]phase2_shape_color_int:  91%|█████████ | 453/500 [20:33<02:08,  2.73s/it]phase2_shape_color_int:  91%|█████████ | 454/500 [20:35<02:05,  2.73s/it]phase2_shape_color_int:  91%|█████████ | 455/500 [20:38<02:02,  2.73s/it]phase2_shape_color_int:  91%|█████████ | 456/500 [20:41<01:59,  2.71s/it]phase2_shape_color_int:  91%|█████████▏| 457/500 [20:44<01:57,  2.72s/it]phase2_shape_color_int:  92%|█████████▏| 458/500 [20:46<01:54,  2.74s/it]phase2_shape_color_int:  92%|█████████▏| 459/500 [20:49<01:51,  2.73s/it]phase2_shape_color_int:  92%|█████████▏| 460/500 [20:52<01:48,  2.72s/it]phase2_shape_color_int:  92%|█████████▏| 461/500 [20:54<01:45,  2.70s/it]phase2_shape_color_int:  92%|█████████▏| 462/500 [20:57<01:43,  2.71s/it]phase2_shape_color_int:  93%|█████████▎| 463/500 [21:00<01:40,  2.73s/it]phase2_shape_color_int:  93%|█████████▎| 464/500 [21:03<01:38,  2.75s/it]phase2_shape_color_int:  93%|█████████▎| 465/500 [21:05<01:35,  2.73s/it]phase2_shape_color_int:  93%|█████████▎| 466/500 [21:08<01:32,  2.71s/it]phase2_shape_color_int:  93%|█████████▎| 467/500 [21:11<01:29,  2.71s/it]phase2_shape_color_int:  94%|█████████▎| 468/500 [21:13<01:26,  2.71s/it]phase2_shape_color_int:  94%|█████████▍| 469/500 [21:16<01:24,  2.73s/it]phase2_shape_color_int:  94%|█████████▍| 470/500 [21:19<01:22,  2.75s/it]phase2_shape_color_int:  94%|█████████▍| 471/500 [21:22<01:19,  2.72s/it]phase2_shape_color_int:  94%|█████████▍| 472/500 [21:24<01:16,  2.73s/it]phase2_shape_color_int:  95%|█████████▍| 473/500 [21:27<01:13,  2.73s/it]phase2_shape_color_int:  95%|█████████▍| 474/500 [21:30<01:10,  2.73s/it]phase2_shape_color_int:  95%|█████████▌| 475/500 [21:33<01:07,  2.71s/it]phase2_shape_color_int:  95%|█████████▌| 476/500 [21:35<01:05,  2.74s/it]phase2_shape_color_int:  95%|█████████▌| 477/500 [21:38<01:02,  2.73s/it]phase2_shape_color_int:  96%|█████████▌| 478/500 [21:41<01:00,  2.73s/it]phase2_shape_color_int:  96%|█████████▌| 479/500 [21:43<00:55,  2.64s/it]phase2_shape_color_int:  96%|█████████▌| 480/500 [21:46<00:53,  2.66s/it]phase2_shape_color_int:  96%|█████████▌| 481/500 [21:49<00:51,  2.70s/it]phase2_shape_color_int:  96%|█████████▋| 482/500 [21:51<00:48,  2.71s/it]phase2_shape_color_int:  97%|█████████▋| 483/500 [21:54<00:46,  2.72s/it]phase2_shape_color_int:  97%|█████████▋| 484/500 [21:57<00:43,  2.72s/it]phase2_shape_color_int:  97%|█████████▋| 485/500 [22:00<00:40,  2.70s/it]phase2_shape_color_int:  97%|█████████▋| 486/500 [22:02<00:37,  2.71s/it]phase2_shape_color_int:  97%|█████████▋| 487/500 [22:05<00:35,  2.72s/it]phase2_shape_color_int:  98%|█████████▊| 488/500 [22:08<00:32,  2.74s/it]phase2_shape_color_int:  98%|█████████▊| 489/500 [22:11<00:30,  2.74s/it]phase2_shape_color_int:  98%|█████████▊| 490/500 [22:13<00:27,  2.71s/it]phase2_shape_color_int:  98%|█████████▊| 491/500 [22:16<00:24,  2.71s/it]phase2_shape_color_int:  98%|█████████▊| 492/500 [22:19<00:21,  2.72s/it]phase2_shape_color_int:  99%|█████████▊| 493/500 [22:21<00:19,  2.73s/it]phase2_shape_color_int:  99%|█████████▉| 494/500 [22:24<00:16,  2.75s/it]phase2_shape_color_int:  99%|█████████▉| 495/500 [22:27<00:13,  2.72s/it]phase2_shape_color_int:  99%|█████████▉| 496/500 [22:30<00:10,  2.72s/it]phase2_shape_color_int:  99%|█████████▉| 497/500 [22:32<00:08,  2.72s/it]phase2_shape_color_int: 100%|█████████▉| 498/500 [22:35<00:05,  2.73s/it]phase2_shape_color_int: 100%|█████████▉| 499/500 [22:38<00:02,  2.73s/it]phase2_shape_color_int: 100%|██████████| 500/500 [22:41<00:00,  2.74s/it]phase2_shape_color_int: 100%|██████████| 500/500 [22:41<00:00,  2.72s/it]

=== Vision-level intervention: shape_color ===
  (a) no-swap                                 : n=500 acc=95.60% (correct=original letter)
  (b_cleanup) Cleanup [A + Δ(target_dir)]             : n=500 acc=28.00% (correct=original letter)
  (c_flip_opposite) Flip [A + Δ(opposite)]                  : n=500 acc=24.00% (correct=flip letter)

[SAVED] /data/takhyun03/project/2026/vlm_direction/cross-modal-info/analysis/factorial_experiment/results/vision_level_shape_color.json
